YEAR,ST_CASE,veh_no,per_no,P1,P2,P3,P4,P5,P6,P7,P8,P9,P10
2003,10581,2,1,0,8,0,0,0,0,0,0,0,0
2003,10582,1,1,6,4,24,12,17,14,22,15,11,13
2003,10583,1,1,0,0,0,0,0,0,0,0,0,0
2003,10584,1,1,0,0,0,0,0,0,0,10,0,0
2003,10585,1,1,0,0,0,0,0,0,0,0,0,0
2003,10586,1,1,0,12,14,29,12,6,17,14,22,7
2003,10587,1,1,17,17,17,17,17,17,17,17,17,17
2003,10587,2,1,0,0,0,0,0,0,0,0,0,0
2003,10588,1,1,0,0,0,0,0,0,0,0,0,0
2003,10588,2,1,0,0,0,21,0,36,0,0,0,0
2003,10589,1,1,0,0,0,0,0,0,0,0,0,0
2003,10590,1,1,0,0,16,0,0,25,0,0,19,0
2003,10590,2,1,0,0,0,0,0,0,0,0,0,0
2003,10591,1,1,13,0,0,0,0,0,0,17,9,0
2003,10592,1,1,0,0,10,3,0,0,3,0,0,0
2003,10593,1,1,0,0,0,0,0,0,0,0,0,0
2003,10594,1,1,27,22,0,12,28,27,0,0,0,18
2003,10595,1,1,0,0,0,0,0,0,0,0,0,0
2003,10595,2,1,0,0,0,0,0,0,0,0,0,10
2003,10596,1,1,21,21,21,21,21,21,21,21,21,21
2003,10597,1,1,0,0,0,0,0,0,0,0,0,0
2003,10597,2,1,0,0,0,0,0,0,0,0,0,0
2003,10598,1,1,0,0,0,0,0,0,0,0,0,0
2003,10598,2,1,0,21,0,0,0,0,0,0,0,0
2003,10599,1,1,0,0,0,0,4,0,0,0,0,0
2003,10599,2,1,0,0,0,0,0,0,0,0,0,0
2003,10600,1,1,0,0,0,0,0,0,0,0,0,0
2003,10600,2,1,0,0,0,0,0,0,0,0,0,0
2003,10601,1,1,0,0,0,0,0,0,0,0,0,0
2003,10601,2,1,0,0,0,0,0,0,0,0,0,0
2003,10602,1,1,19,8,26,11,18,20,20,0,0,24
2003,10603,1,1,0,0,0,0,0,0,0,0,0,0
2003,10604,1,1,20,0,20,21,0,21,0,0,0,14
2003,10605,1,1,0,0,0,0,0,0,0,0,0,18
2003,10605,2,1,0,0,0,0,0,0,0,0,0,0
2003,10606,1,1,32,32,32,32,32,32,32,32,32,32
2003,10606,2,1,0,0,0,0,0,0,0,0,0,0
2003,10607,1,1,0,0,0,0,0,0,0,0,0,0
2003,10608,1,1,0,0,0,0,0,0,0,0,0,0
2003,10609,1,1,51,0,18,39,0,0,0,19,0,22
2003,10609,2,1,0,0,0,0,0,0,0,0,0,0
2003,10610,1,1,0,0,0,0,0,0,0,0,0,0
2003,10610,2,1,0,0,0,0,0,0,0,0,0,0
2003,10611,1,1,0,0,0,0,0,0,0,0,0,0
2003,10611,2,1,0,0,0,0,6,0,0,0,0,0
2003,10612,1,1,0,0,0,0,0,0,0,0,0,0
2003,10613,1,1,0,24,0,0,18,33,0,0,26,0
2003,10613,2,1,0,0,0,0,0,0,0,0,0,0
2003,10614,1,1,5,5,11,10,7,27,19,28,10,30
2003,10615,1,1,0,0,0,0,0,0,0,0,0,0
2003,10616,1,1,17,23,15,19,21,12,24,20,14,17
2003,10616,2,1,0,0,0,0,0,0,0,0,0,0
2003,10617,1,1,17,17,17,17,17,17,17,17,17,17
2003,10618,1,1,20,20,20,20,20,20,20,20,20,20
2003,10619,1,1,0,0,0,0,0,0,0,0,0,0
2003,10619,2,1,0,0,0,0,0,0,0,0,0,0
2003,10620,1,1,0,0,0,0,0,0,0,0,0,0
2003,10621,1,1,23,23,23,23,23,23,23,23,23,23
2003,10622,1,1,10,10,10,10,10,10,10,10,10,10
2003,10623,1,1,14,14,14,14,14,14,14,14,14,14
2003,10624,1,1,29,27,28,30,18,25,29,0,39,13
2003,10625,1,1,45,16,21,8,15,18,16,13,13,26
2003,10626,1,1,0,0,0,0,0,0,0,0,0,0
2003,10626,2,1,0,0,0,0,0,0,0,0,0,0
2003,10627,1,1,0,0,0,0,0,0,0,0,0,0
2003,10627,2,1,0,0,0,0,0,12,0,0,0,0
2003,10628,1,1,0,0,0,0,0,0,0,0,0,0
2003,10629,1,1,0,0,0,0,0,0,0,0,0,0
2003,10629,2,1,0,0,0,0,0,0,0,0,0,0
2003,10630,1,1,26,26,26,26,26,26,26,26,26,26
2003,10631,1,1,27,15,26,7,42,35,15,9,12,0
2003,10632,1,1,0,0,0,0,0,0,0,0,7,20
2003,10633,1,1,0,0,0,0,0,0,0,0,0,0
2003,10633,2,1,0,0,0,0,0,0,0,0,0,0
2003,10634,1,1,0,0,0,0,0,0,0,0,0,0
2003,10634,2,1,0,17,0,0,4,0,0,0,0,0
2003,10635,1,1,0,29,9,0,0,0,0,10,0,9
2003,10636,1,1,0,0,0,0,0,0,0,0,0,0
2003,10636,2,1,0,0,0,0,0,0,0,16,0,16
2003,10637,1,1,0,17,0,10,0,17,0,22,18,14
2003,10638,1,1,0,0,0,0,0,0,0,0,0,0
2003,10638,2,1,0,0,0,0,0,0,0,0,0,0
2003,10638,3,1,0,0,0,0,0,0,0,0,0,0
2003,10639,0,1,0,0,0,0,0,0,0,0,0,0
2003,10639,1,1,0,0,0,0,0,0,0,0,0,0
2003,10639,2,1,0,0,0,0,0,0,0,0,0,0
2003,10640,1,1,0,0,0,0,0,0,0,0,0,0
2003,10640,2,1,0,0,0,0,0,0,0,0,0,0
2003,10641,1,1,0,0,0,0,17,0,0,0,0,0
2003,10641,2,1,0,0,0,0,0,0,0,0,0,0
2003,10642,1,1,0,0,0,0,0,0,0,0,0,0
2003,10642,2,1,0,0,0,0,0,0,0,0,0,0
2003,10643,1,1,0,0,0,0,0,0,0,0,0,0
2003,10643,2,1,0,0,0,0,0,0,0,0,0,0
2003,10643,3,1,0,0,0,0,0,0,0,0,0,0
2003,10643,4,1,0,0,0,0,0,0,0,0,0,0
2003,10643,5,1,0,0,0,0,16,0,0,0,0,0
2003,10644,1,1,0,0,0,0,0,0,0,0,0,0
2003,10644,2,1,0,0,0,0,0,0,0,0,0,0
2003,10645,1,1,6,15,28,8,0,11,13,0,13,8
2003,10645,2,1,0,0,0,0,0,0,7,0,5,0
2003,10646,1,1,0,0,0,0,0,0,0,17,0,0
2003,10646,2,1,0,0,0,0,0,0,0,0,0,0
2003,10646,3,1,0,0,0,0,0,0,0,0,0,0
2003,10647,1,1,0,0,0,0,0,0,0,0,0,0
2003,10647,2,1,0,0,0,0,0,0,0,0,0,0
2003,10648,1,1,14,21,16,30,0,6,12,16,17,6
2003,10649,1,1,0,0,0,0,27,0,0,0,0,0
2003,10650,1,1,6,6,6,6,6,6,6,6,6,6
2003,10651,1,1,0,0,0,0,0,0,0,0,0,0
2003,10651,2,1,20,20,20,20,20,20,20,20,20,20
2003,10651,3,1,0,0,0,0,0,0,0,0,0,0
2003,10652,1,1,27,27,27,27,27,27,27,27,27,27
2003,10653,1,1,0,0,0,0,0,0,0,0,0,10
2003,10654,1,1,0,0,0,0,0,0,0,0,0,0
2003,10654,2,1,0,0,0,0,0,0,0,0,0,0
2003,10655,1,1,15,0,0,0,0,0,45,0,0,0
2003,10656,1,1,42,25,6,0,15,21,4,32,38,0
2003,10657,1,1,2,24,13,15,10,9,5,8,30,16
2003,10658,1,1,35,17,31,9,8,3,15,23,10,12
2003,10659,1,1,0,0,0,0,0,0,0,0,0,0
2003,10659,2,1,0,0,0,0,0,0,0,0,0,0
2003,10660,1,1,17,17,17,17,17,17,17,17,17,17
2003,10661,1,1,5,15,0,0,0,0,0,0,0,0
2003,10661,2,1,0,0,0,0,0,0,0,0,0,0
2003,10662,1,1,0,0,0,19,0,0,0,0,0,0
2003,10663,1,1,0,0,0,0,0,0,0,0,0,0
2003,10663,2,1,0,0,0,0,0,0,0,0,0,0
2003,10664,1,1,0,0,0,0,0,0,0,0,16,0
2003,10664,2,1,0,0,0,0,0,0,0,0,0,0
2003,10664,3,1,0,13,0,14,0,9,0,0,0,0
2003,10664,4,1,0,0,12,5,0,0,3,0,0,0
2003,10665,1,1,19,19,19,19,19,19,19,19,19,19
2003,10666,1,1,0,0,0,0,0,0,0,0,0,0
2003,10667,1,1,0,0,0,0,0,0,0,0,0,0
2003,10668,1,1,4,4,4,4,4,4,4,4,4,4
2003,10669,1,1,0,0,0,0,0,0,0,0,0,0
2003,10669,2,1,0,0,0,0,0,0,0,0,0,0
2003,10670,1,1,0,0,0,0,0,0,0,0,0,0
2003,10670,2,1,0,0,0,0,0,0,0,0,0,0
2003,10671,1,1,18,18,18,18,18,18,18,18,18,18
2003,10672,1,1,0,0,0,0,0,0,0,0,0,0
2003,10672,2,1,0,0,0,0,0,0,0,0,0,0
2003,10673,1,1,0,0,0,0,0,0,0,0,0,0
2003,10674,1,1,20,20,20,20,20,20,20,20,20,20
2003,10675,1,1,0,0,0,0,0,0,0,0,0,0
2003,10676,1,1,22,22,22,22,22,22,22,22,22,22
2003,10677,1,1,18,18,18,18,18,18,18,18,18,18
2003,10678,1,1,26,26,26,26,26,26,26,26,26,26
2003,10679,1,1,0,0,0,0,0,0,0,0,0,0
2003,10679,2,1,0,0,0,0,0,0,0,0,0,0
2003,10680,0,1,0,0,0,0,0,0,27,0,8,0
2003,10680,1,1,0,0,0,0,0,0,0,0,0,0
2003,10681,1,1,0,0,0,0,0,0,0,0,0,0
2003,10681,2,1,0,0,0,0,0,0,0,0,0,0
2003,10682,1,1,0,0,0,0,0,0,0,0,0,0
2003,10683,1,1,0,0,0,0,0,0,0,0,0,0
2003,10683,2,1,0,0,0,0,0,0,0,0,0,0
2003,10684,1,1,0,0,0,0,0,0,0,0,0,0
2003,10684,2,1,0,0,0,0,0,0,0,0,0,0
2003,10685,1,1,25,25,25,25,25,25,25,25,25,25
2003,10685,2,1,0,15,0,0,0,0,24,0,0,0
2003,10686,1,1,6,0,0,11,0,0,20,18,0,0
2003,10687,1,1,32,32,32,32,32,32,32,32,32,32
2003,10688,1,1,0,0,15,0,0,0,0,0,0,0
2003,10689,1,1,0,0,0,0,0,0,35,0,0,0
2003,10690,1,1,13,28,17,15,0,2,25,21,19,11
2003,10690,2,1,0,0,0,0,0,0,0,0,0,0
2003,10690,3,1,0,0,0,0,0,0,0,0,0,0
2003,10691,0,1,7,7,7,7,7,7,7,7,7,7
2003,10691,1,1,0,0,0,9,0,16,0,0,15,0
2003,10692,1,1,23,23,23,23,23,23,23,23,23,23
2003,10692,2,1,0,0,0,0,0,0,0,0,0,0
2003,10693,1,1,0,0,0,0,0,0,0,0,0,0
2003,10693,2,1,0,0,0,0,0,0,0,0,0,0
2003,10694,1,1,13,13,13,13,13,13,13,13,13,13
2003,10694,2,1,2,2,2,2,2,2,2,2,2,2
2003,10694,3,1,10,10,10,10,10,10,10,10,10,10
2003,10695,1,1,14,14,14,14,14,14,14,14,14,14
2003,10696,1,1,0,0,14,0,0,0,0,0,0,0
2003,10697,1,1,0,0,0,0,0,0,0,0,0,0
2003,10698,1,1,0,0,0,0,0,0,0,0,0,0
2003,10699,1,1,28,23,19,20,33,28,0,23,3,43
2003,10700,1,1,0,0,0,0,0,0,0,0,0,0
2003,10701,1,1,0,0,0,0,0,0,0,0,0,0
2003,10701,2,1,0,0,0,0,0,0,0,0,0,0
2003,10701,3,1,0,0,0,0,0,0,0,0,0,0
2003,10702,0,1,3,12,20,30,0,24,17,6,26,19
2003,10702,1,1,0,0,0,14,0,0,0,19,11,0
2003,10703,1,1,18,0,21,13,10,16,18,14,15,17
2003,10704,0,1,48,0,0,0,0,0,0,0,0,0
2003,10704,1,1,0,0,0,0,0,0,0,0,0,0
2003,10705,1,1,16,16,16,16,16,16,16,16,16,16
2003,10706,1,1,0,0,0,0,0,0,0,0,0,0
2003,10707,1,1,16,16,16,16,16,16,16,16,16,16
2003,10708,1,1,8,8,8,8,8,8,8,8,8,8
2003,10708,2,1,0,0,0,0,0,0,0,0,0,0
2003,10709,1,1,0,0,0,0,0,0,0,0,0,0
2003,10710,1,1,0,0,0,0,0,0,0,0,0,0
2003,10710,2,1,0,0,0,0,0,0,0,0,0,0
2003,10711,1,1,20,10,20,0,21,0,0,17,11,19
2003,10711,2,1,0,0,0,0,0,0,0,0,0,0
2003,10712,1,1,18,18,18,18,18,18,18,18,18,18
2003,10712,2,1,0,0,0,0,0,0,0,0,0,0
2003,10712,3,1,0,0,0,0,0,0,0,0,0,0
2003,10712,4,1,0,0,0,0,0,0,0,0,0,0
2003,10713,1,1,16,0,0,13,0,0,0,0,0,0
2003,10713,2,1,0,0,0,0,0,0,0,0,0,0
2003,10714,1,1,0,0,0,0,0,0,0,0,0,0
2003,10714,2,1,0,0,0,0,0,0,0,0,0,0
2003,10715,1,1,12,0,0,18,0,0,15,21,10,0
2003,10715,2,1,0,0,0,0,0,0,0,0,0,0
2003,10716,1,1,0,0,0,0,0,0,0,0,0,0
2003,10717,0,1,24,0,0,25,0,21,17,0,0,0
2003,10717,1,1,0,0,0,0,0,0,0,0,0,0
2003,10718,1,1,0,18,0,0,0,0,0,0,0,40
2003,10718,2,1,0,0,0,0,0,0,0,0,0,0
2003,10719,1,1,0,0,0,0,0,0,0,0,0,0
2003,10720,1,1,0,0,0,0,0,0,0,0,0,10
2003,10721,1,1,0,12,0,25,10,14,0,22,5,12
2003,10722,0,1,0,0,0,16,0,0,0,24,0,0
2003,10722,1,1,0,0,0,0,0,0,0,0,0,0
2003,10723,1,1,0,0,0,0,0,0,0,0,0,0
2003,10723,2,1,0,0,6,0,0,0,0,0,0,0
2003,10724,1,1,12,12,12,12,12,12,12,12,12,12
2003,10725,1,1,0,0,12,0,0,0,0,0,0,0
2003,10725,2,1,0,0,0,0,0,0,0,0,0,0
2003,10726,1,1,10,14,19,19,15,13,26,9,4,20
2003,10726,2,1,19,0,0,9,0,0,16,0,0,16
2003,10727,1,1,0,0,0,0,0,0,0,0,0,0
2003,10727,2,1,0,0,0,0,0,0,0,0,0,0
2003,10728,1,1,0,0,26,17,0,0,25,0,0,0
2003,10728,2,1,0,0,0,0,0,0,0,0,0,0
2003,10728,3,1,0,0,0,0,0,17,0,0,0,0
2003,10729,1,1,40,40,40,40,40,40,40,40,40,40
2003,10730,1,1,0,0,0,0,0,0,0,0,0,0
2003,10731,1,1,23,12,29,21,27,25,24,17,20,27
2003,10733,1,1,0,12,0,0,5,0,0,0,0,0
2003,10734,1,1,0,17,26,0,0,0,0,0,5,18
2003,10735,1,1,0,5,0,26,0,0,0,0,18,0
2003,10735,2,1,0,0,0,0,0,0,0,0,0,0
2003,10736,1,1,0,9,16,6,6,14,0,31,7,26
2003,10737,1,1,0,0,0,0,0,0,0,0,0,0
2003,10738,1,1,0,0,0,0,0,0,0,0,0,0
2003,10739,1,1,0,15,0,0,0,0,0,0,0,0
2003,10740,1,1,25,39,19,12,35,35,16,22,21,23
2003,10741,1,1,13,13,13,13,13,13,13,13,13,13
2003,10741,2,1,0,0,0,0,0,0,0,0,0,0
2003,10742,1,1,19,6,13,0,0,0,12,15,23,4
2003,10743,1,1,0,0,0,23,0,0,0,0,6,0
2003,10743,2,1,0,0,0,0,0,0,0,0,0,0
2003,10744,1,1,19,19,19,19,19,19,19,19,19,19
2003,10745,1,1,0,0,14,29,0,0,0,0,0,28
2003,10746,1,1,21,21,21,21,21,21,21,21,21,21
2003,10747,1,1,18,18,18,18,18,18,18,18,18,18
2003,10747,2,1,0,0,0,0,0,0,0,0,0,0
2003,10748,1,1,11,0,20,6,26,5,20,18,8,14
2003,10749,1,1,15,15,15,15,15,15,15,15,15,15
2003,10750,1,1,0,0,0,0,0,0,0,0,0,0
2003,10751,1,1,14,16,27,24,18,14,0,21,11,16
2003,10752,0,1,27,29,32,22,0,20,8,27,21,26
2003,10752,1,1,0,0,22,0,0,19,0,0,0,0
2003,10753,1,1,0,0,30,0,5,14,31,17,38,17
2003,10753,2,1,0,0,0,0,0,0,0,0,0,0
2003,10754,1,1,0,22,19,19,17,0,0,0,15,0
2003,10755,1,1,0,0,21,0,0,0,0,0,0,0
2003,10755,2,1,0,0,0,0,0,0,0,0,0,0
2003,10756,1,1,13,0,0,0,39,0,9,0,13,7
2003,10756,2,1,0,0,0,0,0,0,14,0,0,0
2003,10757,1,1,0,0,13,19,21,0,0,0,5,20
2003,10758,1,1,18,23,21,16,24,8,14,6,26,12
2003,10758,2,1,0,0,0,0,0,0,0,0,0,0
2003,10759,1,1,11,26,18,3,33,26,32,13,38,16
2003,10760,1,1,0,0,0,0,0,0,0,0,0,0
2003,10760,2,1,0,0,10,0,0,0,0,0,0,0
2003,10761,1,1,29,29,29,29,29,29,29,29,29,29
2003,10761,2,1,0,0,0,0,0,0,0,0,0,0
2003,10762,1,1,0,0,0,13,0,0,0,0,0,0
2003,10763,1,1,0,0,0,0,0,0,0,0,0,0
2003,10764,1,1,20,25,0,0,0,0,0,12,0,27
2003,10765,1,1,3,0,20,0,0,0,0,0,0,0
2003,10766,1,1,21,17,18,25,23,31,13,11,22,23
2003,10767,1,1,6,0,0,0,18,0,0,0,0,0
2003,10767,2,1,0,0,0,0,0,0,0,0,0,0
2003,10768,1,1,0,23,7,21,20,12,20,0,0,0
2003,10769,1,1,0,0,0,23,14,19,0,23,11,19
2003,10770,1,1,13,13,13,13,13,13,13,13,13,13
2003,10771,1,1,11,14,0,18,16,0,3,32,0,30
2003,10772,1,1,0,0,0,0,0,0,0,0,0,0
2003,10773,1,1,0,0,0,0,0,17,0,0,0,0
2003,10773,2,1,0,0,0,0,0,0,0,0,0,0
2003,10774,1,1,0,0,0,0,0,12,0,0,0,0
2003,10775,1,1,0,0,0,0,0,0,0,0,0,0
2003,10775,2,1,0,0,0,0,0,0,0,0,0,0
2003,10776,1,1,29,0,0,5,2,0,8,3,38,35
2003,10777,1,1,0,25,9,0,0,0,0,0,22,0
2003,10778,1,1,0,0,0,0,0,0,0,0,0,0
2003,10778,2,1,0,6,0,0,10,0,0,0,17,0
2003,10779,1,1,0,0,0,0,0,0,0,0,0,0
2003,10779,2,1,3,0,0,0,0,0,0,0,0,0
2003,10779,3,1,0,0,0,0,0,0,0,0,0,0
2003,10780,1,1,0,0,0,0,0,0,0,12,0,0
2003,10780,2,1,0,0,0,0,0,0,0,0,0,0
2003,10781,1,1,0,0,0,0,0,0,0,0,0,0
2003,10782,1,1,0,0,0,0,0,0,0,0,0,0
2003,10782,2,1,0,0,0,0,0,8,0,0,0,0
2003,10783,1,1,20,20,20,20,20,20,20,20,20,20
2003,10784,1,1,14,15,27,14,14,31,10,6,11,16
2003,10785,1,1,14,16,18,15,14,26,10,0,18,19
2003,10786,1,1,20,8,9,14,10,21,20,23,27,21
2003,10787,1,1,0,0,0,0,0,0,0,0,0,0
2003,10788,1,1,0,0,0,0,0,0,0,0,0,0
2003,10789,0,1,0,0,0,0,0,0,0,0,0,41
2003,10789,1,1,0,0,0,0,25,0,0,0,0,0
2003,10790,1,1,0,22,0,0,5,0,19,21,21,26
2003,10791,1,1,15,15,15,15,15,15,15,15,15,15
2003,10792,1,1,0,0,17,0,0,0,0,0,4,0
2003,10793,1,1,0,0,0,0,0,0,0,0,0,0
2003,10793,2,1,0,0,0,0,0,0,0,0,0,0
2003,10794,1,1,23,0,0,22,0,0,0,0,0,0
2003,10794,2,1,0,0,0,0,0,0,0,0,10,0
2003,10795,1,1,0,0,0,0,0,0,0,0,0,0
2003,10796,1,1,24,0,0,0,20,0,0,0,16,0
2003,10797,1,1,6,6,6,6,6,6,6,6,6,6
2003,10798,1,1,0,0,0,12,20,14,14,16,10,21
2003,10798,2,1,0,0,0,0,0,0,0,0,0,0
2003,10799,0,1,0,34,0,0,0,0,30,0,26,24
2003,10799,1,1,0,0,0,0,0,0,0,0,0,0
2003,10800,1,1,0,0,0,0,0,0,0,0,0,0
2003,10800,2,1,0,0,0,0,0,0,0,0,0,0
2003,10801,1,1,0,0,0,0,0,0,0,0,0,0
2003,10801,2,1,0,0,0,0,18,0,0,0,0,0
2003,10802,1,1,9,0,13,4,0,17,20,4,12,9
2003,10803,1,1,0,0,0,0,0,0,0,0,0,0
2003,10803,2,1,0,0,0,0,0,0,0,0,0,0
2003,10803,3,1,0,0,0,0,0,0,0,12,0,0
2003,10803,4,1,0,0,3,0,0,0,0,0,0,0
2003,10804,1,1,0,0,0,0,0,0,0,0,0,0
2003,10805,1,1,24,24,24,24,24,24,24,24,24,24
2003,10806,1,1,29,29,29,29,29,29,29,29,29,29
2003,10807,1,1,0,0,10,0,0,0,0,0,0,0
2003,10807,2,1,0,0,0,0,0,0,0,0,0,0
2003,10807,3,1,0,0,2,0,0,0,0,0,0,18
2003,10808,1,1,25,25,25,25,25,25,25,25,25,25
2003,10809,1,1,16,34,21,0,0,18,14,0,0,0
2003,10810,1,1,0,0,0,0,0,0,0,0,0,0
2003,10810,2,1,0,0,0,0,0,0,0,0,0,0
2003,10811,1,1,2,22,0,0,12,11,0,0,0,0
2003,10812,1,1,13,13,8,12,16,7,17,21,5,13
2003,10812,2,1,0,0,0,0,0,0,0,0,0,0
2003,10813,1,1,0,0,0,0,0,0,0,0,0,0
2003,10814,1,1,0,0,0,0,0,0,0,0,0,0
2003,10814,2,1,0,0,0,0,0,0,0,0,0,0
2003,10815,1,1,0,23,16,7,15,0,25,0,0,1
2003,10816,1,1,27,7,14,19,16,23,9,17,25,33
2003,10816,2,1,0,0,0,0,0,0,0,0,0,0
2003,10817,1,1,3,3,3,3,3,3,3,3,3,3
2003,10817,2,1,0,0,0,0,0,0,0,0,0,0
2003,10818,1,1,0,0,0,0,0,0,0,0,25,0
2003,10818,2,1,0,0,0,14,0,24,4,0,0,13
2003,10819,0,1,25,25,25,25,25,25,25,25,25,25
2003,10819,1,1,26,15,13,12,16,24,15,17,17,14
2003,10820,1,1,0,12,0,0,0,0,0,0,0,0
2003,10821,1,1,0,8,26,12,18,7,6,8,8,10
2003,10821,2,1,23,0,0,0,0,0,0,26,0,0
2003,10822,1,1,0,0,0,0,0,0,0,0,0,0
2003,10822,2,1,0,0,0,0,0,0,0,0,0,0
2003,10822,3,1,0,0,0,0,0,0,0,0,0,0
2003,10822,4,1,0,0,0,0,0,0,0,0,0,0
2003,10823,0,1,0,30,0,7,27,18,26,26,0,0
2003,10823,1,1,0,0,0,0,0,0,0,0,0,0
2003,10824,1,1,0,0,0,0,0,0,0,0,0,0
2003,10824,2,1,0,0,0,0,0,0,0,0,0,0
2003,10824,3,1,0,0,0,0,0,0,0,0,0,0
2003,10825,1,1,18,8,0,0,0,15,0,0,0,0
2003,10825,2,1,0,0,0,0,0,0,0,0,0,0
2003,10826,1,1,27,27,27,27,27,27,27,27,27,27
2003,10827,1,1,0,0,0,0,0,0,0,0,0,0
2003,10827,2,1,0,0,0,0,0,0,0,0,0,0
2003,10828,1,1,27,14,5,12,11,13,34,0,19,0
2003,10829,1,1,0,0,0,0,38,0,0,0,9,0
2003,10830,1,1,0,0,0,0,0,0,0,0,0,0
2003,10830,2,1,0,0,0,0,0,0,0,0,0,0
2003,10831,1,1,0,34,0,16,27,0,0,0,0,5
2003,10832,1,1,0,0,0,0,0,0,0,0,0,0
2003,10832,2,1,0,0,0,0,0,0,0,0,0,0
2003,10833,0,1,0,0,9,15,0,0,7,0,0,0
2003,10833,1,1,0,0,0,0,0,0,0,0,0,0
2003,10834,1,1,7,0,0,20,15,0,18,12,0,14
2003,10834,2,1,0,0,0,0,0,0,0,0,0,0
2003,10835,1,1,13,0,0,0,24,12,0,30,0,16
2003,10835,2,1,0,0,0,0,0,0,0,0,0,0
2003,10836,1,1,0,0,0,0,0,0,0,0,0,0
2003,10836,2,1,0,0,0,0,0,0,0,0,0,0
2003,10837,1,1,13,8,0,10,4,8,4,6,22,4
2003,10838,0,1,0,0,0,22,0,20,0,0,0,8
2003,10838,0,2,0,0,0,0,20,0,0,0,24,12
2003,10838,1,1,11,11,11,11,11,11,11,11,11,11
2003,10838,2,1,0,0,0,0,0,0,0,0,0,0
2003,10839,1,1,21,8,0,0,0,0,21,17,0,23
2003,10840,1,1,0,0,0,0,0,0,0,0,0,0
2003,10840,2,1,0,0,0,0,0,0,0,0,0,0
2003,10841,0,1,23,22,12,24,0,0,18,8,22,0
2003,10841,1,1,0,0,0,0,0,0,0,21,12,0
2003,10842,1,1,16,16,16,16,16,16,16,16,16,16
2003,10843,1,1,6,17,23,7,20,9,15,7,13,0
2003,10844,1,1,0,0,0,0,0,0,0,0,0,0
2003,10844,2,1,0,0,0,0,0,0,0,0,0,0
2003,10844,3,1,0,0,0,0,0,0,0,0,0,0
2003,10845,1,1,0,14,14,17,13,22,13,14,18,0
2003,10846,1,1,30,30,30,30,30,30,30,30,30,30
2003,10846,2,1,0,0,0,0,0,0,0,0,0,0
2003,10847,0,1,7,7,7,7,7,7,7,7,7,7
2003,10847,1,1,0,0,0,0,0,0,0,0,0,0
2003,10847,2,1,0,0,0,0,0,0,0,0,0,0
2003,10848,1,1,0,0,0,0,0,0,0,0,0,0
2003,10848,2,1,0,0,0,0,0,0,0,0,0,0
2003,10849,1,1,15,17,14,21,4,17,14,24,13,23
2003,10850,0,1,33,0,0,32,0,44,0,14,21,19
2003,10850,1,1,0,0,0,0,0,0,0,0,0,0
2003,10851,1,1,0,0,15,0,0,0,22,0,0,0
2003,10852,1,1,0,16,11,35,5,12,27,20,14,6
2003,10853,1,1,0,0,0,24,31,0,0,0,0,0
2003,10853,2,1,0,0,0,0,0,0,0,0,0,0
2003,10854,1,1,0,0,0,0,0,0,0,0,0,0
2003,10854,2,1,0,0,0,0,0,0,0,0,0,0
2003,10855,1,1,0,4,0,0,0,0,0,0,0,0
2003,10856,1,1,17,34,0,0,23,11,0,18,19,0
2003,10857,1,1,0,0,0,0,0,0,0,0,0,0
2003,10857,2,1,0,0,0,0,0,0,0,0,0,0
2003,10858,1,1,0,0,0,0,0,0,0,0,0,0
2003,10858,2,1,0,0,0,0,0,0,0,0,0,0
2003,10859,1,1,0,0,0,0,7,0,0,0,2,0
2003,10859,2,1,0,0,0,0,15,0,0,0,0,0
2003,10860,1,1,15,0,26,0,12,10,17,8,7,20
2003,10861,0,1,21,16,0,0,0,0,0,16,0,0
2003,10861,1,1,6,0,0,0,0,0,0,0,0,0
2003,10862,1,1,9,0,0,0,14,18,0,0,0,0
2003,10862,2,1,0,0,19,7,0,17,0,28,12,0
2003,10863,0,1,28,28,28,28,28,28,28,28,28,28
2003,10863,1,1,0,0,0,0,0,0,0,0,0,13
2003,10864,1,1,0,0,14,0,0,24,0,33,27,17
2003,10865,1,1,19,36,7,15,19,0,21,19,14,26
2003,10865,2,1,0,0,0,0,0,0,0,0,0,0
2003,10866,1,1,0,0,0,0,0,0,0,0,0,0
2003,10867,1,1,0,0,0,0,0,0,0,0,0,0
2003,10867,2,1,0,0,0,0,0,0,0,0,0,0
2003,10867,3,1,0,0,0,0,0,0,0,0,0,0
2003,10868,1,1,0,0,0,0,0,0,0,0,0,17
2003,10869,1,1,0,0,0,0,0,0,0,0,0,0
2003,10869,2,1,0,0,0,0,9,0,0,0,4,0
2003,10869,3,1,0,0,0,0,0,0,0,0,0,0
2003,10870,1,1,7,28,14,22,14,41,5,23,21,20
2003,10871,1,1,0,0,0,0,0,0,0,0,0,0
2003,10871,2,1,0,0,0,0,0,0,0,0,0,0
2003,10871,3,1,0,0,0,0,0,0,0,0,0,0
2003,10872,1,1,0,0,0,22,18,0,3,0,0,11
2003,10872,2,1,0,0,0,0,0,0,0,0,0,0
2003,10873,1,1,0,19,0,20,0,9,17,0,22,25
2003,10874,1,1,29,19,10,14,23,9,27,12,0,11
2003,10874,2,1,0,0,0,0,0,0,0,0,0,0
2003,10875,1,1,0,0,2,0,0,0,0,0,0,0
2003,10876,1,1,0,0,0,0,0,0,0,0,0,0
2003,10876,2,1,0,0,0,0,0,0,0,0,0,0
2003,10877,1,1,0,0,0,0,0,0,0,0,0,0
2003,10877,2,1,0,0,0,0,0,0,0,0,0,0