YEAR,ST_CASE,veh_no,per_no,P1,P2,P3,P4,P5,P6,P7,P8,P9,P10
2003,10878,1,1,0,0,0,0,0,0,0,0,0,0
2003,10878,2,1,0,0,0,0,0,0,0,0,0,0
2003,10879,1,1,13,0,16,24,13,41,21,9,17,0
2003,10880,1,1,0,0,0,0,0,0,0,0,0,0
2003,10880,2,1,0,0,0,0,0,0,0,0,0,0
2003,10881,1,1,0,0,0,0,0,0,0,0,0,0
2003,10881,2,1,0,0,0,0,0,24,0,0,0,0
2003,10881,3,1,0,0,0,0,0,0,0,0,0,0
2003,10882,1,1,37,7,10,0,12,2,23,2,0,15
2003,10883,1,1,11,0,0,0,0,0,0,0,0,0
2003,10884,0,1,0,0,0,0,19,14,0,22,16,19
2003,10884,1,1,0,0,0,0,0,0,0,0,0,0
2003,10885,1,1,0,0,0,0,0,0,0,0,0,0
2003,10885,2,1,0,0,9,21,17,0,0,0,0,0
2003,10886,1,1,0,0,0,0,0,0,0,0,0,0
2003,10887,1,1,0,0,0,0,0,0,0,0,0,0
2003,10887,2,1,0,0,0,0,0,0,0,0,0,0
2003,10887,3,1,0,0,0,0,0,0,0,0,0,0
2003,10887,4,1,0,0,0,0,0,0,0,0,0,0
2003,10888,1,1,0,0,0,0,0,0,0,0,0,0
2003,10888,2,1,0,0,0,0,0,0,0,0,0,0
2003,10888,3,1,0,0,0,0,0,0,0,0,0,0
2003,10889,0,1,0,0,0,0,0,0,0,0,28,0
2003,10889,1,1,0,0,0,0,0,0,0,0,0,0
2003,10890,1,1,0,0,0,0,0,0,0,0,0,0
2003,10890,2,1,0,0,8,0,0,24,0,0,0,10
2003,10891,1,1,0,0,0,0,0,0,0,0,0,0
2003,10891,2,1,0,0,0,0,0,0,0,0,0,0
2003,10892,1,1,0,0,0,0,0,0,0,0,0,0
2003,10892,2,1,0,0,0,0,0,0,0,0,0,0
2003,10893,0,1,0,0,0,0,0,0,0,0,0,0
2003,10893,1,1,0,0,0,0,0,0,0,0,0,0
2003,10894,1,1,22,0,14,17,0,29,25,0,28,0
2003,10895,1,1,16,16,16,16,16,16,16,16,16,16
2003,10895,2,1,20,0,0,0,11,0,0,0,0,0
2003,10896,1,1,0,0,0,0,0,0,0,0,0,0
2003,10897,1,1,0,0,0,7,0,0,0,0,0,0
2003,10897,2,1,0,0,0,0,0,0,0,0,0,0
2003,10897,3,1,0,0,0,0,0,0,0,0,0,0
2003,10898,0,1,0,0,0,7,23,0,49,26,0,30
2003,10898,1,1,14,0,0,0,0,0,0,19,0,30
2003,10899,0,1,24,24,24,24,24,24,24,24,24,24
2003,10899,1,1,17,11,34,18,21,21,6,11,22,9
2003,10900,0,1,0,0,0,0,0,0,0,0,0,0
2003,10900,1,1,0,0,0,0,0,0,0,0,0,0
2003,10901,1,1,0,10,0,28,0,10,7,0,0,16
2003,10902,1,1,19,7,20,22,26,16,29,15,17,17
2003,10903,1,1,7,0,0,0,0,0,0,0,0,0
2003,10904,1,1,0,0,0,0,0,0,0,0,0,0
2003,10905,1,1,18,25,38,0,7,26,17,0,32,11
2003,20001,1,1,28,28,28,28,28,28,28,28,28,28
2003,20001,2,1,0,0,0,0,0,0,0,0,0,0
2003,20003,1,1,0,0,0,0,0,0,0,0,0,0
2003,20004,1,1,0,0,0,0,0,0,0,0,0,0
2003,20004,2,1,9,9,9,9,9,9,9,9,9,9
2003,20005,1,1,0,0,0,0,0,0,0,0,0,0
2003,20006,0,1,34,0,9,0,14,8,22,10,0,0
2003,20006,1,1,23,0,0,20,12,7,8,0,0,0
2003,20007,1,1,31,31,31,31,31,31,31,31,31,31
2003,20008,1,1,0,0,0,0,0,0,0,0,0,0
2003,20008,2,1,0,0,0,0,0,0,0,0,0,0
2003,20008,3,1,0,0,0,11,0,0,0,0,0,0
2003,20009,1,1,0,0,0,0,0,0,0,0,0,0
2003,20010,1,1,0,0,0,0,0,0,0,0,0,0
2003,20011,1,1,26,26,26,26,26,26,26,26,26,26
2003,20012,1,1,0,0,0,0,0,0,0,0,0,13
2003,20013,1,1,0,0,0,0,0,0,0,0,0,0
2003,20014,1,1,0,0,0,0,0,0,0,0,0,11
2003,20014,2,1,0,0,0,0,0,0,0,0,0,0
2003,20014,3,1,0,0,0,0,0,0,0,0,0,0
2003,20014,4,1,0,0,0,0,0,0,0,0,0,0
2003,20015,0,1,21,21,21,21,21,21,21,21,21,21
2003,20015,1,1,0,0,0,0,0,0,0,0,0,0
2003,20016,1,1,0,0,0,0,0,0,0,0,0,0
2003,20017,1,1,0,0,0,0,0,0,0,0,0,0
2003,20017,2,1,0,0,0,0,0,0,0,0,0,0
2003,20018,1,1,19,19,19,19,19,19,19,19,19,19
2003,20018,2,1,0,0,0,0,0,0,0,0,0,0
2003,20019,1,1,0,0,0,0,0,0,9,0,0,0
2003,20019,2,1,0,0,0,0,0,0,0,0,0,0
2003,20020,1,1,3,10,12,0,0,12,7,0,0,7
2003,20021,1,1,0,0,0,0,0,0,4,0,0,0
2003,20022,1,1,17,0,0,0,0,30,11,0,0,9
2003,20023,1,1,37,11,40,20,26,19,36,7,10,15
2003,20024,0,1,0,0,0,0,0,0,0,0,0,0
2003,20024,1,1,0,0,0,0,0,0,0,0,0,0
2003,20025,1,1,6,0,19,0,36,10,26,33,11,16
2003,20026,1,1,19,19,19,19,19,19,19,19,19,19
2003,20027,1,1,0,0,0,0,0,0,0,16,0,0
2003,20028,1,1,0,0,0,0,0,0,0,0,0,0
2003,20028,2,1,0,0,0,0,0,0,0,0,0,0
2003,20029,1,1,0,0,0,0,0,0,0,0,0,0
2003,20029,2,1,5,5,5,5,5,5,5,5,5,5
2003,20031,1,1,26,26,26,26,26,26,26,26,26,26
2003,20032,0,1,0,0,0,0,0,0,0,0,0,0
2003,20032,1,1,0,0,0,0,0,0,0,0,0,0
2003,20033,1,1,0,0,0,6,5,0,0,13,0,0
2003,20033,2,1,0,0,0,0,0,0,0,0,0,0
2003,20034,1,1,21,21,21,21,21,21,21,21,21,21
2003,20035,1,1,22,22,22,22,22,22,22,22,22,22
2003,20036,1,1,0,0,0,0,0,0,0,0,0,0
2003,20037,1,1,0,0,0,0,0,0,0,0,0,0
2003,20038,1,1,0,0,0,0,0,0,0,0,0,0
2003,20038,2,1,0,0,0,0,0,0,0,0,0,0
2003,20039,1,1,0,0,0,0,0,0,0,0,0,0
2003,20040,1,1,0,0,0,0,0,0,0,0,0,0
2003,20040,2,1,0,0,0,0,0,0,0,0,0,0
2003,20041,1,1,0,0,0,0,0,0,0,0,0,0
2003,20042,1,1,11,0,0,0,0,0,0,0,0,0
2003,20042,2,1,0,0,0,0,0,0,0,0,0,0
2003,20042,3,1,0,0,0,0,0,0,0,0,7,27
2003,20043,1,1,26,26,26,26,26,26,26,26,26,26
2003,20043,2,1,0,0,0,0,0,0,0,0,0,0
2003,20044,1,1,0,0,5,0,0,4,0,11,0,0
2003,20044,2,1,0,0,0,0,0,0,0,0,0,0
2003,20044,3,1,0,0,0,0,0,0,0,0,0,0
2003,20045,1,1,0,0,0,0,0,0,0,0,0,0
2003,20045,2,1,0,0,0,0,0,0,0,0,0,0
2003,20046,1,1,0,0,0,0,0,0,0,0,0,0
2003,20046,2,1,0,0,0,0,0,0,0,0,0,0
2003,20047,1,1,0,0,0,0,0,0,0,0,0,0
2003,20047,2,1,0,0,0,0,0,0,0,0,0,0
2003,20047,3,1,0,0,0,0,0,0,0,0,0,0
2003,20047,4,1,0,0,0,0,0,0,0,0,0,0
2003,20048,0,1,33,33,33,33,33,33,33,33,33,33
2003,20048,1,1,10,10,10,10,10,10,10,10,10,10
2003,20049,1,1,0,0,0,0,0,0,0,0,0,0
2003,20050,1,1,0,0,0,0,0,0,0,0,0,0
2003,20051,1,1,0,0,0,0,0,0,0,0,0,0
2003,20051,2,1,0,0,0,0,0,0,0,0,0,0
2003,20052,1,1,0,0,0,0,0,0,0,0,0,0
2003,20052,2,1,0,0,0,0,0,0,0,0,0,0
2003,20053,1,1,0,0,9,0,0,0,0,0,0,0
2003,20054,0,1,26,26,26,26,26,26,26,26,26,26
2003,20054,1,1,0,0,0,0,0,0,0,0,0,0
2003,20055,1,1,0,0,0,0,0,0,0,0,0,0
2003,20055,2,1,0,0,0,0,0,0,0,0,0,0
2003,20056,1,1,21,19,5,11,0,0,6,0,0,0
2003,20057,1,1,0,0,0,0,0,13,0,15,0,0
2003,20058,1,1,32,32,32,32,32,32,32,32,32,32
2003,20059,1,1,0,0,0,0,0,0,0,0,28,0
2003,20060,1,1,0,0,0,0,0,0,0,0,0,0
2003,20061,0,1,20,25,23,17,14,26,28,13,18,32
2003,20061,1,1,0,0,0,0,0,0,0,0,0,0
2003,20062,1,1,9,9,9,9,9,9,9,9,9,9
2003,20063,1,1,0,0,0,0,0,0,0,0,0,0
2003,20064,0,1,0,0,0,0,0,0,0,0,0,0
2003,20064,1,1,0,0,0,0,0,0,0,0,0,0
2003,20065,1,1,14,14,14,14,14,14,14,14,14,14
2003,20066,0,1,0,0,16,0,0,0,0,0,0,0
2003,20066,1,1,0,0,0,0,0,0,0,0,0,0
2003,20067,1,1,0,0,0,0,0,0,0,0,0,0
2003,20067,2,1,6,6,6,6,6,6,6,6,6,6
2003,20068,1,1,0,0,0,5,0,0,0,0,0,0
2003,20068,2,1,0,0,0,0,0,0,0,0,0,0
2003,20069,1,1,0,0,0,0,0,0,0,0,0,0
2003,20069,2,1,0,0,0,0,0,0,0,0,0,0
2003,20070,1,1,0,0,0,0,0,0,0,0,0,32
2003,20070,2,1,0,0,0,0,0,0,0,0,0,0
2003,20071,1,1,0,0,0,0,0,0,0,0,0,0
2003,20072,1,1,0,0,0,0,0,0,0,0,0,0
2003,20072,2,1,0,0,0,0,0,0,0,0,0,0
2003,20073,1,1,0,0,0,0,0,0,0,0,0,0
2003,20073,2,1,0,0,0,0,0,0,0,0,0,0
2003,20074,1,1,0,0,0,0,0,0,0,0,0,0
2003,20074,2,1,0,0,21,0,0,0,0,0,0,0
2003,20075,1,1,0,0,0,0,0,0,0,0,0,0
2003,20076,1,1,8,10,25,33,6,13,12,15,25,0
2003,20077,0,1,0,0,0,0,0,0,0,0,0,0
2003,20077,1,1,0,0,0,0,0,0,0,0,0,0
2003,20078,1,1,38,38,38,38,38,38,38,38,38,38
2003,20079,1,1,0,0,0,0,0,0,0,0,0,0
2003,20079,2,1,0,0,0,0,0,0,0,0,0,0
2003,20080,1,1,28,28,28,28,28,28,28,28,28,28
2003,20081,0,1,34,34,34,34,34,34,34,34,34,34
2003,20081,1,1,10,10,10,10,10,10,10,10,10,10
2003,20082,0,1,0,0,0,0,0,0,0,0,0,0
2003,20082,1,1,0,0,0,0,0,0,0,0,0,0
2003,20083,1,1,26,26,26,26,26,26,26,26,26,26
2003,20084,1,1,12,3,7,12,8,0,4,5,19,21
2003,20084,2,1,0,0,0,11,0,0,0,0,0,0
2003,20085,1,1,28,28,28,28,28,28,28,28,28,28
2003,20085,2,1,0,0,0,0,0,0,0,0,0,0
2003,20086,1,1,0,0,0,0,0,0,0,0,0,0
2003,20087,0,1,24,33,0,33,13,32,7,36,0,15
2003,20087,1,1,0,0,0,0,0,0,0,0,0,0
2003,20088,1,1,0,16,0,0,0,0,0,0,15,16
2003,20089,1,1,11,4,12,11,4,12,13,14,11,18
2003,40001,1,1,23,23,23,23,23,23,23,23,23,23
2003,40002,1,1,22,19,26,34,22,22,35,21,16,13
2003,40003,1,1,0,0,29,30,33,18,0,0,0,29
2003,40004,1,1,0,0,0,0,0,0,0,0,0,0
2003,40004,2,1,12,12,12,12,12,12,12,12,12,12
2003,40005,1,1,24,24,24,24,24,24,24,24,24,24
2003,40006,0,1,0,0,0,0,0,0,0,0,0,0
2003,40006,1,1,0,0,0,0,0,0,0,0,0,0
2003,40007,0,1,18,18,18,18,18,18,18,18,18,18
2003,40007,1,1,0,0,0,0,0,0,26,0,32,0
2003,40008,0,1,26,26,26,26,26,26,26,26,26,26
2003,40008,1,1,0,0,0,0,0,0,0,0,0,0
2003,40009,1,1,0,0,0,22,0,0,0,0,0,0
2003,40010,0,1,24,24,24,24,24,24,24,24,24,24
2003,40010,1,1,20,6,0,12,22,15,16,0,22,23
2003,40011,1,1,0,0,0,0,0,0,0,0,0,0
2003,40011,2,1,0,0,0,0,0,0,0,0,0,0
2003,40012,1,1,0,0,0,0,0,0,0,0,0,0
2003,40012,2,1,0,0,0,0,0,0,0,0,0,0
2003,40013,1,1,5,11,12,10,15,9,0,9,8,21
2003,40013,2,1,0,0,0,12,0,24,0,0,0,0
2003,40014,1,1,26,0,16,27,0,0,0,24,0,15
2003,40015,1,1,0,0,0,0,0,37,0,0,0,0
2003,40015,2,1,0,0,0,0,0,0,0,0,0,0
2003,40015,3,1,0,0,0,0,0,0,0,0,0,0
2003,40015,4,1,0,0,0,0,0,0,0,0,0,0
2003,40015,5,1,0,0,0,0,0,0,0,0,0,0
2003,40015,6,1,0,0,0,0,0,0,0,0,0,0
2003,40015,7,1,0,0,0,0,0,0,0,0,0,0
2003,40015,8,1,0,0,0,0,0,0,0,0,2,0
2003,40016,1,1,0,17,0,0,0,0,0,0,0,0
2003,40017,2,1,0,0,0,0,0,0,0,0,0,28
2003,40017,4,1,0,0,0,0,0,0,0,0,0,0
2003,40018,1,1,0,0,2,0,0,0,0,0,0,0
2003,40018,2,1,0,0,0,0,0,0,0,0,0,0
2003,40019,1,1,0,0,0,0,0,0,0,0,0,0
2003,40019,2,1,0,0,0,0,0,0,0,0,0,0
2003,40021,1,1,19,19,19,19,19,19,19,19,19,19
2003,40021,2,1,0,0,0,0,0,0,0,0,0,0
2003,40022,1,1,0,0,0,0,0,0,0,0,0,0
2003,40023,1,1,24,0,0,18,0,35,0,0,0,0
2003,40023,2,1,13,0,0,0,0,0,0,0,0,0
2003,40024,0,1,28,28,28,28,28,28,28,28,28,28
2003,40024,1,1,26,0,0,13,19,0,9,0,13,6
2003,40024,2,1,27,11,0,14,11,16,0,0,30,7
2003,40025,1,1,17,17,17,17,17,17,17,17,17,17
2003,40025,2,1,8,8,8,8,8,8,8,8,8,8
2003,40026,1,1,0,0,0,0,0,8,0,0,0,0
2003,40026,2,1,0,0,0,0,0,0,0,0,0,0
2003,40027,1,1,13,16,8,0,23,0,19,0,0,0
2003,40028,1,1,0,13,0,22,18,0,18,0,0,19
2003,40029,1,1,14,26,13,11,16,11,21,13,20,19
2003,40030,1,1,9,9,9,9,9,9,9,9,9,9
2003,40031,1,1,0,0,0,0,0,0,0,0,0,0
2003,40032,1,1,12,21,0,13,27,14,8,18,12,21
2003,40032,2,1,0,0,0,0,0,0,0,0,0,0
2003,40033,1,1,0,0,0,0,0,0,0,29,0,0
2003,40033,2,1,0,0,0,0,0,0,0,7,0,0
2003,40034,0,1,0,0,0,0,18,0,12,0,0,26
2003,40034,1,1,0,0,0,0,0,0,0,0,0,0
2003,40035,1,1,0,0,13,0,0,0,0,0,0,0
2003,40036,1,1,0,0,0,0,0,0,0,0,0,0
2003,40036,2,1,0,0,0,0,0,0,0,0,0,0
2003,40037,1,1,0,0,0,0,0,0,0,0,0,0
2003,40038,1,1,0,0,0,0,0,0,0,0,0,0
2003,40038,2,1,0,0,0,0,0,0,0,0,0,0
2003,40038,3,1,0,0,0,0,0,0,0,0,0,0
2003,40039,1,1,0,0,0,0,0,0,0,0,0,0
2003,40040,1,1,15,15,15,15,15,15,15,15,15,15
2003,40041,0,1,0,0,16,0,0,0,0,0,0,0
2003,40041,1,1,0,0,0,0,0,0,0,0,0,0
2003,40042,0,1,0,0,0,0,0,0,0,0,0,0
2003,40042,1,1,0,0,0,0,0,0,0,0,0,0
2003,40043,1,1,0,0,0,0,0,0,0,0,0,0
2003,40043,2,1,12,0,0,0,0,0,0,0,0,0
2003,40044,1,1,0,0,20,0,15,0,13,0,0,6
2003,40044,2,1,9,9,9,9,9,9,9,9,9,9
2003,40045,1,1,0,0,0,0,0,0,0,0,0,0
2003,40045,2,1,0,0,0,0,0,0,0,0,0,0
2003,40046,1,2,0,0,0,20,0,0,0,21,0,0
2003,40047,1,1,0,0,26,0,0,0,0,0,0,0
2003,40047,2,1,0,0,0,0,0,0,0,0,0,0
2003,40048,1,1,0,0,0,0,0,0,0,0,0,0
2003,40049,1,1,0,0,0,0,0,0,0,0,0,0
2003,40050,1,1,0,0,0,0,0,0,0,0,0,0
2003,40050,2,1,0,0,0,0,0,0,0,0,0,0
2003,40051,1,1,0,0,0,0,0,0,0,0,0,0
2003,40051,2,1,0,0,0,0,0,0,0,0,0,0
2003,40052,1,1,1,1,1,1,1,1,1,1,1,1
2003,40052,2,1,0,0,0,0,0,0,0,0,0,0
2003,40053,1,1,0,0,0,0,0,0,0,0,0,0
2003,40053,2,1,0,0,0,0,0,0,0,0,0,0
2003,40054,1,1,0,0,0,0,0,0,0,0,0,0
2003,40054,2,1,0,0,0,0,0,0,0,0,0,0
2003,40055,1,1,0,0,0,0,0,0,0,0,0,0
2003,40056,0,1,22,22,22,22,22,22,22,22,22,22
2003,40056,1,1,0,0,0,0,0,0,0,0,0,0
2003,40057,1,1,0,0,0,0,0,0,0,0,0,0
2003,40058,1,1,0,0,0,0,0,0,0,0,0,0
2003,40058,2,1,0,0,10,0,0,0,0,0,12,0
2003,40059,1,1,0,0,0,0,0,0,0,0,0,0
2003,40059,2,1,0,0,0,0,0,0,0,0,0,0
2003,40060,1,1,10,0,15,0,24,2,5,0,18,12
2003,40061,1,1,0,0,0,0,0,0,0,0,0,0
2003,40062,0,1,38,22,5,27,16,16,12,11,31,18
2003,40062,1,1,0,0,0,0,0,0,0,0,0,0
2003,40063,0,1,0,0,0,0,0,0,0,0,0,0
2003,40063,1,1,0,0,0,0,0,0,0,0,0,0
2003,40064,1,1,0,0,0,0,0,0,0,0,0,0
2003,40064,2,1,0,0,0,0,0,0,0,0,0,0
2003,40065,1,1,14,14,14,14,14,14,14,14,14,14
2003,40065,2,1,0,0,0,0,0,0,0,0,0,0
2003,40066,1,1,17,18,0,0,0,0,0,0,0,15
2003,40066,2,1,4,4,4,4,4,4,4,4,4,4
2003,40066,3,1,0,0,0,0,13,0,0,0,0,0
2003,40067,1,1,20,20,20,20,20,20,20,20,20,20
2003,40067,2,1,0,10,20,0,0,0,0,0,0,0
2003,40068,1,1,0,0,0,0,0,0,0,0,0,0
2003,40068,2,1,0,0,9,0,0,0,0,0,0,0
2003,40069,1,1,0,0,0,0,0,0,0,0,0,0
2003,40069,2,1,0,0,0,0,12,0,0,0,0,0
2003,40069,3,1,0,0,0,0,0,0,0,0,0,0
2003,40070,1,1,0,0,0,0,0,0,0,0,0,0
2003,40070,2,1,0,0,0,0,0,0,0,0,0,0
2003,40071,1,1,0,0,0,0,0,0,0,0,0,0
2003,40071,2,1,0,0,0,0,0,0,0,0,0,0
2003,40072,1,1,0,0,0,0,8,0,16,0,0,0
2003,40073,1,1,0,0,0,0,0,0,0,0,0,0
2003,40073,2,1,0,0,0,0,0,0,0,0,0,0
2003,40074,1,1,16,16,16,16,16,16,16,16,16,16
2003,40074,2,1,0,0,0,0,0,0,0,0,0,0
2003,40075,1,1,0,0,0,0,0,0,0,0,0,0
2003,40075,2,1,0,0,0,0,0,0,0,0,0,0
2003,40076,1,1,0,0,0,0,0,0,0,0,0,0
2003,40076,2,1,0,0,0,0,0,0,0,0,0,0
2003,40077,1,1,0,0,0,9,0,0,0,0,0,0
2003,40078,1,1,8,8,8,8,8,8,8,8,8,8
2003,40078,2,1,0,0,0,0,0,0,0,0,0,0
2003,40079,1,1,0,0,0,0,0,0,0,0,0,0
2003,40079,2,1,0,0,0,0,0,0,0,0,0,0
2003,40080,1,1,0,0,0,0,0,0,0,0,0,0
2003,40081,1,1,0,0,0,0,0,0,0,0,0,0
2003,40081,2,1,0,0,0,4,0,0,0,0,6,0
2003,40082,1,1,20,8,0,12,6,4,9,4,13,0
2003,40082,2,1,0,0,0,0,0,0,0,0,0,0
2003,40082,3,1,0,0,0,0,0,0,0,0,0,0
2003,40083,1,1,4,4,4,4,4,4,4,4,4,4
2003,40083,2,1,0,0,0,0,0,0,0,0,0,0
2003,40083,3,1,0,0,0,0,0,0,0,0,0,0
2003,40084,1,1,26,26,26,26,26,26,26,26,26,26
2003,40085,0,1,17,37,12,14,27,38,15,17,26,19
2003,40085,1,1,0,11,0,14,0,0,0,0,0,0
2003,40086,1,1,26,26,26,26,26,26,26,26,26,26
2003,40087,1,1,0,0,0,0,0,0,0,0,0,0
2003,40088,1,1,0,0,0,0,0,0,0,0,0,0
2003,40089,1,1,0,0,0,0,0,0,0,0,0,0
2003,40090,0,1,44,44,44,44,44,44,44,44,44,44
2003,40090,1,1,25,17,22,18,18,17,36,20,0,23
2003,40091,1,1,0,0,0,0,0,0,0,0,0,0
2003,40091,2,1,0,0,0,0,0,0,0,0,0,0
2003,40092,1,1,0,11,4,8,18,0,14,0,0,11
2003,40092,2,1,0,0,0,0,0,0,0,0,0,0
2003,40093,1,1,0,0,0,0,0,0,0,0,0,0
2003,40093,2,1,0,0,0,0,0,0,0,0,0,0
2003,40094,0,1,30,30,30,30,30,30,30,30,30,30
2003,40094,1,1,19,0,0,0,0,0,0,0,0,0
2003,40095,1,1,0,0,0,0,0,0,0,0,0,0
2003,40095,2,1,0,0,0,0,0,0,0,0,0,0
2003,40096,1,1,19,20,0,32,27,35,7,0,0,11
2003,40097,1,1,11,11,11,11,11,11,11,11,11,11
2003,40097,2,1,0,0,0,0,0,0,0,0,0,0
2003,40098,0,1,36,36,36,36,36,36,36,36,36,36
2003,40098,1,1,13,0,0,0,0,0,0,0,0,0
2003,40099,0,1,15,29,19,19,16,0,24,19,28,28
2003,40099,1,1,7,14,0,0,0,0,0,15,8,0
2003,40100,1,1,0,0,0,0,0,0,0,0,0,0
2003,40100,2,1,0,0,0,0,0,0,0,0,0,0
2003,40101,1,1,14,20,40,11,20,24,12,36,14,37
2003,40102,0,1,15,15,15,15,15,15,15,15,15,15
2003,40102,1,1,0,0,0,0,0,0,0,0,0,0
2003,40103,0,1,11,0,14,0,0,0,0,0,0,12
2003,40103,1,1,0,10,9,0,16,0,0,0,0,13
2003,40104,1,1,0,0,0,0,0,0,0,0,0,0
2003,40105,0,1,0,0,0,0,0,0,0,0,0,0
2003,40105,1,1,0,0,0,0,0,0,0,0,0,8
2003,40106,0,1,16,16,16,16,16,16,16,16,16,16
2003,40106,1,1,0,0,0,0,0,0,0,0,0,0
2003,40107,1,1,0,0,0,0,0,12,0,0,0,0
2003,40107,2,1,0,0,0,0,0,0,0,0,0,0
2003,40108,1,1,0,0,0,0,0,0,0,13,5,0
2003,40109,1,1,0,0,0,0,0,11,0,0,0,0
2003,40109,2,1,9,0,0,0,21,0,0,18,0,0
2003,40110,1,1,13,13,13,13,13,13,13,13,13,13
2003,40111,1,1,0,0,0,0,0,0,0,0,0,0
2003,40111,2,1,0,0,0,0,0,0,0,0,0,0
2003,40112,0,1,0,0,0,0,0,0,0,0,0,0
2003,40112,1,1,0,0,0,0,0,0,0,0,0,0
2003,40113,1,1,0,0,0,0,0,0,0,0,0,0
2003,40114,1,1,0,0,0,0,0,4,0,0,0,0
2003,40114,2,1,0,0,0,0,0,0,0,0,0,0
2003,40115,1,1,0,0,0,0,0,0,5,0,12,0
2003,40115,2,1,11,11,11,11,11,11,11,11,11,11
2003,40116,1,1,4,0,0,0,0,7,0,7,0,0
2003,40116,2,1,0,0,0,0,0,0,0,0,0,0
2003,40116,3,1,0,0,0,0,0,0,0,0,0,0
2003,40117,1,1,0,0,0,0,0,0,0,0,0,0
2003,40117,2,1,12,0,0,0,0,0,0,0,0,0
2003,40118,1,1,0,0,23,14,0,0,16,0,0,0
2003,40119,1,1,0,0,0,0,6,0,0,0,0,0
2003,40119,2,1,0,0,0,0,0,0,0,0,0,0
2003,40120,1,1,12,12,12,12,12,12,12,12,12,12
2003,40120,2,1,0,0,0,0,0,7,0,0,0,0
2003,40121,0,1,0,0,0,0,0,0,0,0,0,0
2003,40121,1,1,0,0,0,0,0,0,0,0,0,0
2003,40122,1,1,0,0,0,0,0,0,0,0,0,0
2003,40123,1,1,0,0,0,0,0,0,0,0,0,0
2003,40123,2,1,0,0,0,0,0,0,0,0,0,0
2003,40123,3,1,0,0,10,0,0,0,0,0,0,0
2003,40123,4,1,0,0,0,0,0,0,0,0,0,0
2003,40124,1,1,0,0,0,0,0,0,0,0,0,0
2003,40124,2,1,0,0,0,0,0,0,11,0,0,0
2003,40125,1,1,15,15,15,15,15,15,15,15,15,15
2003,40126,1,1,0,0,0,0,0,0,0,0,0,0
2003,40127,1,1,0,0,0,0,0,0,0,0,0,32
2003,40128,1,1,11,11,11,11,11,11,11,11,11,11
2003,40129,1,1,12,12,12,12,12,12,12,12,12,12
2003,40129,2,1,0,0,0,0,0,0,0,0,0,0
2003,40130,1,1,11,13,15,20,25,24,15,16,29,14
2003,40130,2,1,0,0,0,0,0,0,0,0,0,0
2003,40131,1,1,0,0,0,18,21,0,0,0,0,0
2003,40132,1,1,0,0,0,0,0,0,0,0,17,18
2003,40132,2,1,0,0,0,0,0,0,0,0,0,0
2003,40133,1,2,0,0,0,0,0,0,0,0,0,0
2003,40134,1,1,0,0,0,0,0,0,0,0,0,0
2003,40134,2,1,0,0,0,0,0,0,0,0,0,0
2003,40135,1,1,0,0,15,3,15,3,0,0,0,0
2003,40136,1,1,0,0,0,0,0,0,0,0,0,0
2003,40136,2,1,0,0,0,0,0,0,0,0,0,0
2003,40136,3,1,0,0,0,11,0,0,0,0,0,0
2003,40137,1,1,0,0,0,0,0,0,0,0,0,0
2003,40137,2,1,0,0,0,0,0,0,0,0,0,0
2003,40138,0,1,25,25,25,25,25,25,25,25,25,25
2003,40138,1,1,0,0,0,0,0,0,0,0,0,0
2003,40139,1,1,4,0,0,0,0,0,0,0,0,0
2003,40139,2,1,0,0,0,0,0,0,0,0,0,0
2003,40140,0,1,0,0,0,0,0,0,0,0,0,0
2003,40140,1,1,0,0,0,0,0,0,0,0,0,0
2003,40141,1,1,0,0,0,0,0,0,0,0,0,0
2003,40142,1,1,0,0,0,0,0,0,0,0,0,0
2003,40142,2,1,0,0,0,0,0,0,0,0,0,0
2003,40143,0,1,0,0,0,0,0,0,0,0,0,0
2003,40143,1,1,18,18,18,18,18,18,18,18,18,18
2003,40144,1,1,0,0,0,0,0,0,0,0,0,0
2003,40145,0,1,0,0,0,0,0,0,0,0,0,0
2003,40145,1,1,0,0,0,0,0,0,0,0,0,0
2003,40146,0,1,26,17,27,19,14,9,11,27,30,3
2003,40146,1,1,0,0,0,0,0,0,0,0,0,0
2003,40147,1,1,7,7,7,7,7,7,7,7,7,7
2003,40147,2,1,0,0,0,0,0,0,0,0,0,0
2003,40148,1,1,4,4,4,4,4,4,4,4,4,4
2003,40149,1,1,15,10,13,25,13,22,17,15,19,7
2003,40150,1,1,20,33,12,14,7,12,0,18,15,0
2003,40150,2,1,0,0,0,0,0,0,0,0,0,0
2003,40151,1,1,12,12,12,12,12,12,12,12,12,12
2003,40152,1,1,32,32,32,32,32,32,32,32,32,32
2003,40152,2,1,0,0,0,0,0,0,0,0,0,0
2003,40153,0,1,0,26,32,20,0,0,0,0,0,0
2003,40153,1,1,0,0,0,0,0,0,0,0,0,0
2003,40154,1,1,0,0,0,0,0,0,0,0,0,0
2003,40155,1,1,0,0,0,0,0,0,0,0,0,0
2003,40155,2,1,0,0,0,0,0,0,0,0,0,0
2003,40155,3,1,0,0,0,0,0,0,0,0,0,0
2003,40155,4,1,0,0,0,0,0,0,0,0,0,0
2003,40156,1,1,29,29,29,29,29,29,29,29,29,29
2003,40157,1,1,20,20,20,20,20,20,20,20,20,20
2003,40158,1,1,0,0,0,0,0,0,0,0,0,0
2003,40158,2,1,0,0,0,16,0,0,0,0,0,0
2003,40159,1,1,0,0,0,0,0,0,0,0,0,0
2003,40160,0,1,1,1,1,1,1,1,1,1,1,1
2003,40160,0,2,0,14,0,41,0,0,24,23,0,20
2003,40160,0,3,17,11,0,17,0,0,0,0,0,0
2003,40160,0,4,0,0,0,37,0,0,3,0,0,27
2003,40160,0,5,24,8,14,15,5,0,0,0,0,0