YEAR,ST_CASE,veh_no,per_no,P1,P2,P3,P4,P5,P6,P7,P8,P9,P10
2003,40160,1,1,0,0,0,0,0,0,0,0,0,0
2003,40161,1,1,0,0,0,0,0,0,0,0,0,0
2003,40161,2,1,0,0,0,0,0,0,0,0,0,17
2003,40162,1,1,14,14,14,14,14,14,14,14,14,14
2003,40162,2,1,0,0,0,0,0,0,8,0,0,0
2003,40163,0,1,0,0,0,0,0,0,0,0,0,0
2003,40163,1,1,0,0,0,0,0,0,0,0,0,0
2003,40164,1,1,0,0,0,0,0,0,20,0,0,15
2003,40164,2,1,0,0,0,0,0,0,0,0,0,0
2003,40165,1,1,0,0,0,0,11,0,0,0,0,0
2003,40166,1,1,0,0,0,0,0,0,0,0,0,0
2003,40166,2,1,0,10,0,0,0,0,0,0,0,0
2003,40167,1,1,0,0,2,0,10,0,0,0,0,0
2003,40168,0,1,0,0,14,6,42,0,0,0,10,0
2003,40168,1,1,8,14,13,15,17,11,23,12,11,12
2003,40169,1,1,0,0,0,0,0,0,0,0,0,0
2003,40169,2,1,0,0,15,0,0,7,29,0,0,0
2003,40170,1,1,0,0,0,0,0,0,0,0,0,0
2003,40170,2,1,0,0,0,0,0,0,0,0,0,0
2003,40171,1,1,0,0,0,0,0,0,0,0,0,0
2003,40171,2,1,0,0,0,0,0,0,0,0,0,0
2003,40172,1,1,18,18,18,18,18,18,18,18,18,18
2003,40173,1,1,27,0,0,0,0,0,0,0,0,0
2003,40173,2,1,0,0,0,0,0,0,0,0,0,0
2003,40174,1,1,0,0,0,0,0,0,0,0,0,0
2003,40174,2,1,0,0,0,0,0,0,0,0,0,0
2003,40175,0,1,4,4,4,4,4,4,4,4,4,4
2003,40175,1,1,13,10,0,0,0,0,0,0,0,0
2003,40176,1,1,0,0,0,0,0,0,0,0,0,0
2003,40176,2,1,0,0,0,0,0,0,0,0,0,0
2003,40177,1,1,0,0,22,0,0,0,0,0,0,0
2003,40178,1,1,19,19,19,19,19,19,19,19,19,19
2003,40179,1,1,0,0,0,0,0,0,0,0,0,0
2003,40179,2,1,0,0,0,0,10,0,0,0,0,0
2003,40179,3,1,0,0,0,0,0,0,0,0,0,0
2003,40180,1,1,0,0,0,0,0,0,0,0,0,0
2003,40181,1,1,0,0,0,0,0,0,0,0,0,0
2003,40181,2,1,0,0,0,0,0,0,0,0,0,0
2003,40182,1,1,17,0,0,0,0,0,0,0,0,0
2003,40182,2,1,0,0,0,0,0,0,0,0,0,0
2003,40182,3,1,0,0,0,0,7,0,0,0,0,18
2003,40183,0,1,20,0,23,2,0,0,24,31,3,39
2003,40183,1,1,0,0,0,25,6,0,0,5,0,12
2003,40184,1,1,25,25,25,25,25,25,25,25,25,25
2003,40184,2,1,0,0,0,0,0,0,0,0,0,0
2003,40184,3,1,0,0,0,0,0,0,0,0,0,0
2003,40184,4,1,0,0,0,0,0,0,0,0,0,0
2003,40185,0,1,0,0,0,0,0,0,0,0,0,0
2003,40185,1,1,0,0,0,0,0,0,0,0,0,0
2003,40186,1,1,0,0,0,0,11,17,0,14,0,0
2003,40187,1,1,0,0,0,0,0,0,0,0,0,0
2003,40187,2,1,0,0,0,0,0,0,0,0,0,0
2003,40188,1,1,13,0,0,0,0,8,0,0,7,0
2003,40189,1,1,0,0,0,0,28,28,0,0,10,0
2003,40190,1,1,27,15,13,42,26,15,21,32,14,21
2003,40191,1,1,25,25,25,25,25,25,25,25,25,25
2003,40192,1,1,4,4,4,4,4,4,4,4,4,4
2003,40193,1,1,0,0,0,0,0,0,0,0,0,0
2003,40194,1,1,0,0,0,0,0,0,0,0,0,0
2003,40194,2,1,0,0,0,0,0,0,0,0,0,18
2003,40195,1,1,14,23,30,20,23,27,10,15,24,13
2003,40196,1,1,0,0,0,0,0,0,0,0,0,0
2003,40196,2,1,0,0,0,0,0,0,0,0,0,0
2003,40196,3,1,0,0,0,0,0,0,0,0,0,0
2003,40197,0,1,0,0,0,0,0,0,0,0,0,0
2003,40197,1,1,0,0,0,37,14,0,0,0,0,13
2003,40198,1,1,0,0,0,0,0,0,0,0,0,0
2003,40198,2,1,0,0,0,0,0,0,0,0,0,0
2003,40198,3,1,10,0,0,0,0,12,0,0,0,0
2003,40199,1,1,0,0,0,0,0,0,0,0,0,0
2003,40199,2,1,0,0,0,0,0,0,0,0,0,0
2003,40200,1,1,0,0,0,0,0,0,0,0,0,0
2003,40200,2,1,0,0,0,0,0,0,0,0,0,0
2003,40200,3,1,0,0,0,0,0,0,0,0,0,0
2003,40201,1,1,26,23,20,11,7,12,29,31,13,30
2003,40201,2,1,0,0,0,0,0,12,0,0,0,0
2003,40201,3,1,0,0,0,0,0,0,0,0,0,0
2003,40202,1,1,0,0,0,0,0,0,0,0,0,0
2003,40202,2,1,0,0,0,0,0,0,0,0,0,0
2003,40203,1,1,16,16,16,16,16,16,16,16,16,16
2003,40204,1,1,23,23,23,23,23,23,23,23,23,23
2003,40204,2,1,0,0,0,0,18,0,0,0,0,0
2003,40204,3,1,0,0,0,0,0,0,0,0,0,0
2003,40204,4,1,0,0,16,0,0,0,0,0,0,0
2003,40204,5,1,8,0,0,0,0,10,0,0,0,0
2003,40205,1,1,20,0,31,0,0,0,12,0,21,0
2003,40205,2,1,0,0,0,0,24,0,0,0,0,14
2003,40206,1,1,12,12,12,12,12,12,12,12,12,12
2003,40206,2,1,0,0,0,0,0,0,0,0,0,0
2003,40207,1,1,0,25,20,0,21,30,13,0,14,40
2003,40208,1,1,0,0,0,0,0,0,0,0,0,0
2003,40208,2,1,0,0,0,0,0,0,0,0,0,0
2003,40209,0,1,0,0,0,0,0,0,0,0,0,0
2003,40209,1,1,22,22,22,22,22,22,22,22,22,22
2003,40210,1,1,0,0,0,0,0,0,0,0,0,0
2003,40210,2,1,6,6,6,6,6,6,6,6,6,6
2003,40211,1,1,0,0,0,0,0,0,0,0,0,0
2003,40211,2,1,0,0,0,0,0,0,0,0,0,0
2003,40212,1,1,2,2,2,2,2,2,2,2,2,2
2003,40212,2,1,0,0,0,0,0,0,0,0,0,0
2003,40213,1,1,0,0,0,10,0,0,18,10,14,4
2003,40214,1,1,0,0,0,0,0,0,0,0,0,0
2003,40214,2,1,0,0,0,0,0,0,0,0,0,0
2003,40214,3,1,0,0,0,0,0,0,0,0,0,0
2003,40215,1,1,0,0,0,0,0,0,0,0,0,0
2003,40215,2,1,0,0,0,27,0,0,0,11,0,0
2003,40216,1,1,0,0,0,0,0,0,0,0,0,0
2003,40217,1,1,0,0,0,0,7,0,0,32,0,0
2003,40218,1,1,0,0,0,0,0,0,0,0,0,0
2003,40218,2,1,0,0,0,0,0,0,0,0,0,0
2003,40219,0,1,0,0,0,0,0,0,0,0,0,0
2003,40219,1,1,0,0,20,14,26,0,0,0,27,0
2003,40220,1,1,13,13,13,13,13,13,13,13,13,13
2003,40221,1,1,0,0,0,0,0,0,0,0,0,0
2003,40221,2,1,0,9,2,0,0,0,0,8,0,0
2003,40222,1,1,0,0,0,8,0,0,0,0,0,0
2003,40222,2,1,0,0,0,0,0,0,9,0,5,0
2003,40223,1,1,9,6,12,0,0,0,21,0,0,0
2003,40223,2,1,13,0,0,15,0,0,0,0,0,0
2003,40224,1,1,0,0,0,0,0,0,0,0,12,21
2003,40225,1,1,0,0,0,0,0,0,0,0,0,0
2003,40225,2,1,0,0,0,0,0,0,0,0,0,0
2003,40226,0,1,0,0,0,0,0,0,0,0,0,0
2003,40226,1,1,10,26,2,19,12,3,19,22,16,15
2003,40227,1,1,0,0,0,0,0,0,0,0,0,0
2003,40228,1,1,0,0,0,0,0,0,0,0,0,0
2003,40228,2,1,0,0,0,0,0,0,0,0,0,0
2003,40229,1,1,0,0,0,0,0,0,0,0,0,0
2003,40230,1,1,0,0,0,0,0,0,0,0,0,0
2003,40230,2,1,0,15,0,0,0,0,0,0,0,0
2003,40231,1,1,0,0,0,0,0,18,0,31,0,0
2003,40231,2,1,4,4,4,4,4,4,4,4,4,4
2003,40232,1,1,0,0,0,0,0,0,0,12,0,0
2003,40232,2,1,0,0,0,0,0,0,0,0,0,0
2003,40233,1,1,8,7,6,17,9,16,8,13,0,11
2003,40233,2,1,0,0,0,0,0,0,0,0,0,0
2003,40233,3,1,0,0,0,0,29,0,0,0,0,0
2003,40234,1,1,15,15,15,15,15,15,15,15,15,15
2003,40235,1,1,0,0,16,21,10,16,17,5,6,21
2003,40236,1,1,16,9,10,23,16,0,7,10,17,23
2003,40237,0,1,0,0,0,0,0,0,0,0,0,0
2003,40237,1,1,9,9,9,9,9,9,9,9,9,9
2003,40238,1,1,0,0,21,0,0,0,19,0,0,0
2003,40238,2,1,0,0,0,0,0,0,0,0,0,0
2003,40239,1,1,0,0,0,0,0,0,0,0,0,0
2003,40240,1,1,0,0,0,0,0,0,0,0,0,0
2003,40241,1,1,0,0,0,0,0,0,0,0,0,0
2003,40242,1,1,11,11,11,11,11,11,11,11,11,11
2003,40242,2,1,0,0,0,0,0,0,0,0,0,0
2003,40242,3,1,0,0,0,0,0,0,0,0,0,0
2003,40242,4,1,0,0,0,0,0,0,0,0,0,0
2003,40242,5,1,0,0,0,0,0,0,0,0,0,0
2003,40243,1,1,0,0,0,0,0,0,0,0,0,0
2003,40243,2,1,0,0,0,0,0,0,0,0,0,0
2003,40244,1,1,16,0,0,10,0,17,0,0,0,0
2003,40244,2,1,11,11,11,11,11,11,11,11,11,11
2003,40245,1,1,0,0,0,0,0,0,0,0,0,0
2003,40245,2,1,0,0,0,0,0,0,0,0,0,0
2003,40246,1,1,0,0,0,0,0,0,0,0,0,0
2003,40247,0,1,0,0,0,0,24,0,28,0,0,13
2003,40247,1,1,0,0,29,12,25,17,0,14,0,26
2003,40248,1,1,14,1,16,13,14,12,18,18,21,14
2003,40248,2,1,14,11,22,0,10,13,13,20,18,17
2003,40249,1,1,19,19,19,19,19,19,19,19,19,19
2003,40249,2,1,0,0,0,10,0,0,0,10,0,0
2003,40250,1,1,0,0,15,0,31,0,0,0,0,0
2003,40251,1,1,24,42,17,22,9,14,16,24,22,11
2003,40251,2,1,0,0,0,0,0,0,0,0,0,0
2003,40252,1,1,0,0,0,0,0,0,0,0,0,0
2003,40253,1,1,0,0,0,0,0,0,0,0,0,0
2003,40253,2,1,0,0,0,0,0,0,0,0,0,0
2003,40253,3,1,0,0,0,0,0,0,0,0,0,0
2003,40254,1,1,0,0,0,0,0,0,0,0,0,0
2003,40254,2,1,0,0,0,0,0,0,0,0,0,0
2003,40255,1,1,0,0,0,0,0,0,0,0,0,0
2003,40255,2,1,0,0,0,0,0,0,0,0,0,0
2003,40255,3,1,0,0,0,0,0,0,0,0,0,0
2003,40256,1,1,0,0,0,0,0,0,0,0,0,12
2003,40256,2,1,0,0,0,0,0,0,0,0,0,0
2003,40257,1,1,0,0,0,0,0,0,0,0,26,0
2003,40258,1,1,0,0,0,0,0,0,0,0,0,0
2003,40258,2,1,0,0,0,0,0,0,0,0,0,0
2003,40259,1,1,0,0,0,0,0,0,0,0,0,0
2003,40259,2,1,0,0,0,0,0,0,0,0,0,0
2003,40260,0,1,0,0,0,0,0,0,0,0,0,0
2003,40260,1,1,0,0,0,0,0,0,0,0,0,0
2003,40261,1,1,0,0,0,0,0,0,0,0,0,0
2003,40262,1,1,20,0,22,29,16,0,17,0,14,8
2003,40262,2,1,0,0,0,12,0,0,0,0,0,0
2003,40263,1,1,20,20,20,20,20,20,20,20,20,20
2003,40264,1,1,0,0,0,0,0,0,0,0,0,0
2003,40265,1,1,26,26,26,26,26,26,26,26,26,26
2003,40266,1,1,9,9,9,9,9,9,9,9,9,9
2003,40266,2,1,0,0,0,0,0,0,0,0,0,0
2003,40267,1,1,12,12,12,12,12,12,12,12,12,12
2003,40268,1,1,0,0,0,0,0,0,0,0,0,0
2003,40268,2,1,0,0,0,0,0,0,0,0,0,0
2003,40269,0,1,0,0,33,0,14,3,0,11,19,7
2003,40269,1,1,0,0,0,0,0,0,0,0,0,0
2003,40270,1,1,14,14,14,14,14,14,14,14,14,14
2003,40270,2,1,0,0,0,0,0,0,0,0,0,0
2003,40270,3,1,0,0,0,0,0,0,0,0,0,0
2003,40271,1,1,0,0,0,0,0,0,0,0,0,0
2003,40271,2,1,0,0,0,0,0,0,0,0,0,0
2003,40272,1,1,0,0,0,0,0,0,0,0,0,0
2003,40272,2,1,0,0,0,0,0,0,0,0,22,0
2003,40273,1,1,30,0,12,0,18,0,0,0,0,42
2003,40274,1,1,20,20,20,20,20,20,20,20,20,20
2003,40274,2,1,0,18,0,0,0,0,0,0,0,16
2003,40275,1,1,0,0,0,0,0,0,0,0,0,0
2003,40275,2,1,0,0,0,0,0,0,0,0,0,0
2003,40275,3,1,0,0,0,0,0,0,0,0,0,0
2003,40276,1,1,8,9,10,10,16,13,8,11,0,15
2003,40276,2,1,0,0,0,0,0,0,0,0,0,0
2003,40277,1,1,11,11,11,11,11,11,11,11,11,11
2003,40277,2,1,10,10,10,10,10,10,10,10,10,10
2003,40277,3,1,0,0,0,0,21,0,0,8,0,0
2003,40278,1,1,13,0,22,26,22,18,12,22,29,20
2003,40278,2,1,0,0,0,0,0,0,0,0,0,0
2003,40279,1,1,0,0,0,0,0,0,0,0,0,0
2003,40279,2,1,0,0,0,0,0,0,0,0,0,0
2003,40280,1,1,0,0,0,0,0,0,0,0,0,0
2003,40280,2,1,0,0,0,0,0,0,9,0,0,0
2003,40280,3,1,0,0,0,0,0,0,4,0,0,0
2003,40281,1,2,26,10,33,26,0,32,18,28,11,20
2003,40282,1,1,22,10,14,10,12,11,18,24,13,27
2003,40282,2,1,0,0,21,0,30,0,0,0,0,0
2003,40283,1,1,0,0,0,0,23,0,0,0,14,0
2003,40284,1,1,0,0,0,0,0,0,0,0,0,0
2003,40284,2,1,0,0,0,0,0,0,0,0,0,0
2003,40285,1,1,0,0,0,0,0,0,0,0,0,0
2003,40285,2,1,0,0,0,0,0,0,0,0,0,0
2003,40286,1,1,14,14,14,14,14,14,14,14,14,14
2003,40286,2,1,16,16,16,16,16,16,16,16,16,16
2003,40286,3,1,0,0,0,0,0,0,0,0,14,0
2003,40287,1,1,8,8,8,8,8,8,8,8,8,8
2003,40288,1,1,0,0,0,0,0,0,0,0,0,0
2003,40289,1,1,12,13,16,7,9,14,15,15,19,9
2003,40289,2,1,0,0,0,0,0,0,0,0,0,0
2003,40289,3,1,0,0,0,0,0,0,0,0,0,0
2003,40290,1,1,17,5,0,0,9,7,16,19,23,7
2003,40290,2,1,0,0,0,0,0,0,0,0,0,0
2003,40290,3,1,0,0,0,0,0,0,0,0,0,0
2003,40291,1,1,19,0,0,0,0,7,0,16,0,0
2003,40292,1,1,0,0,10,0,19,18,0,7,11,0
2003,40293,1,1,22,22,22,22,22,22,22,22,22,22
2003,40293,2,1,0,0,0,0,0,0,0,0,0,14
2003,40294,1,1,7,17,26,18,25,27,30,11,17,13
2003,40295,0,1,19,19,22,21,0,7,15,31,25,24
2003,40295,1,1,0,0,0,0,0,0,0,0,0,0
2003,40296,1,1,23,23,23,23,23,23,23,23,23,23
2003,40297,1,1,0,0,0,0,0,0,0,0,0,0
2003,40297,2,1,0,0,12,0,0,0,0,0,0,0
2003,40298,1,1,16,16,16,16,16,16,16,16,16,16
2003,40299,1,1,0,0,0,0,0,0,0,0,0,0
2003,40299,2,1,9,0,0,0,0,0,0,0,0,0
2003,40300,1,1,0,0,0,0,0,0,0,0,0,0
2003,40300,2,1,0,0,0,0,0,0,0,0,0,0
2003,40301,1,1,0,0,0,0,0,0,0,0,0,0
2003,40301,2,1,0,0,0,0,0,0,0,0,0,7
2003,40302,1,1,0,0,0,0,0,0,0,0,0,0
2003,40302,2,1,0,0,0,0,0,0,0,0,0,0
2003,40302,3,1,0,0,0,0,0,0,0,0,0,0
2003,40303,1,1,20,0,0,0,12,0,0,33,0,0
2003,40304,1,1,0,15,0,0,0,0,10,0,0,0
2003,40305,1,1,0,25,0,12,0,0,14,9,0,29
2003,40306,1,1,0,0,0,0,0,0,0,0,0,0
2003,40307,1,1,0,18,0,0,0,0,0,0,0,0
2003,40308,1,1,0,0,0,0,0,0,0,0,0,0
2003,40308,2,1,0,5,0,0,0,0,0,0,0,0
2003,40309,1,1,0,9,0,0,0,0,0,0,15,9
2003,40310,1,1,0,0,8,0,0,15,8,0,0,0
2003,40310,2,1,26,0,0,22,0,0,0,13,14,0
2003,40311,1,1,0,19,0,0,19,21,7,34,29,16
2003,40312,1,1,17,0,11,10,8,9,11,13,10,19
2003,40312,2,1,0,0,0,0,0,0,0,0,0,8
2003,40313,1,1,15,19,6,0,13,6,20,16,11,0
2003,40314,1,1,17,17,17,17,17,17,17,17,17,17
2003,40315,1,1,0,0,2,0,0,20,0,18,0,5
2003,40316,0,1,0,0,0,0,0,0,0,0,0,34
2003,40316,1,1,0,0,0,0,0,0,0,0,0,0
2003,40317,1,1,29,17,17,23,18,10,11,12,20,11
2003,40318,1,1,23,19,42,14,27,22,0,14,0,27
2003,40319,1,1,0,0,0,0,0,0,0,0,0,0
2003,40319,2,1,0,0,0,0,0,19,0,0,0,0
2003,40320,1,1,28,28,28,28,28,28,28,28,28,28
2003,40320,2,1,0,0,0,0,0,0,0,0,0,0
2003,40321,1,1,0,0,0,0,0,0,0,0,0,0
2003,40322,1,1,0,0,0,0,0,0,0,0,0,0
2003,40322,2,1,0,0,0,0,0,0,0,0,0,0
2003,40322,3,1,0,0,0,0,0,0,0,0,0,0
2003,40323,1,1,20,20,20,20,20,20,20,20,20,20
2003,40323,2,1,0,0,0,0,0,0,0,0,0,0
2003,40324,1,1,0,0,0,0,20,0,0,0,0,0
2003,40325,1,1,24,18,25,0,36,13,20,14,28,19
2003,40326,1,1,0,0,0,0,0,0,0,0,0,0
2003,40327,1,1,0,0,0,0,0,0,0,0,0,0
2003,40328,1,1,0,0,0,0,0,0,0,0,0,0
2003,40329,1,1,0,0,0,0,0,0,0,0,0,0
2003,40329,2,1,0,0,0,0,0,0,0,0,0,0
2003,40330,1,1,0,0,0,0,5,0,0,0,0,0
2003,40330,2,1,0,0,0,0,0,0,0,0,0,0
2003,40331,1,1,0,0,0,0,0,0,0,0,0,0
2003,40332,1,1,0,0,0,0,0,0,0,0,0,0
2003,40333,0,1,0,0,0,0,0,0,0,0,0,0
2003,40333,1,1,0,0,0,0,0,0,0,0,0,0
2003,40334,1,1,0,0,0,0,0,0,0,0,0,0
2003,40335,1,1,0,0,0,0,0,0,0,0,0,0
2003,40335,2,1,0,0,0,0,0,0,0,0,0,0
2003,40336,1,1,24,15,0,14,0,0,0,0,6,22
2003,40337,1,1,0,0,0,0,0,5,0,0,6,0
2003,40338,1,1,0,0,0,0,0,0,0,0,0,0
2003,40338,2,1,8,8,8,8,8,8,8,8,8,8
2003,40339,1,1,12,12,12,12,12,12,12,12,12,12
2003,40340,1,1,0,0,0,0,0,0,0,0,0,0
2003,40340,2,1,15,15,15,15,15,15,15,15,15,15
2003,40341,1,1,14,0,14,13,20,11,3,18,0,0
2003,40342,1,1,0,17,11,0,12,16,0,18,0,22
2003,40343,1,1,0,0,0,0,0,0,0,0,0,0
2003,40344,1,1,25,13,0,0,0,0,0,0,14,14
2003,40345,1,1,0,0,0,0,0,0,0,0,0,0
2003,40345,2,1,0,0,0,0,0,0,0,0,0,0
2003,40346,1,1,0,11,9,21,0,22,15,31,0,0
2003,40346,2,1,0,0,0,0,0,0,0,0,0,0
2003,40347,1,1,32,32,32,32,32,32,32,32,32,32
2003,40347,2,1,22,19,0,7,16,6,19,13,7,13
2003,40348,1,1,0,0,0,0,0,0,0,0,0,15
2003,40349,1,1,0,0,0,0,0,0,0,0,0,0
2003,40349,2,1,0,0,0,0,0,0,0,0,0,0
2003,40350,1,1,13,13,13,13,13,13,13,13,13,13
2003,40350,2,1,0,0,0,0,0,0,0,8,15,0
2003,40351,1,1,24,15,12,27,2,11,23,15,27,13
2003,40352,0,1,0,0,0,0,0,0,0,0,0,0
2003,40352,1,1,0,0,0,0,0,0,0,0,0,0
2003,40353,1,1,0,6,15,0,19,15,8,25,12,12
2003,40354,1,1,6,6,6,6,6,6,6,6,6,6
2003,40355,1,1,14,0,0,0,0,0,0,0,0,19
2003,40355,2,1,24,0,0,35,4,10,0,0,0,0
2003,40356,1,2,23,0,0,0,0,0,18,7,0,0
2003,40357,1,2,12,0,0,25,0,12,0,27,11,14
2003,40358,0,1,0,33,0,0,0,0,0,0,0,12
2003,40358,1,1,11,42,35,9,21,7,14,34,0,0
2003,40359,1,2,6,0,21,14,0,14,38,0,2,0
2003,40360,1,1,0,0,0,0,0,0,0,0,0,0
2003,40360,2,1,0,0,0,0,0,0,0,0,0,0
2003,40361,1,1,18,27,15,18,19,15,0,18,28,13
2003,40362,1,1,16,17,0,0,0,16,0,16,0,0
2003,40363,2,1,0,0,0,0,0,0,0,0,0,0
2003,40364,1,1,0,19,0,28,0,19,0,0,0,13
2003,40365,1,2,0,0,8,0,0,0,0,0,0,30
2003,40366,1,1,0,0,40,0,0,11,0,0,22,0
2003,40367,1,1,9,0,0,0,14,0,0,17,0,9
2003,40368,1,1,18,0,17,0,24,0,17,10,10,0
2003,40369,1,1,30,19,0,19,13,0,15,0,25,5
2003,40369,2,1,28,28,0,18,0,0,26,0,0,16
2003,40370,1,2,0,0,21,15,0,0,18,0,23,19
2003,40371,0,1,17,18,12,11,5,3,0,0,0,0
2003,40371,1,1,0,0,0,0,0,0,20,0,0,0
2003,40372,1,2,0,0,0,0,2,10,5,0,5,0
2003,40373,1,1,5,0,0,0,0,0,0,0,0,0
2003,40373,2,1,0,0,0,0,0,0,0,0,0,0
2003,40374,1,15,0,0,8,0,0,0,0,0,0,0
2003,40375,1,1,15,15,15,15,15,15,15,15,15,15
2003,40375,2,1,6,6,6,6,6,6,6,6,6,6
2003,40376,1,1,2,2,2,2,2,2,2,2,2,2
2003,40377,1,1,0,0,0,0,0,0,0,0,0,0
2003,40377,2,1,0,0,0,0,0,0,0,0,26,12
2003,40378,1,4,0,0,0,0,0,0,0,0,0,0
2003,40379,1,1,24,28,26,9,17,22,22,13,14,13
2003,40380,1,1,17,15,39,16,22,17,0,19,17,17
2003,40381,1,2,0,8,0,28,0,17,0,0,9,0
2003,40382,1,1,0,9,0,0,0,11,12,0,0,0
2003,40383,1,1,24,24,24,24,24,24,24,24,24,24
2003,40384,1,1,29,29,29,29,29,29,29,29,29,29
2003,40385,1,1,0,0,0,0,0,0,0,0,0,0
2003,40385,2,1,0,0,0,0,0,0,0,0,0,0
2003,40386,1,1,0,0,0,0,0,0,0,0,0,0
2003,40387,1,1,0,0,0,0,0,0,0,0,0,0
2003,40388,1,1,0,0,7,4,0,0,0,19,0,0
2003,40389,1,1,0,0,0,0,0,0,0,0,0,0
2003,40389,2,1,0,0,0,0,0,0,0,0,0,0
2003,40389,3,1,0,25,0,0,0,0,0,0,0,0
2003,40390,1,1,7,0,10,0,0,0,0,0,10,0
2003,40391,1,1,0,0,0,0,0,0,0,0,0,0
2003,40392,1,1,6,0,0,0,0,0,0,0,11,13
2003,40393,1,1,0,0,0,0,0,0,0,0,0,0
2003,40394,1,1,0,0,0,15,0,0,0,0,0,0
2003,40394,2,1,0,0,0,0,0,0,0,0,0,0
2003,40395,1,1,18,15,0,28,31,28,0,0,0,0
2003,40396,1,1,0,0,0,0,0,0,0,0,0,0
2003,40396,2,1,0,0,0,0,0,0,0,0,0,0
2003,40397,1,1,30,30,30,30,30,30,30,30,30,30
2003,40398,0,1,25,25,25,25,25,25,25,25,25,25
2003,40398,1,1,0,0,0,0,15,0,0,0,0,0
2003,40399,1,1,0,0,0,0,0,0,0,0,0,0
2003,40400,1,1,0,0,0,0,0,0,0,0,0,0
2003,40400,2,1,0,0,0,0,0,13,0,0,0,0
2003,40401,0,1,0,0,18,0,12,0,0,0,0,0
2003,40401,1,1,0,0,0,0,0,0,0,0,0,0
2003,40402,0,1,3,3,3,3,3,3,3,3,3,3
2003,40402,0,2,30,33,0,23,11,25,45,14,20,33
2003,40402,1,1,0,0,0,6,25,0,0,0,0,18
2003,40402,2,1,0,0,0,15,0,0,0,0,0,0
2003,40402,3,1,0,0,0,0,0,0,0,0,0,0
2003,40403,0,1,21,21,21,21,21,21,21,21,21,21
2003,40403,1,1,0,19,0,0,0,0,0,0,0,0
2003,40403,2,1,0,0,26,15,0,0,0,2,0,0
2003,40404,1,1,14,16,6,11,2,12,9,25,17,8
2003,40405,1,1,22,22,22,22,22,22,22,22,22,22
2003,40406,0,1,0,0,0,0,0,0,0,0,0,0
2003,40406,1,1,0,0,0,0,0,0,0,0,0,0
2003,40407,0,1,23,24,20,0,18,29,12,0,13,38
2003,40407,1,1,0,0,0,0,0,0,0,0,0,0
2003,40408,1,1,0,0,0,0,0,0,0,0,0,0
2003,40408,2,1,0,0,0,0,7,0,0,0,0,0
2003,40408,3,1,0,0,0,0,0,0,0,0,0,0
2003,40409,1,1,0,0,0,0,0,0,0,0,0,0
2003,40410,1,2,8,14,12,0,12,16,0,14,6,17
2003,40411,1,1,0,0,0,0,0,0,0,0,0,0
2003,40411,2,1,0,0,0,0,0,0,0,0,0,0
2003,40412,1,1,0,0,0,0,0,0,0,0,0,0
2003,40413,1,1,0,0,0,0,0,0,0,0,0,0
2003,40413,2,1,0,0,0,0,0,0,0,0,0,0
2003,40413,3,1,0,0,0,0,0,0,0,0,0,0
2003,40413,4,1,0,0,0,0,0,0,0,0,0,0
2003,40414,1,1,2,2,2,2,2,2,2,2,2,2
2003,40415,1,1,0,0,0,0,0,0,0,0,0,0
2003,40416,1,1,0,0,0,0,0,0,0,0,0,0
2003,40417,1,1,0,0,0,14,15,0,0,11,0,12
2003,40417,2,1,0,0,0,0,0,0,0,0,0,0
2003,40418,1,1,0,0,0,0,0,0,0,0,0,0
2003,40418,2,1,0,9,10,13,11,7,0,13,11,13
2003,40419,1,1,45,45,45,45,45,45,45,45,45,45
2003,40420,0,1,0,0,0,0,0,0,0,0,0,0
2003,40420,1,1,0,0,0,0,0,0,0,0,0,0
2003,40421,0,1,20,18,25,24,9,12,21,17,12,15
2003,40421,1,1,0,0,0,0,0,0,0,0,0,0
2003,40422,0,1,0,0,0,0,0,0,0,0,0,0
2003,40422,0,2,0,0,0,0,0,0,0,0,0,0
2003,40422,1,1,16,16,16,16,16,16,16,16,16,16
2003,40423,1,1,0,0,0,0,0,0,0,0,0,0
2003,40424,1,1,0,0,0,0,0,0,0,0,0,0
2003,40425,0,1,25,23,43,29,27,31,0,0,0,34
2003,40425,1,1,0,0,14,25,0,0,0,17,0,15
2003,40426,1,1,0,0,0,0,0,0,0,0,0,0
2003,40427,1,1,0,9,0,0,0,17,14,0,14,0
2003,40428,1,1,5,14,17,15,19,19,25,5,10,21
2003,40428,2,1,2,2,2,2,2,2,2,2,2,2
2003,40429,1,1,0,0,0,0,0,0,0,0,0,0
2003,40429,2,1,0,0,0,0,0,0,0,0,0,0
2003,40430,1,1,11,24,12,0,0,18,22,22,0,0
2003,40431,1,1,5,5,5,5,5,5,5,5,5,5
2003,40431,2,1,0,8,9,18,16,10,24,0,0,5
2003,40432,1,1,21,0,28,0,26,0,0,21,0,14
2003,40433,1,1,0,0,0,0,0,0,0,0,0,0
2003,40433,2,1,0,0,0,0,0,0,0,0,0,0
2003,40434,1,1,13,13,13,13,13,13,13,13,13,13
2003,40434,2,1,0,0,0,0,0,0,0,0,0,0
2003,40434,3,1,6,6,6,6,6,6,6,6,6,6
2003,40435,1,1,0,23,33,0,27,0,27,0,19,0
2003,40436,1,1,0,0,0,0,0,0,0,0,0,0
2003,40436,2,1,0,0,0,0,0,0,0,0,0,0
2003,40437,1,1,0,0,0,7,0,16,0,0,0,0
2003,40438,1,4,0,10,0,0,24,0,0,21,0,11
2003,40439,1,1,9,12,0,0,0,9,4,0,12,0
2003,40439,2,1,0,0,0,0,0,0,0,0,0,0
2003,40440,1,1,0,0,0,0,0,0,0,0,0,0
2003,40441,1,1,20,20,20,20,20,20,20,20,20,20