YEAR,ST_CASE,veh_no,per_no,P1,P2,P3,P4,P5,P6,P7,P8,P9,P10
2003,40441,2,1,7,7,7,7,7,7,7,7,7,7
2003,40441,3,1,0,0,0,0,0,0,0,0,0,0
2003,40441,4,1,0,0,0,0,0,0,0,0,0,0
2003,40442,1,1,0,15,34,0,0,8,0,41,0,16
2003,40442,2,1,0,0,0,0,0,0,0,0,0,19
2003,40443,1,1,6,3,9,19,32,0,4,10,27,0
2003,40443,2,1,0,0,0,0,0,0,0,0,0,0
2003,40443,3,1,0,0,0,0,0,0,0,0,0,0
2003,40443,4,1,0,0,0,0,0,0,0,0,0,0
2003,40444,1,1,0,0,0,0,0,0,0,0,0,0
2003,40445,1,1,0,0,0,0,0,0,0,0,0,0
2003,40445,2,1,0,0,0,0,0,0,0,0,0,0
2003,40446,1,1,28,11,14,22,34,8,31,20,24,23
2003,40446,2,1,0,0,0,0,0,0,0,0,0,0
2003,40447,1,1,0,0,0,0,0,24,14,20,0,0
2003,40448,1,1,0,0,0,0,0,0,0,0,0,0
2003,40448,2,1,0,0,0,0,0,0,0,0,0,0
2003,40449,0,1,0,0,0,0,0,0,0,0,0,0
2003,40449,1,1,19,8,3,8,8,29,6,9,5,22
2003,40450,1,1,14,10,0,0,6,0,14,0,0,0
2003,40451,1,1,0,0,13,0,0,0,10,0,23,0
2003,40452,1,1,0,0,0,0,0,0,0,0,0,0
2003,40453,0,1,32,32,32,32,32,32,32,32,32,32
2003,40453,1,1,0,0,0,0,0,0,0,0,20,0
2003,40454,1,1,23,40,18,24,22,0,15,0,10,11
2003,40454,2,1,0,0,0,11,0,10,0,0,0,0
2003,40454,3,1,0,14,0,0,0,7,0,0,0,0
2003,40454,4,1,0,0,0,0,0,0,0,20,0,0
2003,40455,1,1,0,0,0,0,0,0,0,0,0,0
2003,40456,0,1,0,9,0,0,11,0,0,0,9,13
2003,40456,1,1,32,32,32,32,32,32,32,32,32,32
2003,40456,2,1,0,0,0,0,0,0,0,0,0,0
2003,40457,1,1,0,0,0,0,0,0,0,0,0,0
2003,40458,0,1,5,5,5,5,5,5,5,5,5,5
2003,40458,0,2,22,23,27,14,0,28,0,31,23,18
2003,40458,1,1,0,0,0,0,0,0,0,0,0,0
2003,40458,2,1,0,0,0,0,0,0,0,0,0,0
2003,40459,1,1,23,0,10,0,0,0,0,0,7,0
2003,40460,1,1,0,0,15,0,10,0,0,4,0,0
2003,40461,1,1,0,0,0,0,8,0,0,0,0,0
2003,40461,2,1,0,0,0,0,0,0,0,0,0,0
2003,40462,1,1,0,0,0,0,0,0,0,22,0,0
2003,40463,1,1,0,0,0,0,0,0,0,0,0,0
2003,40464,1,1,24,24,24,24,24,24,24,24,24,24
2003,40465,1,1,0,7,0,0,0,0,0,0,0,0
2003,40466,1,1,0,17,0,0,0,0,0,0,0,0
2003,40466,2,1,11,11,11,11,11,11,11,11,11,11
2003,40467,1,1,0,14,0,0,6,15,0,12,9,17
2003,40468,1,1,0,8,0,0,0,0,0,14,0,0
2003,40468,2,1,0,0,0,0,0,0,0,0,0,0
2003,40469,1,1,0,0,0,0,0,0,0,0,0,0
2003,40470,1,1,28,18,24,19,43,24,13,12,25,13
2003,40471,1,1,0,0,0,0,0,0,0,0,0,0
2003,40472,1,1,0,0,0,2,0,0,0,0,0,0
2003,40472,2,1,0,0,0,0,0,0,0,0,0,0
2003,40472,3,1,0,0,0,0,0,0,0,0,0,0
2003,40473,1,1,12,12,12,12,12,12,12,12,12,12
2003,40474,1,1,0,0,0,0,18,0,0,0,0,0
2003,40474,2,1,2,10,0,0,0,0,0,0,0,0
2003,40475,1,1,0,0,0,0,0,22,0,0,0,0
2003,40475,2,1,0,0,0,0,0,0,0,0,0,0
2003,40476,0,1,16,0,0,0,0,0,0,40,0,0
2003,40476,1,1,0,0,0,0,0,0,0,0,0,0
2003,40477,1,1,0,17,35,22,15,24,25,11,35,10
2003,40478,1,1,7,12,0,30,17,26,27,13,29,16
2003,40479,1,1,0,0,0,0,0,0,0,12,0,0
2003,40480,1,1,0,0,0,0,0,0,0,0,0,0
2003,40480,2,1,0,0,0,0,0,0,0,0,0,0
2003,40481,1,1,0,0,0,0,0,0,0,0,0,0
2003,40481,2,1,0,0,0,0,0,0,0,0,0,0
2003,40482,0,1,15,19,30,29,38,11,26,9,17,15
2003,40482,1,1,0,0,0,0,0,0,0,15,25,0
2003,40483,1,1,0,0,0,0,0,0,0,0,0,0
2003,40483,2,1,0,0,0,0,0,0,0,0,0,0
2003,40483,3,1,0,0,0,0,0,0,0,0,0,0
2003,40483,4,1,0,0,0,0,0,0,0,0,0,0
2003,40484,0,1,0,0,0,0,0,0,0,0,0,0
2003,40484,1,1,0,0,0,0,0,0,0,0,0,0
2003,40485,0,1,26,26,26,26,26,26,26,26,26,26
2003,40485,1,1,2,0,0,0,0,0,0,0,0,0
2003,40486,1,1,9,0,0,16,0,3,0,0,0,0
2003,40487,1,1,11,11,11,11,11,11,11,11,11,11
2003,40488,1,1,13,13,13,13,13,13,13,13,13,13
2003,40489,1,1,29,29,29,29,29,29,29,29,29,29
2003,40490,1,1,0,0,16,0,0,0,0,0,0,0
2003,40490,2,1,0,0,0,0,9,0,0,0,0,0
2003,40491,0,1,0,0,0,0,0,0,0,0,0,0
2003,40491,1,1,0,0,0,0,0,0,0,0,0,0
2003,40492,1,1,21,32,44,21,32,14,0,19,21,11
2003,40493,1,1,14,14,14,14,14,14,14,14,14,14
2003,40494,1,1,14,14,14,14,14,14,14,14,14,14
2003,40495,1,1,0,0,0,0,0,0,0,0,0,0
2003,40496,1,1,0,0,0,0,0,0,0,0,0,0
2003,40496,2,1,0,0,0,0,0,0,0,0,0,0
2003,40497,1,1,15,24,16,23,34,22,8,32,16,30
2003,40498,1,1,0,0,6,11,9,13,9,11,7,13
2003,40498,2,1,12,12,12,12,12,12,12,12,12,12
2003,40499,1,1,22,0,12,0,0,0,0,0,0,0
2003,40500,1,1,0,0,0,0,0,0,0,0,0,0
2003,40500,2,1,18,18,18,18,18,18,18,18,18,18
2003,40500,3,1,0,0,0,0,0,0,0,0,0,0
2003,40501,1,1,6,0,0,0,0,0,0,0,0,0
2003,40502,1,1,0,0,0,0,0,0,0,0,0,0
2003,40503,1,1,40,19,9,27,36,18,17,24,10,29
2003,40503,2,1,0,0,0,0,0,0,0,0,0,0
2003,40504,1,1,0,0,0,0,0,0,0,0,0,0
2003,40505,1,1,0,0,0,0,0,0,0,0,0,0
2003,40505,2,1,0,0,0,0,0,0,0,0,0,0
2003,40505,3,1,0,0,0,0,0,0,0,0,0,0
2003,40506,1,1,0,26,0,0,0,29,17,0,25,25
2003,40507,1,1,0,0,0,0,0,0,0,0,0,0
2003,40508,1,1,0,0,0,0,0,0,0,0,0,0
2003,40509,1,1,1,1,1,1,1,1,1,1,1,1
2003,40509,2,1,0,0,0,0,0,0,0,0,0,0
2003,40510,1,1,5,5,5,5,5,5,5,5,5,5
2003,40511,1,1,15,15,15,15,15,15,15,15,15,15
2003,40511,2,1,0,0,0,0,0,0,0,0,0,0
2003,40511,3,1,0,0,0,0,0,0,0,0,26,0
2003,40512,1,1,0,0,0,0,0,0,0,0,0,0
2003,40512,2,1,1,1,1,1,1,1,1,1,1,1
2003,40513,1,1,0,16,0,13,0,0,9,5,18,0
2003,40513,2,1,22,30,0,26,0,20,13,23,0,23
2003,40514,1,1,11,11,11,11,11,11,11,11,11,11
2003,40515,1,1,0,0,0,0,0,0,0,0,0,0
2003,40516,1,1,0,6,5,0,0,0,0,17,7,0
2003,40516,2,1,0,0,0,0,0,0,0,0,0,0
2003,40517,1,1,0,0,0,0,11,0,0,0,6,9
2003,40517,2,1,0,0,0,0,0,0,0,0,0,0
2003,40517,3,1,0,0,0,0,0,0,0,0,0,0
2003,40518,1,1,0,0,0,0,0,0,0,0,0,0
2003,40519,1,1,27,27,27,27,27,27,27,27,27,27
2003,40519,2,1,0,0,0,0,0,11,0,0,0,0
2003,40520,1,1,0,0,0,0,0,0,0,0,0,0
2003,40520,2,1,0,0,0,0,0,0,0,0,0,0
2003,40520,3,1,0,0,0,0,0,0,0,0,0,0
2003,40521,1,1,17,17,17,17,17,17,17,17,17,17
2003,40522,1,1,13,13,13,13,13,13,13,13,13,13
2003,40523,1,1,0,0,0,0,0,0,0,0,0,0
2003,40524,0,1,0,0,0,0,0,0,0,0,0,0
2003,40524,1,1,0,0,0,0,0,0,0,0,0,0
2003,40525,1,1,0,0,0,0,0,0,0,0,0,0
2003,40526,1,1,0,0,0,0,0,0,0,0,0,0
2003,40526,2,1,0,0,0,0,0,0,0,0,0,0
2003,40527,0,1,0,0,0,0,0,0,0,0,0,0
2003,40527,0,2,6,0,14,7,0,0,0,22,16,21
2003,40527,1,1,9,5,11,24,15,0,22,22,18,3
2003,40528,1,1,27,23,15,30,24,23,29,16,23,16
2003,40528,2,1,0,0,0,0,0,5,0,0,0,0
2003,40529,1,1,0,0,0,0,0,0,0,0,0,0
2003,40529,2,1,0,0,0,0,0,0,0,0,0,0
2003,40530,1,1,19,0,0,0,0,0,0,0,0,0
2003,40531,1,1,0,0,0,0,22,0,0,0,0,0
2003,40532,1,1,32,9,19,11,24,10,13,12,29,26
2003,40533,1,1,22,0,0,22,0,0,0,28,0,0
2003,40534,1,1,26,26,26,26,26,26,26,26,26,26
2003,40535,1,1,0,0,0,0,0,0,0,0,0,0
2003,40535,2,1,0,0,0,0,0,0,0,0,0,0
2003,40536,1,1,0,5,26,0,0,0,0,24,26,0
2003,40537,0,1,10,10,10,10,10,10,10,10,10,10
2003,40537,1,1,3,17,10,22,6,7,6,0,16,12
2003,40538,1,1,12,12,12,12,12,12,12,12,12,12
2003,40539,1,1,19,19,19,19,19,19,19,19,19,19
2003,40539,2,1,0,0,0,12,0,0,0,0,0,0
2003,40540,1,1,17,17,17,17,17,17,17,17,17,17
2003,40541,1,1,16,16,16,16,16,16,16,16,16,16
2003,40542,1,1,0,17,0,0,0,0,0,0,0,0
2003,40543,1,1,0,0,0,0,0,0,0,0,0,0
2003,40544,1,1,29,9,24,17,27,18,12,12,12,0
2003,40544,2,1,0,0,0,0,0,0,0,0,0,0
2003,40545,1,1,0,0,0,0,0,0,0,0,0,0
2003,40545,2,1,0,0,0,0,0,0,0,0,0,0
2003,40546,1,1,0,0,0,0,0,0,0,0,0,0
2003,40547,0,1,0,29,0,13,0,0,32,0,25,25
2003,40547,1,1,0,0,0,18,10,0,0,0,22,0
2003,40548,1,1,0,0,6,21,0,23,20,12,7,17
2003,40549,1,1,17,20,16,15,6,13,13,16,13,13
2003,40550,1,1,0,0,0,0,0,0,0,0,0,0
2003,40550,2,1,0,0,0,0,0,0,0,0,0,0
2003,40551,1,1,0,0,0,0,0,0,0,0,0,0
2003,40551,2,1,0,0,0,0,0,0,0,0,0,0
2003,40552,1,1,0,0,0,0,0,0,0,0,0,0
2003,40553,1,1,0,0,0,0,0,0,0,0,0,0
2003,40553,2,1,0,0,0,0,0,0,0,0,0,0
2003,40554,1,1,12,12,12,12,12,12,12,12,12,12
2003,40554,2,1,0,0,0,0,0,0,0,0,0,0
2003,40555,1,1,0,0,0,0,0,0,0,0,0,0
2003,40556,1,1,0,0,0,0,0,0,0,0,6,0
2003,40557,1,1,0,0,0,0,0,0,0,0,0,0
2003,40558,1,1,0,0,0,0,0,0,0,0,0,0
2003,40559,1,1,0,0,0,0,0,0,0,0,0,0
2003,40559,2,1,0,0,0,0,0,0,0,0,0,0
2003,40560,1,1,0,0,0,0,0,0,0,0,0,0
2003,40561,1,1,0,0,0,0,0,0,0,0,0,0
2003,40562,1,1,21,26,28,24,26,16,13,22,6,21
2003,40563,1,1,0,0,0,0,0,0,0,0,0,0
2003,40563,2,1,0,0,0,12,0,0,0,18,0,0
2003,40564,1,1,0,0,0,0,0,0,0,0,0,0
2003,40564,2,1,0,0,0,0,0,0,0,0,0,0
2003,40565,1,1,0,0,0,0,0,0,20,0,0,0
2003,40566,1,1,0,0,20,0,0,0,0,0,0,0
2003,40566,2,1,0,0,0,0,0,0,0,0,0,0
2003,40567,1,1,0,0,0,0,0,8,9,0,0,13
2003,40567,2,1,0,18,0,0,17,16,0,27,0,0
2003,40567,3,1,0,0,15,0,0,0,0,0,22,0
2003,40568,0,1,24,24,24,24,24,24,24,24,24,24
2003,40568,1,1,0,0,0,0,0,0,0,0,0,0
2003,40569,1,1,15,14,33,23,21,32,23,17,8,9
2003,40570,1,1,30,25,41,9,33,15,12,24,26,32
2003,40571,0,1,0,0,0,0,0,0,0,0,0,0
2003,40571,1,1,0,0,0,0,0,0,0,0,0,0
2003,40572,1,1,0,0,0,16,0,0,0,0,0,0
2003,40572,2,1,19,5,20,19,4,11,19,0,16,12
2003,40573,1,1,24,21,27,17,0,20,15,7,25,19
2003,40574,1,1,13,21,0,0,18,0,0,0,0,0
2003,40575,1,1,0,0,0,0,0,0,0,0,0,0
2003,40576,1,1,0,0,0,12,0,23,25,17,29,0
2003,40577,1,1,0,0,0,0,0,0,0,0,0,0
2003,40577,2,1,0,0,0,0,0,0,0,0,0,0
2003,40578,0,1,0,0,0,0,0,0,0,0,0,0
2003,40578,0,2,44,15,15,27,13,6,0,0,22,21
2003,40578,1,1,0,0,0,0,0,0,0,0,0,0
2003,40578,2,1,0,0,0,0,0,0,14,0,0,0
2003,40579,1,1,0,0,0,0,0,0,0,0,0,0
2003,40579,2,1,0,0,0,0,0,0,0,0,0,0
2003,40580,1,1,0,0,0,0,3,0,0,0,0,0
2003,40581,1,1,21,21,21,21,21,21,21,21,21,21
2003,40582,1,1,0,0,0,0,0,0,0,0,0,0
2003,40582,2,1,0,0,0,0,0,0,0,0,0,0
2003,40583,1,1,0,0,0,0,0,0,0,0,0,0
2003,40583,2,1,0,0,0,0,0,0,0,0,0,0
2003,40583,3,1,0,0,0,0,0,0,0,0,0,0
2003,40584,1,1,0,0,0,0,0,0,0,0,0,13
2003,40585,1,20,0,0,0,0,11,0,19,0,0,0
2003,40586,1,1,0,8,0,0,16,10,14,16,0,12
2003,40587,1,1,13,15,12,21,36,36,30,24,8,9
2003,40587,2,1,10,0,0,0,0,0,0,0,0,0
2003,40588,1,1,11,4,23,20,18,12,13,0,11,4
2003,40589,1,1,0,0,0,0,0,0,0,0,0,0
2003,40589,2,1,9,0,0,0,0,0,0,0,0,0
2003,40590,1,1,0,0,0,7,13,0,0,0,0,0
2003,40591,1,1,18,31,12,0,19,17,23,21,7,28
2003,40591,2,1,0,0,0,0,0,0,0,0,0,0
2003,40592,1,1,3,3,3,3,3,3,3,3,3,3
2003,40592,2,1,0,0,0,0,0,0,0,0,0,0
2003,40593,1,1,0,0,0,0,0,0,0,0,0,0
2003,40593,2,1,0,0,0,0,0,0,0,0,0,0
2003,40593,3,1,0,0,0,0,0,0,0,0,0,0
2003,40593,4,1,0,0,0,0,0,0,0,0,0,0
2003,40594,0,1,0,0,38,0,0,0,4,10,37,24
2003,40594,1,1,5,7,6,11,19,32,47,16,8,32
2003,40595,1,1,0,0,0,0,0,0,0,0,0,0
2003,40596,0,1,0,0,0,0,0,0,0,0,0,0
2003,40596,1,1,0,0,0,0,0,0,0,0,0,0
2003,40597,0,1,26,26,26,26,26,26,26,26,26,26
2003,40597,1,1,0,0,0,0,0,0,0,0,0,0
2003,40598,1,1,0,0,0,0,0,0,0,0,0,0
2003,40599,1,3,0,0,0,0,26,0,0,0,0,0
2003,40600,1,1,0,0,0,0,0,0,0,0,0,0
2003,40601,1,1,0,0,0,0,0,0,0,0,0,0
2003,40602,1,1,0,13,0,0,0,0,0,0,0,0
2003,40602,2,1,0,0,0,0,0,0,0,0,0,0
2003,40602,3,1,0,0,0,0,0,0,0,0,0,0
2003,40602,4,1,0,0,0,0,0,0,0,0,0,0
2003,40603,1,1,0,0,0,0,0,0,0,0,0,0
2003,40604,1,1,0,0,0,50,14,24,32,0,0,0
2003,40605,1,1,0,0,0,29,17,0,0,0,0,0
2003,40605,2,1,17,17,17,17,17,17,17,17,17,17
2003,40606,1,1,22,9,14,14,8,22,19,24,21,22
2003,40606,2,1,0,20,0,0,0,21,0,0,0,0
2003,40607,1,1,0,0,0,0,0,0,0,0,0,0
2003,40607,2,1,0,0,0,0,0,0,0,0,0,0
2003,40608,1,1,0,0,0,0,0,0,0,4,0,0
2003,40609,1,1,14,0,0,0,0,0,0,11,0,0
2003,40609,2,1,0,0,0,0,0,0,0,0,0,0
2003,40610,1,1,0,0,0,0,0,25,0,0,37,0
2003,40611,0,1,0,0,0,0,0,0,0,0,0,0
2003,40612,1,1,0,0,0,0,0,0,0,0,0,0
2003,40613,1,1,0,0,0,0,0,0,0,0,0,0
2003,40613,2,1,0,0,0,0,0,0,0,0,0,0
2003,40613,3,1,0,0,0,0,0,0,0,0,0,0
2003,40614,1,1,0,0,0,0,0,0,0,0,0,0
2003,40615,1,1,0,0,0,0,0,0,0,0,0,0
2003,40616,0,1,0,0,0,0,0,0,0,0,0,0
2003,40616,1,1,0,0,0,0,0,0,0,0,0,0
2003,40617,1,1,0,0,0,0,0,0,0,0,0,21
2003,40618,1,1,10,10,10,10,10,10,10,10,10,10
2003,40618,2,1,0,0,0,0,0,0,0,0,0,0
2003,40619,1,1,0,0,0,0,0,0,0,0,0,0
2003,40620,1,1,18,16,6,28,17,19,10,20,19,26
2003,40621,1,1,0,0,0,0,0,0,0,0,0,0
2003,40622,1,1,10,12,0,0,14,0,11,0,17,0
2003,40622,2,1,15,0,10,21,3,11,14,0,5,0
2003,40623,0,1,17,0,0,21,0,0,10,0,0,36
2003,40623,1,1,32,32,32,32,32,32,32,32,32,32
2003,40623,2,1,0,0,0,0,0,0,0,0,0,0
2003,40624,1,1,0,0,0,0,0,0,0,0,0,0
2003,40624,2,1,0,0,0,0,0,0,0,0,0,0
2003,40625,1,1,5,5,5,5,5,5,5,5,5,5
2003,40625,2,1,0,0,0,0,0,0,0,0,0,0
2003,40625,3,1,0,0,0,0,0,0,0,0,0,0
2003,40626,1,1,4,4,4,4,4,4,4,4,4,4
2003,40626,2,1,0,0,0,0,0,13,0,0,0,0
2003,40627,1,1,0,0,0,0,0,0,0,11,0,0
2003,40627,2,1,0,0,0,0,0,0,0,0,0,0
2003,40628,0,1,17,17,17,17,17,17,17,17,17,17
2003,40628,1,1,0,0,0,0,0,4,0,0,0,0
2003,40629,0,1,0,0,0,0,0,0,0,0,0,0
2003,40629,1,1,10,10,10,10,10,10,10,10,10,10
2003,40630,1,1,6,0,11,0,0,0,4,11,0,0
2003,40631,1,1,0,0,0,0,0,0,0,0,0,0
2003,40632,1,1,25,0,23,29,18,11,27,12,18,28
2003,40633,1,1,0,0,0,0,0,0,0,0,0,0
2003,40633,2,1,0,0,0,0,0,0,0,6,0,0
2003,40634,1,1,0,0,6,14,0,11,12,10,0,10
2003,40635,1,1,15,30,17,25,17,29,12,9,27,14
2003,40636,1,1,0,0,0,0,0,0,0,0,0,0
2003,40636,2,1,0,0,0,0,0,0,0,0,0,0
2003,40637,1,1,0,0,0,0,0,0,0,0,0,0
2003,40638,0,1,30,30,30,30,30,30,30,30,30,30
2003,40638,1,1,0,0,0,0,0,0,13,0,0,0
2003,40639,1,1,0,0,0,0,0,0,0,3,19,18
2003,40640,0,1,14,14,14,14,14,14,14,14,14,14
2003,40640,1,1,0,0,0,0,0,0,0,0,0,0
2003,40641,1,1,20,21,21,16,32,0,23,24,23,20
2003,40642,1,1,0,0,0,0,0,0,0,0,0,0
2003,40643,1,1,0,0,0,0,0,0,0,0,0,43
2003,40644,1,1,0,0,0,0,0,0,0,0,0,0
2003,40644,2,1,0,0,0,0,0,0,0,0,0,0
2003,40645,1,1,0,0,0,0,0,0,0,0,0,0
2003,40645,2,1,0,0,0,0,0,0,0,0,0,0
2003,40646,1,1,0,0,0,0,0,0,0,0,0,0
2003,40646,2,1,0,0,0,0,0,0,0,0,0,0
2003,40646,3,1,0,0,0,0,0,0,0,0,0,0
2003,40647,1,1,0,20,0,0,0,0,0,7,0,0
2003,40647,2,1,0,0,0,0,11,0,0,0,0,0
2003,40648,1,1,0,0,0,17,0,0,0,0,0,0
2003,40648,2,1,0,0,0,3,17,0,0,0,0,0
2003,40649,1,1,0,0,0,0,0,0,0,0,0,0
2003,40650,1,1,0,0,0,0,0,0,0,0,0,0
2003,40651,1,1,0,0,0,0,0,0,0,0,0,0
2003,40651,2,1,0,0,0,0,0,14,0,0,0,0
2003,40652,0,1,17,17,17,17,17,17,17,17,17,17
2003,40652,1,1,0,0,0,0,0,0,0,0,0,10
2003,40653,0,1,0,0,0,0,0,0,0,0,0,0
2003,40653,1,1,0,0,9,0,0,0,0,0,0,0
2003,40654,1,1,0,0,0,0,0,19,0,0,0,0
2003,40654,2,1,0,0,0,0,0,0,0,0,0,0
2003,40655,1,1,0,0,0,0,0,0,0,0,0,0
2003,40655,2,1,0,0,0,0,0,0,0,0,0,0
2003,40656,1,1,26,26,26,26,26,26,26,26,26,26
2003,40657,1,1,0,0,0,0,0,0,0,0,0,0
2003,40658,1,1,30,30,30,30,30,30,30,30,30,30
2003,40659,1,1,23,0,0,0,13,0,0,0,0,0
2003,40659,2,1,0,0,0,0,12,13,0,0,0,0
2003,40659,3,1,0,0,0,0,0,0,0,0,0,0
2003,40659,4,1,0,0,0,0,0,0,0,0,0,0
2003,40660,1,1,21,25,11,11,23,18,16,21,19,23
2003,40661,1,1,17,17,17,17,17,17,17,17,17,17
2003,40662,1,1,0,0,0,0,0,0,0,9,0,0
2003,40662,2,1,0,0,0,0,0,0,0,0,0,0
2003,40663,1,1,0,0,0,0,0,0,0,0,0,0
2003,40663,2,1,0,0,0,0,0,0,0,0,0,0
2003,40664,1,1,0,16,0,0,0,0,0,0,0,0
2003,40664,2,1,0,0,0,0,0,0,0,0,0,0
2003,40664,3,1,12,0,18,14,0,24,0,0,22,0
2003,40665,1,1,0,0,0,0,0,0,0,0,0,0
2003,40666,1,1,0,0,0,0,0,0,0,0,0,0
2003,40666,2,1,0,0,0,0,0,0,0,0,0,0
2003,40667,1,1,0,7,14,17,16,0,0,13,15,6
2003,40667,2,1,0,0,0,0,0,0,0,0,0,0
2003,40667,3,1,0,0,0,0,0,0,0,0,0,0
2003,40667,4,1,0,0,0,0,0,0,0,0,0,0
2003,40668,1,1,23,23,23,23,23,23,23,23,23,23
2003,40669,0,1,25,25,25,25,25,25,25,25,25,25
2003,40669,1,1,0,0,0,0,0,0,0,0,0,0
2003,40669,2,1,0,0,0,0,0,0,0,0,0,0
2003,40670,1,1,0,0,0,0,0,0,0,0,0,0
2003,40671,1,1,20,18,0,0,0,0,0,10,0,17
2003,40671,2,1,0,0,0,0,0,0,0,0,0,0
2003,40671,3,1,0,0,0,0,0,0,0,0,0,0
2003,40672,1,1,26,13,26,0,8,0,29,16,0,0
2003,40673,1,1,0,0,0,0,0,0,0,0,0,0
2003,40673,2,1,0,0,0,0,0,0,0,0,0,0
2003,40674,1,1,0,0,0,0,0,0,0,0,0,0
2003,40674,2,1,0,0,0,0,0,0,5,0,0,0
2003,40675,1,1,0,8,17,11,0,4,18,0,14,14
2003,40676,1,1,0,0,0,0,0,0,0,0,0,0
2003,40677,1,1,1,1,1,1,1,1,1,1,1,1
2003,40677,2,1,0,0,0,0,0,0,0,0,0,0
2003,40678,0,1,0,0,0,0,0,0,0,0,0,0
2003,40678,1,1,0,0,0,0,0,0,0,0,0,0
2003,40679,0,1,7,7,7,7,7,7,7,7,7,7
2003,40679,1,1,0,0,0,0,0,0,0,0,0,0
2003,40680,0,1,34,34,34,34,34,34,34,34,34,34
2003,40680,1,1,0,0,0,0,0,0,0,0,0,0
2003,40681,1,1,4,4,4,4,4,4,4,4,4,4
2003,40681,2,1,0,0,0,15,0,0,0,0,0,0
2003,40682,1,1,0,0,0,21,0,0,0,0,0,0
2003,40683,0,1,12,21,11,0,14,16,14,20,26,17
2003,40683,1,1,23,23,23,23,23,23,23,23,23,23
2003,40683,2,1,0,0,0,0,0,0,0,0,0,0
2003,40684,1,1,0,0,0,0,0,0,0,0,0,0
2003,40684,2,1,0,0,0,14,0,0,0,0,0,0
2003,40684,3,1,0,0,0,0,0,0,0,0,0,0
2003,40685,1,1,0,0,0,0,0,0,0,0,0,0
2003,40685,2,1,0,0,0,0,0,0,0,0,0,0
2003,40686,1,1,0,0,0,0,0,0,0,0,0,0
2003,40687,1,1,0,0,0,0,0,0,0,0,0,0
2003,40687,2,1,0,0,0,0,0,0,0,0,0,0
2003,40687,3,1,0,0,0,0,0,0,0,0,0,0
2003,40688,1,1,19,0,0,0,19,0,12,0,0,0
2003,40688,2,1,0,0,0,0,0,0,16,0,0,0
2003,40689,0,1,0,0,0,0,0,0,0,0,0,0
2003,40689,1,1,0,0,0,0,0,0,0,0,0,0
2003,40690,0,1,0,0,0,0,0,0,0,0,0,0
2003,40690,1,1,0,7,23,42,18,52,9,0,0,0
2003,40691,1,1,8,13,5,10,32,16,10,18,13,5
2003,40692,1,1,0,0,0,0,0,0,0,0,0,0
2003,40693,1,1,0,0,0,0,0,0,0,0,0,0
2003,40693,2,1,0,0,0,0,0,0,0,0,0,0
2003,40694,1,1,0,0,0,0,0,0,0,0,0,0
2003,40694,2,1,0,0,0,0,0,0,0,0,0,0
2003,40695,0,1,0,0,0,0,0,0,0,0,0,0
2003,40695,1,1,0,0,0,0,0,0,0,0,0,0
2003,40696,1,1,8,15,4,16,12,20,11,27,10,34
2003,40697,1,1,0,0,0,0,0,0,0,0,0,0
2003,40697,2,1,0,0,0,0,0,0,0,0,0,0
2003,40698,1,1,18,17,27,15,11,15,20,39,17,12
2003,40699,0,1,8,4,19,28,0,32,0,30,9,39
2003,40699,1,1,0,0,0,0,0,0,0,0,0,0
2003,40700,1,1,0,0,0,0,0,0,22,0,0,0
2003,40701,1,1,0,0,0,0,0,0,0,0,0,0
2003,40702,0,1,0,17,0,23,0,0,0,0,0,0
2003,40702,0,2,0,0,0,9,9,14,3,10,28,0
2003,40702,0,3,0,0,0,0,0,0,0,0,0,0
2003,40702,0,4,0,0,0,0,0,0,0,0,0,0
2003,40702,0,5,0,0,0,0,0,0,0,0,0,0
2003,40702,1,1,0,19,0,10,0,22,0,5,0,0
2003,40702,2,1,0,0,0,0,0,0,0,0,0,11
2003,40703,1,1,0,0,0,0,0,0,0,0,0,9
2003,40704,1,1,0,0,0,0,0,0,0,0,0,0
2003,40704,2,1,0,0,0,0,0,0,0,0,0,0
2003,40705,0,1,0,9,0,0,0,0,26,0,30,19
2003,40705,1,1,0,0,0,0,0,0,0,0,0,0
2003,40706,1,1,17,10,17,0,7,18,14,13,20,11
2003,40706,2,1,0,0,0,0,0,0,0,0,0,0
2003,40707,1,1,0,0,0,0,0,0,0,0,0,0
2003,40707,2,1,0,0,0,0,0,0,0,0,0,0
2003,40708,1,1,0,0,0,0,0,0,0,0,0,0
2003,40708,2,1,0,0,0,0,0,0,0,0,0,0
2003,40709,1,1,0,0,0,0,0,0,0,0,0,0
2003,40709,2,1,7,0,0,0,0,0,0,0,0,0
2003,40710,0,1,0,0,0,0,0,0,0,0,0,0
2003,40710,1,1,5,5,5,5,5,5,5,5,5,5
2003,40711,1,1,0,0,0,0,0,0,0,0,0,0
2003,40712,1,1,0,0,0,0,0,0,0,0,0,0
2003,40713,1,1,0,0,0,0,0,12,20,7,0,0
2003,40714,0,1,19,19,19,19,19,19,19,19,19,19
2003,40714,1,1,0,19,0,0,0,0,0,0,0,0
2003,40715,0,1,41,41,41,41,41,41,41,41,41,41
2003,40715,1,1,9,9,9,9,9,9,9,9,9,9
2003,40716,1,1,0,0,0,0,0,0,16,0,0,0
2003,40716,2,1,0,0,0,0,0,0,0,0,0,0
2003,40717,1,1,0,12,0,42,0,0,15,0,0,22
2003,40718,1,1,0,0,0,0,0,0,0,0,0,0
2003,40719,1,1,0,0,0,0,0,0,0,0,0,0
2003,40719,2,1,0,0,0,0,0,0,0,0,0,0
2003,40719,3,1,0,0,0,0,0,0,0,0,0,0
2003,40720,0,1,0,0,0,0,0,0,0,0,0,0