YEAR,ST_CASE,veh_no,per_no,P1,P2,P3,P4,P5,P6,P7,P8,P9,P10
2003,40720,1,1,20,20,20,0,0,0,12,0,0,0
2003,40721,1,1,0,0,0,0,0,0,0,0,0,0
2003,40722,1,1,6,0,0,0,0,0,0,0,6,0
2003,40722,2,1,0,0,0,0,0,0,0,0,0,0
2003,40723,1,1,17,33,0,24,28,23,17,11,8,19
2003,40724,1,1,0,0,0,0,0,0,0,0,0,0
2003,40724,2,1,0,0,0,0,0,0,0,0,0,0
2003,40725,0,1,25,19,26,9,33,24,31,21,9,20
2003,40725,1,1,0,0,0,0,0,0,0,0,0,0
2003,40726,0,1,0,0,0,0,0,0,0,0,0,0
2003,40726,1,1,27,17,27,3,20,0,11,3,22,17
2003,40727,0,1,0,0,0,0,0,0,0,0,0,0
2003,40727,1,1,32,0,0,18,14,0,0,22,30,0
2003,40727,2,1,0,0,0,0,0,0,0,0,0,0
2003,40727,3,1,0,0,10,0,0,0,0,0,0,0
2003,40728,1,1,0,0,0,0,0,0,0,0,0,0
2003,40729,1,1,16,11,0,7,10,16,7,0,8,11
2003,40730,1,1,0,0,0,0,0,0,15,0,0,0
2003,40730,2,1,3,3,3,3,3,3,3,3,3,3
2003,40731,1,1,8,28,9,15,23,11,23,36,15,11
2003,40732,1,1,0,0,0,0,0,0,0,0,0,0
2003,40732,2,1,0,0,0,0,0,0,0,0,0,0
2003,40733,1,1,0,0,0,21,13,0,0,0,0,0
2003,40734,1,1,0,0,0,0,0,0,0,0,0,0
2003,40735,0,3,30,25,0,19,15,21,19,39,21,9
2003,40735,1,1,0,0,0,0,0,0,0,0,0,0
2003,40735,3,1,0,0,0,0,19,0,0,0,0,0
2003,40735,4,1,0,0,0,0,0,0,0,0,0,0
2003,40736,1,1,6,22,0,13,0,0,0,3,14,0
2003,40736,2,1,0,0,0,0,0,0,0,0,0,0
2003,40737,1,1,0,16,0,0,0,0,0,0,0,0
2003,40738,1,1,0,0,0,0,0,0,0,0,0,0
2003,40738,2,1,0,0,0,0,0,0,0,0,0,0
2003,40739,1,1,0,13,22,15,0,37,12,22,19,14
2003,40739,2,1,0,0,0,0,0,0,0,0,0,0
2003,40740,1,1,0,0,0,0,0,0,0,0,0,0
2003,40740,2,1,0,0,0,0,0,0,0,0,0,0
2003,40740,3,1,0,0,0,0,0,0,0,0,0,0
2003,40740,4,1,0,0,0,0,0,0,0,0,0,0
2003,40741,1,2,8,31,22,20,13,0,0,0,15,0
2003,40742,1,1,16,16,16,16,16,16,16,16,16,16
2003,40742,2,1,2,2,2,2,2,2,2,2,2,2
2003,40743,1,1,0,0,0,0,0,0,0,0,0,0
2003,40743,2,1,0,0,0,0,0,0,0,0,0,0
2003,40744,1,1,0,0,0,0,0,0,0,0,0,0
2003,40744,2,1,0,0,0,0,0,0,0,0,0,0
2003,40745,1,1,0,0,0,0,0,0,0,0,0,0
2003,40745,2,1,0,0,0,0,0,0,0,0,0,0
2003,40746,1,1,21,25,0,0,16,19,10,9,0,13
2003,40746,2,1,0,0,0,0,0,0,0,0,0,0
2003,40747,0,1,16,16,16,16,16,16,16,16,16,16
2003,40747,1,1,0,0,0,0,0,0,0,6,0,0
2003,40748,1,1,4,4,4,4,4,4,4,4,4,4
2003,40749,1,1,18,28,30,29,26,32,21,20,13,27
2003,40750,1,1,2,0,6,4,13,15,7,12,0,9
2003,40750,2,1,0,0,11,0,0,0,0,0,0,0
2003,40751,1,1,0,24,0,0,0,0,0,0,0,0
2003,40751,2,1,0,0,0,0,0,0,0,0,0,0
2003,40751,3,1,0,0,0,0,0,0,0,0,0,0
2003,40752,1,1,15,15,15,15,15,15,15,15,15,15
2003,40752,2,1,0,0,16,0,0,0,0,0,0,0
2003,40753,1,1,41,28,13,33,25,22,28,20,20,20
2003,40754,1,1,13,18,18,25,12,13,13,12,21,14
2003,40755,1,1,18,18,18,18,18,18,18,18,18,18
2003,40756,1,1,0,0,0,0,0,0,0,0,0,0
2003,40756,2,1,11,18,12,13,13,13,16,7,14,5
2003,40757,1,1,0,0,0,0,0,0,0,0,0,0
2003,40758,1,1,0,0,0,0,0,0,0,0,0,0
2003,40758,2,1,0,0,0,0,0,0,0,0,0,0
2003,40759,0,1,38,38,38,38,38,38,38,38,38,38
2003,40759,1,1,0,0,0,0,0,0,0,0,0,0
2003,40760,1,1,0,0,0,0,0,0,0,0,0,0
2003,40760,2,1,0,0,0,0,0,0,0,0,0,0
2003,40761,1,1,0,0,0,0,0,0,7,0,0,0
2003,40761,2,1,0,0,0,0,0,0,0,0,0,0
2003,40762,1,1,0,20,0,0,0,0,0,0,0,0
2003,40763,2,1,0,0,0,0,0,0,0,0,0,0
2003,40764,1,1,0,0,0,0,0,0,0,0,0,0
2003,40765,0,1,22,22,22,22,22,22,22,22,22,22
2003,40765,1,1,9,10,18,0,0,25,6,14,6,4
2003,40766,1,1,7,0,0,6,0,0,21,26,17,0
2003,40766,2,1,4,4,4,4,4,4,4,4,4,4
2003,40766,3,1,0,0,0,0,0,0,0,0,0,0
2003,40766,4,1,0,0,0,0,0,0,0,0,0,0
2003,40767,0,1,0,0,30,18,18,0,0,0,20,0
2003,40768,1,1,0,0,0,0,12,0,0,0,0,0
2003,40769,1,1,0,0,0,0,0,0,0,0,0,0
2003,40769,2,1,0,0,0,0,0,0,0,0,0,0
2003,40769,3,1,0,0,0,0,0,0,0,0,0,0
2003,40769,4,1,0,0,0,0,0,0,0,0,0,0
2003,40770,1,1,0,0,0,0,0,0,0,0,0,0
2003,40770,2,1,0,0,0,0,0,0,0,0,0,0
2003,40770,3,1,0,0,0,0,0,0,0,0,0,0
2003,40771,1,1,19,7,11,30,0,21,24,11,6,23
2003,40772,1,1,12,0,21,0,0,0,0,14,0,0
2003,40773,1,1,0,0,0,0,0,0,0,0,0,0
2003,40773,2,1,0,0,0,0,0,0,0,0,0,0
2003,40774,1,1,0,0,0,0,0,0,0,0,0,0
2003,40774,2,1,0,0,0,0,0,0,0,0,0,0
2003,40775,1,1,11,21,24,7,19,20,34,26,17,13
2003,40776,1,1,0,0,0,0,0,0,0,0,0,0
2003,40776,2,1,0,0,0,0,0,0,0,0,0,0
2003,40777,1,1,0,0,0,0,0,0,0,0,0,0
2003,40778,1,1,0,0,0,0,0,0,0,0,0,0
2003,40779,1,1,0,0,0,0,0,0,0,0,0,0
2003,40779,2,1,0,0,0,0,0,0,0,0,0,0
2003,40780,1,1,0,0,0,0,0,0,0,0,0,0
2003,40780,2,1,0,0,0,0,0,0,0,0,0,0
2003,40780,3,1,0,0,0,0,0,0,0,0,0,0
2003,40780,4,1,0,0,0,0,0,0,0,0,0,0
2003,40781,0,1,0,0,0,0,0,0,0,0,0,0
2003,40781,1,1,0,0,0,0,0,8,0,0,0,0
2003,40782,1,1,0,0,0,0,0,0,0,0,0,0
2003,40782,2,1,0,0,0,0,0,0,0,0,0,0
2003,40782,3,1,0,0,0,0,0,0,0,0,0,0
2003,40783,0,1,0,0,0,0,0,0,0,0,0,0
2003,40783,1,1,0,0,0,0,0,0,0,0,0,0
2003,40784,1,1,0,0,0,0,0,0,0,0,0,0
2003,40784,2,1,34,0,0,0,3,0,0,0,0,0
2003,40785,1,1,35,13,0,27,0,30,0,0,0,0
2003,40785,2,1,0,0,0,0,0,0,0,0,0,0
2003,40786,1,1,0,0,0,0,0,0,0,0,0,0
2003,40786,2,1,0,0,0,0,0,0,0,0,0,0
2003,40787,0,1,0,0,0,0,0,0,0,0,0,0
2003,40787,1,1,0,0,0,0,0,9,0,0,0,0
2003,40788,1,1,0,20,0,0,0,0,0,0,0,0
2003,40789,1,1,0,0,0,0,0,0,0,0,0,0
2003,40789,2,1,0,0,0,0,0,0,0,0,14,0
2003,40790,1,1,26,13,0,8,14,12,0,0,7,16
2003,40791,0,1,25,25,25,25,25,25,25,25,25,25
2003,40791,1,1,0,0,0,0,0,0,0,0,0,0
2003,40792,1,1,11,24,20,13,13,21,18,22,16,0
2003,40792,2,1,0,0,0,0,0,0,0,0,0,0
2003,40793,1,1,23,23,23,23,23,23,23,23,23,23
2003,40793,2,1,0,0,0,0,0,0,0,0,0,0
2003,40793,3,1,0,0,0,0,0,0,0,0,0,0
2003,40794,1,1,5,5,5,5,5,5,5,5,5,5
2003,40795,1,1,0,0,0,0,0,0,0,0,0,0
2003,40795,2,1,0,0,0,0,0,0,0,0,0,0
2003,40796,1,1,0,0,0,0,0,0,0,0,0,0
2003,40796,2,1,0,0,0,0,0,0,0,0,0,0
2003,40797,0,1,0,0,0,0,0,0,0,0,0,0
2003,40797,1,1,0,0,0,0,0,0,0,0,0,0
2003,40798,1,1,25,25,25,25,25,25,25,25,25,25
2003,40799,1,1,21,29,36,15,16,23,25,25,40,12
2003,40800,1,1,0,0,0,12,0,0,11,0,0,10
2003,40801,1,1,0,0,0,0,0,0,0,23,0,0
2003,40802,1,1,0,0,0,0,0,0,0,0,0,0
2003,40802,2,1,0,0,0,0,0,0,0,0,0,0
2003,40803,1,1,0,0,0,0,0,0,0,0,0,0
2003,40803,2,1,0,0,0,0,0,0,0,0,0,0
2003,40804,0,1,0,0,34,32,23,46,0,31,22,12
2003,40804,1,1,0,0,4,27,9,27,18,0,0,0
2003,40805,1,1,0,0,0,0,0,0,0,0,0,0
2003,40805,2,1,0,0,0,0,0,0,0,11,0,0
2003,40806,1,1,0,0,0,0,0,0,0,0,0,0
2003,40806,2,1,0,0,0,0,0,0,0,0,0,0
2003,40807,1,1,0,0,0,0,0,0,0,0,0,0
2003,40807,2,1,0,0,0,0,0,0,9,0,0,0
2003,40807,3,1,0,0,0,0,0,0,0,0,0,0
2003,40808,1,1,0,0,0,0,0,0,0,0,0,0
2003,40808,2,1,0,0,0,0,0,0,0,0,0,0
2003,40809,0,1,29,29,29,29,29,29,29,29,29,29
2003,40809,1,1,0,0,0,0,0,0,0,0,0,0
2003,40810,1,1,15,0,25,18,22,27,16,7,14,8
2003,40811,1,1,0,0,0,0,0,0,0,0,0,0
2003,40812,1,1,0,0,0,0,0,0,8,0,0,0
2003,40812,2,1,0,0,0,0,0,0,0,0,0,0
2003,40813,1,1,0,0,0,0,0,0,0,0,0,0
2003,40813,2,1,18,0,0,0,0,0,0,0,0,0
2003,40814,1,1,17,12,0,14,34,0,10,23,22,15
2003,40815,1,1,0,0,0,0,0,0,0,0,0,0
2003,40816,1,1,0,0,10,0,0,0,40,11,0,37
2003,40817,1,1,0,0,13,0,0,0,0,0,20,0
2003,40818,1,2,0,0,0,8,0,0,0,0,12,0
2003,40819,0,1,14,14,14,14,14,14,14,14,14,14
2003,40819,1,1,0,0,0,0,0,0,0,0,0,9
2003,40820,1,1,15,15,15,15,15,15,15,15,15,15
2003,40820,2,1,0,0,0,19,0,7,0,0,0,0
2003,40821,1,1,13,13,13,13,13,13,13,13,13,13
2003,40822,1,1,0,0,0,0,0,0,0,0,0,0
2003,40822,2,1,0,0,0,0,0,7,0,0,0,0
2003,40823,1,1,0,0,0,0,0,0,0,0,19,0
2003,40824,1,1,0,13,32,17,12,0,22,0,0,35
2003,40825,1,1,7,7,7,7,7,7,7,7,7,7
2003,40826,1,1,29,0,25,12,0,0,0,0,0,0
2003,40826,2,1,0,18,0,0,0,0,0,0,0,11
2003,40827,1,1,0,19,26,0,0,0,0,14,0,0
2003,40828,1,1,0,0,0,0,0,0,0,0,0,0
2003,40828,2,1,0,0,0,0,0,0,0,0,0,0
2003,40829,1,1,12,32,9,11,14,24,11,32,24,3
2003,40830,1,1,0,0,0,0,0,0,0,0,0,0
2003,40830,2,1,0,0,0,0,0,0,0,0,0,0
2003,40831,1,1,0,0,0,0,0,0,0,0,0,0
2003,40831,2,1,0,0,0,0,0,0,0,0,0,0
2003,40832,1,1,8,0,0,0,0,0,0,27,0,0
2003,40832,2,1,0,0,0,0,0,0,0,0,0,0
2003,40833,1,1,0,9,9,0,0,0,0,0,0,0
2003,40834,1,1,0,0,0,0,0,0,18,0,0,0
2003,40835,1,1,0,10,4,0,0,0,13,0,0,0
2003,40835,2,1,0,0,0,0,0,0,0,0,0,0
2003,40835,3,1,0,0,0,0,0,0,0,0,0,0
2003,40835,4,1,0,0,0,0,0,0,0,0,0,0
2003,40835,5,1,0,0,0,0,22,0,0,0,12,0
2003,40835,6,1,0,0,0,0,0,0,0,0,0,0
2003,40836,1,1,10,0,0,0,0,0,0,0,0,0
2003,40836,2,1,0,0,0,0,0,0,0,0,0,0
2003,40837,1,1,0,0,0,0,0,0,0,0,0,0
2003,40837,2,1,0,0,0,0,0,0,0,0,0,0
2003,40838,0,1,0,0,5,0,21,0,41,22,38,24
2003,40838,1,1,0,0,0,0,0,0,0,0,0,0
2003,40839,1,1,18,0,0,0,25,0,0,18,0,0
2003,40840,0,1,11,0,0,0,19,0,9,0,0,0
2003,40840,1,1,0,0,0,0,0,0,0,0,0,0
2003,40841,1,1,25,24,19,28,26,5,5,8,15,13
2003,40842,1,1,0,0,0,0,0,0,0,0,0,0
2003,40842,2,1,0,0,0,0,0,0,0,0,0,0
2003,40843,0,1,0,0,0,0,0,0,0,0,0,0
2003,40843,1,1,0,0,0,0,0,0,0,0,0,0
2003,40844,1,1,0,0,0,0,0,0,0,0,0,0
2003,40844,2,1,0,0,0,0,0,0,0,0,0,0
2003,40845,0,1,0,0,0,0,0,0,0,0,0,0
2003,40845,1,1,16,17,11,4,14,0,0,10,5,25
2003,40846,0,1,15,7,7,17,29,29,9,31,26,38
2003,40846,1,1,8,0,10,17,0,0,0,8,0,15
2003,40846,2,1,0,4,0,0,0,0,0,0,0,0
2003,40847,1,1,0,0,0,19,4,0,0,0,0,0
2003,40847,2,1,0,0,0,0,0,0,0,0,0,0
2003,40848,1,1,0,0,17,0,0,0,0,4,20,27
2003,40848,2,1,0,0,0,0,0,0,0,0,0,0
2003,40849,1,1,0,0,0,0,0,0,0,0,0,0
2003,40849,2,1,0,0,0,0,0,0,0,0,0,0
2003,40849,3,1,0,0,0,0,0,0,0,0,0,0
2003,40849,4,1,0,0,0,0,0,0,0,0,0,0
2003,40850,1,1,0,0,14,0,0,0,0,0,0,0
2003,40850,2,1,0,0,0,0,0,0,0,0,0,0
2003,40851,1,1,0,0,0,0,0,0,0,0,0,0
2003,40851,2,1,0,0,0,0,0,0,0,0,0,0
2003,40852,1,1,0,0,0,0,0,0,0,0,0,0
2003,40852,2,1,0,0,0,0,0,0,0,0,0,0
2003,40853,1,1,0,0,0,0,0,0,0,0,0,0
2003,40854,1,1,0,0,0,0,0,0,0,0,0,0
2003,40854,2,1,1,1,1,1,1,1,1,1,1,1
2003,40855,1,1,0,0,0,0,0,0,0,0,0,0
2003,40855,2,1,0,0,0,0,0,20,0,0,0,0
2003,40856,1,1,26,23,0,19,18,20,30,21,13,4
2003,40857,1,1,0,0,0,0,0,0,0,0,0,0
2003,40857,2,1,0,0,0,0,0,0,0,6,0,0
2003,40858,1,1,26,17,19,12,5,23,6,18,0,10
2003,40859,1,1,0,0,0,0,0,0,0,0,0,0
2003,40859,2,1,0,0,0,14,0,0,0,0,0,0
2003,40860,0,1,29,29,29,29,29,29,29,29,29,29
2003,40860,1,1,0,0,0,0,0,0,0,0,0,0
2003,40861,1,1,0,0,0,0,0,0,0,0,0,0
2003,40861,2,1,0,0,0,0,0,0,0,0,0,0
2003,40862,1,1,0,0,0,0,0,0,0,0,0,0
2003,40862,2,1,0,0,0,0,0,0,0,0,0,0
2003,40863,0,1,0,14,15,0,0,0,0,0,0,12
2003,40863,1,1,15,0,0,0,0,0,0,0,0,0
2003,40864,1,1,36,23,31,18,21,31,42,31,41,15
2003,40865,1,1,12,0,0,0,5,16,0,27,20,19
2003,40866,1,1,16,16,16,16,16,16,16,16,16,16
2003,40866,2,1,0,0,0,0,0,0,0,0,0,0
2003,40867,1,1,0,22,0,0,0,0,24,22,0,0
2003,40868,1,1,0,0,0,0,4,0,0,0,0,0
2003,40868,2,1,0,0,13,7,0,0,0,0,16,0
2003,40869,1,1,0,14,22,31,19,16,17,21,11,9
2003,40870,0,1,34,34,34,34,34,34,34,34,34,34
2003,40870,1,1,5,26,18,13,0,17,17,16,10,22
2003,40871,0,1,19,17,17,0,0,0,0,34,25,0
2003,40871,1,1,0,0,0,0,14,0,0,0,0,0
2003,40872,1,1,6,0,0,10,2,0,0,0,9,6
2003,40874,1,1,0,0,0,0,0,0,0,0,0,0
2003,40874,2,1,0,0,0,14,0,0,0,9,29,24
2003,40875,0,1,0,0,0,0,0,0,8,0,0,0
2003,40875,1,1,0,0,0,0,0,0,0,0,0,0
2003,40876,0,1,19,19,19,19,19,19,19,19,19,19
2003,40876,1,1,0,0,0,0,0,0,0,0,0,0
2003,40877,0,1,0,0,0,0,0,0,0,0,0,0
2003,40877,1,1,0,0,0,0,0,0,0,0,0,0
2003,40878,0,1,0,0,0,0,0,0,0,0,0,0
2003,40878,1,1,0,0,0,0,0,0,0,0,0,0
2003,40879,1,1,0,0,0,0,0,0,0,0,0,0
2003,40879,2,1,0,0,0,0,0,0,0,0,0,0
2003,40880,1,1,0,0,0,0,0,0,0,0,0,0
2003,40881,1,1,0,0,0,0,10,0,0,0,0,0
2003,40881,2,1,0,0,0,0,0,0,0,0,0,0
2003,40881,3,1,0,0,0,0,0,0,0,0,0,0
2003,40882,1,1,0,0,0,0,0,0,0,0,0,0
2003,40883,1,1,16,25,7,0,15,16,9,10,15,24
2003,40883,2,1,0,0,0,9,0,0,0,0,0,0
2003,40884,1,1,3,0,0,0,0,0,0,0,0,0
2003,40884,2,1,0,0,0,0,0,0,0,0,0,0
2003,40884,3,1,0,8,0,0,0,0,0,0,0,0
2003,40884,4,1,8,11,0,0,0,0,0,0,0,0
2003,40884,5,1,0,0,0,0,0,0,0,0,0,0
2003,40885,0,1,0,0,0,0,0,0,0,0,0,0
2003,40885,1,1,0,0,0,0,0,0,0,0,0,0
2003,40886,1,1,13,13,13,13,13,13,13,13,13,13
2003,40887,1,1,0,0,0,0,0,0,0,0,0,0
2003,40888,1,1,0,0,0,16,0,0,0,0,0,0
2003,40889,1,1,0,0,0,0,0,0,0,0,0,0
2003,40890,0,1,26,26,26,26,26,26,26,26,26,26
2003,40890,1,1,0,0,11,0,0,0,0,0,0,0
2003,40891,1,1,0,0,16,0,39,27,0,0,0,0
2003,40892,1,1,0,0,0,0,0,0,0,0,0,0
2003,40892,2,1,0,0,0,0,0,0,0,0,0,0
2003,40893,1,1,0,0,0,0,0,0,0,0,0,0
2003,40893,2,1,0,0,0,0,0,0,0,0,0,0
2003,40894,1,1,23,23,23,23,23,23,23,23,23,23
2003,40895,1,1,21,21,21,21,21,21,21,21,21,21
2003,40895,2,1,0,0,0,0,0,0,0,0,0,0
2003,40896,1,1,8,17,0,15,12,16,4,11,26,13
2003,40897,0,1,24,24,24,24,24,24,24,24,24,24
2003,40897,1,1,14,0,27,3,9,21,21,18,14,16
2003,40898,1,1,0,0,0,0,0,0,0,0,22,0
2003,40899,1,1,12,12,12,12,12,12,12,12,12,12
2003,40900,1,2,17,8,0,0,18,0,0,19,0,0
2003,40901,1,1,0,0,12,11,0,0,0,0,22,0
2003,40902,1,1,18,0,0,0,22,0,12,0,21,26
2003,40903,1,1,0,0,0,0,0,0,0,0,0,0
2003,40903,2,1,0,0,0,0,13,0,0,0,0,0
2003,40904,0,1,0,0,0,0,0,0,0,0,0,0
2003,40904,1,1,0,0,0,0,0,0,0,0,0,0
2003,40905,1,1,0,0,0,14,0,0,0,0,0,0
2003,40905,2,1,0,0,0,0,0,0,0,0,0,0
2003,40906,1,1,0,0,0,0,0,0,0,0,0,0
2003,40906,2,1,0,0,0,0,0,0,0,0,0,0
2003,40907,1,1,0,0,0,0,0,0,0,0,0,0
2003,40907,2,1,0,0,0,0,0,0,0,0,0,0
2003,40908,1,1,8,8,8,8,8,8,8,8,8,8
2003,40908,2,1,0,0,0,0,0,0,0,0,0,0
2003,40909,0,1,0,0,0,0,0,41,0,0,0,0
2003,40909,1,1,0,0,0,0,0,0,0,0,0,0
2003,40910,1,1,20,2,20,19,13,0,21,11,11,9
2003,40911,1,1,0,0,0,0,0,0,0,0,0,0
2003,40911,2,1,0,0,0,0,0,0,0,0,0,0
2003,40912,1,1,0,0,0,0,0,0,0,0,0,0
2003,40912,2,1,0,0,0,0,0,0,0,0,0,0
2003,40913,1,1,0,0,0,0,19,0,0,29,0,7
2003,40913,2,1,0,12,4,16,3,4,21,15,12,18
2003,40914,1,1,0,0,0,0,0,0,0,0,0,0
2003,40914,2,1,0,0,0,0,0,9,0,0,0,0
2003,40915,1,1,13,13,13,13,13,13,13,13,13,13
2003,40916,1,1,0,0,0,0,0,0,0,0,0,0
2003,40916,2,1,0,0,0,0,0,0,0,0,0,0
2003,40916,3,1,0,0,0,0,0,0,0,0,0,0
2003,40917,0,1,33,33,33,33,33,33,33,33,33,33
2003,40917,1,1,0,0,0,0,0,0,0,0,0,0
2003,40918,1,1,0,0,0,0,0,0,0,0,0,0
2003,40918,2,1,0,0,0,0,0,0,0,0,0,0
2003,40919,1,1,30,25,19,19,35,18,0,29,8,35
2003,40920,0,1,0,0,0,12,0,0,0,0,0,10
2003,40920,1,1,25,20,4,9,10,3,9,13,18,19
2003,40921,1,1,22,22,14,11,10,30,10,21,7,17
2003,40921,2,1,0,0,0,20,0,0,0,0,0,0
2003,40922,1,1,0,0,0,0,0,0,0,0,0,0
2003,40922,2,1,0,0,0,0,0,0,0,0,0,0
2003,40923,0,1,0,0,0,0,0,0,0,0,0,0
2003,40923,1,1,0,0,0,0,0,0,0,10,0,0
2003,40924,0,1,23,23,23,23,23,23,23,23,23,23
2003,40924,1,1,0,0,0,0,0,0,0,0,0,0
2003,40925,1,1,0,0,0,0,0,0,0,0,0,0
2003,40925,2,1,0,0,0,0,0,0,0,0,0,0
2003,40925,3,1,0,0,0,0,0,0,0,0,0,0
2003,40925,4,1,0,0,0,0,0,0,0,0,0,0
2003,40926,1,1,20,0,13,0,0,0,0,0,0,0
2003,40926,2,1,0,0,0,0,0,0,0,0,0,0
2003,40927,1,1,0,6,0,14,0,0,0,0,0,25
2003,40928,1,1,0,0,0,0,0,0,0,0,0,0
2003,40928,2,1,0,0,0,0,0,0,0,0,0,0
2003,40929,1,1,11,11,11,11,11,11,11,11,11,11
2003,40930,1,1,26,26,26,26,26,26,26,26,26,26
2003,40931,1,1,0,0,0,0,0,0,0,0,0,0
2003,40931,2,1,0,0,0,0,0,0,0,0,0,0
2003,40931,3,1,0,0,0,0,0,0,0,0,0,0
2003,40932,1,1,0,0,0,0,0,0,0,0,0,0
2003,40933,1,1,11,11,11,11,11,11,11,11,11,11
2003,40934,1,1,0,0,12,0,0,7,0,0,0,0
2003,40934,2,1,0,0,0,0,0,0,0,0,0,0
2003,40935,1,1,0,0,0,0,0,0,0,0,0,0
2003,40935,2,1,0,0,0,0,0,0,0,0,0,0
2003,40935,3,1,0,0,0,0,0,0,0,0,0,0
2003,40936,1,1,8,29,28,20,10,12,15,11,31,28
2003,40937,1,1,0,0,0,0,0,0,0,0,0,16
2003,40938,1,1,0,0,0,0,0,0,6,0,0,0
2003,40938,2,1,0,0,0,0,0,0,0,0,0,0
2003,40939,1,1,22,9,15,24,21,0,0,0,9,20
2003,40939,2,1,0,0,0,0,0,0,0,0,0,0
2003,40941,1,1,30,19,22,0,0,23,18,0,23,16
2003,40941,2,1,16,21,0,0,0,0,0,11,14,0
2003,40942,1,2,21,8,0,16,9,0,0,0,6,10
2003,40943,1,2,19,0,15,0,0,0,26,0,0,0
2003,40944,1,1,0,0,0,0,0,0,0,0,0,0
2003,40944,2,1,0,0,23,21,0,12,0,0,0,14
2003,40945,0,1,10,10,10,10,10,10,10,10,10,10
2003,40945,1,1,0,0,0,0,0,0,0,0,0,22
2003,40946,1,1,7,18,1,4,9,5,47,6,7,16
2003,40946,2,1,34,11,29,17,0,0,0,38,10,0
2003,40947,1,1,0,0,29,9,0,0,26,0,5,0
2003,40948,0,1,0,0,0,0,0,0,0,0,0,0
2003,40948,1,1,0,0,0,0,0,0,0,24,16,0
2003,40949,1,1,38,28,0,0,10,11,0,17,19,19
2003,40949,2,1,0,12,19,23,33,15,5,0,18,7
2003,40950,1,1,15,25,0,0,0,14,26,0,0,0
2003,40951,1,1,0,0,39,0,0,3,0,10,7,12
2003,40952,1,1,0,0,0,20,0,0,0,0,0,0
2003,40953,1,1,18,29,19,0,0,22,20,17,18,0
2003,40954,1,1,0,4,11,3,0,0,26,0,8,6
2003,40955,0,1,33,33,33,33,33,33,33,33,33,33
2003,40955,1,1,0,0,0,0,0,0,0,0,0,0
2003,40956,0,1,0,0,0,0,0,0,0,7,0,0
2003,40956,1,1,0,0,0,0,7,0,0,0,0,0
2003,40957,0,1,22,22,22,22,22,22,22,22,22,22
2003,40957,1,1,0,0,0,0,0,0,0,0,0,0
2003,40958,0,1,0,31,0,0,0,18,0,11,0,0
2003,40958,1,1,0,0,0,20,11,0,14,0,0,0
2003,40959,0,1,0,0,0,30,0,0,0,0,0,0
2003,40959,1,1,0,8,0,28,0,12,0,0,0,26
2003,40960,1,1,0,9,0,0,0,0,15,0,15,26
2003,40961,1,1,0,0,0,0,0,0,0,0,0,0
2003,40962,1,2,17,0,7,0,0,0,0,0,10,0
2003,40963,1,2,0,20,0,0,0,0,0,10,0,0
2003,40964,1,1,0,0,0,6,13,26,6,8,0,16
2003,40965,1,1,14,0,12,35,0,0,21,0,27,17
2003,40966,1,1,0,0,0,0,0,0,0,0,0,0
2003,40966,2,1,0,0,0,0,0,0,0,0,0,0
2003,40967,1,1,6,6,6,6,6,6,6,6,6,6
2003,40967,2,1,0,0,0,0,0,0,6,0,0,0
2003,40968,1,1,10,31,0,0,9,22,0,0,0,0
2003,40969,1,1,0,0,0,0,0,15,0,0,30,0
2003,40969,2,1,0,0,0,0,0,0,0,0,0,0
2003,40970,1,2,20,7,17,12,0,5,13,32,13,41
2003,40971,0,1,0,0,0,0,0,0,24,0,0,0
2003,40971,1,1,39,0,0,0,0,0,0,19,0,0
2003,40972,1,1,26,9,22,28,10,8,16,16,11,22
2003,40973,1,1,0,0,0,0,0,11,0,0,0,0
2003,40974,1,1,0,8,0,0,3,0,0,0,0,0
2003,40975,1,2,15,0,6,0,0,0,18,0,0,0
2003,40976,1,1,0,0,9,0,0,0,0,17,12,0
2003,50001,1,1,0,0,0,0,0,0,0,0,0,0
2003,50001,2,1,0,0,0,0,0,0,0,0,0,0
2003,50001,3,1,0,0,0,0,0,0,0,0,0,0
2003,50002,1,1,23,23,23,23,23,23,23,23,23,23
2003,50003,1,1,22,22,22,22,22,22,22,22,22,22
2003,50004,1,1,0,0,0,0,0,0,0,0,0,0
2003,50004,2,1,0,0,0,0,0,0,0,0,0,0
2003,50005,1,1,0,0,0,0,0,0,0,0,0,0
2003,50005,2,1,14,14,14,14,14,14,14,14,14,14
2003,50006,1,1,0,0,0,0,0,0,19,0,0,0
2003,50006,2,1,0,0,0,0,0,0,0,0,0,0
2003,50007,1,1,0,0,0,0,0,0,0,0,0,0
2003,50007,2,1,0,0,0,0,0,0,0,0,0,0
2003,50008,0,1,0,0,0,9,19,0,0,0,0,0
2003,50008,1,1,0,0,0,0,0,18,0,0,0,0
2003,50009,1,1,0,0,0,0,0,0,0,0,0,0
2003,50009,2,1,0,0,0,0,0,0,0,0,0,0
2003,50010,1,1,0,0,0,0,0,0,0,0,0,0
2003,50010,2,1,0,0,0,0,0,0,0,0,0,0
2003,50011,1,1,21,0,0,0,0,0,0,10,0,0
2003,50012,1,1,0,0,0,0,0,0,0,0,0,0
2003,50012,2,1,0,0,0,0,0,0,0,0,0,0
2003,50012,3,1,0,0,0,0,0,0,0,0,0,0
2003,50013,1,1,18,18,18,18,18,18,18,18,18,18
2003,50013,2,1,0,0,0,0,0,0,0,0,0,0
2003,50014,1,1,23,23,23,23,23,23,23,23,23,23
2003,50015,1,1,0,0,11,0,0,0,0,0,0,0
2003,50016,1,1,15,15,15,15,15,15,15,15,15,15
2003,50017,1,1,0,0,0,0,0,0,0,0,0,0
2003,50017,2,1,0,0,0,0,0,0,0,0,0,0
2003,50018,1,1,0,0,0,0,0,0,0,0,0,0