YEAR,ST_CASE,veh_no,per_no,P1,P2,P3,P4,P5,P6,P7,P8,P9,P10
2003,50018,2,1,0,0,0,0,0,0,0,0,0,0
2003,50019,1,1,0,0,0,0,0,0,0,0,0,0
2003,50019,2,1,0,0,0,0,0,0,0,0,0,0
2003,50020,1,1,0,0,0,0,0,0,0,0,0,0
2003,50021,1,1,10,10,10,10,10,10,10,10,10,10
2003,50022,1,1,14,14,14,14,14,14,14,14,14,14
2003,50023,1,1,14,14,14,14,14,14,14,14,14,14
2003,50024,1,1,14,14,14,14,14,14,14,14,14,14
2003,50025,1,1,0,0,0,0,0,0,0,0,0,0
2003,50025,2,1,0,0,0,0,0,0,0,0,0,0
2003,50026,1,1,0,0,0,0,0,0,0,0,0,0
2003,50026,2,1,0,0,0,0,0,0,0,0,0,0
2003,50027,1,1,0,0,0,0,0,0,0,0,0,0
2003,50028,1,1,4,4,4,4,4,4,4,4,4,4
2003,50028,2,1,0,0,0,0,0,0,0,0,0,0
2003,50029,1,1,0,0,0,0,0,0,0,0,0,0
2003,50029,2,1,0,0,0,0,0,0,0,0,0,0
2003,50030,1,1,9,9,9,9,9,9,9,9,9,9
2003,50031,1,1,0,0,0,0,0,0,0,0,0,0
2003,50031,2,1,0,0,0,0,0,0,0,0,0,0
2003,50032,1,1,25,25,25,25,25,25,25,25,25,25
2003,50032,2,1,12,12,12,12,12,12,12,12,12,12
2003,50032,3,1,20,20,20,20,20,20,20,20,20,20
2003,50033,1,1,0,0,0,0,0,0,0,0,0,0
2003,50034,1,1,5,5,5,5,5,5,5,5,5,5
2003,50034,2,1,13,13,13,13,13,13,13,13,13,13
2003,50035,1,1,0,0,0,0,0,0,0,0,0,0
2003,50036,1,1,0,0,0,0,0,0,0,0,0,0
2003,50037,1,1,0,0,0,0,0,0,0,0,0,0
2003,50037,2,1,0,0,0,0,0,0,0,0,0,0
2003,50038,1,1,0,0,0,0,0,0,0,0,0,0
2003,50038,2,1,0,0,0,0,0,0,0,0,0,0
2003,50039,1,1,19,19,19,19,19,19,19,19,19,19
2003,50040,1,1,7,12,29,8,11,0,16,18,27,11
2003,50041,1,1,15,15,15,15,15,15,15,15,15,15
2003,50042,1,1,0,0,18,0,0,0,0,0,0,20
2003,50043,1,1,0,0,0,0,0,0,0,0,0,0
2003,50043,2,1,0,0,0,0,0,0,0,0,0,0
2003,50043,3,1,0,0,0,0,0,0,0,0,0,0
2003,50044,1,1,0,0,0,0,0,0,0,0,0,0
2003,50045,1,1,0,0,0,0,0,0,0,0,0,0
2003,50046,1,1,0,0,0,0,0,0,0,0,0,0
2003,50047,1,1,0,0,0,0,0,0,0,0,0,0
2003,50048,1,1,1,1,1,1,1,1,1,1,1,1
2003,50049,1,1,0,0,0,0,0,0,0,0,0,0
2003,50050,1,1,0,0,0,0,0,0,0,0,0,0
2003,50051,1,1,19,19,19,19,19,19,19,19,19,19
2003,50052,1,1,21,21,21,21,21,21,21,21,21,21
2003,50053,1,1,0,0,0,0,0,0,0,0,0,0
2003,50053,2,1,0,0,0,0,0,0,0,0,0,0
2003,50054,1,1,0,0,0,0,0,0,0,0,0,0
2003,50055,1,1,0,0,0,0,0,0,0,0,0,0
2003,50056,1,1,0,0,0,0,0,0,0,0,0,0
2003,50056,2,1,0,0,0,0,0,0,0,0,0,0
2003,50057,1,1,0,0,0,0,0,0,0,0,0,0
2003,50057,2,1,0,0,0,0,0,0,0,0,0,0
2003,50058,1,1,15,15,21,26,0,0,10,22,0,20
2003,50059,1,1,0,0,0,0,0,0,0,0,0,0
2003,50060,1,1,0,0,0,0,0,0,0,0,0,0
2003,50061,1,1,19,19,19,19,19,19,19,19,19,19
2003,50062,1,1,0,0,0,0,0,0,0,0,0,0
2003,50062,2,1,0,0,0,0,0,0,0,0,0,0
2003,50063,0,1,0,0,0,0,0,0,0,0,0,0
2003,50063,0,2,0,0,20,0,0,0,0,0,0,0
2003,50063,0,3,2,2,2,2,2,2,2,2,2,2
2003,50063,1,1,0,0,0,0,0,0,0,0,0,0
2003,50064,1,1,0,0,0,0,0,0,0,0,0,0
2003,50064,2,1,0,0,17,25,19,0,0,0,0,0
2003,50065,1,1,15,15,15,15,15,15,15,15,15,15
2003,50066,1,1,0,0,0,0,0,0,0,0,0,0
2003,50066,2,1,0,0,0,0,0,0,0,0,0,0
2003,50067,1,1,0,0,0,0,0,0,0,0,0,0
2003,50067,2,1,0,0,0,0,0,0,0,0,0,0
2003,50068,1,1,0,0,0,0,0,22,0,0,0,0
2003,50069,1,1,29,29,29,29,29,29,29,29,29,29
2003,50069,2,1,0,0,0,0,0,0,0,0,0,0
2003,50070,1,1,21,21,21,21,21,21,21,21,21,21
2003,50071,1,1,8,20,10,16,29,18,8,13,12,7
2003,50072,1,1,0,0,0,0,0,0,0,0,0,0
2003,50072,2,1,0,0,0,0,0,0,0,0,0,0
2003,50073,1,1,12,0,0,0,0,0,11,13,0,11
2003,50074,1,1,0,0,0,0,0,0,0,0,0,0
2003,50075,0,1,0,0,0,0,0,0,10,0,0,0
2003,50075,1,1,0,0,0,0,0,0,0,0,0,0
2003,50076,1,1,0,0,0,0,0,0,0,0,0,0
2003,50077,1,1,0,0,0,0,0,5,0,0,0,0
2003,50077,2,1,0,0,0,0,0,0,0,0,0,0
2003,50077,3,1,0,0,15,0,0,0,0,0,0,0
2003,50078,1,1,0,0,0,0,0,0,0,0,0,0
2003,50079,1,1,0,0,0,0,0,0,0,0,0,0
2003,50079,2,1,0,0,0,0,0,0,0,0,0,0
2003,50080,1,1,0,0,0,0,0,0,0,0,0,0
2003,50081,1,1,6,6,6,6,6,6,6,6,6,6
2003,50082,1,1,0,0,0,0,0,0,0,0,0,0
2003,50083,1,1,0,0,0,0,0,0,0,0,0,0
2003,50084,1,1,0,0,0,0,0,0,0,0,0,0
2003,50084,2,1,0,0,0,0,0,0,0,0,0,0
2003,50084,3,1,0,0,0,0,0,0,0,0,0,0
2003,50085,1,1,1,1,1,1,1,1,1,1,1,1
2003,50086,1,1,24,0,0,0,0,16,0,0,0,16
2003,50087,1,1,23,23,23,23,23,23,23,23,23,23
2003,50088,1,1,33,33,33,33,33,33,33,33,33,33
2003,50089,1,1,0,0,0,0,0,0,0,0,0,0
2003,50089,2,1,0,0,0,0,0,0,0,0,0,0
2003,50090,1,1,0,0,0,0,0,0,0,0,0,0
2003,50090,2,1,0,0,0,0,0,0,0,0,0,0
2003,50091,1,1,18,18,18,18,18,18,18,18,18,18
2003,50092,1,1,0,0,0,0,0,0,0,0,0,0
2003,50092,2,1,0,0,0,0,0,0,0,0,0,0
2003,50093,1,1,0,0,0,0,0,0,0,0,0,0
2003,50093,2,1,0,0,0,0,0,0,0,0,0,0
2003,50094,1,1,0,0,0,0,0,0,0,0,0,0
2003,50094,2,1,0,0,0,0,0,0,0,0,0,0
2003,50095,1,1,27,27,27,27,27,27,27,27,27,27
2003,50095,2,1,0,0,0,0,0,0,0,0,0,0
2003,50096,1,1,0,0,0,0,0,0,0,0,0,0
2003,50097,1,1,0,0,0,0,0,0,0,0,0,0
2003,50097,2,1,0,0,0,0,0,0,0,0,0,0
2003,50098,1,1,17,17,17,17,17,17,17,17,17,17
2003,50098,2,1,0,0,0,0,0,17,0,0,0,0
2003,50099,1,1,10,10,10,10,10,10,10,10,10,10
2003,50100,1,1,0,0,0,0,0,0,0,0,0,0
2003,50101,1,1,0,0,0,0,0,0,0,0,0,0
2003,50102,1,1,0,0,0,0,0,0,0,0,0,0
2003,50103,1,1,0,0,0,0,0,0,0,0,0,0
2003,50104,1,1,0,0,0,0,0,0,0,0,0,0
2003,50104,2,1,0,0,0,0,0,0,0,0,0,0
2003,50104,3,1,31,31,31,31,31,31,31,31,31,31
2003,50105,1,1,0,0,0,0,0,0,0,0,0,0
2003,50105,2,1,0,0,0,0,0,0,0,0,0,0
2003,50106,1,1,0,0,0,0,0,0,0,0,0,0
2003,50106,2,1,0,0,0,0,0,0,0,0,0,0
2003,50107,1,1,0,19,0,15,0,0,6,12,21,23
2003,50108,1,1,9,9,9,9,9,9,9,9,9,9
2003,50108,2,1,0,0,0,0,0,0,0,0,0,0
2003,50109,0,1,0,0,0,0,0,0,0,0,0,0
2003,50109,1,1,0,0,0,0,0,0,0,0,0,0
2003,50110,1,1,37,37,37,37,37,37,37,37,37,37
2003,50111,1,1,0,0,0,0,0,0,0,0,0,0
2003,50111,2,1,0,0,0,0,0,0,0,0,0,0
2003,50112,1,1,0,0,0,0,0,0,0,0,0,0
2003,50112,2,1,0,0,0,0,0,0,0,6,0,7
2003,50113,1,1,0,0,0,0,0,0,0,0,0,0
2003,50114,1,1,0,0,0,0,0,0,0,0,0,0
2003,50114,2,1,0,0,0,0,0,0,0,0,0,0
2003,50115,1,1,0,0,0,0,0,0,0,0,0,0
2003,50116,1,1,0,0,0,0,0,0,0,0,0,0
2003,50116,2,1,0,0,0,0,0,0,0,0,0,0
2003,50117,1,1,0,0,0,0,0,0,0,0,0,0
2003,50117,2,1,20,20,20,20,20,20,20,20,20,20
2003,50118,1,1,28,28,28,28,28,28,28,28,28,28
2003,50119,1,1,0,0,0,0,0,0,0,0,0,0
2003,50119,2,1,27,27,27,27,27,27,27,27,27,27
2003,50120,1,1,12,12,12,12,12,12,12,12,12,12
2003,50121,1,1,19,19,19,19,19,19,19,19,19,19
2003,50122,1,1,2,2,2,2,2,2,2,2,2,2
2003,50123,1,1,20,20,20,20,20,20,20,20,20,20
2003,50124,1,1,0,0,0,0,0,0,0,0,0,0
2003,50124,2,1,0,0,0,0,0,0,0,0,0,0
2003,50124,3,1,0,0,0,0,0,0,0,0,0,0
2003,50125,1,1,12,12,12,12,12,12,12,12,12,12
2003,50126,1,1,1,1,1,1,1,1,1,1,1,1
2003,50127,1,1,0,0,0,0,0,0,0,0,0,0
2003,50127,2,1,0,0,0,0,0,0,0,0,0,0
2003,50127,3,1,0,0,0,0,0,0,0,0,0,0
2003,50128,1,1,23,23,23,23,23,23,23,23,23,23
2003,50128,2,1,0,0,0,0,0,0,0,0,0,0
2003,50128,3,1,0,0,0,0,0,0,0,0,0,0
2003,50129,0,1,0,0,0,0,0,0,0,0,0,0
2003,50129,1,1,0,0,0,0,0,0,0,0,0,0
2003,50130,1,1,0,0,0,0,0,0,0,0,0,0
2003,50131,1,1,24,24,24,24,24,24,24,24,24,24
2003,50132,1,1,0,0,0,0,0,0,0,0,0,0
2003,50132,2,1,0,16,0,0,0,0,0,0,0,0
2003,50133,1,1,16,16,16,16,16,16,16,16,16,16
2003,50134,1,1,0,0,0,0,0,0,0,0,0,0
2003,50134,2,1,0,0,0,0,0,0,0,0,0,0
2003,50135,1,1,6,6,6,6,6,6,6,6,6,6
2003,50135,2,1,0,19,0,0,0,0,0,0,0,0
2003,50135,3,1,0,0,0,0,0,0,0,0,0,0
2003,50135,4,1,0,0,0,0,0,0,0,0,0,0
2003,50136,1,1,0,0,0,0,0,0,0,0,0,0
2003,50136,2,1,16,16,16,16,16,16,16,16,16,16
2003,50137,1,1,15,15,15,15,15,15,15,15,15,15
2003,50138,1,1,6,10,0,0,0,0,0,11,0,21
2003,50139,1,1,2,0,13,0,0,15,0,9,0,18
2003,50140,1,1,25,25,25,25,25,25,25,25,25,25
2003,50141,1,1,0,0,0,0,0,0,0,0,0,0
2003,50141,2,1,0,0,0,0,0,0,0,0,0,0
2003,50142,1,1,0,0,15,0,0,0,0,0,0,13
2003,50142,2,1,0,0,0,0,0,0,0,0,0,0
2003,50143,1,1,0,0,0,0,0,0,0,0,0,0
2003,50144,1,1,0,0,0,0,0,0,0,0,0,0
2003,50145,1,1,0,0,0,0,0,0,0,0,0,0
2003,50145,2,1,0,0,0,0,0,0,0,0,0,0
2003,50146,1,1,0,0,0,0,0,0,0,0,0,0
2003,50147,1,1,0,0,0,0,0,0,0,0,0,0
2003,50148,1,1,6,6,6,6,6,6,6,6,6,6
2003,50148,2,1,0,0,0,0,0,0,0,0,0,0
2003,50149,1,1,0,0,0,0,0,0,0,0,0,0
2003,50149,2,1,0,0,0,0,0,0,0,0,0,0
2003,50150,1,1,0,0,0,0,0,0,0,0,28,0
2003,50150,2,1,0,0,0,0,0,0,0,0,0,0
2003,50151,1,1,0,0,0,0,0,0,0,0,0,0
2003,50152,1,1,0,0,0,0,0,0,0,0,0,0
2003,50153,1,1,0,0,0,0,0,0,0,0,0,0
2003,50153,2,1,0,0,31,0,5,0,0,0,0,8
2003,50154,1,1,21,21,21,21,21,21,21,21,21,21
2003,50155,1,1,20,20,20,20,20,20,20,20,20,20
2003,50156,1,1,0,0,0,0,0,0,0,0,0,0
2003,50156,2,1,0,0,0,0,0,0,0,0,0,0
2003,50157,1,1,0,0,0,44,0,0,0,0,0,0
2003,50158,1,1,0,0,0,0,0,0,0,0,0,0
2003,50158,2,1,0,0,0,0,0,0,0,0,0,0
2003,50159,1,1,0,0,0,0,0,0,0,0,0,0
2003,50159,2,1,0,0,0,0,0,0,0,0,9,0
2003,50160,1,1,0,0,0,0,0,0,0,0,0,0
2003,50160,2,1,0,0,0,0,0,0,0,0,0,0
2003,50161,1,1,26,26,26,26,26,26,26,26,26,26
2003,50162,1,1,9,9,9,9,9,9,9,9,9,9
2003,50163,1,1,19,19,19,19,19,19,19,19,19,19
2003,50163,2,1,0,0,0,0,0,0,0,0,0,0
2003,50164,1,1,0,0,0,0,0,0,0,19,0,0
2003,50164,2,1,0,0,0,0,0,0,0,0,0,0
2003,50165,0,1,27,27,27,27,27,27,27,27,27,27
2003,50165,1,1,0,0,0,0,0,0,0,0,0,0
2003,50166,1,1,0,0,0,0,0,0,0,0,0,0
2003,50166,2,1,0,0,0,0,0,0,0,0,0,0
2003,50167,1,1,0,0,0,0,0,0,0,0,0,0
2003,50168,1,1,16,0,0,0,0,0,0,0,0,0
2003,50169,1,1,28,28,28,28,28,28,28,28,28,28
2003,50170,1,1,0,0,6,0,0,0,0,0,0,0
2003,50170,2,1,0,0,0,0,0,0,0,0,0,0
2003,50171,1,1,0,0,0,0,0,0,0,0,0,0
2003,50172,1,1,15,10,23,20,19,36,29,11,18,17
2003,50173,1,1,0,0,0,0,0,0,0,0,0,0
2003,50173,2,1,0,0,0,0,0,0,0,0,0,0
2003,50174,1,1,12,12,12,12,12,12,12,12,12,12
2003,50175,1,1,0,0,0,0,0,5,0,0,0,0
2003,50176,1,1,0,0,0,0,0,0,0,0,0,0
2003,50177,1,1,0,0,0,0,0,0,0,0,0,0
2003,50178,1,1,0,0,0,0,0,0,0,0,0,0
2003,50178,2,1,0,0,0,0,0,0,0,0,0,0
2003,50179,1,1,0,0,0,0,0,0,0,0,0,0
2003,50180,1,1,0,0,0,0,0,0,0,0,0,0
2003,50181,1,1,31,31,31,31,31,31,31,31,31,31
2003,50182,1,1,12,12,12,12,12,12,12,12,12,12
2003,50183,1,1,8,0,0,0,12,0,0,0,0,0
2003,50183,2,1,17,17,17,17,17,17,17,17,17,17
2003,50184,1,1,19,19,19,19,19,19,19,19,19,19
2003,50184,2,1,0,0,0,0,0,0,0,0,0,0
2003,50185,1,1,24,24,24,24,24,24,24,24,24,24
2003,50185,2,1,0,0,0,0,0,0,16,0,10,0
2003,50186,1,1,0,0,0,0,0,0,0,0,0,0
2003,50186,2,1,0,0,0,0,0,0,0,0,0,0
2003,50187,1,1,0,0,0,0,0,0,0,0,0,0
2003,50187,2,1,0,0,0,0,0,0,0,0,0,0
2003,50188,0,1,0,0,0,0,0,0,0,0,0,0
2003,50188,1,1,0,0,0,0,0,0,0,0,0,0
2003,50189,1,1,10,10,10,10,10,10,10,10,10,10
2003,50189,2,1,0,0,0,0,0,0,0,0,0,0
2003,50190,1,1,0,0,0,0,0,0,0,0,0,0
2003,50191,1,1,0,0,0,0,0,0,0,0,0,0
2003,50192,1,1,0,0,0,0,0,0,0,0,0,0
2003,50193,1,1,0,0,0,0,0,0,0,0,0,0
2003,50194,1,1,24,24,24,24,24,24,24,24,24,24
2003,50195,1,1,0,0,0,0,0,0,0,0,0,0
2003,50195,2,1,3,3,3,3,3,3,3,3,3,3
2003,50196,1,1,10,10,10,10,10,10,10,10,10,10
2003,50197,0,1,16,16,16,16,16,16,16,16,16,16
2003,50197,1,1,12,12,12,12,12,12,12,12,12,12
2003,50198,1,1,0,0,0,0,0,0,0,0,0,0
2003,50199,1,1,0,0,0,0,0,0,0,0,0,0
2003,50199,2,1,0,0,0,0,0,0,0,0,0,0
2003,50200,1,1,8,8,8,8,8,8,8,8,8,8
2003,50201,1,1,28,28,28,28,28,28,28,28,28,28
2003,50202,1,1,26,26,26,26,26,26,26,26,26,26
2003,50203,1,1,0,0,0,0,0,0,0,0,0,0
2003,50203,2,1,0,0,0,0,0,0,0,0,0,0
2003,50204,1,1,0,0,0,0,0,0,0,0,0,0
2003,50204,2,1,0,0,0,0,0,0,0,0,0,0
2003,50205,1,1,14,14,14,14,14,14,14,14,14,14
2003,50205,2,1,7,7,7,7,7,7,7,7,7,7
2003,50206,1,1,3,3,3,3,3,3,3,3,3,3
2003,50207,1,1,0,0,0,0,0,0,0,0,0,0
2003,50207,2,1,0,0,0,0,0,0,0,0,0,0
2003,50208,1,1,0,0,0,0,0,0,0,0,0,0
2003,50208,2,1,0,0,0,0,0,0,0,0,0,0
2003,50209,1,1,26,19,18,7,0,0,0,10,7,28
2003,50209,2,1,0,0,0,0,0,0,0,0,0,0
2003,50210,1,1,0,0,0,0,0,0,0,0,0,0
2003,50210,2,1,0,0,0,0,0,0,0,0,0,0
2003,50211,1,1,0,0,0,0,0,0,0,0,0,0
2003,50212,1,1,0,0,0,0,0,0,0,0,0,0
2003,50213,1,1,0,0,0,0,0,0,11,0,0,0
2003,50214,1,1,0,0,0,0,0,0,0,0,0,0
2003,50214,2,1,0,0,0,0,0,0,0,0,0,0
2003,50215,1,1,0,0,0,0,0,0,0,0,0,0
2003,50215,2,1,0,0,0,0,0,0,0,0,0,0
2003,50216,1,1,0,0,0,0,0,0,0,0,0,0
2003,50216,2,1,0,0,0,0,0,0,0,0,0,0
2003,50217,1,1,11,12,0,11,13,9,0,0,4,9
2003,50218,1,1,5,5,5,5,5,5,5,5,5,5
2003,50218,2,1,14,14,14,14,14,14,14,14,14,14
2003,50219,1,1,0,0,0,0,0,0,0,0,0,0
2003,50219,2,1,19,19,19,19,19,19,19,19,19,19
2003,50220,1,1,0,0,0,0,0,0,0,0,0,0
2003,50220,2,1,0,0,0,0,0,0,0,0,0,0
2003,50221,1,1,0,0,0,0,0,0,0,0,0,0
2003,50221,2,1,0,0,0,0,0,0,0,0,0,0
2003,50222,1,1,0,0,0,0,0,0,0,0,0,0
2003,50223,0,1,0,0,0,0,0,0,0,0,0,0
2003,50223,1,1,26,0,0,0,0,0,0,0,0,0
2003,50224,1,1,0,0,0,0,0,0,0,0,0,0
2003,50225,1,1,0,0,0,0,0,0,0,0,0,0
2003,50225,2,1,0,0,0,0,0,0,0,0,0,0
2003,50226,0,1,0,0,0,0,0,0,0,0,0,0
2003,50226,1,1,0,0,0,0,0,0,0,0,0,0
2003,50227,1,1,0,0,0,0,0,0,0,0,0,0
2003,50228,1,1,0,0,0,0,0,0,0,0,0,0
2003,50228,2,1,0,0,0,0,0,0,0,0,0,0
2003,50229,0,1,0,0,0,0,0,0,0,0,0,0
2003,50229,1,1,12,0,15,0,0,0,0,0,0,0
2003,50230,1,1,0,0,0,0,0,0,0,0,0,0
2003,50231,1,1,0,0,0,9,0,0,8,0,0,0
2003,50232,0,1,33,33,33,33,33,33,33,33,33,33
2003,50232,1,1,0,0,0,0,0,0,0,0,0,0
2003,50233,1,1,0,0,0,0,0,0,0,0,0,0
2003,50233,2,1,0,0,0,0,0,0,0,0,0,0
2003,50234,1,1,6,0,0,16,0,20,17,23,0,24
2003,50235,1,1,19,19,19,19,19,19,19,19,19,19
2003,50236,1,1,0,0,0,0,0,0,0,0,0,0
2003,50236,2,1,0,0,0,0,0,0,0,0,0,0
2003,50237,1,1,0,0,0,0,0,0,0,0,0,0
2003,50238,1,1,22,20,12,16,13,26,22,19,14,10
2003,50239,1,1,2,2,2,2,2,2,2,2,2,2
2003,50239,2,1,0,0,0,0,0,0,0,0,0,0
2003,50240,1,1,0,0,0,0,0,0,0,0,0,0
2003,50241,1,1,0,0,0,0,0,0,0,0,0,0
2003,50241,2,1,0,0,0,0,0,0,0,0,0,0
2003,50242,1,1,0,0,0,0,0,0,0,0,0,0
2003,50243,0,1,17,0,0,0,0,0,23,0,0,0
2003,50243,1,1,0,0,0,0,0,0,0,0,0,0
2003,50244,1,1,16,16,16,16,16,16,16,16,16,16
2003,50245,1,1,22,0,15,0,0,8,22,0,0,19
2003,50246,1,1,0,0,0,0,0,0,0,0,0,0
2003,50246,2,1,0,0,0,0,0,0,0,0,0,0
2003,50247,1,1,23,20,20,10,12,11,25,19,14,3
2003,50248,1,1,23,16,7,26,13,0,38,7,9,6
2003,50249,1,1,0,27,0,0,0,0,13,0,17,0
2003,50249,2,1,0,0,0,0,0,0,0,0,0,0
2003,50250,1,1,0,0,0,0,0,0,0,0,0,0
2003,50250,2,1,0,0,0,0,0,0,0,0,0,0
2003,50251,1,1,0,0,0,0,0,0,0,0,0,0
2003,50251,2,1,0,0,0,0,0,0,0,0,0,0
2003,50252,1,1,0,0,0,0,0,0,0,0,0,0
2003,50253,1,1,0,0,0,0,0,0,0,0,0,0
2003,50253,2,1,0,0,0,0,0,0,0,0,0,0
2003,50254,1,1,0,0,0,0,0,0,0,0,0,0
2003,50254,2,1,0,0,0,0,0,0,0,0,0,0
2003,50255,1,1,0,0,0,0,0,0,0,0,0,0
2003,50255,2,1,0,0,0,0,0,0,0,0,0,0
2003,50256,1,1,14,14,14,14,14,14,14,14,14,14
2003,50257,1,1,21,0,0,0,0,0,19,43,3,0
2003,50258,1,1,0,0,0,0,0,0,0,0,0,0
2003,50259,1,1,6,6,6,6,6,6,6,6,6,6
2003,50260,1,1,0,0,0,0,0,0,0,0,0,0
2003,50261,1,1,24,24,24,24,24,24,24,24,24,24
2003,50262,1,1,27,27,27,27,27,27,27,27,27,27
2003,50262,2,1,0,0,0,0,0,0,0,0,0,0
2003,50262,3,1,0,0,0,0,0,0,0,0,0,0
2003,50263,1,1,0,0,0,0,0,0,0,0,0,0
2003,50264,1,1,12,12,12,12,12,12,12,12,12,12
2003,50265,1,1,21,21,21,21,21,21,21,21,21,21
2003,50266,1,1,0,0,0,0,0,0,0,0,0,0
2003,50267,1,1,0,0,0,0,0,0,0,0,0,0
2003,50267,2,1,0,0,0,0,0,0,0,0,0,0
2003,50268,1,1,11,14,9,5,28,11,3,13,0,0
2003,50269,0,1,4,0,29,0,0,24,14,26,0,29
2003,50269,1,1,0,0,0,0,0,0,0,0,0,0
2003,50269,2,1,0,0,0,0,0,0,0,0,0,0
2003,50270,1,1,0,0,0,0,0,0,0,0,0,0
2003,50270,2,1,1,1,1,1,1,1,1,1,1,1
2003,50271,1,1,0,0,0,0,0,0,0,0,0,0
2003,50272,1,1,0,0,0,0,0,0,0,0,0,0
2003,50273,1,1,0,0,0,0,0,0,0,0,0,0
2003,50274,1,1,0,0,0,0,0,0,0,0,0,0
2003,50274,2,1,0,0,0,0,0,0,0,0,0,0
2003,50275,1,1,0,0,0,0,0,0,0,0,0,0
2003,50275,2,1,0,0,0,0,0,0,0,0,0,0
2003,50276,1,1,0,0,0,0,0,0,0,0,0,0
2003,50276,2,1,0,0,0,0,0,0,0,0,0,0
2003,50277,1,1,0,0,0,0,0,0,0,0,0,0
2003,50278,1,1,0,0,0,0,0,0,0,0,0,0
2003,50279,1,1,0,0,0,0,0,0,0,0,0,0
2003,50279,2,1,25,25,25,25,25,25,25,25,25,25
2003,50280,1,1,0,0,0,0,0,0,0,0,0,0
2003,50280,2,1,0,0,0,0,0,0,0,0,0,0
2003,50280,3,1,0,0,0,0,0,0,0,0,0,0
2003,50280,4,1,0,0,0,0,0,0,0,0,0,0
2003,50281,1,1,23,23,23,23,23,23,23,23,23,23
2003,50282,1,1,13,13,13,13,13,13,13,13,13,13
2003,50283,1,1,0,0,0,0,0,0,4,0,0,0
2003,50284,1,1,0,0,0,0,0,0,0,0,0,0
2003,50285,1,1,17,17,17,17,17,17,17,17,17,17
2003,50286,1,1,26,26,26,26,26,26,26,26,26,26
2003,50287,1,1,0,0,0,0,0,0,0,0,0,0
2003,50287,2,1,0,0,0,0,0,0,0,0,0,0
2003,50287,3,1,0,0,0,0,0,0,0,0,0,0
2003,50287,4,1,0,0,0,0,0,0,0,0,0,0
2003,50288,1,1,4,0,0,0,0,0,0,16,0,22
2003,50289,1,1,0,0,0,0,0,0,0,0,0,0
2003,50290,1,1,9,9,9,9,9,9,9,9,9,9
2003,50291,1,1,0,0,0,0,0,0,0,0,0,0
2003,50291,2,1,0,0,0,0,0,0,0,0,0,0
2003,50292,1,1,0,0,0,0,0,0,0,0,0,0
2003,50292,2,1,0,0,0,0,30,0,0,0,0,0
2003,50293,1,1,24,24,24,24,24,24,24,24,24,24
2003,50294,1,1,0,0,0,0,0,0,0,0,0,0
2003,50294,2,1,0,0,0,0,0,0,0,0,0,0
2003,50294,3,1,6,0,0,0,0,0,0,0,7,0
2003,50294,4,1,0,0,0,11,0,0,0,0,0,0
2003,50295,1,1,0,0,0,0,0,0,0,0,0,0
2003,50295,2,1,0,0,0,0,0,0,0,0,0,0
2003,50296,1,1,0,0,0,0,0,0,0,0,0,0
2003,50297,1,1,11,19,44,29,0,30,19,0,0,0
2003,50298,0,1,0,0,0,0,0,0,0,0,0,0
2003,50298,1,1,0,0,0,0,0,0,0,0,0,0
2003,50299,1,1,29,29,29,29,29,29,29,29,29,29
2003,50300,1,1,23,23,23,23,23,23,23,23,23,23
2003,50300,2,1,21,21,21,21,21,21,21,21,21,21
2003,50301,0,1,31,31,31,31,31,31,31,31,31,31
2003,50301,1,1,2,2,2,2,2,2,2,2,2,2
2003,50302,1,1,0,0,0,0,0,0,0,0,0,0
2003,50303,1,1,0,0,0,0,0,0,0,0,0,0
2003,50303,2,1,0,0,0,0,0,0,0,0,0,0
2003,50304,1,1,0,0,0,0,0,0,0,0,0,0
2003,50304,2,1,0,0,0,0,0,0,0,0,0,0
2003,50305,1,1,4,4,4,4,4,4,4,4,4,4
2003,50305,2,1,0,0,0,0,0,0,0,0,0,0
2003,50305,3,1,0,0,0,0,0,0,0,0,0,0
2003,50306,1,1,29,29,29,29,29,29,29,29,29,29
2003,50307,1,1,0,0,0,0,6,11,0,0,0,0
2003,50308,1,1,0,0,0,0,0,0,0,0,0,0
2003,50308,2,1,0,0,7,0,0,0,0,0,0,0
2003,50309,1,1,0,0,0,0,0,0,0,0,0,0
2003,50310,1,1,0,0,0,0,0,0,0,0,0,0
2003,50310,2,1,0,0,0,0,0,0,0,0,0,0
2003,50311,1,1,0,0,0,0,0,0,0,0,0,0
2003,50311,2,1,0,0,0,0,0,0,0,0,0,0
2003,50312,1,1,0,17,0,0,0,0,0,13,0,0
2003,50313,1,1,31,29,19,27,30,27,18,34,12,14
2003,50314,1,1,8,19,16,7,8,24,14,16,23,24
2003,50315,1,1,0,0,0,0,0,0,0,0,0,0
2003,50315,2,1,0,0,0,0,0,0,0,0,0,0
2003,50316,1,1,0,4,0,0,0,0,0,0,0,0
2003,50317,1,2,0,0,0,0,0,0,0,0,0,0
2003,50317,2,1,0,0,0,0,0,0,0,0,0,0
2003,50318,1,1,0,0,0,0,0,0,0,0,0,0
2003,50319,1,1,0,0,0,0,0,0,0,0,0,0
2003,50320,1,1,0,0,0,0,0,0,0,0,0,0
2003,50320,2,1,0,0,0,0,0,0,0,0,0,0
2003,50321,1,1,19,19,19,19,19,19,19,19,19,19
2003,50322,1,1,19,19,19,19,19,19,19,19,19,19
2003,50323,1,1,13,13,13,13,13,13,13,13,13,13
2003,50324,0,1,0,0,0,0,0,0,0,0,0,0
2003,50325,1,1,6,9,5,19,9,8,13,16,28,28
2003,50326,1,1,3,3,3,3,3,3,3,3,3,3
2003,50327,1,1,0,0,0,0,0,0,0,0,0,0
2003,50327,2,1,0,0,0,0,0,0,0,0,0,0
2003,50327,3,1,0,0,0,0,0,0,0,0,0,0