YEAR,ST_CASE,veh_no,per_no,P1,P2,P3,P4,P5,P6,P7,P8,P9,P10
2003,50328,1,1,0,0,0,0,0,0,0,0,0,0
2003,50328,2,1,0,0,0,0,0,0,0,0,0,0
2003,50329,1,1,24,24,24,24,24,24,24,24,24,24
2003,50330,1,1,1,1,1,1,1,1,1,1,1,1
2003,50331,1,1,0,0,0,0,0,0,0,0,0,0
2003,50331,2,1,0,0,0,0,0,0,0,0,0,0
2003,50332,1,1,0,0,0,0,0,0,0,0,0,0
2003,50332,2,1,9,9,9,9,9,9,9,9,9,9
2003,50333,1,1,22,22,22,22,22,22,22,22,22,22
2003,50334,1,1,0,0,0,0,0,0,0,0,0,0
2003,50335,1,1,0,0,0,0,0,0,0,0,0,0
2003,50336,1,1,0,0,0,0,0,0,0,0,0,0
2003,50336,2,1,0,0,0,0,0,0,0,0,0,0
2003,50337,1,1,0,0,0,0,0,0,0,0,0,0
2003,50337,2,1,0,0,0,0,0,0,0,0,0,0
2003,50338,1,1,22,22,22,22,22,22,22,22,22,22
2003,50339,1,1,0,0,0,0,0,0,0,0,0,0
2003,50340,1,1,17,17,17,17,17,17,17,17,17,17
2003,50341,1,1,16,16,16,16,16,16,16,16,16,16
2003,50342,1,1,14,14,14,14,14,14,14,14,14,14
2003,50343,1,1,12,12,12,12,12,12,12,12,12,12
2003,50344,1,1,2,2,2,2,2,2,2,2,2,2
2003,50344,2,1,0,0,0,0,0,0,0,0,0,0
2003,50345,1,1,0,0,0,0,0,0,0,0,0,0
2003,50345,2,1,0,0,0,0,0,0,0,0,0,0
2003,50346,1,1,0,57,0,0,0,0,0,0,0,0
2003,50347,1,1,0,0,0,0,0,0,0,0,0,0
2003,50348,1,1,0,0,0,0,0,0,0,0,0,0
2003,50348,2,1,0,0,0,0,0,0,0,0,0,0
2003,50348,3,1,0,0,0,0,0,0,0,0,0,0
2003,50349,1,1,0,0,0,0,0,0,0,10,0,0
2003,50349,2,1,0,0,0,0,0,0,0,0,0,0
2003,50350,1,1,0,0,0,0,0,0,0,0,0,0
2003,50350,2,1,0,0,0,0,0,0,0,0,0,0
2003,50350,3,1,0,0,0,0,0,0,0,0,0,0
2003,50351,1,1,0,0,0,0,0,0,0,0,0,0
2003,50351,2,1,0,0,0,0,0,0,0,0,0,0
2003,50352,1,1,0,0,0,0,0,0,0,0,0,0
2003,50352,2,1,0,0,0,0,0,0,0,0,0,0
2003,50352,3,1,0,0,0,0,0,0,0,0,0,0
2003,50353,1,1,15,15,15,15,15,15,15,15,15,15
2003,50354,1,1,0,0,0,0,0,0,0,0,0,0
2003,50354,2,1,0,0,0,0,0,0,0,0,0,0
2003,50355,1,1,0,0,0,0,0,0,0,0,0,0
2003,50355,2,1,0,0,0,0,0,0,0,0,0,0
2003,50356,1,1,32,32,32,32,32,32,32,32,32,32
2003,50357,1,1,0,15,6,0,0,0,0,0,0,0
2003,50357,2,1,0,0,0,0,0,0,0,0,0,0
2003,50357,3,1,11,0,0,0,0,0,0,0,0,0
2003,50358,1,1,21,21,21,21,21,21,21,21,21,21
2003,50359,1,1,0,16,0,0,0,0,0,0,0,0
2003,50359,2,1,0,15,0,0,0,0,0,0,0,0
2003,50360,1,1,0,0,0,0,0,0,0,0,0,0
2003,50360,2,1,0,5,0,0,0,0,0,0,0,0
2003,50360,3,1,0,0,0,0,0,0,0,0,0,0
2003,50361,1,1,17,23,0,20,0,0,0,0,0,0
2003,50362,1,1,0,0,0,0,0,0,0,0,0,0
2003,50363,1,1,11,11,11,11,11,11,11,11,11,11
2003,50364,1,1,19,19,19,19,19,19,19,19,19,19
2003,50365,1,1,22,22,22,22,22,22,22,22,22,22
2003,50365,2,1,0,0,0,0,0,0,0,0,0,0
2003,50366,0,1,0,0,0,0,0,0,0,0,0,0
2003,50366,1,1,0,0,0,0,0,0,0,0,0,0
2003,50367,1,1,0,0,0,0,0,0,0,0,0,11
2003,50367,2,1,0,0,0,0,0,0,0,0,0,0
2003,50368,1,1,0,0,0,0,0,0,0,0,0,0
2003,50368,2,1,0,0,0,0,0,0,0,0,0,0
2003,50369,1,1,18,18,18,18,18,18,18,18,18,18
2003,50370,1,1,0,0,0,0,0,0,0,0,0,0
2003,50370,2,1,0,0,0,0,0,0,0,0,0,0
2003,50371,1,1,0,0,0,0,0,0,0,0,0,0
2003,50373,1,1,0,0,0,0,0,0,0,0,0,0
2003,50374,1,1,0,0,0,0,0,0,0,0,0,0
2003,50374,2,1,0,0,0,0,0,0,0,0,0,0
2003,50375,1,1,0,0,0,0,0,0,0,0,0,0
2003,50375,2,1,0,0,0,0,0,0,0,0,0,0
2003,50376,1,1,0,13,0,0,0,0,0,0,0,0
2003,50376,2,1,0,0,0,0,0,0,0,0,0,0
2003,50377,1,1,12,12,12,12,12,12,12,12,12,12
2003,50378,0,1,0,0,0,0,0,0,0,25,0,0
2003,50378,1,1,0,0,0,0,0,0,0,0,0,0
2003,50379,1,1,0,0,0,0,0,0,0,0,0,0
2003,50380,1,1,0,0,0,0,0,0,0,8,0,0
2003,50381,1,1,0,0,0,0,0,0,0,0,0,0
2003,50382,1,1,6,6,6,6,6,6,6,6,6,6
2003,50383,1,1,0,0,0,0,0,0,0,0,0,0
2003,50384,1,1,12,12,12,12,12,12,12,12,12,12
2003,50385,1,1,0,0,0,0,0,0,0,0,0,0
2003,50386,1,1,7,7,7,7,7,7,7,7,7,7
2003,50386,2,1,0,0,0,0,0,0,0,0,0,0
2003,50387,1,1,0,0,0,0,0,0,0,0,0,0
2003,50387,2,1,0,0,0,0,0,0,0,0,0,0
2003,50388,1,1,0,0,0,0,0,0,0,0,0,0
2003,50388,2,1,0,0,0,0,0,0,0,0,0,0
2003,50388,3,1,0,0,0,0,0,0,0,0,0,0
2003,50389,1,1,0,0,0,0,0,0,0,0,0,0
2003,50389,2,1,0,0,0,0,0,0,0,0,0,0
2003,50389,3,1,0,0,0,0,0,0,0,0,0,0
2003,50390,1,1,0,0,0,0,0,0,0,0,0,0
2003,50391,1,1,0,0,0,0,0,0,0,0,0,0
2003,50391,2,1,0,0,0,0,0,0,0,0,0,0
2003,50392,1,1,0,0,0,0,0,0,0,0,0,0
2003,50393,1,1,5,5,5,5,5,5,5,5,5,5
2003,50394,1,1,0,0,0,0,0,0,0,0,0,0
2003,50395,1,1,18,8,17,37,8,22,8,0,14,13
2003,50396,1,1,11,0,0,0,0,0,0,0,0,0
2003,50396,2,1,0,0,0,0,0,0,0,0,0,0
2003,50397,1,1,0,0,0,20,0,0,16,0,0,0
2003,50398,1,1,0,0,0,0,0,0,0,0,0,0
2003,50398,2,1,0,0,0,0,0,0,0,0,0,0
2003,50399,1,1,20,20,20,20,20,20,20,20,20,20
2003,50400,1,1,0,0,0,0,0,0,0,0,0,0
2003,50401,1,1,26,26,26,26,26,26,26,26,26,26
2003,50402,1,1,0,0,0,0,0,0,0,0,0,0
2003,50403,1,1,24,9,0,11,0,0,42,30,19,0
2003,50404,1,1,0,0,0,0,0,0,0,0,0,0
2003,50405,0,1,0,0,49,0,0,0,0,25,0,29
2003,50405,1,1,0,0,0,0,0,0,0,0,0,0
2003,50406,1,1,0,0,0,0,0,0,0,0,0,0
2003,50407,1,1,14,14,14,14,14,14,14,14,14,14
2003,50407,2,1,14,0,0,17,0,0,0,0,0,17
2003,50408,1,1,0,0,0,0,0,0,0,0,0,0
2003,50409,1,1,0,0,0,0,0,0,0,0,0,0
2003,50410,1,1,16,16,16,16,16,16,16,16,16,16
2003,50411,1,1,4,4,4,4,4,4,4,4,4,4
2003,50412,1,1,0,0,0,18,0,0,0,8,16,16
2003,50413,1,1,0,0,0,0,0,0,0,0,0,0
2003,50413,2,1,0,0,0,0,0,0,0,0,0,0
2003,50414,1,1,7,7,7,7,7,7,7,7,7,7
2003,50415,1,1,0,0,0,0,0,0,0,0,0,0
2003,50416,1,1,17,17,17,17,17,17,17,17,17,17
2003,50417,1,1,0,0,0,0,0,0,0,0,0,0
2003,50418,1,1,0,0,0,0,0,0,0,0,0,0
2003,50419,1,1,0,0,0,0,0,0,0,0,0,0
2003,50419,2,1,0,0,0,0,0,0,0,0,0,0
2003,50420,0,1,0,0,0,0,0,0,0,0,0,0
2003,50420,1,1,10,10,10,10,10,10,10,10,10,10
2003,50421,0,1,17,17,17,17,17,17,17,17,17,17
2003,50421,1,1,0,0,0,0,0,0,0,0,0,0
2003,50422,1,1,24,24,24,24,24,24,24,24,24,24
2003,50423,1,1,0,0,0,0,0,0,0,0,0,0
2003,50423,2,1,0,0,0,0,0,0,0,0,0,0
2003,50424,1,1,11,0,0,0,0,0,0,0,0,0
2003,50425,1,1,0,0,23,0,13,0,0,11,0,0
2003,50426,1,1,0,0,0,0,0,0,0,0,0,0
2003,50426,2,1,0,0,0,0,0,0,0,0,0,0
2003,50427,1,1,0,0,0,0,0,0,0,0,0,0
2003,50427,2,1,0,0,0,0,0,0,0,0,0,0
2003,50428,1,1,0,0,0,0,0,0,0,0,0,0
2003,50428,2,1,0,0,0,0,0,0,0,0,0,0
2003,50429,1,1,0,0,0,0,0,0,0,0,0,0
2003,50429,2,1,0,0,0,0,0,0,0,0,0,0
2003,50430,1,1,0,0,0,0,0,0,0,0,0,0
2003,50430,2,1,0,0,0,0,0,0,0,0,0,0
2003,50431,1,1,0,0,0,0,0,0,0,0,0,0
2003,50431,2,1,0,0,0,0,0,0,0,0,0,0
2003,50432,0,1,5,0,0,0,0,0,0,15,0,0
2003,50432,1,1,0,0,0,0,0,0,0,0,0,0
2003,50433,1,1,31,31,31,31,31,31,31,31,31,31
2003,50434,1,1,0,0,7,0,20,7,11,0,0,0
2003,50435,1,1,0,0,0,0,0,0,0,0,0,0
2003,50435,2,1,0,0,0,0,0,0,0,0,0,0
2003,50435,3,1,0,0,0,0,0,0,0,0,0,0
2003,50436,1,1,0,0,0,0,0,0,0,0,0,0
2003,50437,1,1,20,20,20,20,20,20,20,20,20,20
2003,50438,1,1,7,7,7,7,7,7,7,7,7,7
2003,50439,1,1,0,0,0,0,0,0,0,0,0,0
2003,50439,2,1,0,0,0,0,0,0,0,0,0,0
2003,50440,1,1,0,0,0,0,0,0,0,0,0,0
2003,50441,1,1,1,1,1,1,1,1,1,1,1,1
2003,50442,1,1,13,13,13,13,13,13,13,13,13,13
2003,50442,2,1,0,0,0,0,0,0,0,0,0,0
2003,50443,1,1,0,0,0,0,0,0,0,0,0,0
2003,50443,2,1,0,0,0,0,0,0,0,0,0,0
2003,50444,1,1,28,28,28,28,28,28,28,28,28,28
2003,50445,1,1,0,0,0,0,21,0,0,0,12,0
2003,50446,1,1,0,0,0,0,0,0,0,0,0,0
2003,50446,2,1,11,11,11,11,11,11,11,11,11,11
2003,50447,1,1,0,0,0,0,0,0,0,0,0,0
2003,50447,2,1,0,0,0,0,0,0,0,0,0,0
2003,50448,1,1,5,5,5,5,5,5,5,5,5,5
2003,50449,1,1,0,0,0,0,0,0,10,0,0,0
2003,50450,1,1,0,0,0,0,0,21,0,0,0,0
2003,50450,2,1,0,0,0,0,0,0,0,0,0,0
2003,50451,1,1,0,0,0,0,0,0,0,0,0,0
2003,50452,1,1,14,20,0,16,8,11,20,0,8,6
2003,50453,1,1,0,19,10,24,0,12,13,0,25,0
2003,50453,2,1,11,11,11,11,11,11,11,11,11,11
2003,50453,3,1,0,0,0,0,0,0,0,0,0,13
2003,50454,0,1,0,0,0,0,0,0,0,0,0,0
2003,50454,1,1,0,0,0,0,0,0,0,0,0,0
2003,50455,1,1,19,19,19,19,19,19,19,19,19,19
2003,50456,1,1,0,31,0,0,0,0,0,0,8,0
2003,50457,1,1,2,0,0,0,7,0,0,0,0,0
2003,50457,2,1,0,0,0,0,0,0,0,0,0,0
2003,50458,0,1,0,0,0,0,0,0,0,0,0,7
2003,50458,1,1,1,1,1,1,1,1,1,1,1,1
2003,50459,0,1,0,0,0,0,0,0,0,0,0,0
2003,50459,1,1,0,0,0,0,0,2,0,0,0,0
2003,50459,2,1,0,5,0,0,0,0,0,0,0,0
2003,50460,1,1,12,0,0,0,0,0,0,10,0,10
2003,50461,0,1,31,31,31,31,31,31,31,31,31,31
2003,50461,1,1,0,0,0,0,0,0,0,0,0,0
2003,50462,1,1,0,0,0,0,0,0,0,0,0,0
2003,50462,2,1,0,0,0,0,0,0,0,0,0,0
2003,50463,0,1,18,18,18,18,18,18,18,18,18,18
2003,50463,1,1,0,0,0,0,0,0,0,0,0,0
2003,50464,1,1,1,1,1,1,1,1,1,1,1,1
2003,50465,1,1,21,21,21,21,21,21,21,21,21,21
2003,50465,2,1,0,0,0,0,0,0,0,0,0,11
2003,50466,1,1,0,0,0,0,0,0,0,0,0,0
2003,50466,2,1,0,0,0,0,0,0,0,0,0,0
2003,50466,3,1,0,0,0,0,0,0,0,0,0,0
2003,50466,4,1,0,0,0,0,0,0,0,0,0,0
2003,50467,1,1,0,0,0,0,0,0,0,0,0,0
2003,50467,2,1,0,0,0,0,0,0,0,0,0,0
2003,50468,0,1,0,0,0,0,0,0,0,0,0,0
2003,50468,1,1,0,0,0,0,0,0,0,0,0,0
2003,50469,1,1,40,35,31,28,25,0,0,26,5,4
2003,50470,1,1,0,0,0,0,0,0,0,0,0,0
2003,50470,2,1,0,0,0,0,0,0,0,0,0,0
2003,50471,1,1,3,3,3,3,3,3,3,3,3,3
2003,50472,1,1,0,0,0,0,0,0,0,0,0,0
2003,50473,1,1,0,0,0,0,0,0,0,0,0,0
2003,50474,1,1,0,0,12,0,21,0,0,9,0,0
2003,50475,1,1,0,0,0,0,0,0,0,0,0,0
2003,50475,2,1,15,15,15,15,15,15,15,15,15,15
2003,50476,1,1,0,0,0,0,0,0,0,0,0,0
2003,50477,1,1,26,26,26,26,26,26,26,26,26,26
2003,50478,1,1,21,21,21,21,21,21,21,21,21,21
2003,50479,0,1,0,0,0,0,0,0,0,0,0,0
2003,50479,1,1,0,0,0,0,0,0,0,0,0,0
2003,50479,2,1,0,0,0,0,0,0,0,0,0,0
2003,50480,1,1,0,0,0,0,0,5,0,0,0,0
2003,50480,2,1,0,0,0,0,0,0,0,0,0,0
2003,50481,1,1,0,23,16,0,12,31,0,6,0,31
2003,50482,1,1,0,0,0,0,0,0,0,0,0,0
2003,50483,1,1,0,0,0,0,0,0,0,0,0,0
2003,50483,2,1,0,0,0,0,0,0,0,0,0,0
2003,50484,1,1,0,0,0,0,0,0,0,0,0,0
2003,50484,2,1,0,0,0,0,0,0,0,0,0,0
2003,50485,1,1,0,0,0,0,0,0,0,0,0,0
2003,50486,1,1,0,0,0,0,0,0,0,0,0,0
2003,50486,2,1,0,0,0,0,0,0,0,0,0,0
2003,50487,1,1,0,0,0,0,0,0,0,0,0,0
2003,50488,0,1,2,2,2,2,2,2,2,2,2,2
2003,50488,1,1,0,0,0,0,0,0,0,0,0,0
2003,50489,1,1,0,0,0,0,0,0,0,0,0,0
2003,50489,2,1,0,0,0,0,0,0,0,0,0,0
2003,50490,1,1,7,7,7,7,7,7,7,7,7,7
2003,50491,1,1,0,0,0,0,0,0,0,0,0,0
2003,50492,1,1,0,0,0,0,0,0,0,0,0,0
2003,50492,2,1,0,0,0,0,0,0,0,0,0,0
2003,50493,1,1,0,0,0,0,0,0,0,0,0,0
2003,50494,1,1,0,13,0,0,0,0,0,9,0,0
2003,50495,1,1,0,0,0,0,0,0,0,0,0,0
2003,50495,2,1,0,0,0,0,0,0,0,0,0,0
2003,50496,1,1,0,0,0,0,0,0,0,0,0,0
2003,50496,2,1,0,0,0,0,0,0,0,0,0,0
2003,50496,3,1,0,0,0,0,0,11,0,0,0,0
2003,50497,0,1,0,0,0,0,0,0,0,0,0,0
2003,50497,1,1,0,0,0,0,0,0,0,0,0,0
2003,50498,1,1,0,0,0,0,0,0,0,0,0,0
2003,50499,1,1,0,0,0,0,0,0,0,0,0,0
2003,50500,1,1,3,3,3,3,3,3,3,3,3,3
2003,50501,1,1,22,22,22,22,22,22,22,22,22,22
2003,50502,1,1,0,0,0,0,0,0,0,0,0,0
2003,50503,1,1,0,0,0,0,0,0,0,0,0,0
2003,50504,1,1,0,0,0,0,0,0,0,0,0,0
2003,50505,1,1,19,19,19,19,19,19,19,19,19,19
2003,50506,1,1,0,0,0,0,0,0,0,0,6,0
2003,50506,2,1,0,0,0,0,0,0,0,0,0,0
2003,50507,1,1,0,0,0,0,0,0,0,0,0,0
2003,50508,0,1,0,0,0,0,0,0,0,0,0,0
2003,50508,1,1,0,0,0,0,0,0,0,0,0,0
2003,50509,1,1,16,16,16,16,16,16,16,16,16,16
2003,50510,0,1,0,0,0,0,0,0,0,0,0,0
2003,50510,1,1,0,0,0,0,0,0,0,21,0,0
2003,50511,0,1,0,0,0,0,0,0,0,0,0,0
2003,50512,1,1,0,0,0,0,0,0,0,0,0,0
2003,50512,2,1,0,0,0,0,0,0,0,0,0,0
2003,50513,1,1,0,0,0,0,0,0,0,0,0,0
2003,50514,1,1,0,0,0,0,0,0,0,0,0,0
2003,50514,2,1,21,21,21,21,21,21,21,21,21,21
2003,50515,1,1,0,0,0,0,0,0,0,0,0,0
2003,50516,1,1,20,20,20,20,20,20,20,20,20,20
2003,50517,1,1,0,0,0,0,0,0,0,0,0,0
2003,50517,2,1,0,0,0,0,0,0,0,0,0,0
2003,50518,1,1,0,0,0,0,0,0,0,0,0,0
2003,50518,2,1,0,0,0,0,0,0,0,0,0,0
2003,50518,3,1,0,0,0,0,0,0,0,0,0,0
2003,50519,1,1,0,0,0,0,0,0,0,0,0,0
2003,50519,2,1,0,0,0,0,0,0,0,0,0,0
2003,50520,1,1,25,10,34,18,33,0,0,42,8,21
2003,50521,1,1,0,0,0,0,0,0,0,0,0,0
2003,50521,2,1,0,0,0,0,0,0,0,0,0,0
2003,50522,1,1,0,0,0,0,0,0,0,0,0,0
2003,50523,1,1,20,20,20,20,20,20,20,20,20,20
2003,50523,2,1,0,0,0,0,0,0,0,0,0,0
2003,50524,1,1,27,27,27,27,27,27,27,27,27,27
2003,50525,1,1,4,4,4,4,4,4,4,4,4,4
2003,50525,2,1,5,5,5,5,5,5,5,5,5,5
2003,50526,1,1,5,5,5,5,5,5,5,5,5,5
2003,50526,2,1,0,0,0,0,0,0,0,0,0,0
2003,50527,1,1,0,0,0,0,0,0,0,0,0,0
2003,50527,2,1,31,31,31,31,31,31,31,31,31,31
2003,50528,1,1,0,6,0,0,0,0,0,0,0,0
2003,50528,2,1,0,0,0,0,0,0,0,0,0,0
2003,50529,1,1,0,0,0,0,0,0,0,0,0,0
2003,50530,1,1,0,0,0,0,0,0,0,0,0,0
2003,50530,2,1,0,0,0,0,0,0,0,0,0,0
2003,50531,1,1,34,19,17,22,18,0,14,22,26,22
2003,50532,1,1,22,22,22,22,22,22,22,22,22,22
2003,50533,1,1,0,0,0,0,0,0,0,0,0,0
2003,50534,1,1,0,0,0,0,0,0,0,0,0,0
2003,50534,2,1,0,0,0,0,0,0,0,0,0,0
2003,50535,0,1,0,0,0,0,0,0,0,0,0,0
2003,50535,1,1,0,0,0,0,0,0,0,0,0,0
2003,50536,1,1,16,16,16,16,16,16,16,16,16,16
2003,50537,0,1,30,30,30,30,30,30,30,30,30,30
2003,50537,1,1,0,0,0,0,0,0,0,0,0,0
2003,50538,1,1,16,16,16,16,16,16,16,16,16,16
2003,50539,1,1,0,0,0,0,0,0,0,0,0,0
2003,50540,1,1,25,25,25,25,25,25,25,25,25,25
2003,50541,1,1,0,0,0,0,0,0,0,0,0,0
2003,50541,2,1,10,10,10,10,10,10,10,10,10,10
2003,50542,1,1,0,0,0,0,0,0,0,0,0,0
2003,50542,2,1,0,0,0,0,0,0,0,0,0,0
2003,50543,1,1,0,0,0,0,0,0,0,0,0,0
2003,50543,2,1,0,0,0,0,0,0,0,0,0,0
2003,50544,1,1,17,17,17,17,17,17,17,17,17,17
2003,50545,1,1,0,0,0,0,0,0,0,0,0,0
2003,50545,2,1,0,0,0,0,0,0,0,0,0,0
2003,50546,1,1,0,0,0,0,0,0,0,0,0,0
2003,50547,1,1,0,0,0,0,0,0,0,0,0,0
2003,50548,0,1,0,17,0,0,0,0,0,25,0,0
2003,50548,1,1,0,0,0,0,0,0,0,0,0,0
2003,50549,0,1,0,0,0,0,0,0,0,0,0,0
2003,50549,1,1,0,0,0,0,0,0,0,0,0,0
2003,50550,1,1,0,0,0,0,0,0,0,0,0,0
2003,50551,1,1,13,13,13,13,13,13,13,13,13,13
2003,50552,1,1,0,0,0,0,0,0,0,0,0,0
2003,50552,2,1,0,0,0,0,0,0,0,0,0,0
2003,50553,1,1,0,0,0,0,0,0,0,0,0,0
2003,50554,1,1,0,0,0,0,0,0,0,0,0,0
2003,50554,2,1,0,0,0,0,0,0,0,0,0,0
2003,50555,1,1,0,0,0,0,0,0,0,0,0,10
2003,50556,1,1,0,0,0,0,0,0,0,0,0,0
2003,50557,1,1,13,13,13,13,13,13,13,13,13,13
2003,50558,0,1,15,15,15,15,15,15,15,15,15,15
2003,50558,1,1,0,0,0,0,0,0,0,0,0,0
2003,50559,1,1,0,0,0,0,0,0,0,11,0,0
2003,50560,1,1,0,0,0,0,0,0,0,0,0,0
2003,50560,2,1,0,0,0,0,0,0,0,0,0,0
2003,50561,1,1,0,0,0,0,0,0,0,0,0,0
2003,50561,2,1,0,0,0,0,0,0,0,0,0,0
2003,50562,1,1,0,0,0,0,0,0,0,0,0,0
2003,50562,2,1,0,0,0,0,0,0,0,0,0,0
2003,50563,1,1,30,30,30,30,30,30,30,30,30,30
2003,50564,1,1,0,0,0,0,0,0,0,0,0,0
2003,80001,1,1,27,27,27,27,27,27,27,27,27,27
2003,80002,1,1,0,0,0,0,0,0,0,0,0,0
2003,80002,2,1,0,0,0,0,0,0,0,15,0,0
2003,80003,1,1,0,0,0,0,0,0,0,0,0,0
2003,80003,2,1,0,0,0,0,0,0,0,0,0,0
2003,80003,3,1,0,0,0,0,0,0,0,0,0,0
2003,80003,4,1,0,0,0,0,0,0,0,0,0,0
2003,80004,1,1,33,33,33,33,33,33,33,33,33,33
2003,80005,1,1,0,0,0,0,0,0,0,0,0,0
2003,80006,0,1,23,23,23,23,23,23,23,23,23,23
2003,80006,1,1,0,0,0,0,10,9,0,0,8,0
2003,80007,1,1,23,23,23,23,23,23,23,23,23,23
2003,80007,2,1,3,3,3,3,3,3,3,3,3,3
2003,80008,1,1,0,0,0,5,0,0,0,0,0,0
2003,80008,2,1,0,0,0,0,0,0,0,0,0,0
2003,80009,1,1,0,0,0,0,0,0,0,0,0,0
2003,80010,1,1,0,0,0,0,0,0,0,0,0,0
2003,80010,2,1,0,0,0,0,0,0,0,0,0,0
2003,80011,1,1,0,28,14,0,10,9,6,23,0,23
2003,80011,2,1,10,10,10,10,10,10,10,10,10,10
2003,80012,1,1,0,0,0,0,0,0,0,0,0,0
2003,80013,1,1,15,15,15,15,15,15,15,15,15,15
2003,80014,1,1,10,10,10,10,10,10,10,10,10,10
2003,80015,1,1,16,16,16,16,16,16,16,16,16,16
2003,80016,1,1,0,0,0,0,0,0,0,0,0,0
2003,80016,2,1,0,0,0,0,0,0,0,0,0,0
2003,80017,1,1,0,0,0,0,0,0,0,0,0,12
2003,80017,2,1,0,0,0,0,0,0,0,0,0,0
2003,80018,1,1,0,0,0,0,0,0,0,0,0,0
2003,80018,2,1,0,0,0,0,0,0,0,0,0,0
2003,80019,0,1,0,0,0,0,0,0,0,0,0,0
2003,80019,1,1,0,0,0,0,0,0,0,0,0,22
2003,80020,1,1,28,28,28,28,28,28,28,28,28,28
2003,80021,0,1,25,25,25,25,25,25,25,25,25,25
2003,80021,1,1,0,0,0,15,0,0,0,0,21,13
2003,80022,1,1,18,18,18,18,18,18,18,18,18,18
2003,80023,1,1,0,0,0,0,0,0,0,0,0,0
2003,80023,2,1,0,0,0,0,0,0,0,0,0,0
2003,80024,1,1,0,0,0,0,0,0,0,0,0,0
2003,80024,2,1,0,0,0,0,0,0,0,0,0,0
2003,80025,1,1,0,0,0,0,0,0,0,0,0,0
2003,80025,2,1,0,0,0,0,0,0,0,0,0,0
2003,80026,1,1,0,0,0,0,0,0,0,0,0,0
2003,80026,2,1,0,0,0,0,0,0,0,0,0,0
2003,80027,1,1,0,0,0,0,0,0,0,0,0,0
2003,80027,2,1,0,0,0,0,0,0,0,0,0,0
2003,80028,0,1,20,20,20,20,20,20,20,20,20,20
2003,80028,1,1,0,0,0,0,0,0,0,0,0,0
2003,80029,1,1,0,0,0,0,0,0,0,0,0,0
2003,80029,2,1,0,0,0,0,0,0,0,0,0,0
2003,80029,3,1,0,0,0,0,0,0,0,0,0,0
2003,80029,4,1,0,0,0,0,0,0,0,0,0,0
2003,80029,5,1,0,0,0,0,0,0,0,0,0,0
2003,80030,0,1,17,17,17,17,17,17,17,17,17,17
2003,80030,1,1,0,0,0,0,0,0,0,0,0,0
2003,80031,1,1,0,0,0,0,0,0,0,0,0,0
2003,80032,1,1,0,0,0,0,0,0,0,0,0,0
2003,80032,2,1,0,0,0,0,0,0,0,0,0,0
2003,80033,1,1,10,10,10,10,10,10,10,10,10,10
2003,80034,1,1,12,12,12,12,12,12,12,12,12,12
2003,80035,0,1,4,4,4,4,4,4,4,4,4,4
2003,80035,1,1,31,21,17,19,13,17,11,7,27,23
2003,80036,1,1,0,0,0,0,0,0,0,0,0,0
2003,80036,2,1,0,0,0,0,0,0,0,0,0,0
2003,80037,1,1,0,0,0,0,5,0,0,0,0,0
2003,80038,1,1,6,6,6,6,6,6,6,6,6,6
2003,80039,1,1,24,24,24,24,24,24,24,24,24,24
2003,80040,1,1,0,0,0,0,0,0,0,0,0,0
2003,80040,2,1,0,0,0,0,0,0,0,0,0,0
2003,80041,1,1,0,0,0,0,0,0,0,0,0,0
2003,80042,1,1,17,17,17,17,17,17,17,17,17,17
2003,80043,1,1,0,0,0,0,0,0,0,0,0,0
2003,80043,2,1,0,0,0,0,0,0,0,0,0,0
2003,80044,1,1,20,20,20,20,20,20,20,20,20,20
2003,80045,0,1,31,31,31,31,31,31,31,31,31,31
2003,80045,1,1,0,0,0,17,0,0,0,0,0,0
2003,80046,1,1,0,0,0,0,0,0,0,0,0,0
2003,80046,2,1,0,0,0,0,0,0,0,0,0,0
2003,80047,1,1,0,0,0,0,0,0,0,0,0,0
2003,80047,2,1,0,0,0,0,0,0,0,0,0,0
2003,80048,1,1,0,0,0,0,0,0,0,0,0,0
2003,80048,2,1,0,0,0,0,0,0,0,0,0,0
2003,80049,0,1,20,20,20,20,20,20,20,20,20,20
2003,80049,1,1,0,0,0,14,0,0,0,0,0,0
2003,80050,1,1,0,0,0,0,0,0,0,0,0,0
2003,80051,1,1,5,5,5,5,5,5,5,5,5,5
2003,80051,2,1,0,0,0,0,0,0,8,0,0,0
2003,80051,3,1,0,0,0,0,0,0,0,0,20,0
2003,80052,1,1,24,24,24,24,24,24,24,24,24,24
2003,80053,1,1,0,0,0,0,0,0,0,25,25,7
2003,80054,1,1,0,0,0,0,0,0,0,0,0,0
2003,80055,1,1,0,0,0,0,0,0,0,0,0,0
2003,80056,1,1,20,20,20,20,20,20,20,20,20,20
2003,80057,1,1,16,16,16,16,16,16,16,16,16,16
2003,80058,1,1,26,26,26,26,26,26,26,26,26,26
2003,80059,0,1,0,29,0,0,0,8,0,12,0,0
2003,80059,1,1,0,0,0,0,0,0,0,0,0,0
2003,80060,1,1,0,0,0,0,0,0,0,0,0,0
2003,80061,0,1,6,6,6,6,6,6,6,6,6,6
2003,80061,1,1,0,0,0,0,0,0,0,0,0,0
2003,80062,1,1,0,0,0,0,0,0,0,0,0,0
2003,80063,1,1,28,28,28,28,28,28,28,28,28,28
2003,80064,1,1,13,13,13,13,13,13,13,13,13,13
2003,80065,0,1,0,0,0,0,0,0,0,0,0,0
2003,80065,1,1,0,0,0,0,0,20,0,0,0,0
2003,80066,1,1,0,0,0,0,0,0,0,0,0,0
2003,80067,1,1,0,0,0,0,0,0,0,0,0,13
2003,80068,1,1,11,11,11,11,11,11,11,11,11,11
2003,80069,1,1,17,17,17,17,17,17,17,17,17,17
2003,80070,1,1,0,0,0,0,0,0,0,0,0,0