YEAR,ST_CASE,veh_no,per_no,P1,P2,P3,P4,P5,P6,P7,P8,P9,P10
2003,80343,1,1,0,0,0,0,0,0,0,0,0,0
2003,80344,1,1,0,0,0,0,20,0,0,0,0,0
2003,80344,2,1,0,0,0,0,0,0,0,0,0,0
2003,80345,1,1,7,7,7,7,7,7,7,7,7,7
2003,80346,1,1,0,0,0,0,0,0,0,0,0,0
2003,80347,1,1,16,0,0,0,0,0,0,17,0,0
2003,80347,2,1,0,0,0,0,0,0,0,0,0,0
2003,80348,0,1,0,0,0,0,0,0,0,0,0,0
2003,80348,1,1,0,0,0,0,0,0,0,0,0,7
2003,80349,1,1,21,21,21,21,21,21,21,21,21,21
2003,80350,1,1,15,15,15,15,15,15,15,15,15,15
2003,80351,1,1,11,11,11,11,11,11,11,11,11,11
2003,80352,0,1,0,0,0,0,0,0,0,0,0,0
2003,80352,1,1,0,0,0,0,0,0,0,0,0,0
2003,80353,1,1,0,0,0,0,0,0,0,0,0,6
2003,80353,2,1,0,0,0,0,0,0,0,0,0,0
2003,80354,1,1,26,26,26,26,26,26,26,26,26,26
2003,80355,1,1,0,0,0,0,0,0,0,0,0,0
2003,80355,2,1,0,0,0,0,0,0,0,0,0,0
2003,80356,1,1,0,0,0,0,0,0,0,0,0,0
2003,80357,1,1,0,0,0,0,0,0,0,0,0,0
2003,80357,2,1,0,0,0,0,0,0,0,0,0,0
2003,80358,1,1,16,16,16,16,16,16,16,16,16,16
2003,80359,1,1,0,0,0,0,0,0,0,0,0,0
2003,80360,1,1,0,0,0,0,0,0,0,0,0,0
2003,80361,0,1,15,15,15,15,15,15,15,15,15,15
2003,80361,1,1,19,20,0,11,27,18,13,9,21,39
2003,80362,1,1,0,0,0,0,0,0,0,0,0,0
2003,80363,1,1,0,0,0,0,0,0,0,0,0,0
2003,80363,2,1,0,0,0,0,0,0,0,0,0,0
2003,80364,1,1,5,5,5,5,5,5,5,5,5,5
2003,80365,1,1,0,0,0,0,0,0,0,0,0,0
2003,80365,2,1,0,0,0,0,0,0,0,0,0,0
2003,80366,1,1,20,20,20,20,20,20,20,20,20,20
2003,80367,0,1,42,42,42,42,42,42,42,42,42,42
2003,80367,1,1,22,0,0,0,0,15,0,0,0,20
2003,80368,1,1,0,0,0,0,0,0,0,0,0,0
2003,80369,1,1,0,0,0,0,0,0,0,0,0,0
2003,80369,2,1,0,0,0,0,0,0,0,0,0,0
2003,80370,1,1,25,28,20,11,5,0,8,10,17,8
2003,80370,2,1,0,0,0,0,0,0,0,0,0,0
2003,80371,1,1,0,0,0,0,0,0,0,0,0,0
2003,80371,2,1,0,0,0,0,0,0,0,0,0,0
2003,80372,1,1,16,16,16,16,16,16,16,16,16,16
2003,80373,0,1,28,28,28,28,28,28,28,28,28,28
2003,80373,1,1,14,14,14,14,14,14,14,14,14,14
2003,80374,0,1,12,12,12,12,12,12,12,12,12,12
2003,80374,1,1,0,0,0,0,0,0,0,0,0,0
2003,80375,1,1,0,0,0,0,0,0,0,0,0,0
2003,80375,2,1,0,0,0,0,0,0,0,0,0,0
2003,80376,1,1,0,0,0,0,0,0,0,0,0,0
2003,80376,2,1,0,0,0,0,0,0,0,0,0,0
2003,80377,1,1,0,9,0,0,0,0,0,0,0,0
2003,80377,2,1,0,0,0,0,0,0,0,0,0,0
2003,80378,1,1,0,0,0,0,0,0,0,0,0,0
2003,80379,1,1,0,0,0,0,0,0,0,0,0,0
2003,80379,2,1,0,0,0,0,0,0,0,0,0,0
2003,80380,1,1,0,0,0,0,0,0,0,0,0,0
2003,80380,2,1,0,0,0,0,0,0,0,0,0,0
2003,80381,1,1,0,0,0,0,0,0,0,0,0,9
2003,80382,1,1,0,0,0,0,0,0,0,0,0,0
2003,80383,1,1,0,0,0,0,0,0,0,0,0,0
2003,80384,1,1,0,0,0,0,0,0,0,0,0,0
2003,80384,2,1,0,0,0,0,8,0,0,0,0,0
2003,80385,1,1,16,16,16,16,16,16,16,16,16,16
2003,80386,0,1,0,0,0,0,0,0,0,0,0,0
2003,80386,1,1,0,0,0,0,0,0,0,0,0,0
2003,80386,2,1,0,0,0,0,0,0,0,0,0,0
2003,80387,1,1,0,0,0,0,0,0,0,0,0,0
2003,80388,1,1,0,0,0,0,0,0,0,0,0,0
2003,80388,2,1,0,0,0,0,0,0,0,0,0,0
2003,80389,1,1,28,28,28,28,28,28,28,28,28,28
2003,80390,1,1,0,0,0,0,0,0,0,0,0,0
2003,80390,2,1,0,0,0,0,0,0,0,0,0,0
2003,80391,1,1,19,19,19,19,19,19,19,19,19,19
2003,80392,0,1,0,0,0,0,0,0,0,0,0,0
2003,80392,1,1,0,0,0,0,0,0,0,0,0,0
2003,80393,1,1,26,26,26,26,26,26,26,26,26,26
2003,80394,1,1,8,8,8,8,8,8,8,8,8,8
2003,80395,1,1,0,0,0,0,0,0,0,0,0,0
2003,80396,1,1,26,26,26,26,26,26,26,26,26,26
2003,80397,1,1,8,8,8,8,8,8,8,8,8,8
2003,80398,1,1,0,0,0,0,0,0,0,0,0,0
2003,80399,0,1,33,33,33,33,33,33,33,33,33,33
2003,80399,1,1,0,0,0,0,0,0,0,0,0,0
2003,80400,1,1,0,14,0,0,17,0,0,0,0,0
2003,80401,1,1,10,10,10,10,10,10,10,10,10,10
2003,80402,1,1,21,21,21,21,21,21,21,21,21,21
2003,80403,1,1,22,22,22,22,22,22,22,22,22,22
2003,80404,1,1,16,16,16,16,16,16,16,16,16,16
2003,80405,1,1,21,21,21,21,21,21,21,21,21,21
2003,80406,1,1,0,0,13,0,0,0,0,0,0,0
2003,80407,1,1,0,0,0,0,0,0,0,0,0,0
2003,80408,1,1,0,0,0,0,0,0,0,0,0,0
2003,80409,1,1,19,19,19,19,19,19,19,19,19,19
2003,80410,1,1,16,16,16,16,16,16,16,16,16,16
2003,80411,1,1,29,29,29,29,29,29,29,29,29,29
2003,80412,1,1,0,0,0,0,0,0,0,0,0,0
2003,80412,2,1,0,0,0,0,0,0,0,0,0,0
2003,80413,1,1,21,21,21,21,21,21,21,21,21,21
2003,80414,1,1,0,0,0,0,0,0,0,0,0,0
2003,80414,2,1,0,0,0,0,0,0,0,0,0,0
2003,80415,1,1,0,0,0,0,0,0,0,0,0,0
2003,80416,1,1,0,0,0,13,0,0,0,0,0,0
2003,80417,1,1,0,0,0,0,0,0,0,0,0,0
2003,80417,2,1,0,0,0,0,0,0,0,0,0,0
2003,80418,1,1,0,0,0,0,0,0,0,0,0,0
2003,80418,2,1,0,0,0,0,0,0,0,0,0,0
2003,80419,1,1,0,0,0,0,0,0,0,0,0,0
2003,80420,1,1,0,0,0,0,0,0,0,0,0,0
2003,80420,2,1,0,0,0,0,0,0,7,0,0,0
2003,80421,1,1,29,29,29,29,29,29,29,29,29,29
2003,80422,1,1,24,24,24,24,24,24,24,24,24,24
2003,80423,1,1,0,0,0,0,0,0,0,0,0,0
2003,80423,2,1,0,0,0,0,0,0,0,0,0,0
2003,80424,1,1,0,0,0,0,0,0,0,0,0,0
2003,80425,1,1,0,0,0,0,0,0,0,0,0,0
2003,80426,1,1,20,20,20,20,20,20,20,20,20,20
2003,80427,0,1,0,0,0,0,0,0,0,0,0,0
2003,80427,1,1,0,0,0,6,0,0,0,0,0,0
2003,80428,0,1,26,26,26,26,26,26,26,26,26,26
2003,80428,1,1,0,0,0,0,0,0,0,0,0,0
2003,80429,1,1,0,0,0,0,0,0,0,0,0,0
2003,80430,0,1,19,24,12,27,18,25,27,23,25,23
2003,80430,0,2,21,11,14,9,29,0,26,33,28,16
2003,80430,1,1,28,28,28,28,28,28,28,28,28,28
2003,80431,1,1,2,2,2,2,2,2,2,2,2,2
2003,80432,1,1,0,0,0,0,0,0,0,0,0,0
2003,80433,1,1,18,18,18,18,18,18,18,18,18,18
2003,80434,1,1,22,22,22,22,22,22,22,22,22,22
2003,80435,1,1,0,0,0,0,0,0,0,0,0,0
2003,80436,1,1,20,20,20,20,20,20,20,20,20,20
2003,80437,1,1,26,26,26,26,26,26,26,26,26,26
2003,80438,1,1,31,31,31,31,31,31,31,31,31,31
2003,80439,1,1,12,12,12,12,12,12,12,12,12,12
2003,80439,2,1,0,0,0,0,0,0,0,0,0,0
2003,80440,1,1,0,0,0,0,0,0,0,0,0,0
2003,80441,0,1,22,27,45,13,19,28,21,23,14,0
2003,80441,1,1,0,0,0,0,0,0,0,0,0,0
2003,80442,1,1,16,16,16,16,16,16,16,16,16,16
2003,80442,2,1,0,0,0,0,0,0,0,0,0,0
2003,80443,1,1,0,0,0,0,0,0,0,0,0,0
2003,80444,1,1,0,0,11,0,0,0,0,0,8,0
2003,80445,1,1,0,0,0,0,0,0,0,0,0,0
2003,80446,1,1,0,0,0,0,0,0,0,0,0,0
2003,80447,1,1,0,0,0,0,0,0,0,0,0,0
2003,80448,1,1,21,21,21,21,21,21,21,21,21,21
2003,80449,1,1,0,0,0,0,0,0,0,0,0,0
2003,80450,1,1,16,16,16,16,16,16,16,16,16,16
2003,80451,1,1,0,0,0,0,0,0,0,0,0,0
2003,80452,1,1,0,0,0,0,0,0,0,0,0,0
2003,80453,1,1,0,0,0,0,0,0,31,0,0,0
2003,80454,1,1,16,16,16,16,16,16,16,16,16,16
2003,80455,1,1,0,0,0,5,0,0,0,0,0,0
2003,80456,1,1,0,0,0,0,0,0,0,0,0,0
2003,80456,2,1,7,0,0,0,0,0,0,0,0,0
2003,80457,1,1,23,23,23,23,23,23,23,23,23,23
2003,80458,1,1,10,10,10,10,10,10,10,10,10,10
2003,80459,1,1,0,0,0,0,0,0,0,0,0,0
2003,80460,1,1,21,21,21,21,21,21,21,21,21,21
2003,80460,2,1,8,8,8,8,8,8,8,8,8,8
2003,80461,1,1,0,0,0,0,0,0,0,0,0,0
2003,80461,2,1,0,0,0,0,0,0,0,0,0,0
2003,80462,1,1,0,0,0,0,0,0,0,0,0,0
2003,80463,1,1,0,0,0,0,0,0,0,0,0,0
2003,80464,1,1,17,17,17,17,17,17,17,17,17,17
2003,80465,0,1,0,0,0,0,0,0,0,0,0,0
2003,80465,1,1,0,0,0,0,0,10,0,0,0,0
2003,80466,1,1,0,0,0,0,0,0,0,0,0,0
2003,80466,2,1,0,0,0,0,0,0,6,0,0,0
2003,80467,1,1,12,12,12,12,12,12,12,12,12,12
2003,80468,1,1,17,24,15,13,20,31,37,11,11,23
2003,80469,1,1,0,0,0,0,0,0,0,0,0,0
2003,80469,2,1,0,0,0,0,0,0,0,0,0,0
2003,80470,1,1,25,25,25,25,25,25,25,25,25,25
2003,80471,1,1,0,0,0,0,0,0,0,0,0,0
2003,80472,1,1,0,0,0,0,0,0,0,0,0,0
2003,80473,1,1,0,0,0,0,0,0,0,0,0,0
2003,80473,2,1,0,0,0,0,0,0,0,0,0,0
2003,80474,1,1,0,0,0,0,0,0,0,0,0,0
2003,80474,2,1,0,0,0,0,0,0,0,0,0,0
2003,80475,1,1,0,0,0,0,0,0,0,0,0,0
2003,80475,2,1,0,0,0,0,0,0,0,0,0,0
2003,80476,0,1,0,0,0,0,0,0,0,0,0,0
2003,80476,1,1,0,0,0,0,0,0,0,0,0,0
2003,80477,1,1,0,0,0,0,0,0,0,0,0,0
2003,80477,2,1,0,0,0,0,0,0,0,0,0,0
2003,80478,1,1,0,0,0,0,0,0,0,0,0,0
2003,80478,2,1,0,0,0,0,0,0,0,0,0,0
2003,80479,1,1,0,0,0,0,0,0,0,0,6,0
2003,80479,2,1,0,0,0,0,0,0,0,0,0,0
2003,80480,0,1,19,19,19,19,19,19,19,19,19,19
2003,80480,1,1,0,0,0,0,0,23,0,0,0,0
2003,80481,1,1,0,0,0,0,0,0,0,0,0,0
2003,80481,2,1,0,0,0,0,0,0,0,0,0,0
2003,80482,1,1,0,0,0,0,0,0,0,0,0,0
2003,80482,2,1,0,0,0,0,0,0,0,0,0,0
2003,80483,1,1,0,0,0,0,0,0,0,0,0,0
2003,80483,2,1,0,0,0,0,0,0,0,0,0,0
2003,80484,0,1,32,32,32,32,32,32,32,32,32,32
2003,80484,1,1,10,0,0,0,0,0,0,24,0,17
2003,80485,1,1,0,0,0,0,0,0,0,0,0,0
2003,80485,2,1,0,0,0,0,0,0,0,0,0,0
2003,80486,1,1,0,0,0,0,0,0,0,0,0,0
2003,80486,2,1,5,0,0,0,0,0,0,4,0,0
2003,80487,1,1,16,16,16,16,16,16,16,16,16,16
2003,80487,2,1,0,0,0,0,0,0,0,0,0,0
2003,80488,1,1,12,12,12,12,12,12,12,12,12,12
2003,80488,2,1,0,0,0,0,0,0,0,0,0,0
2003,80489,0,1,25,25,25,25,25,25,25,25,25,25
2003,80489,1,1,0,0,0,0,0,0,0,0,0,0
2003,80490,1,1,0,0,0,0,0,0,0,0,0,0
2003,80490,2,1,0,0,0,0,0,0,0,0,0,0
2003,80491,1,1,0,0,0,0,0,0,4,0,0,15
2003,80491,2,1,0,0,0,0,0,0,0,0,0,0
2003,80491,3,1,0,0,0,0,0,0,0,0,0,16
2003,80492,1,1,25,25,25,25,25,25,25,25,25,25
2003,80492,2,1,0,0,0,26,0,0,0,0,0,0
2003,80493,1,1,0,0,0,0,0,0,0,0,0,0
2003,80493,2,1,0,0,0,0,0,0,0,0,0,0
2003,80494,1,1,0,0,0,0,0,0,0,0,0,0
2003,80494,2,1,0,0,0,0,0,0,0,0,0,0
2003,80494,3,1,0,0,0,0,0,0,0,0,0,0
2003,80495,1,1,29,29,29,29,29,29,29,29,29,29
2003,80495,2,1,0,0,0,0,0,0,0,0,7,0
2003,80496,1,1,0,0,0,0,0,0,0,0,0,0
2003,80496,2,1,0,0,0,0,0,0,0,0,0,0
2003,80497,1,1,0,0,0,0,0,0,0,0,0,0
2003,80497,2,1,0,0,0,0,0,0,0,0,0,0
2003,80498,1,1,0,0,0,0,0,0,0,0,0,0
2003,80498,2,1,0,0,0,0,0,0,0,0,0,0
2003,80499,1,1,0,0,0,0,0,0,0,0,0,0
2003,80499,2,1,0,0,0,0,0,0,0,0,0,0
2003,80500,1,1,26,26,26,26,26,26,26,26,26,26
2003,80501,0,1,0,0,0,0,0,0,0,0,0,0
2003,80501,1,1,0,0,0,0,0,0,0,0,0,0
2003,80502,1,1,14,14,14,14,14,14,14,14,14,14
2003,80502,2,1,14,14,14,14,14,14,14,14,14,14
2003,80503,1,1,15,15,15,15,15,15,15,15,15,15
2003,80503,2,1,0,0,0,0,0,0,2,0,0,0
2003,80504,1,1,10,0,0,0,0,0,0,0,0,14
2003,80504,2,1,0,0,0,0,0,0,0,0,0,0
2003,80505,1,1,0,10,0,0,19,9,0,0,6,0
2003,80505,2,1,0,0,0,0,0,0,0,0,0,0
2003,80506,0,1,0,0,0,0,0,0,0,0,0,0
2003,80507,1,1,0,0,0,0,0,0,0,0,0,0
2003,80507,2,1,0,0,0,0,0,0,0,0,0,0
2003,80508,1,1,0,0,0,0,0,0,0,0,0,0
2003,80508,2,1,0,0,0,0,0,0,0,0,0,0
2003,80509,1,1,0,0,0,0,0,0,0,0,0,0
2003,80509,2,1,0,0,0,0,0,0,0,0,0,0
2003,80510,1,1,0,0,0,0,0,0,0,0,0,0
2003,80510,2,1,0,0,0,0,0,0,0,0,0,0
2003,80511,1,1,11,11,11,11,11,11,11,11,11,11
2003,80511,2,1,0,0,0,0,0,0,0,0,0,0
2003,80511,3,1,0,0,0,0,0,0,0,0,0,0
2003,80512,1,1,0,0,0,0,0,0,0,0,0,0
2003,80512,2,1,0,0,0,0,0,0,0,0,0,0
2003,80512,3,1,0,0,0,0,0,0,0,0,0,0
2003,80513,1,1,0,0,0,0,0,0,0,0,0,0
2003,80513,2,1,0,0,0,0,0,0,0,0,0,0
2003,80514,1,1,0,0,0,0,0,0,0,0,0,0
2003,80514,2,1,0,0,0,0,0,0,0,0,0,0
2003,80515,1,1,0,0,0,0,0,0,0,0,0,0
2003,80516,1,1,26,26,26,26,26,26,26,26,26,26
2003,80516,2,1,0,0,0,0,0,0,0,0,0,0
2003,80516,3,1,0,0,0,0,0,0,0,0,0,0
2003,80517,1,1,16,16,16,16,16,16,16,16,16,16
2003,80517,2,1,0,0,0,0,0,0,0,0,0,0
2003,80518,0,1,0,0,0,0,0,0,0,0,0,0
2003,80518,1,1,0,0,0,0,0,0,0,0,0,0
2003,80519,1,1,0,0,0,0,0,0,0,0,0,0
2003,80519,2,1,0,0,0,0,0,0,0,0,0,0
2003,80519,3,1,0,0,0,0,0,0,0,0,0,0
2003,80520,1,1,0,0,0,0,0,0,0,0,0,0
2003,80520,2,1,0,0,0,0,0,0,0,0,0,0
2003,80520,3,1,0,0,0,0,0,0,0,0,0,0
2003,80521,1,1,19,19,19,19,19,19,19,19,19,19
2003,80521,2,1,0,0,0,0,0,0,0,0,0,0
2003,80521,3,1,0,0,0,0,0,0,0,0,0,0
2003,80521,4,1,0,0,0,0,0,0,0,0,0,0
2003,80522,1,1,24,24,24,24,24,24,24,24,24,24
2003,80523,1,1,0,0,0,0,0,0,0,0,0,0
2003,80523,2,1,0,0,0,0,0,0,0,0,0,0
2003,80524,0,1,0,0,0,0,0,0,0,0,0,0
2003,80524,1,1,14,14,14,14,14,14,14,14,14,14
2003,80525,0,1,0,5,28,15,31,19,40,3,27,22
2003,80525,1,1,0,0,0,0,0,11,0,0,0,0
2003,80526,1,1,4,4,4,4,4,4,4,4,4,4
2003,80526,2,1,0,0,0,0,0,0,0,0,0,0
2003,80527,1,1,26,26,26,26,26,26,26,26,26,26
2003,80527,2,1,0,0,0,0,0,0,0,0,0,0
2003,80528,1,1,0,0,0,0,0,0,0,0,0,0
2003,80528,2,1,0,0,0,0,0,0,0,0,0,0
2003,80529,1,1,0,0,0,0,0,0,0,0,0,0
2003,80529,2,1,16,16,16,16,16,16,16,16,16,16
2003,80530,0,1,0,0,0,0,0,0,0,0,0,0
2003,80530,1,1,0,0,0,0,0,0,0,0,0,0
2003,80531,1,1,0,0,0,0,0,0,0,0,0,0
2003,80531,2,1,0,0,0,0,0,0,0,0,0,0
2003,80532,1,1,0,0,0,0,0,0,0,0,0,0
2003,80532,2,1,0,0,0,0,0,0,0,0,0,0
2003,80533,0,1,38,38,38,38,38,38,38,38,38,38
2003,80533,1,1,13,13,13,13,13,13,13,13,13,13
2003,80534,0,1,0,0,0,0,0,0,0,0,0,0
2003,80534,1,1,25,25,25,25,25,25,25,25,25,25
2003,80535,1,1,0,0,0,0,0,0,0,0,0,0
2003,80536,1,1,28,28,28,28,28,28,28,28,28,28
2003,80536,2,1,0,0,0,12,0,0,0,0,0,0
2003,80537,1,1,11,11,11,11,11,11,11,11,11,11
2003,80537,2,1,0,0,0,0,0,0,0,0,15,0
2003,80537,3,1,0,0,0,0,0,0,0,0,0,0
2003,80537,4,1,0,0,21,0,0,0,0,0,0,0
2003,80537,5,1,0,0,0,0,0,12,0,0,0,0
2003,80538,1,1,0,0,0,0,0,0,0,0,0,0
2003,80539,1,1,0,0,0,0,0,0,0,11,13,0
2003,80539,2,1,0,0,0,0,0,0,0,0,0,0
2003,80540,1,1,0,0,0,0,0,0,0,0,0,0
2003,80540,2,1,0,0,0,0,0,0,0,0,0,0
2003,80541,1,1,0,0,0,0,0,0,0,0,0,0
2003,80542,1,1,0,0,0,0,0,0,0,0,0,0
2003,80543,1,1,24,24,24,24,24,24,24,24,24,24
2003,80544,1,1,16,16,16,16,16,16,16,16,16,16
2003,80544,2,1,0,0,0,0,0,0,0,0,0,0
2003,80545,0,1,18,18,18,18,18,18,18,18,18,18
2003,80545,1,1,0,0,0,0,0,0,0,0,0,0
2003,80546,0,1,0,0,0,0,0,0,0,0,0,0
2003,80546,1,1,0,0,0,0,0,0,0,0,0,0
2003,80547,1,1,0,0,0,0,0,0,0,0,0,0
2003,80547,2,1,0,0,0,0,0,0,0,0,0,0
2003,80548,1,1,0,0,0,0,0,0,0,0,0,0
2003,80548,2,1,0,0,0,0,0,0,0,0,0,0
2003,80549,1,1,0,0,0,0,0,0,0,0,0,0
2003,80550,1,1,22,22,22,22,22,22,22,22,22,22
2003,80551,1,1,0,0,0,0,0,0,0,0,0,0
2003,80551,2,1,0,0,0,0,0,0,0,0,0,0
2003,80552,1,1,14,14,14,14,14,14,14,14,14,14
2003,80553,1,1,0,0,0,0,0,0,0,0,0,0
2003,80553,2,1,0,0,0,0,0,0,0,0,0,0
2003,80553,3,1,0,0,0,0,0,0,0,0,0,0
2003,80553,4,1,0,0,0,0,0,0,0,0,0,0
2003,80554,1,1,0,0,0,0,0,0,0,0,0,0
2003,80554,2,1,0,0,0,0,0,0,0,0,0,0
2003,80555,1,1,21,21,21,21,21,21,21,21,21,21
2003,80555,2,1,0,0,0,0,0,0,0,0,0,0
2003,80556,1,1,0,0,0,0,0,0,0,0,0,0
2003,80557,1,1,0,0,0,0,0,0,0,0,0,0
2003,80557,2,1,0,0,0,0,0,0,0,0,0,0
2003,80558,1,1,0,0,0,0,0,0,0,0,0,0
2003,80558,2,1,0,13,0,15,0,0,0,0,0,0
2003,80559,1,1,0,0,0,0,0,0,0,0,0,0
2003,80560,0,1,0,0,0,0,0,0,0,0,0,0
2003,80560,1,1,0,0,0,0,0,0,0,0,0,0
2003,80561,1,1,0,0,0,0,0,7,0,0,0,0
2003,80562,1,1,0,0,0,0,0,0,0,12,0,0
2003,80563,1,1,14,14,14,14,14,14,14,14,14,14
2003,80564,1,1,0,0,0,0,0,0,0,0,0,0
2003,80565,1,1,25,25,25,25,25,25,25,25,25,25
2003,80566,1,1,14,14,14,14,14,14,14,14,14,14
2003,80567,1,1,0,0,0,0,0,0,0,0,0,0
2003,80567,2,1,0,0,0,0,0,0,0,0,0,0
2003,80568,1,1,29,29,29,29,29,29,29,29,29,29
2003,80569,1,1,0,0,0,0,0,0,0,0,0,0
2003,80570,1,1,18,18,18,18,18,18,18,18,18,18
2003,90001,1,1,0,0,0,0,0,0,0,0,0,0
2003,90002,1,1,0,0,0,0,0,0,0,0,0,0
2003,90003,1,1,14,14,14,14,14,14,14,14,14,14
2003,90004,1,1,5,5,5,5,5,5,5,5,5,5
2003,90005,0,1,0,0,0,0,0,0,0,0,0,0
2003,90005,1,1,0,0,0,0,0,0,0,0,0,0
2003,90006,1,1,0,0,0,0,0,0,0,0,0,0
2003,90007,1,1,0,0,0,0,0,0,0,0,0,0
2003,90008,1,1,0,0,0,0,0,0,0,0,0,0
2003,90009,1,1,0,14,19,11,12,6,5,19,26,17
2003,90010,1,1,19,8,10,26,8,23,38,33,17,16
2003,90011,1,1,0,0,0,0,0,0,0,0,0,0
2003,90012,1,1,0,0,0,0,21,0,0,0,0,0
2003,90012,2,1,0,0,0,0,0,0,0,0,0,0
2003,90012,3,1,6,8,9,0,0,14,8,7,18,0
2003,90013,1,1,0,0,0,0,0,0,0,0,0,0
2003,90013,2,1,0,0,0,0,0,0,0,0,0,0
2003,90014,1,1,0,0,0,0,0,0,0,0,0,0
2003,90014,2,1,0,0,0,0,0,0,0,16,0,0
2003,90015,1,1,29,18,11,13,22,10,0,30,0,13
2003,90016,1,1,0,0,0,0,0,0,0,0,0,0
2003,90016,2,1,0,0,0,0,0,0,0,0,0,0
2003,90017,1,1,0,0,0,0,0,0,0,0,0,0
2003,90018,1,1,0,0,0,0,0,0,0,0,0,0
2003,90018,2,1,0,0,4,0,0,0,0,0,0,0
2003,90019,1,1,0,0,0,0,0,0,0,0,0,0
2003,90019,2,1,0,0,0,0,0,0,0,0,0,0
2003,90020,1,1,10,10,10,10,10,10,10,10,10,10
2003,90021,1,1,0,0,0,0,0,0,0,0,0,0
2003,90022,1,1,0,0,0,0,0,0,0,0,0,0
2003,90023,1,1,0,17,0,0,0,0,0,0,25,0
2003,90024,1,1,22,22,22,22,22,22,22,22,22,22
2003,90025,1,1,29,29,29,29,29,29,29,29,29,29
2003,90026,1,1,18,18,18,18,18,18,18,18,18,18
2003,90027,1,1,18,18,18,18,18,18,18,18,18,18
2003,90028,1,1,0,0,0,0,0,0,0,0,0,0
2003,90029,1,1,29,29,29,29,29,29,29,29,29,29
2003,90029,2,1,0,0,0,0,0,0,0,0,0,0
2003,90030,1,1,39,39,39,39,39,39,39,39,39,39
2003,90031,1,1,0,0,0,0,0,0,0,0,0,0
2003,90032,1,1,0,0,0,0,0,0,0,0,0,0
2003,90033,0,1,0,0,0,0,0,0,0,0,0,0
2003,90033,1,1,14,14,14,14,14,14,14,14,14,14
2003,90034,1,1,2,2,2,2,2,2,2,2,2,2
2003,90035,0,1,3,3,3,3,3,3,3,3,3,3
2003,90035,1,1,0,0,0,0,0,0,0,0,0,25
2003,90036,1,1,21,8,20,13,11,14,9,13,16,15
2003,90037,1,1,0,0,0,0,0,0,0,0,0,0
2003,90037,2,1,0,0,0,0,0,0,0,0,0,0
2003,90038,0,1,0,0,0,0,0,0,0,0,0,0
2003,90038,1,1,0,0,0,0,0,0,0,0,0,0
2003,90039,1,1,17,17,17,17,17,17,17,17,17,17
2003,90040,1,1,11,11,11,11,11,11,11,11,11,11
2003,90041,1,1,0,0,0,0,0,0,0,0,0,0
2003,90041,2,1,0,0,0,0,0,0,0,0,0,0
2003,90042,1,1,0,0,0,0,0,0,0,0,0,0
2003,90042,2,1,0,0,0,0,0,0,0,0,0,0
2003,90042,3,1,0,0,0,0,0,0,0,0,0,0
2003,90043,0,1,0,0,0,0,0,0,0,0,0,0
2003,90043,1,1,0,0,0,0,0,0,0,0,0,0
2003,90044,1,1,0,0,0,0,0,5,0,0,0,0
2003,90044,2,1,0,0,0,0,0,0,0,0,0,0
2003,90045,1,1,0,0,0,0,0,0,0,0,0,0
2003,90046,1,1,0,0,0,0,0,0,0,0,0,0
2003,90047,1,1,0,0,0,0,0,0,0,0,0,0
2003,90047,2,1,0,0,0,0,0,0,0,0,0,0
2003,90047,3,1,0,0,0,0,0,0,0,0,0,0
2003,90048,1,1,43,43,43,43,43,43,43,43,43,43
2003,90049,1,1,25,25,25,25,25,25,25,25,25,25
2003,90050,1,1,0,0,0,0,0,0,0,0,0,0
2003,90051,1,1,17,17,17,17,17,17,17,17,17,17
2003,90051,2,1,0,0,0,0,0,0,0,0,0,0
2003,90052,1,1,19,9,0,16,7,6,23,0,0,20
2003,90052,2,1,0,0,0,0,0,0,0,0,0,0
2003,90053,1,1,0,0,0,0,0,0,0,7,0,0
2003,90053,2,1,0,0,10,0,37,0,24,0,0,10
2003,90054,1,1,0,0,0,0,0,6,0,0,0,0
2003,90055,1,1,15,0,0,0,0,0,0,0,0,0
2003,90055,2,1,0,0,0,0,0,0,0,0,0,0
2003,90056,1,1,0,0,0,0,0,0,0,0,0,0
2003,90056,2,1,6,0,0,0,12,0,1,0,0,0
2003,90057,1,1,0,14,5,7,0,12,11,4,24,13
2003,90058,1,1,0,0,0,0,0,0,0,0,0,0
2003,90058,2,1,0,0,0,0,0,0,0,0,0,0
2003,90058,3,1,0,0,0,0,0,0,0,0,0,0
2003,90059,1,1,14,0,0,0,0,0,0,0,14,0
2003,90059,2,1,14,13,13,16,8,6,16,22,19,15
2003,90060,1,1,0,0,0,0,0,8,0,0,14,0
2003,90060,2,1,3,3,3,3,3,3,3,3,3,3
2003,90061,1,1,0,0,0,0,0,0,0,0,0,0
2003,90062,0,1,0,0,0,0,0,0,0,0,0,0
2003,90062,1,1,6,0,0,0,4,0,0,0,0,9
2003,90063,0,1,0,0,0,0,0,0,0,0,0,0
2003,90063,1,1,10,13,12,21,0,0,4,0,0,15
2003,90064,1,1,0,0,0,0,0,0,0,0,0,0
2003,90064,2,1,8,8,8,8,8,8,8,8,8,8
2003,90065,0,1,18,0,18,28,18,0,0,11,0,26
2003,90065,1,1,15,15,15,15,15,15,15,15,15,15
2003,90066,1,1,0,0,18,0,0,0,0,0,0,0
2003,90067,1,1,17,5,8,21,14,15,11,0,19,18
2003,90067,2,1,0,0,5,0,0,0,5,0,0,0