YEAR,ST_CASE,veh_no,per_no,P1,P2,P3,P4,P5,P6,P7,P8,P9,P10
2003,90068,0,1,29,19,0,29,20,13,24,0,20,0
2003,90068,1,1,0,24,27,0,6,17,0,22,0,14
2003,90069,1,1,0,0,0,0,0,0,0,0,0,0
2003,90069,2,1,0,0,0,0,0,0,0,0,0,0
2003,90070,1,1,0,0,0,0,0,0,0,0,0,0
2003,90071,0,1,0,0,0,0,0,0,0,0,34,0
2003,90071,1,1,0,0,0,0,0,0,0,0,0,0
2003,90072,0,1,21,21,21,21,21,21,21,21,21,21
2003,90072,1,1,0,0,18,0,0,0,0,14,10,10
2003,90073,1,1,0,0,11,10,0,0,0,0,0,0
2003,90073,2,1,0,6,16,0,0,13,0,11,0,0
2003,90074,1,1,6,6,6,6,6,6,6,6,6,6
2003,90074,2,1,0,0,0,14,0,13,0,0,7,7
2003,90075,1,1,24,24,24,24,24,24,24,24,24,24
2003,90076,1,1,0,0,0,0,7,0,0,0,0,0
2003,90076,2,1,13,13,13,13,13,13,13,13,13,13
2003,90077,1,1,30,30,30,30,30,30,30,30,30,30
2003,90078,1,1,0,0,0,0,0,20,0,0,0,0
2003,90079,1,1,18,18,18,18,18,18,18,18,18,18
2003,90080,1,1,0,0,0,0,0,0,0,0,0,0
2003,90081,1,1,16,16,16,16,16,16,16,16,16,16
2003,90082,1,1,16,16,16,16,16,16,16,16,16,16
2003,90082,2,1,13,13,13,13,13,13,13,13,13,13
2003,90083,0,1,0,0,0,0,0,0,0,0,0,0
2003,90083,1,1,0,9,18,11,24,23,25,10,13,18
2003,90084,0,1,21,21,21,21,21,21,21,21,21,21
2003,90084,1,1,11,11,11,11,11,11,11,11,11,11
2003,90085,1,1,0,0,0,0,0,0,0,0,0,0
2003,90085,2,1,0,0,0,0,0,0,0,0,0,0
2003,90086,1,1,7,0,0,0,0,0,0,0,0,0
2003,90086,2,1,0,0,0,0,0,0,0,0,0,0
2003,90087,1,1,21,21,21,21,21,21,21,21,21,21
2003,90088,0,1,0,0,0,0,0,0,0,0,0,0
2003,90088,1,1,0,0,0,0,0,0,0,0,0,0
2003,90089,1,1,0,0,0,0,0,0,0,0,0,0
2003,90089,2,1,0,0,0,0,0,0,0,0,0,0
2003,90090,1,1,0,0,0,0,0,0,0,0,0,0
2003,90091,1,1,0,0,0,0,0,0,0,0,0,0
2003,90092,1,1,0,0,0,0,0,0,0,0,0,0
2003,90092,2,1,0,0,0,0,0,0,0,0,0,0
2003,90092,3,1,0,0,0,0,0,0,0,0,0,0
2003,90092,4,1,0,0,0,0,0,0,0,0,0,0
2003,90093,1,1,0,0,0,0,0,0,0,0,0,0
2003,90093,2,1,28,28,28,28,28,28,28,28,28,28
2003,90094,1,1,0,0,0,0,0,0,0,0,0,0
2003,90094,2,1,0,0,0,0,0,0,0,0,0,0
2003,90095,0,1,0,0,0,0,0,0,0,0,0,0
2003,90095,1,1,0,0,0,0,0,0,0,0,0,0
2003,90096,1,1,0,0,0,0,0,0,0,0,0,0
2003,90096,2,1,0,0,0,0,0,0,0,0,0,0
2003,90097,1,1,22,22,22,22,22,22,22,22,22,22
2003,90098,1,1,0,0,0,0,0,0,0,0,0,0
2003,90099,1,1,0,0,0,0,0,0,0,0,0,0
2003,90100,1,1,23,23,23,23,23,23,23,23,23,23
2003,90101,1,1,0,0,0,0,0,0,0,0,0,0
2003,90102,1,1,0,0,0,0,0,0,0,0,0,0
2003,90102,2,1,0,0,0,0,0,0,0,0,0,0
2003,90102,3,1,0,0,0,0,0,0,0,0,0,0
2003,90103,0,1,26,26,26,26,26,26,26,26,26,26
2003,90103,1,1,0,0,0,0,0,0,0,0,9,0
2003,90104,1,1,0,0,0,0,0,0,0,0,0,0
2003,90105,1,1,0,2,15,0,0,37,0,0,0,0
2003,90105,2,1,0,0,0,0,0,0,0,0,0,0
2003,90106,1,1,19,19,19,19,19,19,19,19,19,19
2003,90107,1,1,0,0,0,19,0,0,0,0,0,0
2003,90108,1,1,17,17,17,17,17,17,17,17,17,17
2003,90109,1,1,0,0,0,0,0,0,0,0,0,0
2003,90110,1,1,22,22,22,22,22,22,22,22,22,22
2003,90111,1,1,0,0,0,0,0,0,0,0,0,0
2003,90112,1,1,18,18,18,18,18,18,18,18,18,18
2003,90113,1,1,0,0,0,0,0,0,0,0,0,0
2003,90113,2,1,0,0,0,0,0,0,0,0,0,0
2003,90114,1,1,21,0,13,8,20,15,12,13,3,0
2003,90115,1,1,13,13,13,13,13,13,13,13,13,13
2003,90116,1,1,16,16,16,16,16,16,16,16,16,16
2003,90116,2,1,0,0,0,0,0,0,0,0,0,0
2003,90117,1,1,0,0,0,0,0,0,0,0,0,0
2003,90118,0,1,12,0,20,17,0,36,15,33,0,11
2003,90118,1,1,0,0,0,19,0,0,0,20,0,0
2003,90119,1,1,17,17,17,17,17,17,17,17,17,17
2003,90119,2,1,0,0,0,0,0,0,0,0,0,0
2003,90120,1,1,0,0,0,0,0,0,0,0,0,0
2003,90120,2,1,4,4,4,4,4,4,4,4,4,4
2003,90121,1,1,24,24,24,24,24,24,24,24,24,24
2003,90122,1,1,0,0,0,0,0,0,0,0,0,0
2003,90122,2,1,17,0,0,0,0,0,0,0,10,0
2003,90123,1,1,16,16,16,16,16,16,16,16,16,16
2003,90124,1,1,0,0,0,28,18,9,0,0,0,0
2003,90125,1,1,13,13,13,13,13,13,13,13,13,13
2003,90125,2,1,0,0,0,0,0,0,0,0,0,0
2003,90125,3,1,15,16,0,0,0,0,0,0,0,0
2003,90126,1,1,7,7,7,7,7,7,7,7,7,7
2003,90127,2,1,0,0,0,0,4,8,16,13,0,0
2003,90128,1,1,0,0,0,0,0,0,0,0,0,0
2003,90128,2,1,3,3,3,3,3,3,3,3,3,3
2003,90129,1,1,0,0,0,0,0,0,0,0,0,0
2003,90130,1,1,34,34,34,34,34,34,34,34,34,34
2003,90131,1,1,12,12,12,12,12,12,12,12,12,12
2003,90132,1,1,0,0,0,0,0,0,0,0,0,0
2003,90132,2,1,0,0,0,0,0,0,0,0,0,0
2003,90133,1,1,18,18,18,18,18,18,18,18,18,18
2003,90134,1,1,0,0,0,0,0,0,0,0,0,0
2003,90134,2,1,0,0,0,0,0,0,0,0,0,0
2003,90135,1,1,13,13,13,13,13,13,13,13,13,13
2003,90136,1,1,27,24,31,0,17,35,17,0,0,0
2003,90137,0,1,0,4,0,17,0,0,0,0,0,0
2003,90137,1,1,0,0,0,0,17,0,0,0,0,0
2003,90138,0,1,0,0,0,0,0,0,0,0,0,0
2003,90138,1,1,0,0,0,0,0,0,0,0,0,0
2003,90139,1,1,9,9,9,9,9,9,9,9,9,9
2003,90140,1,1,0,0,0,0,0,0,0,0,0,0
2003,90141,1,1,0,0,0,0,0,0,0,0,0,0
2003,90141,2,1,24,24,24,24,24,24,24,24,24,24
2003,90142,1,1,0,0,0,0,0,0,0,0,0,0
2003,90142,2,1,0,0,0,0,0,0,0,0,0,0
2003,90142,3,1,0,0,0,0,0,0,0,0,0,0
2003,90143,1,1,4,4,4,4,4,4,4,4,4,4
2003,90143,2,1,0,0,0,0,0,0,0,0,0,0
2003,90144,1,1,9,9,9,9,9,9,9,9,9,9
2003,90145,1,1,0,0,0,8,0,0,0,14,0,0
2003,90146,1,1,25,25,25,25,25,25,25,25,25,25
2003,90146,2,1,0,0,0,0,0,0,0,0,0,0
2003,90147,1,1,0,0,0,0,0,0,0,0,0,0
2003,90147,2,1,0,0,0,0,0,0,0,0,0,0
2003,90148,1,1,10,0,22,0,22,20,0,16,15,19
2003,90149,1,1,0,0,0,0,0,0,0,0,0,0
2003,90150,1,1,0,0,0,0,0,0,0,0,0,0
2003,90150,2,1,25,25,25,25,25,25,25,25,25,25
2003,90151,1,1,0,0,0,0,0,0,0,0,0,0
2003,90152,1,1,0,0,0,0,0,0,0,0,0,0
2003,90153,1,1,4,4,4,4,4,4,4,4,4,4
2003,90154,1,1,0,0,0,0,0,0,0,0,0,0
2003,90154,2,1,0,0,0,0,0,0,0,0,0,0
2003,90155,1,1,0,0,0,15,0,0,0,0,0,0
2003,90155,2,1,0,0,0,0,0,0,0,0,0,0
2003,90156,1,1,0,0,20,0,0,9,12,39,0,5
2003,90157,0,1,0,0,0,0,0,0,0,0,0,0
2003,90157,1,1,0,0,0,0,0,0,0,0,0,0
2003,90158,1,1,0,0,0,0,0,0,0,0,0,0
2003,90159,1,1,0,0,0,0,0,12,0,0,0,0
2003,90159,2,1,0,0,11,0,0,0,0,0,0,0
2003,90159,3,1,0,0,0,0,0,0,0,0,0,0
2003,90160,1,1,8,8,8,8,8,8,8,8,8,8
2003,90161,0,1,0,0,0,0,0,0,0,0,0,0
2003,90161,1,1,0,0,0,0,0,0,0,0,0,0
2003,90162,1,1,0,0,0,0,0,0,0,0,0,0
2003,90162,2,1,0,0,0,0,0,5,0,0,0,0
2003,90163,1,1,0,0,0,0,0,0,0,0,0,0
2003,90163,2,1,0,0,0,0,0,0,0,0,0,0
2003,90164,1,1,0,0,0,0,0,0,0,0,0,0
2003,90164,2,1,0,0,0,0,0,0,0,0,0,0
2003,90165,1,1,0,0,0,0,0,0,0,0,0,0
2003,90165,2,1,17,17,17,17,17,17,17,17,17,17
2003,90166,1,1,0,0,0,0,0,0,0,0,0,0
2003,90166,2,1,0,0,0,0,0,0,0,0,0,0
2003,90166,3,1,0,0,0,0,0,0,0,0,0,0
2003,90167,1,1,28,28,28,28,28,28,28,28,28,28
2003,90167,2,1,0,0,0,0,0,0,0,0,0,0
2003,90168,1,1,0,0,0,0,0,0,0,0,0,0
2003,90168,2,1,22,22,22,22,22,22,22,22,22,22
2003,90169,1,1,0,0,0,0,0,0,0,0,0,0
2003,90169,2,1,0,0,0,0,0,0,0,0,0,0
2003,90170,1,1,0,0,0,0,0,0,0,0,0,0
2003,90170,2,1,0,0,0,0,0,0,0,0,0,0
2003,90171,1,1,17,17,17,17,17,17,17,17,17,17
2003,90172,1,1,17,17,17,17,17,17,17,17,17,17
2003,90173,1,1,0,0,0,0,0,0,0,0,0,0
2003,90173,2,1,0,0,0,0,0,0,0,0,0,0
2003,90174,1,1,25,25,25,25,25,25,25,25,25,25
2003,90175,0,3,0,0,0,0,0,0,0,0,0,0
2003,90175,0,4,22,0,0,8,0,4,0,24,5,0
2003,90175,1,1,17,19,23,8,23,11,11,18,19,0
2003,90176,1,1,9,9,9,9,9,9,9,9,9,9
2003,90177,1,1,17,17,17,17,17,17,17,17,17,17
2003,90178,1,1,9,9,9,9,9,9,9,9,9,9
2003,90178,2,1,15,15,15,15,15,15,15,15,15,15
2003,90179,1,1,0,0,0,0,0,0,0,0,0,0
2003,90179,2,1,0,0,0,0,0,0,0,0,0,0
2003,90180,1,1,0,0,0,0,0,0,0,0,0,0
2003,90180,2,1,0,0,0,0,0,0,3,0,0,0
2003,90181,1,1,0,0,0,0,0,0,0,0,0,0
2003,90181,2,1,15,5,18,11,12,10,0,26,11,20
2003,90182,1,1,0,0,0,0,0,0,0,0,17,0
2003,90182,2,1,0,0,0,0,0,0,0,0,0,0
2003,90182,3,1,0,0,0,0,0,0,0,0,0,0
2003,90183,1,1,0,0,0,0,0,0,0,0,0,0
2003,90183,2,1,0,0,0,0,0,0,0,0,0,0
2003,90184,0,1,0,0,0,0,0,0,0,0,0,0
2003,90184,1,1,23,23,23,23,23,23,23,23,23,23
2003,90185,1,1,0,0,0,0,0,0,0,0,0,0
2003,90185,2,1,0,0,0,0,0,0,0,0,0,0
2003,90186,1,1,0,0,0,0,0,0,0,0,0,0
2003,90187,0,1,0,0,0,0,0,0,0,0,0,0
2003,90187,1,1,0,0,0,0,17,0,0,0,20,0
2003,90188,1,1,12,12,12,12,12,12,12,12,12,12
2003,90188,2,1,0,0,0,0,0,0,0,0,0,0
2003,90189,1,1,9,9,9,9,9,9,9,9,9,9
2003,90190,1,1,0,0,0,0,0,0,0,0,0,0
2003,90191,1,1,0,0,0,0,0,0,0,0,0,0
2003,90191,2,1,0,0,0,0,0,0,0,0,0,0
2003,90192,0,1,0,0,0,0,0,0,0,0,0,0
2003,90192,1,1,15,26,11,0,25,11,14,0,26,16
2003,90193,1,1,0,0,0,7,0,0,12,0,21,0
2003,90194,1,1,1,1,1,1,1,1,1,1,1,1
2003,90194,2,1,16,16,16,16,16,16,16,16,16,16
2003,90195,1,1,0,0,0,0,0,0,0,0,0,0
2003,90196,1,1,12,15,19,0,22,8,12,9,24,11
2003,90197,1,1,0,0,0,0,0,0,0,0,0,0
2003,90197,2,1,0,0,0,0,0,0,0,0,0,0
2003,90198,0,1,0,0,0,0,0,0,0,0,0,0
2003,90198,1,1,0,0,8,18,5,8,0,0,0,12
2003,90199,0,1,0,0,0,0,0,0,0,0,0,0
2003,90199,1,1,0,0,30,0,0,0,0,10,9,0
2003,90200,1,1,0,0,0,0,0,0,0,0,0,0
2003,90200,2,1,0,0,0,0,0,0,0,0,0,0
2003,90201,1,1,0,0,0,0,0,0,0,0,0,0
2003,90202,1,1,3,3,3,3,3,3,3,3,3,3
2003,90203,1,1,0,0,0,0,0,0,0,0,0,0
2003,90204,1,1,0,0,0,0,0,0,0,0,0,0
2003,90205,1,1,0,0,0,0,0,0,0,0,0,0
2003,90205,2,1,5,12,9,6,2,0,0,7,9,4
2003,90206,1,1,0,0,0,0,0,0,0,0,0,0
2003,90206,2,1,0,0,0,0,0,0,0,0,0,0
2003,90206,3,1,0,0,0,0,0,0,0,0,0,0
2003,90207,1,1,2,2,2,2,2,2,2,2,2,2
2003,90208,1,1,25,25,25,25,25,25,25,25,25,25
2003,90209,1,1,0,0,0,0,0,0,0,0,0,0
2003,90210,1,1,0,0,0,0,0,0,0,0,0,0
2003,90210,2,1,0,0,0,0,0,0,0,0,0,0
2003,90211,1,1,17,17,17,17,17,17,17,17,17,17
2003,90212,0,1,0,0,0,0,0,0,0,0,0,0
2003,90212,1,1,0,0,0,0,0,0,0,0,0,0
2003,90213,1,1,0,0,0,0,0,0,0,0,0,17
2003,90213,2,1,0,0,0,0,0,0,0,0,0,0
2003,90214,1,1,18,18,18,18,18,18,18,18,18,18
2003,90215,1,1,21,21,21,21,21,21,21,21,21,21
2003,90216,1,1,17,0,0,0,0,0,0,0,11,0
2003,90216,2,1,0,0,12,17,0,0,0,13,12,10
2003,90217,1,1,0,0,0,0,0,0,0,0,0,0
2003,90217,2,1,0,0,0,0,0,0,0,0,0,0
2003,90218,1,1,0,0,0,0,0,0,5,0,0,0
2003,90218,2,1,0,0,0,0,0,0,0,0,0,0
2003,90219,1,1,17,17,17,17,17,17,17,17,17,17
2003,90220,1,1,8,8,8,8,8,8,8,8,8,8
2003,90221,1,1,0,0,0,0,0,0,0,0,0,0
2003,90221,2,1,0,0,0,0,0,0,0,0,0,0
2003,90221,3,1,0,0,0,0,0,0,0,0,0,0
2003,90222,1,1,0,0,0,0,0,0,0,0,0,0
2003,90222,2,1,0,0,0,0,0,0,0,0,0,0
2003,90223,1,1,2,2,2,2,2,2,2,2,2,2
2003,90223,2,1,0,0,0,0,0,0,0,0,0,17
2003,90224,1,1,0,0,0,18,0,0,17,0,0,0
2003,90225,1,1,22,22,22,22,22,22,22,22,22,22
2003,90226,1,1,8,8,8,8,8,8,8,8,8,8
2003,90227,1,1,15,15,15,15,15,15,15,15,15,15
2003,90228,1,1,0,0,0,0,0,0,0,0,0,0
2003,90229,0,1,0,0,0,0,0,0,0,0,0,0
2003,90229,1,1,0,0,0,0,0,0,0,0,0,0
2003,90230,1,1,0,0,0,0,0,0,0,0,0,0
2003,90230,2,1,0,0,0,0,0,0,0,0,0,0
2003,90231,1,1,32,32,32,32,32,32,32,32,32,32
2003,90232,1,1,0,0,0,0,0,0,16,0,0,0
2003,90232,2,1,0,0,0,0,0,0,0,24,0,0
2003,90233,0,1,0,0,0,0,0,0,0,0,0,0
2003,90233,1,1,0,0,0,0,0,4,0,0,0,0
2003,90234,1,1,0,0,0,0,0,0,0,0,0,0
2003,90235,0,1,0,0,0,0,0,0,0,0,0,0
2003,90235,1,1,0,0,0,0,0,0,0,15,0,0
2003,90236,1,1,0,0,0,0,0,0,0,0,0,0
2003,90236,2,1,0,0,0,0,0,0,0,0,0,0
2003,90237,0,1,0,0,0,0,0,0,0,0,0,0
2003,90237,1,1,0,0,0,0,0,0,0,0,0,0
2003,90238,1,1,0,0,0,0,0,0,0,0,0,4
2003,90239,0,1,0,0,0,0,0,0,0,0,0,0
2003,90239,1,1,0,0,0,0,0,0,0,0,0,0
2003,90240,1,1,0,0,10,9,18,0,20,16,35,18
2003,90241,1,1,0,0,0,0,0,0,0,0,18,0
2003,90241,2,1,0,0,0,0,0,0,0,0,0,0
2003,90242,1,1,34,34,34,34,34,34,34,34,34,34
2003,90243,1,1,0,0,0,0,0,0,0,0,0,0
2003,90243,2,1,0,0,0,11,0,0,0,14,0,0
2003,90244,1,1,0,0,0,0,0,0,0,0,0,0
2003,90245,0,1,0,0,0,0,0,0,0,0,0,0
2003,90245,1,1,0,0,0,0,0,0,0,0,0,0
2003,90246,1,1,14,14,14,14,14,14,14,14,14,14
2003,90247,1,1,11,11,11,11,11,11,11,11,11,11
2003,90248,0,1,0,0,0,0,0,0,0,0,0,13
2003,90248,1,1,0,0,0,0,16,0,0,0,0,0
2003,90249,1,1,23,23,23,23,23,23,23,23,23,23
2003,90250,1,1,0,0,0,0,0,0,0,0,0,0
2003,90250,2,1,0,0,0,0,0,19,0,0,0,7
2003,90251,1,1,0,0,0,0,18,0,0,0,0,0
2003,90251,2,1,0,0,0,0,0,0,0,0,0,0
2003,90252,1,1,12,12,12,12,12,12,12,12,12,12
2003,90252,2,1,0,0,0,0,0,4,0,0,0,16
2003,90253,1,1,0,0,0,0,0,0,0,0,0,0
2003,90254,1,1,19,0,0,0,0,25,0,18,20,0
2003,90255,1,1,7,17,0,26,0,0,19,2,0,0
2003,90256,1,1,0,0,0,0,0,0,0,0,0,0
2003,90257,1,1,0,0,0,0,0,0,2,0,4,0
2003,90258,1,1,20,0,0,0,0,0,0,0,0,0
2003,90258,2,1,0,0,0,0,0,0,0,0,0,0
2003,90258,3,1,13,0,27,6,0,0,17,0,0,0
2003,90258,4,1,0,0,0,0,0,0,0,0,0,0
2003,90259,1,1,0,0,0,0,0,0,0,0,0,18
2003,90259,2,1,0,0,0,0,0,0,0,0,0,0
2003,90259,3,1,0,0,0,0,0,0,0,0,0,0
2003,90259,4,1,0,0,0,0,0,0,0,0,0,0
2003,90259,5,1,0,0,0,0,0,0,0,0,0,0
2003,90259,6,1,0,0,0,0,0,0,0,0,0,0
2003,90260,1,1,12,12,12,12,12,12,12,12,12,12
2003,90260,2,1,0,0,22,0,0,0,0,0,0,0
2003,90261,1,1,0,0,0,0,0,0,0,0,0,0
2003,90261,2,1,0,0,0,0,0,0,0,0,0,0
2003,90262,1,1,0,0,0,0,0,0,0,0,0,0
2003,90263,1,1,15,25,9,10,19,11,16,10,10,10
2003,90264,0,1,15,15,15,15,15,15,15,15,15,15
2003,90264,1,1,9,9,9,9,9,9,9,9,9,9
2003,90265,1,1,0,0,0,0,0,0,0,0,0,0
2003,90266,1,1,17,17,17,17,17,17,17,17,17,17
2003,90267,1,1,14,14,14,14,14,14,14,14,14,14
2003,90267,2,1,2,2,2,2,2,2,2,2,2,2
2003,90268,1,1,23,0,0,19,0,10,8,0,0,0
2003,90269,1,1,16,16,16,16,16,16,16,16,16,16
2003,90270,1,1,0,8,18,8,0,5,0,0,0,0
2003,90271,0,1,0,0,0,0,0,0,0,0,0,0
2003,90271,1,1,0,13,0,0,0,6,0,0,0,0
2003,90272,1,1,0,0,0,0,0,0,0,0,0,0
2003,90272,2,1,0,0,0,0,0,0,0,0,0,0
2003,90273,1,1,0,0,0,0,0,0,0,0,0,0
2003,90273,2,1,0,0,0,0,0,0,0,0,0,0
2003,90274,1,1,23,14,32,10,16,11,18,11,13,32
2003,90275,0,1,0,0,0,11,0,0,0,14,0,0
2003,90275,1,1,0,0,0,0,0,0,0,0,0,0
2003,90276,1,1,13,0,0,0,18,17,0,0,0,11
2003,90276,2,1,17,17,17,17,17,17,17,17,17,17
2003,90277,1,1,0,0,0,0,0,0,0,0,0,0
2003,90277,2,1,15,0,0,0,0,0,6,13,0,0
2003,100001,1,1,0,0,0,0,0,0,0,0,0,0
2003,100001,2,1,0,0,0,0,0,0,0,0,0,0
2003,100002,1,1,49,49,49,49,49,49,49,49,49,49
2003,100002,2,1,0,0,0,18,0,0,0,0,0,0
2003,100003,1,1,0,0,0,0,0,0,0,0,0,0
2003,100004,0,1,0,0,0,0,0,0,0,0,0,0
2003,100004,1,1,0,0,0,0,0,0,0,0,21,0
2003,100005,1,1,16,16,16,16,16,16,16,16,16,16
2003,100005,2,1,0,0,0,0,0,0,0,0,0,0
2003,100006,1,1,24,24,24,24,24,24,24,24,24,24
2003,100007,1,1,22,22,22,22,22,22,22,22,22,22
2003,100008,1,1,0,0,0,0,0,0,0,0,0,0
2003,100009,0,1,24,0,17,42,36,0,0,0,0,0
2003,100009,1,1,0,0,0,0,0,0,0,0,0,0
2003,100010,1,1,0,0,0,0,0,0,0,0,0,0
2003,100010,2,1,0,0,0,0,0,0,0,0,0,0
2003,100011,1,1,0,0,0,0,0,0,0,0,0,0
2003,100011,2,1,17,17,17,17,17,17,17,17,17,17
2003,100011,3,1,0,0,0,0,0,0,0,0,0,0
2003,100012,1,1,0,0,0,0,0,0,0,0,0,0
2003,100013,1,1,15,23,0,11,0,17,0,0,19,0
2003,100014,1,1,0,0,0,0,13,0,0,0,0,0
2003,100014,2,1,0,0,0,0,13,0,0,0,0,0
2003,100015,1,1,0,0,0,0,0,0,0,0,0,0
2003,100015,2,1,0,0,9,0,0,0,0,0,0,0
2003,100016,1,1,15,0,0,0,0,0,0,0,0,0
2003,100016,2,1,0,0,0,0,0,0,0,0,0,0
2003,100017,1,3,0,0,0,0,0,0,0,0,0,0
2003,100018,0,1,17,17,17,17,17,17,17,17,17,17
2003,100018,1,1,16,0,27,21,0,24,0,0,0,0
2003,100019,1,1,0,0,0,0,0,0,0,0,0,0
2003,100019,2,1,0,0,0,0,0,0,0,0,0,0
2003,100020,1,1,1,1,1,1,1,1,1,1,1,1
2003,100020,2,1,0,0,0,0,0,0,0,0,0,0
2003,100021,1,1,0,0,0,0,0,0,0,0,0,0
2003,100021,2,1,0,0,0,15,0,0,0,0,0,0
2003,100021,3,1,0,0,0,0,0,0,0,0,0,0
2003,100022,1,1,0,0,0,0,0,0,0,0,0,0
2003,100022,2,1,0,0,0,0,0,0,0,0,0,0
2003,100023,1,1,0,0,0,0,0,0,0,0,0,0
2003,100023,2,1,0,0,0,0,0,0,0,0,0,0
2003,100023,3,1,0,0,0,0,0,0,0,0,0,0
2003,100023,4,1,0,0,0,0,0,0,0,0,0,0
2003,100023,5,1,0,0,0,0,0,0,0,0,0,0
2003,100024,1,1,0,0,0,0,0,0,0,0,0,0
2003,100024,2,1,0,0,0,0,0,0,0,0,0,0
2003,100025,1,1,0,0,0,0,0,0,0,0,0,0
2003,100025,2,1,0,0,0,0,0,0,0,0,0,0
2003,100026,1,1,21,21,21,21,21,21,21,21,21,21
2003,100026,2,1,0,0,0,0,0,0,0,0,0,0
2003,100027,0,1,0,0,0,0,0,0,0,0,0,0
2003,100027,1,1,0,0,0,0,0,0,0,0,0,0
2003,100028,0,1,0,0,0,0,0,0,0,0,0,0
2003,100028,1,1,0,0,0,0,0,21,0,0,0,13
2003,100029,1,1,0,0,0,0,0,0,0,0,0,0
2003,100029,2,1,0,0,0,0,0,0,0,0,0,0
2003,100030,1,1,34,34,34,34,34,34,34,34,34,34
2003,100030,2,1,0,0,0,0,0,0,0,0,0,0
2003,100031,1,1,0,0,0,0,0,0,0,0,0,0
2003,100031,2,1,0,0,0,0,0,0,0,0,0,0
2003,100032,1,1,18,18,18,18,18,18,18,18,18,18
2003,100033,1,1,27,27,27,27,27,27,27,27,27,27
2003,100033,2,1,0,0,0,0,0,0,0,0,0,0
2003,100033,3,1,0,0,0,0,0,0,0,0,0,0
2003,100033,4,1,0,0,0,28,0,0,0,0,0,0
2003,100033,5,1,0,4,0,0,0,0,0,0,25,17
2003,100034,1,1,0,0,0,0,0,0,0,0,0,0
2003,100035,1,1,26,26,26,26,26,26,26,26,26,26
2003,100035,2,1,18,18,18,18,18,18,18,18,18,18
2003,100036,1,1,0,0,0,0,0,0,0,0,0,0
2003,100036,2,1,0,0,0,0,0,0,0,0,0,0
2003,100036,3,1,0,0,0,0,0,0,0,0,0,0
2003,100037,1,1,0,0,0,0,0,0,0,0,0,0
2003,100038,1,1,0,0,0,0,0,0,0,0,0,0
2003,100038,2,1,0,0,0,0,0,0,0,0,0,0
2003,100039,1,1,0,0,0,0,0,0,0,0,0,0
2003,100039,2,1,0,0,0,0,0,0,0,0,0,0
2003,100040,1,1,0,0,0,0,0,0,0,0,0,0
2003,100040,2,1,0,15,0,0,0,18,0,0,0,21
2003,100041,1,1,0,0,0,0,0,0,0,0,0,0
2003,100042,1,1,0,0,0,0,0,0,0,0,5,0
2003,100042,2,1,0,0,0,0,0,0,0,0,0,0
2003,100043,1,1,18,18,18,18,18,18,18,18,18,18
2003,100044,1,1,0,0,0,0,0,0,0,0,0,0
2003,100045,1,1,0,0,0,11,0,0,0,16,0,0
2003,100045,2,1,0,0,0,0,0,0,0,0,4,0
2003,100045,3,1,0,0,0,0,0,0,0,0,0,0
2003,100045,4,1,0,0,0,0,0,0,0,0,0,0
2003,100045,5,1,0,0,0,0,0,0,0,0,0,0
2003,100046,1,1,0,0,0,0,0,0,0,0,0,0
2003,100046,2,1,0,0,0,0,0,0,0,0,0,0
2003,100047,1,1,0,0,0,0,0,0,0,0,0,0
2003,100047,2,1,0,0,0,0,0,0,0,0,0,0
2003,100048,1,1,17,17,17,17,17,17,17,17,17,17
2003,100048,2,1,0,0,0,0,0,0,0,0,0,0
2003,100048,3,1,0,0,0,0,0,0,0,0,0,0
2003,100049,1,1,21,21,21,21,21,21,21,21,21,21
2003,100050,0,1,0,0,0,0,0,0,0,0,0,0
2003,100050,1,1,0,0,0,0,0,0,0,0,0,10
2003,100051,1,1,14,14,14,14,14,14,14,14,14,14
2003,100052,1,1,0,0,0,0,0,0,0,0,0,0
2003,100053,1,1,23,23,23,23,23,23,23,23,23,23
2003,100054,0,1,17,17,17,17,17,17,17,17,17,17
2003,100054,1,1,0,0,0,0,0,0,0,0,0,0
2003,100054,2,1,0,0,20,0,0,0,0,0,0,0
2003,100055,1,1,0,0,0,0,23,0,0,0,0,0
2003,100055,2,1,0,0,0,0,0,0,0,0,0,0
2003,100056,1,1,4,4,4,4,4,4,4,4,4,4
2003,100057,1,1,0,0,0,0,0,0,0,0,0,0
2003,100057,2,1,0,0,0,0,0,0,0,0,0,0
2003,100058,1,1,0,0,0,0,0,0,0,0,0,0
2003,100059,1,1,31,31,31,31,31,31,31,31,31,31
2003,100059,2,1,0,0,0,0,0,0,0,0,0,0
2003,100059,3,1,0,0,0,0,0,0,0,0,0,0
2003,100059,4,1,0,0,0,0,0,0,12,0,0,0
2003,100059,5,1,0,0,0,0,0,0,0,0,0,0
2003,100059,6,1,0,0,0,0,0,0,0,0,0,0
2003,100059,7,1,0,0,0,0,0,0,0,0,0,0
2003,100060,1,1,0,0,0,0,0,0,0,0,0,0
2003,100060,2,1,0,0,0,0,0,0,0,0,0,0
2003,100061,1,1,10,10,10,10,10,10,10,10,10,10
2003,100062,1,1,16,16,16,16,16,16,16,16,16,16
2003,100063,1,1,0,0,0,0,0,0,0,0,0,0
2003,100063,2,1,0,0,0,0,0,0,0,0,0,0
2003,100063,3,1,0,0,0,0,0,0,0,0,0,0
2003,100064,0,1,17,17,17,17,17,17,17,17,17,17
2003,100064,1,1,0,0,0,0,0,0,0,0,0,0