YEAR,ST_CASE,veh_no,per_no,P1,P2,P3,P4,P5,P6,P7,P8,P9,P10
2003,100066,1,1,0,0,0,0,0,0,0,0,0,0
2003,100066,2,1,0,0,0,0,0,0,0,0,0,0
2003,100067,1,1,0,0,0,0,0,0,0,0,0,0
2003,100067,2,1,7,7,7,7,7,7,7,7,7,7
2003,100068,0,1,0,0,0,0,0,0,0,0,0,0
2003,100068,1,1,0,0,0,0,0,0,0,0,0,0
2003,100069,1,1,0,0,0,0,0,0,0,0,0,0
2003,100069,2,1,0,0,0,0,0,0,0,0,0,0
2003,100070,1,1,18,18,18,18,18,18,18,18,18,18
2003,100070,2,1,7,17,8,20,13,16,11,0,8,9
2003,100071,0,1,27,27,27,27,27,27,27,27,27,27
2003,100071,1,1,4,4,4,4,4,4,4,4,4,4
2003,100072,1,1,24,24,24,24,24,24,24,24,24,24
2003,100073,1,1,0,0,0,0,7,0,0,0,0,0
2003,100073,2,1,0,0,0,0,0,0,0,0,0,0
2003,100073,3,1,29,29,29,29,29,29,29,29,29,29
2003,100074,1,1,32,29,18,14,15,10,0,11,5,6
2003,100075,1,1,26,26,26,26,26,26,26,26,26,26
2003,100076,0,1,7,7,7,7,7,7,7,7,7,7
2003,100076,0,2,1,1,1,1,1,1,1,1,1,1
2003,100076,1,1,0,0,0,0,0,0,0,0,0,0
2003,100077,1,1,0,0,0,0,0,0,0,0,0,0
2003,100077,2,1,0,0,0,0,0,0,0,0,0,0
2003,100077,3,1,0,0,0,0,0,0,0,0,0,0
2003,100078,1,1,2,2,2,2,2,2,2,2,2,2
2003,100079,1,1,0,0,0,0,0,0,0,0,0,0
2003,100079,2,1,0,0,0,0,0,0,0,0,0,0
2003,100079,3,1,0,0,0,0,0,0,0,0,0,0
2003,100080,1,1,0,0,0,0,0,0,0,0,0,0
2003,100081,0,1,25,25,25,25,25,25,25,25,25,25
2003,100081,1,1,29,0,0,0,0,11,0,0,5,5
2003,100082,1,1,0,0,0,0,0,0,0,0,0,0
2003,100082,2,1,0,0,0,0,0,0,0,0,0,0
2003,100082,3,1,13,13,13,13,13,13,13,13,13,13
2003,100083,1,1,17,17,17,17,17,17,17,17,17,17
2003,100084,1,1,0,0,0,0,0,0,0,0,0,0
2003,100084,2,1,4,0,0,0,0,0,0,0,0,0
2003,100085,0,1,0,0,0,0,0,0,0,0,0,0
2003,100085,1,1,0,0,0,0,0,0,0,0,0,0
2003,100086,1,1,0,0,0,0,0,0,0,0,0,0
2003,100086,2,1,0,0,0,0,0,0,0,0,0,0
2003,100087,1,1,0,0,0,0,0,0,0,0,0,0
2003,100087,2,1,12,12,12,12,12,12,12,12,12,12
2003,100088,1,1,0,0,0,0,0,0,0,0,0,0
2003,100088,2,1,0,0,0,0,0,0,0,0,0,0
2003,100088,3,1,0,0,0,0,0,0,0,0,0,0
2003,100089,1,1,8,8,8,8,8,8,8,8,8,8
2003,100090,1,1,0,0,0,0,0,0,0,0,0,0
2003,100090,2,1,0,0,0,0,0,0,0,0,0,0
2003,100091,1,1,0,32,11,0,0,0,0,0,0,19
2003,100091,2,1,0,12,0,0,0,13,0,0,0,0
2003,100092,1,1,5,5,5,5,5,5,5,5,5,5
2003,100093,1,1,21,17,11,19,16,11,12,16,9,23
2003,100093,2,1,1,22,17,14,20,21,25,8,22,13
2003,100094,1,1,6,24,22,6,28,32,17,25,23,16
2003,100095,1,1,11,11,11,11,11,11,11,11,11,11
2003,100095,2,1,27,0,21,0,0,0,0,11,0,0
2003,100096,1,1,0,0,0,0,0,0,0,0,0,0
2003,100096,2,1,0,0,0,0,0,0,0,0,0,0
2003,100096,3,1,0,0,0,0,0,0,0,0,0,0
2003,100096,4,1,0,0,0,3,0,0,17,0,17,0
2003,100097,1,1,0,0,0,0,0,0,15,0,0,0
2003,100097,2,1,9,0,0,23,0,0,0,0,9,0
2003,100098,1,1,0,0,0,0,0,0,0,0,0,0
2003,100098,2,1,0,0,0,0,0,0,0,0,0,0
2003,100099,0,1,0,0,0,0,0,0,0,0,0,0
2003,100099,1,1,0,0,0,0,0,0,0,0,0,0
2003,100099,2,1,0,0,0,0,0,0,0,0,0,0
2003,100100,1,1,0,0,0,0,0,0,0,0,0,0
2003,100101,1,1,3,3,3,3,3,3,3,3,3,3
2003,100102,1,3,0,0,0,0,0,0,0,0,0,0
2003,100103,0,1,0,0,0,0,0,0,0,0,0,0
2003,100103,1,1,0,0,0,0,0,0,0,0,0,0
2003,100104,0,1,20,8,17,24,7,15,20,25,34,14
2003,100104,1,1,13,14,29,6,11,3,25,23,13,12
2003,100105,1,1,6,8,12,10,0,15,13,24,19,8
2003,100106,1,1,0,0,0,0,0,0,0,0,0,0
2003,100106,2,1,0,0,0,0,0,0,0,0,0,0
2003,100107,1,1,0,0,0,0,0,0,0,0,0,0
2003,100107,2,1,0,0,0,0,0,0,0,0,0,0
2003,100108,1,1,0,0,0,0,0,0,0,0,0,0
2003,100108,2,1,10,12,15,16,11,10,18,33,6,20
2003,100109,1,1,9,9,9,9,9,9,9,9,9,9
2003,100109,2,1,0,0,0,5,13,0,0,0,0,0
2003,100110,1,1,12,12,12,12,12,12,12,12,12,12
2003,100111,0,1,0,0,0,0,0,0,0,0,0,0
2003,100111,1,1,0,0,0,0,0,0,0,7,0,0
2003,100111,2,1,0,0,0,0,22,9,0,0,0,0
2003,100112,1,1,0,0,0,0,0,0,0,0,0,0
2003,100112,2,1,0,0,0,0,0,0,0,0,0,0
2003,100113,1,1,24,18,29,5,11,0,30,18,32,13
2003,100114,1,1,0,0,0,0,0,0,0,0,0,0
2003,100115,1,1,0,0,0,0,0,0,0,0,0,0
2003,100116,1,1,0,0,0,9,0,16,0,0,0,0
2003,100116,2,1,0,0,0,0,0,0,0,0,0,0
2003,100117,1,1,0,0,0,0,0,0,0,0,0,0
2003,100117,2,1,0,0,0,0,0,0,0,0,0,0
2003,100118,1,1,0,0,0,0,0,0,0,0,0,0
2003,100118,2,1,0,0,0,0,0,0,0,0,0,0
2003,100119,1,1,0,0,0,0,0,0,0,0,0,0
2003,100119,2,1,0,0,0,0,0,0,0,0,0,0
2003,100120,0,1,29,29,29,29,29,29,29,29,29,29
2003,100120,1,1,0,0,0,12,17,0,0,0,0,0
2003,100121,1,1,17,17,17,17,17,17,17,17,17,17
2003,100122,1,1,8,0,0,0,0,0,0,0,0,0
2003,100122,2,1,0,0,0,0,0,0,0,0,0,0
2003,100123,1,1,0,0,0,0,0,0,0,0,0,0
2003,100123,2,1,0,0,0,0,0,0,0,0,0,0
2003,100124,1,1,0,0,0,0,0,0,0,0,0,0
2003,100125,1,1,21,21,21,21,21,21,21,21,21,21
2003,100126,1,1,20,20,20,20,20,20,20,20,20,20
2003,100126,2,1,0,0,0,0,0,0,0,0,0,0
2003,100126,3,1,0,0,0,0,0,0,0,0,0,0
2003,100127,1,1,0,0,0,0,0,0,0,0,0,0
2003,100127,2,1,0,0,0,0,0,0,0,0,0,0
2003,100128,1,1,0,0,0,0,0,0,0,0,0,0
2003,100128,2,1,0,0,0,0,0,0,0,0,0,0
2003,100128,3,1,0,0,0,0,0,0,0,0,0,0
2003,100128,4,1,0,0,0,0,12,0,0,0,14,0
2003,100129,1,1,0,0,0,0,0,0,0,0,0,0
2003,100130,1,1,0,0,0,0,0,0,18,13,0,24
2003,100131,1,1,13,13,13,13,13,13,13,13,13,13
2003,100132,1,1,23,23,23,23,23,23,23,23,23,23
2003,100133,1,1,0,0,0,0,0,0,0,0,0,0
2003,100134,0,1,0,0,0,0,0,0,0,0,0,0
2003,100134,1,1,0,0,0,0,0,0,0,0,0,0
2003,110001,0,1,0,0,0,0,0,0,15,0,16,0
2003,110001,1,1,0,0,0,17,0,15,0,0,0,0
2003,110002,1,1,28,28,28,28,28,28,28,28,28,28
2003,110003,0,1,0,0,0,0,0,0,0,0,0,0
2003,110003,1,1,0,0,0,0,0,0,0,0,0,0
2003,110004,1,1,0,0,0,0,0,0,11,0,0,0
2003,110004,2,1,0,0,0,0,0,0,0,0,0,0
2003,110005,1,1,0,0,0,15,0,0,0,0,0,12
2003,110006,1,1,0,23,0,0,33,0,20,19,15,16
2003,110007,1,1,0,0,0,29,0,0,0,0,0,19
2003,110007,2,1,0,0,0,0,0,0,0,0,0,0
2003,110007,3,1,0,0,0,0,0,0,0,0,0,0
2003,110007,4,1,0,0,27,16,0,0,11,0,8,0
2003,110008,1,1,0,14,6,12,38,17,15,20,17,7
2003,110008,2,1,8,16,0,0,0,0,0,38,18,0
2003,110011,1,1,12,27,6,22,39,15,28,26,0,12
2003,110012,1,1,12,15,8,24,16,18,0,13,21,4
2003,110013,1,1,10,22,17,10,23,23,31,0,18,10
2003,110014,1,1,16,0,15,6,0,9,8,0,0,0
2003,110014,2,1,33,0,0,22,0,0,0,0,0,2
2003,110015,1,1,0,13,24,0,0,17,21,0,0,12
2003,110015,2,1,0,0,0,0,0,0,0,0,0,0
2003,110016,1,1,11,15,14,13,16,9,16,31,14,17
2003,110016,2,1,11,0,0,0,0,0,0,0,0,0
2003,110017,1,1,0,0,0,0,0,9,0,14,0,25
2003,110018,0,1,0,0,0,0,0,0,0,0,0,0
2003,110018,0,2,0,0,0,0,0,0,0,0,0,0
2003,110018,1,1,0,0,0,0,0,0,0,0,0,0
2003,110019,1,1,0,0,0,10,0,0,0,15,0,0
2003,110019,2,1,7,9,0,0,13,0,6,0,16,0
2003,110020,0,1,0,0,0,0,0,0,18,9,0,0
2003,110020,1,1,0,0,0,0,0,0,0,0,0,0
2003,110021,0,1,21,21,21,21,21,21,21,21,21,21
2003,110021,1,1,0,0,0,0,0,0,0,0,0,0
2003,110022,1,1,0,0,0,0,14,0,0,0,0,0
2003,110022,2,1,0,0,0,0,0,0,0,0,0,0
2003,110023,1,1,19,0,0,25,46,17,0,15,23,8
2003,110024,1,1,10,0,24,0,0,0,0,0,0,0
2003,110024,2,1,0,0,0,0,0,0,0,0,0,0
2003,110024,3,1,0,0,0,0,0,0,0,0,0,0
2003,110025,0,1,0,0,0,28,0,0,30,0,0,0
2003,110025,1,1,0,0,0,0,0,0,0,0,0,0
2003,110026,1,1,0,0,8,0,0,0,11,0,0,0
2003,110026,2,1,0,0,0,0,0,0,0,0,0,0
2003,110027,0,1,14,19,0,8,35,28,0,15,19,15
2003,110027,1,1,0,0,0,0,0,0,0,0,0,0
2003,110028,1,1,0,23,0,0,39,27,0,13,0,11
2003,110029,1,1,0,0,0,8,0,0,0,14,0,13
2003,110029,2,1,0,0,0,0,0,15,0,0,0,0
2003,110029,3,1,0,0,0,0,14,0,0,0,0,0
2003,110030,1,1,0,0,0,0,0,0,0,0,0,0
2003,110030,2,1,0,0,12,0,0,0,0,0,0,0
2003,110031,1,1,0,31,9,0,13,12,20,11,9,0
2003,110031,2,1,14,0,0,13,0,0,0,0,0,0
2003,110032,1,1,25,8,0,0,12,0,0,0,0,0
2003,110032,2,1,0,0,0,0,0,0,0,0,0,0
2003,110033,1,1,0,0,0,18,0,0,0,0,12,0
2003,110034,0,1,21,25,0,0,5,18,0,0,0,0
2003,110034,1,1,0,0,0,0,0,0,0,0,0,0
2003,110035,0,1,0,27,0,0,0,19,0,8,13,0
2003,110035,1,1,0,0,0,0,0,0,0,0,0,0
2003,110036,1,1,0,17,10,0,0,8,0,0,21,0
2003,110037,1,1,0,9,25,0,0,8,20,0,15,16
2003,110038,1,1,0,0,0,0,0,0,0,10,0,0
2003,110038,2,1,0,0,0,0,0,0,0,0,0,0
2003,110038,3,1,10,0,0,0,6,0,0,17,0,0
2003,110039,0,1,0,0,0,0,0,0,0,0,0,0
2003,110039,1,1,0,0,0,0,0,0,0,0,0,0
2003,110040,0,1,0,0,0,23,0,0,0,50,4,0
2003,110040,1,1,4,4,4,4,4,4,4,4,4,4
2003,110041,1,1,0,0,0,0,0,0,0,0,0,0
2003,110041,2,1,0,0,0,0,0,0,0,0,0,0
2003,110042,1,1,27,14,16,12,0,15,15,0,0,23
2003,110042,2,1,0,0,0,21,9,20,19,25,0,19
2003,110043,1,1,10,0,0,13,16,15,0,2,11,6
2003,110044,1,1,22,9,0,0,10,0,0,30,0,0
2003,110045,0,1,0,0,20,20,0,0,0,0,0,0
2003,110045,1,1,0,0,0,0,0,0,0,0,0,0
2003,110046,1,1,17,0,0,17,0,19,31,9,15,0
2003,110046,2,1,0,0,0,0,0,0,0,0,18,0
2003,110047,1,1,0,11,16,0,0,0,19,26,18,0
2003,110047,2,1,0,9,15,0,0,2,0,0,0,0
2003,110048,1,1,3,23,17,0,0,18,0,3,3,24
2003,110049,1,1,0,0,14,4,0,26,10,13,0,14
2003,110049,2,1,0,0,0,0,0,0,12,5,0,19
2003,110050,0,1,17,17,0,11,18,0,0,7,0,22
2003,110050,1,1,0,0,0,0,0,12,0,0,0,0
2003,110051,1,1,0,0,13,9,0,22,0,0,27,0
2003,110051,2,1,0,0,0,26,9,0,0,0,0,13
2003,110052,1,1,0,0,11,36,23,0,14,0,0,35
2003,110053,0,1,0,16,31,16,12,19,0,0,0,0
2003,110053,1,1,26,0,0,0,0,7,0,12,0,12
2003,110054,1,1,0,14,5,0,0,0,0,0,0,0
2003,110054,2,1,12,4,13,10,0,0,6,16,0,0
2003,110055,0,1,0,0,14,0,0,0,0,0,0,9
2003,110055,1,1,46,0,0,0,0,20,8,0,0,0
2003,110056,0,1,2,18,21,9,28,19,29,0,25,38
2003,110056,1,1,12,0,0,0,0,0,0,0,0,0
2003,110056,2,1,0,0,0,0,0,0,0,0,0,0
2003,110057,1,1,4,4,4,4,4,4,4,4,4,4
2003,110057,2,1,0,0,0,0,0,0,0,0,0,0
2003,110058,1,1,23,27,11,17,23,0,0,22,24,37
2003,110059,1,1,0,0,0,0,0,0,0,0,0,0
2003,110059,2,1,0,0,0,0,0,0,0,0,0,0
2003,110060,1,1,0,0,0,0,0,18,0,12,0,0
2003,110061,0,1,0,14,24,0,0,33,0,28,0,0
2003,110061,1,1,0,13,0,0,0,0,0,23,25,25
2003,110062,1,1,0,0,0,0,0,0,11,0,0,0
2003,110062,2,1,0,0,0,0,0,0,0,0,0,0
2003,110062,3,1,0,0,0,0,0,0,0,0,0,0
2003,110062,4,1,0,0,0,0,0,0,11,0,0,0
2003,110063,1,1,10,0,0,0,14,0,0,0,0,0
2003,110063,2,1,17,0,5,30,0,18,20,8,0,5
2003,110064,0,1,23,0,0,0,0,0,39,0,0,0
2003,110064,1,1,0,0,0,0,0,0,0,0,0,0
2003,110065,1,1,19,14,12,19,0,21,18,0,15,9
2003,120001,1,1,13,13,13,13,13,13,13,13,13,13
2003,120001,2,1,0,0,0,0,0,0,0,0,0,0
2003,120002,1,1,0,0,0,0,0,0,0,0,0,0
2003,120003,1,1,12,12,12,12,12,12,12,12,12,12
2003,120004,1,1,8,8,8,8,8,8,8,8,8,8
2003,120005,1,1,10,10,10,10,10,10,10,10,10,10
2003,120006,1,1,0,0,0,0,0,0,0,0,0,0
2003,120006,3,1,0,0,0,0,0,0,0,0,0,0
2003,120007,1,1,0,0,23,0,0,0,19,21,0,0
2003,120008,1,1,0,0,0,0,0,0,0,0,0,0
2003,120009,1,1,0,0,0,0,0,0,0,0,0,0
2003,120009,2,1,0,0,0,0,0,0,0,0,0,0
2003,120010,1,1,21,21,21,21,21,21,21,21,21,21
2003,120011,1,1,0,0,0,0,0,0,0,0,0,0
2003,120012,1,1,0,0,0,0,0,0,0,0,0,0
2003,120012,2,1,0,0,0,0,0,0,0,0,0,0
2003,120013,1,1,0,0,0,0,0,0,0,0,0,0
2003,120013,2,1,0,0,0,0,0,0,0,0,0,0
2003,120013,3,1,0,0,0,0,0,0,0,0,0,0
2003,120014,1,1,0,0,0,0,0,0,0,0,0,0
2003,120014,2,1,0,0,0,0,0,0,0,0,0,0
2003,120015,1,1,0,0,0,0,0,0,0,0,0,0
2003,120015,2,1,0,0,0,0,0,0,0,0,0,0
2003,120016,0,1,0,0,0,0,0,0,0,0,0,0
2003,120016,1,1,0,0,0,0,0,0,0,0,0,0
2003,120017,1,1,0,0,0,0,0,0,0,0,0,0
2003,120018,1,1,20,16,13,27,23,18,0,24,17,10
2003,120019,1,1,0,0,0,0,0,10,0,0,0,0
2003,120019,2,1,0,0,0,22,0,0,27,0,0,0
2003,120020,1,1,0,0,0,0,0,0,0,0,0,0
2003,120021,1,1,21,21,21,21,21,21,21,21,21,21
2003,120021,2,1,0,0,0,0,0,0,0,0,0,0
2003,120022,1,1,0,0,0,0,0,0,0,0,0,0
2003,120022,2,1,0,0,0,0,0,0,0,0,0,0
2003,120022,3,1,0,15,0,0,0,0,0,19,0,0
2003,120023,1,1,20,20,20,20,20,20,20,20,20,20
2003,120024,1,1,0,0,0,0,0,0,0,0,0,0
2003,120024,2,1,0,0,0,0,0,21,0,0,0,0
2003,120025,1,1,0,0,0,0,0,0,0,0,0,0
2003,120025,2,1,0,0,0,0,0,0,0,0,0,0
2003,120026,0,1,0,0,0,0,0,0,0,0,0,0
2003,120026,1,1,0,0,0,0,0,0,0,0,0,0
2003,120027,0,1,40,40,40,40,40,40,40,40,40,40
2003,120027,1,1,10,15,15,28,0,0,0,10,0,0
2003,120028,0,1,25,25,25,25,25,25,25,25,25,25
2003,120028,1,1,0,0,0,0,0,0,0,0,0,0
2003,120028,2,1,0,0,2,0,0,0,0,0,0,15
2003,120029,1,1,0,0,0,0,0,0,0,0,0,0
2003,120030,1,1,0,0,0,0,0,0,0,0,0,0
2003,120031,1,1,18,18,18,18,18,18,18,18,18,18
2003,120032,1,1,0,0,0,0,0,0,0,0,0,0
2003,120033,1,1,0,0,0,0,0,0,0,0,0,0
2003,120034,1,1,0,0,8,0,0,0,0,0,0,0
2003,120034,2,1,0,0,0,0,0,0,0,0,0,0
2003,120034,3,1,0,0,0,0,0,0,0,0,0,0
2003,120035,0,1,0,0,0,0,0,0,0,0,0,0
2003,120035,1,1,0,10,0,28,0,18,0,8,0,0
2003,120036,1,1,0,0,0,0,0,0,0,0,0,0
2003,120036,2,1,8,8,8,8,8,8,8,8,8,8
2003,120037,1,1,0,0,0,0,0,23,0,0,0,4
2003,120037,2,1,8,8,8,8,8,8,8,8,8,8
2003,120038,0,1,38,38,38,38,38,38,38,38,38,38
2003,120038,0,2,23,23,23,23,23,23,23,23,23,23
2003,120038,1,1,0,0,15,0,0,7,0,0,0,0
2003,120038,2,1,0,0,0,0,0,0,0,0,0,0
2003,120039,0,1,0,0,0,0,0,0,0,0,0,0
2003,120039,1,1,0,0,0,0,0,0,0,22,0,0
2003,120040,1,1,0,0,0,0,0,0,0,0,0,0
2003,120040,2,1,0,0,0,0,0,0,0,0,0,0
2003,120041,1,1,0,0,14,0,0,0,0,0,0,0
2003,120042,1,1,0,0,0,0,0,0,0,0,0,0
2003,120043,1,1,13,0,3,20,0,0,0,0,0,0
2003,120044,0,1,0,0,0,0,0,0,0,0,0,0
2003,120044,1,1,0,0,0,0,0,0,0,0,0,0
2003,120045,1,1,0,0,0,0,0,0,0,0,0,0
2003,120046,1,1,0,0,34,9,27,0,0,0,0,0
2003,120047,1,1,0,0,0,0,0,0,0,0,0,0
2003,120047,2,1,0,0,0,0,0,0,0,0,0,0
2003,120048,0,1,18,18,18,18,18,18,18,18,18,18
2003,120048,1,1,0,0,0,0,0,0,0,0,0,0
2003,120049,1,1,0,0,0,0,0,0,0,0,0,0
2003,120050,1,1,2,2,2,2,2,2,2,2,2,2
2003,120051,1,1,0,0,0,0,0,0,0,0,0,0
2003,120051,2,1,0,0,0,0,0,0,0,0,0,0
2003,120052,1,1,9,9,9,9,9,9,9,9,9,9
2003,120052,2,1,9,9,9,9,9,9,9,9,9,9
2003,120053,0,1,0,0,0,0,0,0,0,0,0,0
2003,120053,1,1,0,0,0,0,0,0,0,0,0,0
2003,120054,1,1,0,0,0,0,0,0,0,0,0,0
2003,120054,2,1,0,0,0,0,0,4,0,0,0,0
2003,120055,1,1,21,21,21,21,21,21,21,21,21,21
2003,120056,0,1,0,0,0,0,0,0,0,0,0,0
2003,120056,1,1,0,0,0,0,0,0,0,0,0,0
2003,120057,1,1,0,0,0,0,0,0,0,0,0,0
2003,120057,2,1,0,0,0,0,0,14,0,0,0,0
2003,120058,1,1,0,0,0,0,0,0,0,0,0,0
2003,120058,2,1,0,0,0,0,0,0,0,0,0,0
2003,120059,0,1,20,20,20,20,20,20,20,20,20,20
2003,120059,1,1,10,0,0,0,0,13,0,0,0,0
2003,120060,1,1,0,0,0,0,0,0,0,0,0,0
2003,120060,2,1,0,0,0,0,0,0,0,0,0,0
2003,120061,0,1,2,2,2,2,2,2,2,2,2,2
2003,120061,1,1,0,0,0,0,0,0,0,0,0,0
2003,120062,1,1,0,0,0,0,0,0,0,0,0,0
2003,120062,2,1,0,0,0,0,0,0,0,0,0,0
2003,120062,3,1,0,0,0,4,0,0,0,0,0,0
2003,120063,1,1,0,0,0,0,0,0,0,0,0,0
2003,120063,2,1,0,0,0,0,0,0,0,0,0,0
2003,120064,1,1,0,0,0,0,0,0,0,0,0,0
2003,120065,1,1,7,7,7,7,7,7,7,7,7,7
2003,120066,1,1,14,14,14,14,14,14,14,14,14,14
2003,120067,0,1,21,21,21,21,21,21,21,21,21,21
2003,120067,1,1,0,0,0,0,0,0,0,0,0,0
2003,120068,1,1,0,0,0,0,0,0,0,0,0,0
2003,120068,2,1,0,0,0,0,0,0,0,0,0,0
2003,120069,1,1,0,0,0,0,0,0,0,0,0,0
2003,120070,1,1,0,0,0,0,0,0,0,0,0,0
2003,120071,0,1,40,40,40,40,40,40,40,40,40,40
2003,120071,1,1,0,0,0,0,0,0,0,0,0,0
2003,120072,1,1,14,14,14,14,14,14,14,14,14,14
2003,120073,0,1,0,0,0,0,0,0,0,0,0,0
2003,120073,1,1,0,0,0,0,0,0,0,0,0,0
2003,120074,1,1,17,12,0,31,0,28,3,0,0,24
2003,120075,1,1,0,14,17,20,4,27,22,50,15,0
2003,120076,1,1,2,2,2,2,2,2,2,2,2,2
2003,120076,2,1,0,0,0,0,0,0,0,0,0,0
2003,120077,0,1,0,0,0,0,0,0,0,0,0,0
2003,120077,1,1,0,0,0,0,0,0,0,3,0,0
2003,120078,1,1,7,7,7,7,7,7,7,7,7,7
2003,120078,2,1,0,0,27,0,19,0,0,0,32,0
2003,120079,1,1,0,0,0,0,0,0,0,0,0,0
2003,120080,1,1,8,8,8,8,8,8,8,8,8,8
2003,120081,0,1,0,0,0,0,0,0,0,0,0,0
2003,120081,1,1,20,20,20,20,20,20,20,20,20,20
2003,120082,1,1,31,31,31,31,31,31,31,31,31,31
2003,120083,1,1,18,18,18,18,18,18,18,18,18,18
2003,120083,2,1,16,16,16,16,16,16,16,16,16,16
2003,120084,1,1,19,19,19,19,19,19,19,19,19,19
2003,120084,2,1,0,0,0,0,0,0,0,0,0,0
2003,120085,1,1,0,0,15,0,0,0,4,0,0,25
2003,120086,1,1,12,12,12,12,12,12,12,12,12,12
2003,120086,2,1,0,0,0,0,0,0,0,0,4,0
2003,120087,1,1,2,2,2,2,2,2,2,2,2,2
2003,120087,2,1,0,0,0,0,0,0,0,0,0,0
2003,120088,1,1,0,0,0,0,0,0,0,0,0,0
2003,120088,2,1,5,5,5,5,5,5,5,5,5,5
2003,120089,1,1,0,0,0,0,0,0,0,0,0,0
2003,120090,1,1,11,11,11,11,11,11,11,11,11,11
2003,120091,1,1,16,16,16,16,16,16,16,16,16,16
2003,120091,2,1,0,0,0,0,0,0,0,0,0,0
2003,120092,1,1,16,16,16,16,16,16,16,16,16,16
2003,120093,1,1,0,0,0,0,0,0,0,0,0,0
2003,120093,2,1,0,0,0,0,0,0,0,0,0,0
2003,120094,1,1,0,0,0,0,0,0,0,0,0,0
2003,120094,2,1,0,0,0,0,0,0,0,0,0,18
2003,120095,1,1,0,0,0,0,0,0,0,0,0,0
2003,120095,2,1,0,0,0,0,0,0,0,0,0,0
2003,120096,1,1,0,0,0,0,0,0,0,0,0,0
2003,120096,2,1,0,0,0,0,0,0,0,0,0,0
2003,120097,0,1,2,2,2,2,2,2,2,2,2,2
2003,120097,1,1,0,0,0,0,0,0,0,0,20,0
2003,120098,1,1,0,0,25,0,0,0,4,0,0,0
2003,120099,0,1,0,0,0,0,0,0,0,0,0,0
2003,120099,1,1,0,0,0,0,0,0,0,0,0,0
2003,120100,1,1,0,0,0,0,0,0,0,0,0,0
2003,120100,2,1,0,0,0,0,0,0,0,0,0,0
2003,120100,3,1,0,0,3,0,0,0,0,0,0,0
2003,120101,1,1,0,14,0,0,0,0,0,0,0,0
2003,120102,1,1,0,0,0,0,0,0,0,0,0,0
2003,120102,2,1,0,0,0,0,0,0,0,0,0,0
2003,120103,1,1,0,0,0,0,0,0,0,0,0,0
2003,120103,2,1,0,0,0,0,0,0,0,0,0,0
2003,120104,1,1,0,0,0,0,22,0,0,0,0,18
2003,120104,2,1,0,0,0,0,0,13,0,0,0,0
2003,120105,1,1,0,0,0,0,0,0,0,0,0,0
2003,120105,2,1,0,0,0,0,0,0,0,0,0,0
2003,120106,1,1,0,0,0,0,0,0,0,0,0,14
2003,120106,2,1,0,0,0,0,0,0,0,0,0,0
2003,120107,0,1,0,0,0,0,0,0,0,0,0,0
2003,120107,1,1,0,0,0,0,0,0,0,0,0,0
2003,120108,1,1,0,0,0,0,0,0,0,0,0,0
2003,120109,0,1,0,0,0,0,0,0,26,0,0,0
2003,120109,1,1,28,28,28,28,28,28,28,28,28,28
2003,120110,0,1,14,14,14,14,14,14,14,14,14,14
2003,120110,1,1,0,6,0,0,0,0,0,0,0,0
2003,120111,1,1,17,17,17,17,17,17,17,17,17,17
2003,120112,1,1,0,0,0,0,0,0,0,0,0,0
2003,120113,0,1,0,0,0,0,0,0,0,0,0,0
2003,120113,1,1,0,0,0,0,0,0,0,0,0,0
2003,120114,1,1,14,14,14,14,14,14,14,14,14,14
2003,120115,1,1,22,22,22,22,22,22,22,22,22,22
2003,120116,0,1,21,21,21,21,21,21,21,21,21,21
2003,120116,1,1,0,0,0,0,0,0,0,0,0,0
2003,120117,0,1,0,23,0,7,18,8,0,24,0,34
2003,120117,0,2,16,24,0,20,12,0,22,10,0,40
2003,120117,0,3,34,0,22,23,0,0,0,0,0,0
2003,120117,0,4,6,9,0,25,0,31,18,0,24,25
2003,120117,2,1,0,0,0,0,0,0,0,0,0,0
2003,120117,3,1,0,0,0,0,0,0,0,0,0,0
2003,120117,4,1,0,0,0,0,0,0,0,0,0,0
2003,120117,5,1,0,0,0,0,0,33,0,0,0,0
2003,120118,1,1,30,0,0,23,0,20,0,24,14,0
2003,120119,1,1,9,9,9,9,9,9,9,9,9,9
2003,120120,0,1,17,17,17,17,17,17,17,17,17,17
2003,120120,1,1,0,0,0,0,26,22,27,0,5,0
2003,120121,1,1,26,26,26,26,26,26,26,26,26,26
2003,120121,2,1,0,0,0,0,0,0,0,0,0,0
2003,120122,1,1,26,26,26,26,26,26,26,26,26,26
2003,120123,1,1,22,22,22,22,22,22,22,22,22,22
2003,120124,0,1,19,17,0,0,20,0,0,0,0,32
2003,120124,1,1,0,14,0,0,0,0,0,0,0,0
2003,120125,0,1,25,25,25,25,25,25,25,25,25,25
2003,120125,1,1,0,0,8,0,0,33,0,29,24,24
2003,120126,0,1,0,0,20,0,0,0,0,0,6,0