YEAR,ST_CASE,veh_no,per_no,P1,P2,P3,P4,P5,P6,P7,P8,P9,P10
2003,120126,1,1,0,0,0,0,0,0,0,7,0,0
2003,120127,0,1,40,40,40,40,40,40,40,40,40,40
2003,120127,0,2,15,15,15,15,15,15,15,15,15,15
2003,120127,1,1,0,0,0,0,0,0,0,0,0,0
2003,120128,1,1,0,0,0,0,0,0,0,0,0,0
2003,120128,2,1,0,0,0,0,0,0,0,0,0,0
2003,120129,1,1,8,8,8,8,8,8,8,8,8,8
2003,120130,0,1,22,22,22,22,22,22,22,22,22,22
2003,120130,1,1,0,0,0,0,0,0,0,0,0,0
2003,120131,1,1,0,0,0,0,0,0,0,0,0,0
2003,120132,0,1,0,17,0,0,0,25,0,28,28,0
2003,120132,1,1,0,0,0,0,0,0,0,0,0,0
2003,120133,1,1,19,19,19,19,19,19,19,19,19,19
2003,120134,1,1,25,25,25,25,25,25,25,25,25,25
2003,120135,1,1,0,0,0,0,0,15,0,0,0,0
2003,120136,1,1,4,4,4,4,4,4,4,4,4,4
2003,120136,2,1,0,0,0,11,0,0,0,0,0,17
2003,120136,3,1,0,0,0,0,0,0,0,28,0,0
2003,120136,4,1,0,0,0,0,0,0,0,0,0,0
2003,120137,1,1,1,1,1,1,1,1,1,1,1,1
2003,120138,0,1,0,0,0,0,0,0,0,0,0,0
2003,120138,1,1,0,17,0,0,0,0,0,0,0,13
2003,120139,1,1,0,0,0,0,0,0,0,0,0,0
2003,120139,2,1,0,0,0,0,0,0,0,0,0,0
2003,120139,3,1,0,0,0,0,0,0,0,0,0,0
2003,120139,4,1,0,0,0,0,0,0,0,0,0,0
2003,120139,5,1,0,0,0,0,0,0,0,0,0,0
2003,120140,0,1,0,0,0,0,0,0,0,0,0,0
2003,120140,1,1,12,12,12,12,12,12,12,12,12,12
2003,120140,2,1,0,0,0,0,0,0,0,0,0,0
2003,120140,3,1,0,11,0,12,9,0,0,0,0,17
2003,120141,1,1,46,46,46,46,46,46,46,46,46,46
2003,120142,1,1,0,0,0,0,0,0,0,0,0,0
2003,120142,2,1,0,0,0,0,20,0,0,0,0,0
2003,120142,3,1,0,0,0,0,0,0,0,0,0,0
2003,120143,0,1,0,0,0,0,0,0,0,0,0,0
2003,120143,1,1,0,0,0,0,0,0,0,0,0,0
2003,120144,1,1,19,19,19,19,19,19,19,19,19,19
2003,120145,1,1,7,13,0,34,0,18,0,0,0,16
2003,120146,1,1,0,0,0,0,0,0,0,0,0,0
2003,120147,1,1,0,0,0,0,0,0,0,0,0,0
2003,120147,2,1,0,0,0,0,0,0,0,0,0,0
2003,120148,0,1,0,23,0,0,0,0,20,0,16,0
2003,120148,1,1,0,0,0,0,0,0,0,0,0,0
2003,120149,1,1,19,19,19,19,19,19,19,19,19,19
2003,120150,1,1,0,0,0,0,0,0,0,0,0,0
2003,120150,2,1,0,0,0,0,0,0,0,0,0,0
2003,120151,1,1,21,21,21,21,21,21,21,21,21,21
2003,120152,1,1,11,0,8,12,0,0,10,8,0,0
2003,120153,1,1,0,0,0,0,0,0,0,0,0,0
2003,120153,2,1,0,0,0,0,0,0,0,0,0,0
2003,120154,0,1,1,1,1,1,1,1,1,1,1,1
2003,120154,1,1,0,0,0,0,0,0,0,0,0,0
2003,120155,0,1,0,0,0,0,0,0,0,0,0,0
2003,120155,1,1,0,0,0,0,0,0,0,0,0,0
2003,120156,0,1,23,23,23,23,23,23,23,23,23,23
2003,120156,1,1,0,0,0,0,0,0,0,0,0,0
2003,120156,2,1,0,0,0,0,0,0,0,0,0,0
2003,120156,3,1,0,0,0,0,0,0,0,0,0,0
2003,120156,4,1,0,0,20,0,0,0,0,13,0,0
2003,120157,1,1,13,13,13,13,13,13,13,13,13,13
2003,120158,1,1,21,21,21,21,21,21,21,21,21,21
2003,120158,2,1,0,0,0,0,0,0,0,0,0,0
2003,120159,1,1,0,0,0,0,0,0,0,0,0,0
2003,120159,2,1,0,0,0,0,0,0,0,0,0,0
2003,120160,1,1,0,16,0,16,0,0,0,13,0,0
2003,120161,1,1,14,14,14,14,14,14,14,14,14,14
2003,120161,2,1,0,0,0,0,4,0,0,16,0,0
2003,120162,1,1,20,20,20,20,20,20,20,20,20,20
2003,120163,0,1,33,33,33,33,33,33,33,33,33,33
2003,120163,1,1,0,0,7,0,0,0,0,0,0,0
2003,120164,0,1,25,25,25,25,25,25,25,25,25,25
2003,120164,1,1,21,0,0,0,0,0,0,7,0,0
2003,120164,2,1,0,0,0,0,0,12,0,0,0,0
2003,120165,0,1,25,25,25,25,25,25,25,25,25,25
2003,120165,1,1,0,0,0,0,0,0,0,0,0,0
2003,120166,1,1,14,14,14,14,14,14,14,14,14,14
2003,120166,2,1,0,0,0,0,0,0,0,0,0,0
2003,120167,0,1,0,0,0,0,0,0,0,0,0,0
2003,120167,1,1,0,0,0,0,0,0,0,0,0,0
2003,120168,1,1,0,0,0,0,0,0,0,0,0,0
2003,120168,2,1,0,0,0,0,0,0,0,0,23,0
2003,120169,1,1,0,0,0,0,0,0,0,0,0,0
2003,120169,2,1,0,0,0,0,0,0,0,0,0,0
2003,120170,1,1,17,17,17,17,17,17,17,17,17,17
2003,120170,2,1,11,0,0,0,0,11,0,0,24,0
2003,120171,1,1,0,0,0,0,0,0,0,0,0,0
2003,120171,2,1,0,0,0,0,0,0,0,0,0,0
2003,120172,1,1,0,0,0,15,0,0,0,0,0,0
2003,120172,2,1,0,0,0,0,0,0,0,0,0,0
2003,120173,1,1,0,0,0,0,21,0,9,0,0,0
2003,120173,2,1,10,0,0,0,0,0,0,0,0,0
2003,120173,3,1,0,0,0,0,0,0,0,0,0,0
2003,120174,1,1,0,0,0,9,0,0,0,0,0,0
2003,120175,1,1,0,0,0,0,0,0,0,0,0,0
2003,120176,1,1,19,19,19,19,19,19,19,19,19,19
2003,120177,1,1,4,4,4,4,4,4,4,4,4,4
2003,120178,0,1,0,0,0,0,0,0,0,0,0,0
2003,120178,1,1,0,0,0,0,24,0,0,0,0,0
2003,120179,0,1,0,0,0,0,0,0,0,0,0,0
2003,120179,1,1,0,0,0,0,0,0,0,0,0,0
2003,120180,1,1,23,23,23,23,23,23,23,23,23,23
2003,120181,1,1,0,0,0,0,12,0,0,0,0,0
2003,120182,1,1,0,0,0,0,0,0,0,0,0,0
2003,120182,2,1,0,0,0,0,0,0,0,0,0,0
2003,120183,1,1,0,0,0,0,0,0,0,0,0,0
2003,120183,2,1,0,0,0,0,0,0,0,0,0,0
2003,120184,1,1,0,27,0,0,0,0,0,23,0,18
2003,120185,1,1,0,0,0,0,0,0,0,0,0,0
2003,120185,2,1,0,0,0,0,0,0,0,0,0,0
2003,120186,1,1,0,0,0,0,0,0,0,0,0,0
2003,120187,0,1,27,27,27,27,27,27,27,27,27,27
2003,120187,1,1,0,0,0,0,0,0,0,0,0,0
2003,120188,1,1,0,0,0,0,0,0,0,0,0,0
2003,120188,2,1,0,0,0,0,0,0,0,0,0,0
2003,120189,0,1,26,0,0,0,0,0,20,22,0,0
2003,120189,1,1,0,0,0,0,0,0,0,0,0,0
2003,120190,1,1,0,0,0,0,0,0,0,0,0,0
2003,120190,2,1,0,0,0,0,0,0,0,0,0,0
2003,120191,1,1,0,0,0,0,0,0,0,0,0,0
2003,120191,2,1,0,0,0,0,0,0,0,0,0,0
2003,120191,3,1,0,0,0,0,0,0,0,0,0,0
2003,120192,1,1,0,0,0,0,0,0,0,0,0,0
2003,120192,2,1,18,0,0,0,0,0,0,0,0,0
2003,120193,1,1,0,0,0,0,0,0,0,0,0,0
2003,120193,2,1,0,0,0,0,0,0,0,0,0,0
2003,120194,1,1,27,27,27,27,27,27,27,27,27,27
2003,120195,0,1,0,0,0,0,0,0,0,0,0,0
2003,120195,1,1,4,4,4,4,4,4,4,4,4,4
2003,120196,1,1,32,0,0,7,0,3,12,0,0,28
2003,120197,0,1,19,0,0,0,0,0,26,0,0,0
2003,120197,1,1,0,0,0,0,0,0,0,0,0,0
2003,120198,1,1,0,0,0,0,0,0,0,0,0,0
2003,120199,1,1,0,0,0,0,0,0,0,0,0,0
2003,120199,2,1,0,0,0,0,0,0,0,0,0,0
2003,120200,1,1,0,10,0,0,17,16,0,0,0,21
2003,120200,2,1,0,0,0,0,16,0,0,0,0,10
2003,120200,3,1,0,0,0,0,0,0,0,0,0,0
2003,120201,1,1,0,0,0,0,0,0,0,0,0,0
2003,120201,2,1,0,7,0,0,0,21,0,0,0,2
2003,120202,1,1,0,0,0,0,0,0,0,0,0,0
2003,120202,2,1,0,0,0,0,0,0,0,0,0,0
2003,120203,1,1,0,0,0,0,0,0,0,0,0,0
2003,120203,2,1,0,0,0,0,0,0,15,0,0,0
2003,120204,1,1,31,31,31,31,31,31,31,31,31,31
2003,120204,2,1,0,0,0,0,0,0,0,0,0,0
2003,120204,3,1,0,0,0,0,0,0,0,0,0,0
2003,120205,1,1,0,24,14,0,0,0,0,0,0,0
2003,120206,1,1,0,0,0,0,0,0,0,0,0,0
2003,120207,0,1,0,0,0,0,0,0,0,0,16,17
2003,120207,1,1,0,0,0,0,14,0,0,0,0,0
2003,120208,1,1,0,0,0,0,0,0,0,0,0,0
2003,120208,2,1,0,0,0,0,0,0,0,0,0,0
2003,120209,1,1,0,0,0,0,0,0,0,0,0,0
2003,120209,2,1,0,0,0,0,0,0,0,0,0,0
2003,120210,1,1,0,0,0,0,0,0,0,0,0,0
2003,120210,2,1,0,0,0,0,0,0,0,0,0,0
2003,120211,1,1,0,0,0,0,0,0,0,0,0,0
2003,120211,2,1,14,14,14,14,14,14,14,14,14,14
2003,120211,3,1,0,0,0,0,3,0,0,0,0,0
2003,120212,1,1,0,9,0,0,0,0,0,0,0,0
2003,120213,0,1,12,24,0,16,7,19,0,0,0,0
2003,120213,1,1,0,0,0,0,0,0,15,0,0,0
2003,120214,0,1,0,0,0,0,0,0,0,22,0,0
2003,120214,1,1,0,0,0,0,0,0,0,0,0,0
2003,120215,1,1,21,21,21,21,21,21,21,21,21,21
2003,120215,2,1,0,0,0,0,0,0,0,0,0,0
2003,120216,1,1,2,2,2,2,2,2,2,2,2,2
2003,120216,2,1,12,0,0,0,0,0,0,0,0,0
2003,120217,1,1,0,0,0,0,0,9,0,0,0,0
2003,120217,2,1,0,0,0,0,0,0,0,0,0,0
2003,120218,1,1,0,0,0,0,0,0,0,0,0,0
2003,120218,2,1,0,0,0,19,0,0,0,0,0,0
2003,120218,3,1,0,0,0,0,0,0,0,0,0,0
2003,120219,1,1,0,0,0,0,22,5,0,0,0,0
2003,120220,1,1,21,0,0,0,5,0,0,0,2,0
2003,120220,2,1,0,0,0,0,0,0,0,0,0,0
2003,120220,3,1,0,0,0,0,0,0,0,11,0,0
2003,120220,4,1,16,0,11,15,30,0,0,0,0,0
2003,120221,1,1,0,0,0,16,0,0,20,0,26,10
2003,120222,1,1,23,23,23,23,23,23,23,23,23,23
2003,120223,1,1,7,0,0,0,0,0,0,0,0,0
2003,120223,2,1,0,0,0,0,0,0,0,0,0,0
2003,120224,1,1,0,0,0,0,0,12,0,0,0,0
2003,120225,1,1,0,0,0,0,0,0,0,0,0,0
2003,120225,2,1,0,0,0,0,0,0,0,0,0,0
2003,120226,1,1,8,8,8,8,8,8,8,8,8,8
2003,120226,2,1,0,0,0,0,0,0,0,0,0,0
2003,120227,1,1,2,2,2,2,2,2,2,2,2,2
2003,120228,0,1,0,0,0,0,0,0,0,0,0,0
2003,120228,1,1,0,0,0,0,0,0,0,0,0,0
2003,120228,2,1,0,0,0,0,0,0,0,0,0,0
2003,120229,1,1,0,0,0,0,0,0,0,0,0,0
2003,120229,2,1,0,0,0,0,0,0,0,0,0,0
2003,120229,3,1,0,11,0,0,0,0,0,0,0,0
2003,120230,1,1,0,0,0,0,0,0,0,0,0,0
2003,120230,2,1,0,0,0,0,0,0,0,0,0,0
2003,120231,1,1,0,0,0,0,0,0,0,0,0,12
2003,120232,1,1,20,21,0,13,0,12,6,10,16,35
2003,120232,2,1,0,0,0,0,0,0,0,0,0,23
2003,120233,1,1,15,15,15,15,15,15,15,15,15,15
2003,120233,2,1,0,0,0,0,0,0,5,0,0,0
2003,120234,0,1,21,21,21,21,21,21,21,21,21,21
2003,120234,1,1,0,0,0,9,0,0,0,0,0,0
2003,120235,0,1,31,31,31,31,31,31,31,31,31,31
2003,120235,1,1,0,0,0,0,0,0,0,0,0,0
2003,120236,1,1,0,0,0,0,0,0,0,0,0,0
2003,120236,2,1,0,0,0,0,0,0,0,0,0,0
2003,120237,1,1,0,0,0,0,0,0,0,0,0,0
2003,120238,1,1,0,0,0,0,0,0,0,0,0,0
2003,120238,2,1,0,0,0,0,0,0,0,0,0,0
2003,120239,0,1,0,0,0,0,0,0,0,0,0,0
2003,120239,1,1,0,0,0,0,0,0,0,0,0,0
2003,120240,1,1,0,0,0,0,0,0,0,0,0,0
2003,120240,2,1,0,0,0,0,0,0,0,0,0,0
2003,120241,1,1,0,0,0,0,0,0,0,0,0,0
2003,120241,2,1,0,0,0,0,0,0,0,0,0,0
2003,120242,1,1,0,0,11,0,0,0,0,0,0,0
2003,120243,0,1,0,0,0,0,0,0,0,0,0,0
2003,120243,1,1,31,0,0,0,0,0,0,0,0,0
2003,120244,1,1,0,0,0,0,11,0,0,0,22,17
2003,120244,2,1,0,0,0,0,0,0,0,0,0,0
2003,120245,1,1,0,0,0,0,0,0,0,0,0,0
2003,120246,1,1,5,5,5,5,5,5,5,5,5,5
2003,120246,2,1,0,0,0,0,0,0,0,0,0,0
2003,120247,1,1,0,0,0,0,0,0,0,0,0,0
2003,120247,2,1,0,0,0,0,0,0,0,0,0,0
2003,120248,1,1,0,0,0,0,0,0,0,0,0,0
2003,120248,2,1,0,0,0,0,0,0,0,0,0,0
2003,120249,1,1,0,0,0,0,0,0,0,0,0,17
2003,120249,2,1,0,0,0,0,0,0,0,0,0,0
2003,120250,1,1,0,3,0,0,0,0,0,0,0,0
2003,120250,2,1,0,0,0,0,0,0,0,0,0,0
2003,120251,0,1,0,0,0,0,0,0,0,0,0,0
2003,120251,1,1,0,0,0,0,0,0,0,0,0,0
2003,120252,1,1,0,0,0,0,0,0,0,0,0,0
2003,120252,2,1,0,0,0,0,0,0,0,0,0,11
2003,120252,3,1,0,0,0,0,0,0,0,0,0,0
2003,120252,4,1,0,0,0,0,0,0,0,0,0,0
2003,120252,5,1,0,0,0,0,0,0,0,0,0,0
2003,120253,0,1,0,0,0,0,0,0,0,0,16,0
2003,120253,1,1,0,0,0,0,0,0,0,0,0,0
2003,120254,0,1,2,2,2,2,2,2,2,2,2,2
2003,120254,1,1,0,0,0,0,0,0,0,0,0,0
2003,120255,0,1,3,3,3,3,3,3,3,3,3,3
2003,120255,1,1,14,0,0,0,0,0,0,0,0,0
2003,120256,0,1,0,0,0,0,0,0,0,0,0,0
2003,120256,1,1,0,0,0,0,0,0,0,0,0,0
2003,120257,1,1,0,0,0,0,0,0,0,0,0,0
2003,120257,2,1,0,0,0,0,0,0,0,0,0,0
2003,120257,3,1,0,0,0,0,0,0,0,0,0,0
2003,120258,1,1,0,0,0,0,0,0,0,0,0,0
2003,120258,2,1,0,18,0,0,0,13,0,0,0,0
2003,120259,1,1,14,14,14,14,14,14,14,14,14,14
2003,120260,0,1,0,0,0,0,0,0,0,0,0,0
2003,120260,1,1,0,0,0,0,0,0,0,0,0,0
2003,120261,1,1,0,0,0,10,0,0,0,0,12,0
2003,120262,0,1,0,0,0,0,0,0,0,0,0,0
2003,120262,1,1,0,0,0,0,0,0,0,0,0,0
2003,120263,1,1,0,0,0,0,0,0,0,0,0,0
2003,120264,1,1,0,0,0,0,0,0,0,0,0,0
2003,120265,1,1,0,0,0,0,0,0,0,0,0,0
2003,120265,2,1,0,0,0,0,0,0,0,0,0,0
2003,120266,1,1,0,0,15,0,18,0,0,0,0,16
2003,120267,0,1,0,0,0,18,0,0,0,0,0,0
2003,120267,1,1,0,0,0,0,0,0,0,0,0,0
2003,120268,0,1,38,38,38,38,38,38,38,38,38,38
2003,120268,1,1,0,0,0,0,0,0,0,0,0,0
2003,120269,1,1,27,11,0,26,0,0,14,9,0,13
2003,120269,2,1,13,21,0,9,0,0,0,0,0,0
2003,120270,1,1,0,0,0,0,0,0,0,0,0,0
2003,120270,2,1,0,0,0,0,26,0,0,0,0,0
2003,120271,0,1,0,0,0,0,0,0,0,0,0,0
2003,120271,1,1,0,0,0,0,4,0,0,14,0,0
2003,120272,1,1,18,18,18,18,18,18,18,18,18,18
2003,120273,1,1,9,9,9,9,9,9,9,9,9,9
2003,120274,1,1,20,20,20,20,20,20,20,20,20,20
2003,120275,1,1,0,0,0,0,0,0,0,0,0,0
2003,120275,2,1,0,0,0,0,0,0,0,0,0,7
2003,120276,0,1,0,0,0,0,0,0,0,0,0,0
2003,120276,1,1,0,0,0,0,0,0,0,0,0,0
2003,120277,1,1,2,2,2,2,2,2,2,2,2,2
2003,120278,0,1,1,1,1,1,1,1,1,1,1,1
2003,120278,1,1,0,0,0,0,0,0,0,0,0,0
2003,120279,1,1,11,11,11,11,11,11,11,11,11,11
2003,120280,1,1,0,0,0,0,0,0,0,0,0,0
2003,120281,1,1,3,3,3,3,3,3,3,3,3,3
2003,120282,1,1,22,22,22,22,22,22,22,22,22,22
2003,120282,2,1,0,0,0,0,0,0,0,0,18,7
2003,120283,1,1,26,26,26,26,26,26,26,26,26,26
2003,120283,2,1,0,0,12,0,0,0,0,0,0,0
2003,120284,1,1,0,0,0,0,0,0,0,7,0,0
2003,120284,2,1,0,0,3,0,0,0,0,0,0,0
2003,120285,0,1,29,29,29,29,29,29,29,29,29,29
2003,120285,1,1,0,9,0,0,9,0,0,4,0,0
2003,120286,1,1,27,27,27,27,27,27,27,27,27,27
2003,120287,1,1,17,17,17,17,17,17,17,17,17,17
2003,120288,1,1,0,0,0,0,0,0,0,0,0,0
2003,120289,1,1,0,0,0,0,0,0,0,0,0,0
2003,120289,2,1,0,0,0,0,0,0,0,0,0,0
2003,120289,3,1,37,0,0,0,0,0,0,0,0,0
2003,120290,1,1,0,0,0,0,0,0,0,0,0,0
2003,120291,1,1,0,0,0,0,0,0,0,0,0,0
2003,120291,2,1,0,0,0,0,0,0,0,0,0,0
2003,120292,2,1,0,0,0,0,0,0,0,0,0,0
2003,120293,1,1,0,0,0,0,0,0,0,0,0,0
2003,120293,2,1,0,0,0,18,0,0,0,0,0,0
2003,120294,0,1,0,0,0,0,0,0,0,0,0,0
2003,120294,1,1,0,0,0,0,0,0,0,0,0,0
2003,120295,0,1,14,14,14,14,14,14,14,14,14,14
2003,120295,1,1,0,0,15,0,3,0,0,0,0,11
2003,120296,1,1,0,0,0,0,0,0,0,0,13,0
2003,120296,2,1,0,0,0,0,0,0,0,0,0,0
2003,120297,1,1,0,0,0,0,0,0,0,0,0,0
2003,120297,2,1,0,0,0,0,0,0,0,0,0,0
2003,120298,1,1,0,0,0,0,0,0,0,0,0,0
2003,120298,2,1,0,0,15,0,0,0,0,0,0,0
2003,120299,0,1,0,0,0,0,0,0,0,0,0,0
2003,120299,1,1,0,0,0,7,0,0,0,0,0,0
2003,120300,1,1,0,0,0,0,0,0,0,0,0,0
2003,120300,2,1,0,0,0,0,0,0,0,0,0,0
2003,120301,1,1,0,0,0,0,0,0,34,0,0,0
2003,120301,2,1,0,0,0,0,0,0,0,0,0,0
2003,120302,1,1,0,0,0,0,0,0,0,0,0,0
2003,120303,1,1,19,19,19,19,19,19,19,19,19,19
2003,120304,1,1,0,0,0,0,0,0,0,0,0,0
2003,120304,2,1,0,0,0,0,0,0,0,0,0,0
2003,120305,0,1,27,27,27,27,27,27,27,27,27,27
2003,120305,1,1,18,18,18,18,18,18,18,18,18,18
2003,120306,1,1,0,0,0,0,0,0,0,0,0,0
2003,120306,2,1,0,0,0,0,0,0,0,0,0,0
2003,120307,1,1,0,0,0,0,0,0,0,0,0,0
2003,120307,2,1,0,0,0,0,0,0,0,0,0,0
2003,120308,0,1,31,31,31,31,31,31,31,31,31,31
2003,120308,1,1,3,3,3,3,3,3,3,3,3,3
2003,120309,0,1,0,0,0,0,0,0,0,0,0,0
2003,120309,1,1,0,0,0,0,0,0,0,0,0,0
2003,120310,1,1,23,23,23,23,23,23,23,23,23,23
2003,120311,1,1,6,6,6,6,6,6,6,6,6,6
2003,120311,2,1,0,0,0,0,0,0,0,0,0,0
2003,120312,0,1,0,0,11,13,0,0,0,0,0,0
2003,120312,1,1,0,0,0,0,0,0,0,22,0,0
2003,120313,1,1,0,0,20,0,0,0,32,0,27,3
2003,120313,2,1,0,0,0,0,0,0,0,0,0,0
2003,120314,1,1,14,14,14,14,14,14,14,14,14,14
2003,120315,0,1,0,0,0,0,0,0,0,0,0,0
2003,120315,1,1,0,0,0,0,0,0,0,0,0,0
2003,120316,1,1,20,20,20,20,20,20,20,20,20,20
2003,120317,1,1,21,21,21,21,21,21,21,21,21,21
2003,120318,0,1,3,3,3,3,3,3,3,3,3,3
2003,120318,1,1,4,4,4,4,4,4,4,4,4,4
2003,120319,0,1,0,0,0,0,6,0,0,0,14,0
2003,120319,1,1,2,2,2,2,2,2,2,2,2,2
2003,120320,0,1,0,0,0,12,14,0,0,0,0,16
2003,120320,1,1,0,0,0,0,0,0,0,0,0,0
2003,120321,1,1,6,13,0,14,8,15,0,0,0,4
2003,120321,2,1,0,0,0,0,0,0,0,0,0,0
2003,120322,1,1,0,0,0,0,0,0,0,0,0,0
2003,120323,1,1,0,0,0,0,7,13,0,16,0,0
2003,120324,1,1,20,20,20,20,20,20,20,20,20,20
2003,120324,2,1,0,0,0,0,0,0,0,0,0,0
2003,120325,1,1,0,0,0,0,0,0,0,0,0,0
2003,120325,2,1,14,14,14,14,14,14,14,14,14,14
2003,120326,1,1,0,0,0,0,0,0,0,0,0,0
2003,120327,1,1,0,0,0,0,0,0,0,0,0,0
2003,120327,2,1,0,0,0,0,0,0,0,0,0,0
2003,120328,1,1,19,19,19,19,19,19,19,19,19,19
2003,120329,0,1,10,10,10,10,10,10,10,10,10,10
2003,120329,1,1,1,1,1,1,1,1,1,1,1,1
2003,120330,1,1,16,0,0,0,0,0,24,0,0,0
2003,120331,1,1,17,17,17,17,17,17,17,17,17,17
2003,120331,2,1,0,0,0,0,0,0,0,0,0,0
2003,120332,1,1,0,0,0,0,0,0,0,0,0,0
2003,120333,1,1,1,1,1,1,1,1,1,1,1,1
2003,120334,1,1,12,12,12,12,12,12,12,12,12,12
2003,120335,1,1,0,0,0,0,0,0,0,0,0,0
2003,120336,0,1,31,31,31,31,31,31,31,31,31,31
2003,120336,1,1,0,0,0,0,0,0,0,0,0,0
2003,120336,2,1,0,0,0,0,0,0,0,0,0,0
2003,120337,0,1,0,0,0,0,0,0,0,0,0,0
2003,120337,1,1,0,0,0,0,0,0,0,0,0,0
2003,120338,1,1,0,0,0,0,0,0,0,0,0,0
2003,120339,1,1,12,12,12,12,12,12,12,12,12,12
2003,120340,1,1,0,0,0,0,0,0,0,0,0,0
2003,120340,2,1,0,0,0,0,0,0,0,0,0,0
2003,120341,0,1,0,0,0,0,0,0,0,0,0,0
2003,120341,1,1,0,0,0,0,0,0,0,0,0,0
2003,120342,0,1,0,0,0,0,0,0,0,0,0,0
2003,120342,1,1,0,0,0,0,0,0,0,0,0,0
2003,120343,1,1,20,20,20,20,20,20,20,20,20,20
2003,120343,2,1,0,0,0,0,0,0,0,0,0,0
2003,120344,1,1,0,0,0,0,0,0,0,0,0,0
2003,120344,2,1,0,0,0,0,0,0,0,0,0,0
2003,120345,1,1,0,0,0,0,0,0,0,0,0,0
2003,120345,2,1,15,15,15,15,15,15,15,15,15,15
2003,120346,0,1,0,0,0,0,0,0,0,0,0,0
2003,120346,1,1,0,0,0,22,0,0,0,0,0,0
2003,120347,1,1,0,0,0,0,0,0,0,0,0,0
2003,120347,2,1,0,0,0,0,0,0,0,0,0,0
2003,120348,1,1,0,0,0,0,0,0,0,0,0,0
2003,120348,2,1,0,29,0,0,0,0,0,0,0,0
2003,120349,0,1,0,0,0,0,0,0,0,0,0,0
2003,120349,1,1,0,0,0,0,0,0,0,0,0,0
2003,120350,1,1,0,0,0,0,0,0,0,0,0,0
2003,120350,2,1,0,0,0,0,0,0,0,0,0,0
2003,120350,3,1,0,0,0,0,0,0,0,0,0,0
2003,120350,4,1,0,0,0,0,0,0,0,0,0,0
2003,120350,5,1,0,0,0,0,0,0,0,0,0,0
2003,120351,1,1,0,0,0,10,0,0,0,0,0,0
2003,120351,2,1,0,0,0,0,0,0,0,0,0,0
2003,120352,1,1,20,20,20,20,20,20,20,20,20,20
2003,120353,0,1,0,0,0,4,16,22,22,36,25,0
2003,120353,1,1,0,0,0,0,0,0,0,0,0,0
2003,120354,1,1,0,0,0,0,0,0,0,0,0,0
2003,120354,2,1,0,0,0,0,0,0,0,0,0,0
2003,120355,1,1,0,0,0,0,0,0,0,0,0,0
2003,120355,2,1,18,0,0,0,32,0,0,0,0,13
2003,120356,0,1,0,0,0,0,0,0,0,0,0,0
2003,120356,1,1,0,0,0,0,0,0,0,0,0,0
2003,120357,1,1,0,0,0,0,0,0,0,0,0,0
2003,120358,1,1,21,21,21,21,21,21,21,21,21,21
2003,120359,1,1,40,40,40,40,40,40,40,40,40,40
2003,120359,2,1,0,0,0,0,0,0,0,0,0,0
2003,120360,1,1,25,25,25,25,25,25,25,25,25,25
2003,120361,1,1,0,0,0,0,0,0,0,0,0,0
2003,120362,1,1,45,45,45,45,45,45,45,45,45,45
2003,120362,2,1,0,17,0,0,17,12,0,28,16,0
2003,120362,3,1,0,0,0,0,0,0,0,0,0,0
2003,120363,1,1,0,0,0,0,0,0,0,0,0,0
2003,120363,2,1,15,15,15,15,15,15,15,15,15,15
2003,120364,1,1,0,7,0,32,0,0,0,0,6,8
2003,120364,2,1,0,0,0,0,0,0,0,0,0,0
2003,120365,1,1,30,15,17,17,21,21,0,0,0,0
2003,120366,1,1,0,0,0,0,0,0,0,0,0,0
2003,120367,1,1,0,0,0,0,0,0,0,0,0,0
2003,120368,1,1,0,0,0,0,0,0,0,0,0,0
2003,120368,2,1,0,0,0,0,0,0,0,0,0,0
2003,120369,1,1,11,11,11,11,11,11,11,11,11,11
2003,120370,1,1,0,0,0,0,0,0,0,0,0,0
2003,120370,2,1,0,0,0,0,0,0,0,0,0,0
2003,120371,1,1,0,0,0,0,0,0,0,0,0,0
2003,120371,2,1,0,0,0,0,7,0,7,0,15,8
2003,120372,1,1,0,0,0,0,0,0,0,0,0,0
2003,120372,2,1,0,0,0,0,0,0,0,0,0,0
2003,120372,3,1,0,0,0,0,0,0,0,0,0,0
2003,120373,0,1,0,0,16,14,20,20,14,0,0,21
2003,120373,1,1,13,13,13,13,13,13,13,13,13,13
2003,120374,1,1,4,4,4,4,4,4,4,4,4,4
2003,120374,2,1,6,6,6,6,6,6,6,6,6,6
2003,120375,1,1,5,5,5,5,5,5,5,5,5,5
2003,120376,1,1,5,5,5,5,5,5,5,5,5,5
2003,120377,1,1,0,0,0,0,0,0,0,0,0,0
2003,120377,2,1,0,0,0,0,0,0,0,0,0,0
2003,120378,1,1,18,0,0,0,0,0,0,26,10,0
2003,120379,1,1,0,0,0,0,0,0,7,0,0,20
2003,120379,2,1,3,3,3,3,3,3,3,3,3,3
2003,120380,1,1,24,24,24,24,24,24,24,24,24,24
2003,120380,2,1,0,0,0,0,0,0,0,0,0,0
2003,120381,0,1,26,26,26,26,26,26,26,26,26,26
2003,120381,1,1,0,0,0,0,0,0,0,0,0,0