YEAR,ST_CASE,veh_no,per_no,P1,P2,P3,P4,P5,P6,P7,P8,P9,P10
2003,120382,0,1,20,20,20,20,20,20,20,20,20,20
2003,120382,1,1,0,0,0,0,0,0,0,0,0,0
2003,120383,0,1,0,0,0,0,0,0,0,0,0,0
2003,120383,1,1,2,2,2,2,2,2,2,2,2,2
2003,120384,1,1,0,3,4,0,0,0,0,0,0,0
2003,120385,1,1,0,0,0,0,0,0,0,0,0,0
2003,120386,1,1,22,22,22,22,22,22,22,22,22,22
2003,120387,1,1,0,0,0,0,0,0,0,0,0,0
2003,120388,1,1,24,24,24,24,24,24,24,24,24,24
2003,120389,1,1,0,0,0,0,0,0,0,0,0,0
2003,120390,1,1,0,0,0,0,0,0,0,0,10,0
2003,120390,2,1,0,0,0,0,0,0,0,0,0,0
2003,120391,1,1,0,0,0,0,0,0,0,0,0,0
2003,120391,2,1,0,0,0,0,0,0,0,0,0,0
2003,120392,1,1,0,0,0,21,0,0,0,0,0,0
2003,120393,1,1,15,15,15,15,15,15,15,15,15,15
2003,120393,2,1,0,0,0,0,0,0,0,0,0,0
2003,120393,3,1,0,0,0,0,0,0,0,0,0,0
2003,120394,0,1,7,7,7,7,7,7,7,7,7,7
2003,120394,1,1,0,0,0,0,0,0,0,0,0,0
2003,120395,0,1,0,0,0,0,0,0,0,0,0,0
2003,120395,1,1,0,0,0,0,0,0,0,0,0,0
2003,120396,1,1,0,0,0,0,0,0,0,0,0,0
2003,120396,2,1,0,0,0,0,0,0,0,0,0,0
2003,120397,1,1,0,0,0,0,0,0,0,0,0,0
2003,120397,2,1,0,0,0,0,0,0,0,0,0,0
2003,120397,3,1,0,0,0,0,0,0,0,0,0,0
2003,120397,4,1,0,0,0,0,0,0,0,0,0,0
2003,120398,0,1,0,0,0,0,0,0,0,0,0,0
2003,120398,1,1,0,0,0,0,0,0,0,0,0,0
2003,120399,0,1,0,0,0,38,0,0,0,0,0,0
2003,120399,1,1,0,0,0,0,0,0,0,0,0,0
2003,120400,1,1,17,17,17,17,17,17,17,17,17,17
2003,120401,1,1,0,0,0,0,0,0,0,0,0,0
2003,120401,2,1,0,0,0,0,0,0,0,0,0,0
2003,120402,1,1,0,0,0,0,0,0,0,0,0,0
2003,120402,2,1,0,0,0,0,0,0,0,0,0,0
2003,120403,1,1,16,16,16,16,16,16,16,16,16,16
2003,120403,2,1,0,0,0,0,0,0,0,0,0,0
2003,120404,0,1,13,13,13,13,13,13,13,13,13,13
2003,120404,1,1,0,0,0,0,0,0,0,0,0,0
2003,120405,1,1,0,0,0,0,0,0,0,0,0,0
2003,120406,1,1,0,0,0,0,0,0,0,0,0,0
2003,120406,2,1,2,0,0,0,0,0,0,0,0,0
2003,120407,1,1,0,0,0,0,0,0,0,0,0,0
2003,120407,2,1,0,0,0,0,0,0,0,0,0,0
2003,120408,0,1,0,0,0,0,0,0,0,0,0,0
2003,120408,1,1,0,0,0,0,0,0,0,0,0,0
2003,120409,1,1,16,16,16,16,16,16,16,16,16,16
2003,120410,0,1,3,3,3,3,3,3,3,3,3,3
2003,120410,1,1,0,0,0,0,0,0,0,0,0,0
2003,120411,1,1,23,23,23,23,23,23,23,23,23,23
2003,120412,1,1,0,0,0,0,0,0,0,0,0,0
2003,120412,2,1,0,0,0,0,0,0,0,0,0,0
2003,120413,0,1,22,22,22,22,22,22,22,22,22,22
2003,120413,1,1,0,20,0,29,0,9,27,16,0,0
2003,120414,1,1,0,0,0,0,0,0,0,0,0,0
2003,120414,2,1,0,0,0,0,0,0,0,0,0,0
2003,120415,1,1,0,0,0,0,0,0,0,0,0,0
2003,120415,2,1,0,0,0,0,0,0,0,0,0,0
2003,120416,1,1,0,0,0,0,0,0,0,0,0,15
2003,120416,2,1,0,0,0,15,0,0,0,0,0,0
2003,120417,1,1,17,17,17,17,17,17,17,17,17,17
2003,120418,1,1,0,0,0,0,0,0,0,0,0,0
2003,120418,2,1,0,0,0,0,0,0,0,0,0,0
2003,120419,0,1,0,0,34,0,0,0,0,0,0,0
2003,120419,1,1,0,0,0,0,0,0,0,0,0,0
2003,120420,1,1,12,12,12,12,12,12,12,12,12,12
2003,120421,1,1,23,23,23,23,23,23,23,23,23,23
2003,120422,1,1,0,0,0,0,0,0,0,0,0,0
2003,120423,1,1,0,0,0,0,0,0,0,0,0,0
2003,120423,2,1,0,0,0,0,0,0,0,0,0,0
2003,120424,1,1,22,22,22,22,22,22,22,22,22,22
2003,120425,1,1,22,22,22,22,22,22,22,22,22,22
2003,120426,1,1,0,0,0,0,0,0,0,0,0,0
2003,120426,2,1,0,0,0,0,0,0,0,0,0,0
2003,120427,1,1,0,26,0,0,0,0,21,0,26,0
2003,120428,1,1,0,0,0,0,0,0,0,0,0,0
2003,120428,2,1,0,0,0,0,0,0,0,0,0,0
2003,120429,1,1,0,0,0,0,0,0,0,0,0,0
2003,120429,2,1,0,0,0,0,0,0,0,0,0,0
2003,120429,3,1,0,0,0,0,0,0,0,0,0,0
2003,120430,0,1,22,22,22,22,22,22,22,22,22,22
2003,120430,1,1,0,0,0,0,0,0,0,0,0,0
2003,120431,1,1,0,0,0,0,0,0,0,0,0,0
2003,120431,2,1,0,0,0,0,0,0,0,0,0,0
2003,120432,1,1,0,0,0,0,0,0,0,0,0,0
2003,120432,2,1,0,0,0,0,0,0,0,0,0,0
2003,120433,1,1,0,0,0,0,0,0,0,0,0,11
2003,120434,1,1,19,19,19,19,19,19,19,19,19,19
2003,120435,1,1,0,0,0,0,0,0,0,0,0,0
2003,120435,2,1,0,0,0,7,0,0,0,0,0,0
2003,120436,0,1,0,0,0,0,0,0,0,0,0,0
2003,120436,1,1,0,0,0,0,0,0,0,0,0,0
2003,120437,1,1,0,0,0,0,0,0,0,0,0,0
2003,120438,1,1,0,0,0,0,0,0,0,0,0,0
2003,120439,1,1,0,0,0,0,0,0,0,0,0,0
2003,120440,1,1,0,9,9,26,0,0,0,0,3,9
2003,120441,1,1,0,0,0,0,0,0,0,0,0,0
2003,120442,1,1,0,0,0,0,0,0,0,0,0,0
2003,120443,1,1,17,17,17,17,17,17,17,17,17,17
2003,120443,2,1,0,0,0,0,0,0,0,0,0,0
2003,120444,1,1,0,0,0,0,0,0,0,0,0,0
2003,120445,0,1,0,0,0,0,14,0,0,0,0,0
2003,120445,1,1,18,18,18,18,18,18,18,18,18,18
2003,120446,0,1,0,0,0,0,0,0,0,0,0,17
2003,120446,0,2,0,0,0,0,18,0,0,0,0,0
2003,120446,0,3,0,0,0,0,0,0,0,0,0,0
2003,120446,1,1,0,0,0,0,0,0,0,0,0,0
2003,120447,1,1,0,0,0,0,0,0,0,0,0,0
2003,120447,2,1,16,0,0,0,0,5,0,8,0,0
2003,120447,3,1,0,0,0,0,0,0,0,0,0,0
2003,120448,1,1,0,0,0,0,0,0,0,0,0,0
2003,120448,2,1,0,0,0,0,0,0,0,0,0,0
2003,120449,1,1,0,0,0,0,0,0,0,0,0,0
2003,120449,2,1,0,0,0,0,16,0,0,0,0,0
2003,120450,1,1,0,0,0,0,0,0,0,0,0,0
2003,120450,2,1,0,0,0,0,0,0,0,0,0,0
2003,120451,0,1,11,11,11,11,11,11,11,11,11,11
2003,120451,1,1,0,0,0,0,0,0,0,0,0,0
2003,120452,1,1,0,0,0,0,0,0,0,0,0,0
2003,120452,2,1,0,0,0,0,0,0,0,0,8,0
2003,120453,0,1,22,22,22,22,22,22,22,22,22,22
2003,120453,1,1,0,0,0,0,0,0,0,0,0,0
2003,120453,2,1,16,0,4,12,0,14,0,18,0,16
2003,120454,1,1,0,32,19,0,0,21,0,0,0,0
2003,120455,1,1,7,0,0,0,0,0,15,0,0,0
2003,120456,1,1,0,0,0,0,0,0,0,0,0,0
2003,120456,2,1,0,0,0,0,0,0,0,0,0,0
2003,120457,1,1,0,0,0,0,0,0,0,0,0,0
2003,120457,2,1,0,0,0,0,0,0,0,0,0,0
2003,120458,1,1,0,0,0,0,0,0,0,0,0,0
2003,120459,1,1,7,7,7,7,7,7,7,7,7,7
2003,120460,1,1,9,9,9,9,9,9,9,9,9,9
2003,120460,2,1,0,0,0,3,0,0,0,0,0,0
2003,120461,1,1,0,0,0,0,0,0,0,0,0,0
2003,120462,1,1,11,11,11,11,11,11,11,11,11,11
2003,120463,0,1,0,0,0,0,0,0,0,0,0,0
2003,120463,1,1,0,0,0,0,21,0,0,0,0,0
2003,120464,0,1,0,0,0,0,0,0,0,0,0,0
2003,120464,1,1,0,0,0,0,0,0,0,0,0,0
2003,120465,0,1,15,7,0,0,0,0,0,0,0,0
2003,120465,1,1,0,0,32,0,0,0,0,0,0,0
2003,120466,1,1,20,20,20,20,20,20,20,20,20,20
2003,120466,2,1,7,0,0,0,0,0,0,0,0,0
2003,120466,3,1,0,0,0,24,0,0,0,0,0,0
2003,120467,1,1,19,19,19,19,19,19,19,19,19,19
2003,120468,1,1,10,10,10,10,10,10,10,10,10,10
2003,120469,1,1,8,8,8,8,8,8,8,8,8,8
2003,120470,1,1,0,0,0,0,0,0,0,0,0,0
2003,120471,0,1,0,0,0,0,0,0,0,0,0,0
2003,120471,1,1,15,0,16,0,0,0,0,0,0,0
2003,120472,0,1,0,0,0,0,0,0,0,0,0,0
2003,120472,1,1,0,0,0,0,0,0,0,0,0,0
2003,120473,1,1,3,3,3,3,3,3,3,3,3,3
2003,120474,0,1,0,0,0,0,0,0,0,0,0,25
2003,120474,1,1,0,0,0,0,0,0,0,0,11,0
2003,120475,1,1,0,0,0,0,0,0,0,0,0,0
2003,120475,2,1,0,0,0,0,0,0,0,0,0,0
2003,120475,3,1,0,0,0,0,0,0,0,0,0,0
2003,120476,0,1,38,38,38,38,38,38,38,38,38,38
2003,120476,1,1,0,18,0,0,0,0,0,0,0,0
2003,120477,1,1,29,0,0,0,0,0,0,0,0,0
2003,120478,1,1,0,0,0,0,0,0,12,0,0,0
2003,120478,2,1,0,0,0,0,0,0,0,0,0,0
2003,120479,1,1,19,19,19,19,19,19,19,19,19,19
2003,120479,2,1,0,0,0,0,0,8,0,0,0,0
2003,120479,3,1,0,0,0,0,0,0,0,0,0,0
2003,120480,1,1,9,9,9,9,9,9,9,9,9,9
2003,120480,2,1,0,0,0,0,0,0,0,0,0,0
2003,120480,3,1,0,0,0,0,0,0,0,0,0,0
2003,120481,1,1,6,6,6,6,6,6,6,6,6,6
2003,120481,2,1,0,0,0,0,9,0,0,0,0,0
2003,120482,1,1,0,0,0,0,0,0,0,0,0,0
2003,120482,2,1,0,0,0,0,0,0,0,0,0,0
2003,120483,1,1,14,14,14,14,14,14,14,14,14,14
2003,120483,2,1,0,0,0,0,0,0,0,0,0,0
2003,120484,0,1,0,0,0,0,0,0,0,0,0,0
2003,120484,1,1,0,0,0,0,0,0,0,0,0,0
2003,120485,0,1,0,0,0,14,0,0,0,0,0,0
2003,120485,1,1,0,0,0,0,0,0,0,0,0,0
2003,120486,1,1,9,9,9,9,9,9,9,9,9,9
2003,120486,2,1,0,0,0,0,0,0,0,0,0,0
2003,120487,1,1,0,0,0,0,0,0,0,0,0,0
2003,120487,2,1,0,0,0,0,0,0,0,0,0,0
2003,120488,1,1,0,0,0,0,0,0,0,0,0,11
2003,120489,0,1,0,0,8,0,10,0,0,0,0,0
2003,120489,1,1,0,0,0,0,0,0,0,0,0,0
2003,120490,1,1,0,0,0,0,0,0,0,0,0,0
2003,120490,2,1,0,0,0,0,0,0,0,0,0,0
2003,120491,1,1,0,0,0,0,0,0,0,0,0,0
2003,120492,1,1,22,22,22,22,22,22,22,22,22,22
2003,120493,1,1,30,30,30,30,30,30,30,30,30,30
2003,120494,1,1,0,0,0,12,0,0,0,0,0,0
2003,120494,2,1,0,0,0,0,0,0,0,0,0,0
2003,120495,0,1,0,0,0,0,0,30,0,0,0,0
2003,120495,1,1,0,0,0,0,0,0,0,0,0,0
2003,120496,0,1,0,0,0,0,0,0,0,0,0,0
2003,120496,0,2,0,0,0,0,0,0,0,0,0,0
2003,120496,1,1,0,0,0,0,0,0,0,0,0,0
2003,120497,1,1,0,0,0,0,0,0,0,0,0,0
2003,120497,2,1,0,0,0,0,0,0,0,0,0,0
2003,120497,3,1,0,0,0,0,0,0,0,0,0,0
2003,120498,1,1,0,0,0,0,0,0,0,0,0,0
2003,120498,2,1,0,0,0,0,0,0,0,0,0,0
2003,120499,1,1,0,0,0,0,0,0,0,0,0,0
2003,120499,2,1,0,0,0,0,0,0,0,0,0,0
2003,120500,1,1,0,0,0,0,0,0,0,0,0,0
2003,120500,2,1,0,0,0,0,0,0,0,0,0,0
2003,120501,1,1,15,15,15,15,15,15,15,15,15,15
2003,120502,1,1,0,0,0,0,0,0,0,0,0,0
2003,120503,1,1,33,33,33,33,33,33,33,33,33,33
2003,120504,1,1,22,22,22,22,22,22,22,22,22,22
2003,120504,2,1,0,0,0,0,0,0,0,0,0,0
2003,120505,1,1,0,0,0,0,0,0,0,0,0,0
2003,120505,2,1,0,0,0,0,0,0,0,0,0,0
2003,120506,1,1,0,0,0,0,0,0,0,0,0,0
2003,120506,2,1,0,0,0,0,0,0,0,0,0,0
2003,120507,1,1,0,25,0,0,0,0,0,0,20,0
2003,120508,1,1,0,0,0,0,0,0,0,0,0,0
2003,120508,2,1,0,0,0,0,0,0,0,0,0,0
2003,120509,1,1,0,0,0,0,0,0,0,0,0,0
2003,120509,2,1,0,0,0,0,0,0,0,0,0,0
2003,120510,0,1,31,31,31,31,31,31,31,31,31,31
2003,120510,1,1,13,0,0,0,0,0,0,0,0,0
2003,120510,2,1,0,0,0,0,0,0,0,0,0,0
2003,120511,1,1,25,25,25,25,25,25,25,25,25,25
2003,120512,1,1,0,0,0,0,0,0,0,0,0,0
2003,120512,2,1,22,22,22,22,22,22,22,22,22,22
2003,120512,3,1,0,0,0,0,0,0,0,0,0,0
2003,120513,1,1,24,24,24,24,24,24,24,24,24,24
2003,120514,0,1,0,0,0,0,0,0,0,0,0,0
2003,120514,1,1,0,0,0,0,0,0,0,0,0,0
2003,120515,1,1,0,0,0,0,0,0,0,0,0,0
2003,120515,2,1,0,0,0,0,0,0,0,0,0,0
2003,120516,1,1,0,0,0,0,0,0,0,0,0,0
2003,120516,2,1,0,0,0,0,0,0,0,0,0,0
2003,120517,1,1,0,0,0,0,0,0,0,0,0,0
2003,120517,2,1,0,0,0,0,0,0,0,0,0,0
2003,120518,0,1,0,0,23,18,0,0,0,20,0,17
2003,120518,1,1,0,0,7,0,0,0,0,0,0,0
2003,120519,1,1,0,0,0,0,0,0,0,0,0,0
2003,120519,2,1,0,0,0,0,0,0,0,0,0,0
2003,120520,1,1,6,6,6,6,6,6,6,6,6,6
2003,120521,0,1,21,21,21,21,21,21,21,21,21,21
2003,120521,1,1,0,0,0,0,0,0,0,13,15,7
2003,120522,1,1,24,24,24,24,24,24,24,24,24,24
2003,120523,1,1,22,22,22,22,22,22,22,22,22,22
2003,120524,1,1,0,0,0,0,0,13,0,0,8,0
2003,120524,2,1,10,0,0,0,0,0,0,0,0,0
2003,120525,1,1,24,0,0,0,0,0,0,0,5,0
2003,120526,1,1,29,29,29,29,29,29,29,29,29,29
2003,120527,0,1,0,0,0,0,0,0,0,0,22,0
2003,120527,1,1,0,0,0,0,0,0,0,0,0,0
2003,120528,1,1,0,0,0,0,10,0,0,0,0,0
2003,120528,2,1,0,0,0,0,0,0,0,0,0,16
2003,120529,1,1,0,0,0,0,0,0,0,0,0,0
2003,120530,1,1,12,0,0,0,0,0,31,0,12,12
2003,120531,1,1,10,10,10,10,10,10,10,10,10,10
2003,120532,1,1,28,28,28,28,28,28,28,28,28,28
2003,120533,1,1,19,19,19,19,19,19,19,19,19,19
2003,120534,0,1,33,33,33,33,33,33,33,33,33,33
2003,120534,1,1,0,0,0,0,0,0,0,0,0,0
2003,120535,1,1,0,0,0,0,0,0,0,0,0,0
2003,120535,2,1,10,10,10,10,10,10,10,10,10,10
2003,120535,3,1,0,0,0,0,0,0,0,0,0,0
2003,120535,4,1,0,0,0,18,16,0,0,11,0,0
2003,120535,5,1,0,0,0,0,0,0,0,0,0,0
2003,120536,0,1,0,0,0,0,0,0,0,0,0,0
2003,120536,0,2,0,0,0,0,0,0,0,0,0,0
2003,120536,1,1,18,18,18,18,18,18,18,18,18,18
2003,120537,1,1,0,0,0,0,0,0,0,0,0,0
2003,120537,2,1,0,0,0,0,0,0,0,0,0,0
2003,120538,1,1,25,25,25,25,25,25,25,25,25,25
2003,120539,1,1,0,0,0,0,0,0,0,0,0,0
2003,120540,1,1,25,25,25,25,25,25,25,25,25,25
2003,120541,1,1,0,0,0,0,0,0,0,0,0,0
2003,120542,1,1,18,0,28,35,29,18,0,18,0,0
2003,120543,1,1,26,26,26,26,26,26,26,26,26,26
2003,120543,2,1,0,0,0,0,0,0,0,0,0,0
2003,120544,1,1,0,0,0,17,0,0,0,0,33,19
2003,120545,1,1,0,34,29,0,15,0,9,15,0,0
2003,120546,1,1,22,22,22,22,22,22,22,22,22,22
2003,120547,1,1,5,0,0,0,16,0,0,13,0,0
2003,120547,2,1,2,2,2,2,2,2,2,2,2,2
2003,120548,1,1,0,0,0,0,0,0,0,0,0,0
2003,120549,1,1,0,0,0,0,0,0,0,0,0,0
2003,120549,2,1,0,0,0,0,0,0,5,0,0,0
2003,120550,1,1,0,0,0,0,0,0,0,0,0,0
2003,120550,2,1,0,0,0,0,0,0,0,0,0,0
2003,120551,1,1,0,0,0,0,0,0,0,0,0,0
2003,120551,2,1,0,0,0,0,0,0,0,0,0,0
2003,120551,3,1,0,0,0,0,0,0,0,0,5,0
2003,120552,1,1,0,0,0,0,0,0,0,0,0,0
2003,120552,2,1,0,0,0,0,0,0,0,0,0,0
2003,120553,1,1,0,0,0,0,0,0,0,0,0,0
2003,120553,2,1,0,0,0,0,3,4,10,0,0,0
2003,120554,1,1,14,0,0,0,4,0,0,4,0,0
2003,120554,2,1,0,0,5,0,0,0,0,0,0,0
2003,120555,1,1,18,18,18,18,18,18,18,18,18,18
2003,120555,2,1,0,0,0,0,0,0,0,0,0,0
2003,120556,1,1,0,0,0,0,0,0,0,0,0,0
2003,120556,2,1,0,0,0,0,0,0,0,0,10,0
2003,120557,1,1,0,0,0,0,0,0,0,0,0,0
2003,120557,2,1,0,0,0,0,0,0,0,0,23,0
2003,120558,1,1,14,14,14,14,14,14,14,14,14,14
2003,120559,1,1,0,0,0,0,0,0,0,0,0,0
2003,120559,2,1,0,0,0,0,1,0,0,19,0,0
2003,120560,1,1,0,0,0,0,0,0,0,0,0,0
2003,120560,2,1,0,0,0,0,0,0,0,0,0,0
2003,120561,1,1,22,22,22,22,22,22,22,22,22,22
2003,120562,1,1,0,0,0,0,0,0,0,0,0,0
2003,120562,2,1,0,0,0,0,0,0,0,0,0,0
2003,120563,1,1,0,0,0,0,0,0,0,25,17,0
2003,120563,2,1,9,0,0,0,0,0,7,0,0,0
2003,120563,3,1,0,0,0,0,0,0,0,0,0,0
2003,120564,1,1,17,17,17,17,17,17,17,17,17,17
2003,120565,1,1,0,0,0,0,0,0,0,13,6,0
2003,120566,1,1,10,10,10,10,10,10,10,10,10,10
2003,120567,1,1,0,0,0,0,0,0,0,0,0,0
2003,120567,2,1,0,0,0,0,0,0,0,0,0,0
2003,120567,3,1,0,0,0,0,0,0,0,0,0,0
2003,120567,4,1,0,0,0,0,0,0,0,0,0,0
2003,120568,0,1,8,8,8,8,8,8,8,8,8,8
2003,120568,1,1,0,0,0,3,0,0,0,0,0,0
2003,120569,1,1,0,0,0,0,0,0,0,0,0,0
2003,120569,2,1,0,0,0,0,0,0,0,0,0,0
2003,120570,1,1,0,0,16,0,13,0,0,0,31,0
2003,120571,1,1,10,0,26,0,9,0,0,0,0,0
2003,120572,1,1,0,0,0,0,0,0,6,13,0,0
2003,120573,1,1,0,0,0,0,0,0,0,0,0,0
2003,120573,2,1,0,0,0,0,0,0,0,0,0,0
2003,120574,1,1,0,0,0,0,14,0,0,0,0,0
2003,120574,2,1,0,0,0,0,0,0,0,0,0,0
2003,120575,1,1,17,17,17,17,17,17,17,17,17,17
2003,120576,0,1,0,0,0,0,0,0,0,0,26,0
2003,120576,1,1,0,0,0,0,0,0,0,0,0,4
2003,120577,0,1,18,18,18,18,18,18,18,18,18,18
2003,120577,1,1,0,0,0,0,0,0,0,0,0,0
2003,120578,1,1,10,10,10,10,10,10,10,10,10,10
2003,120578,2,1,0,0,0,0,0,0,0,0,0,0
2003,120579,1,1,19,19,19,19,19,19,19,19,19,19
2003,120579,2,1,19,0,14,0,0,0,0,0,9,0
2003,120580,1,1,27,27,27,27,27,27,27,27,27,27
2003,120581,1,1,0,0,0,0,0,0,0,0,0,0
2003,120581,2,1,0,0,0,0,0,0,0,0,0,0
2003,120582,1,1,0,0,13,0,0,0,0,0,0,0
2003,120582,2,1,0,0,0,0,0,0,0,0,0,0
2003,120583,1,1,0,0,0,0,0,0,0,0,0,0
2003,120584,1,1,0,0,0,0,0,0,0,0,0,0
2003,120584,2,1,0,0,0,0,0,0,0,0,0,0
2003,120585,0,1,0,0,0,0,0,0,0,0,0,0
2003,120585,1,1,0,0,0,0,0,0,0,0,0,0
2003,120586,1,1,0,0,0,0,0,0,0,0,0,0
2003,120586,2,1,5,5,5,5,5,5,5,5,5,5
2003,120587,1,1,0,0,0,27,0,0,10,0,0,0
2003,120588,1,1,0,0,0,0,0,0,0,0,0,0
2003,120588,2,1,0,0,0,0,0,0,0,0,0,0
2003,120589,0,1,0,0,0,0,0,0,0,0,0,0
2003,120589,1,1,0,0,22,0,0,10,0,0,0,0
2003,120590,1,1,0,0,0,0,0,0,0,33,0,0
2003,120591,1,1,0,0,0,0,0,0,0,0,0,0
2003,120591,2,1,0,0,0,0,0,0,0,0,0,0
2003,120592,0,1,0,0,0,0,0,0,0,0,0,0
2003,120592,1,1,0,0,0,0,0,0,0,0,0,0
2003,120593,1,1,0,0,0,0,0,0,0,0,0,0
2003,120593,2,1,0,0,0,0,0,0,0,0,0,0
2003,120594,0,1,32,32,32,32,32,32,32,32,32,32
2003,120594,1,1,0,0,0,0,0,3,0,0,0,0
2003,120595,1,1,0,0,0,7,0,0,25,6,0,0
2003,120595,2,1,0,0,0,0,0,0,0,0,0,0
2003,120596,0,1,8,8,8,8,8,8,8,8,8,8
2003,120596,1,1,0,6,0,0,0,0,0,0,0,0
2003,120597,1,1,8,8,8,8,8,8,8,8,8,8
2003,120598,1,1,0,0,0,0,0,0,0,0,0,0
2003,120598,2,1,0,0,0,0,0,0,0,0,0,0
2003,120598,3,1,0,0,0,0,0,0,0,0,0,0
2003,120599,1,1,14,14,14,14,14,14,14,14,14,14
2003,120599,2,1,9,9,9,9,9,9,9,9,9,9
2003,120599,3,1,0,0,0,0,0,0,0,0,17,0
2003,120600,1,1,0,0,7,0,0,24,0,0,0,0
2003,120601,1,1,41,41,41,41,41,41,41,41,41,41
2003,120601,2,1,0,0,11,0,0,0,0,0,0,0
2003,120602,1,1,0,0,0,0,0,0,0,0,0,0
2003,120602,2,1,0,0,0,0,0,0,0,0,0,0
2003,120602,3,1,0,0,0,0,0,0,0,0,0,0
2003,120603,1,1,32,0,0,28,12,0,0,4,0,0
2003,120603,2,1,0,0,0,0,0,0,0,0,0,0
2003,120604,1,1,0,0,0,0,7,0,0,13,0,0
2003,120604,2,1,0,0,0,0,0,0,0,0,0,0
2003,120605,1,1,0,0,0,0,0,0,0,0,0,0
2003,120605,2,1,0,0,0,0,7,0,0,0,0,0
2003,120606,1,1,0,0,0,0,0,0,0,0,0,0
2003,120607,1,1,27,2,20,23,2,16,12,13,9,12
2003,120607,2,1,13,13,13,13,13,13,13,13,13,13
2003,120608,1,1,0,0,0,0,0,0,0,0,0,0
2003,120608,2,1,0,0,0,0,0,0,0,0,0,0
2003,120609,0,1,20,28,16,0,0,31,34,23,13,0
2003,120609,1,1,0,0,0,0,0,0,0,0,0,0
2003,120610,1,1,0,0,0,0,0,0,0,0,0,0
2003,120610,2,1,0,0,0,0,0,0,0,0,0,0
2003,120611,1,1,0,0,0,0,0,0,0,0,0,0
2003,120611,2,1,0,10,0,0,0,0,0,0,22,0
2003,120612,1,1,0,0,0,0,0,0,0,0,0,0
2003,120612,2,1,0,0,0,0,0,0,0,0,0,0
2003,120612,3,1,0,0,0,0,0,0,0,0,0,0
2003,120613,0,1,0,0,0,0,0,0,0,0,0,0
2003,120613,1,1,0,0,0,0,0,0,0,0,0,0
2003,120614,1,1,0,0,0,0,0,0,0,0,0,0
2003,120614,2,1,0,0,0,0,0,0,0,0,0,0
2003,120615,1,1,25,25,25,25,25,25,25,25,25,25
2003,120616,1,1,0,0,0,0,0,0,0,0,0,0
2003,120616,2,1,0,0,8,0,0,0,0,0,0,0
2003,120617,1,1,0,0,0,0,0,0,0,0,0,0
2003,120617,2,1,0,0,0,0,0,0,0,0,0,0
2003,120618,1,1,0,0,0,0,0,0,0,0,0,0
2003,120619,0,1,0,0,0,0,0,0,0,0,0,0
2003,120619,1,1,0,0,0,0,0,0,0,16,0,0
2003,120620,1,1,0,0,0,0,0,0,0,0,0,0
2003,120620,2,1,0,0,0,0,0,0,0,0,0,0
2003,120621,1,1,0,0,0,0,0,0,0,0,0,0
2003,120621,2,1,0,0,0,0,0,0,0,0,0,0
2003,120622,1,1,30,30,30,30,30,30,30,30,30,30
2003,120623,0,1,28,28,28,28,28,28,28,28,28,28
2003,120623,2,1,0,0,0,0,0,0,0,0,0,0
2003,120624,1,1,6,6,6,6,6,6,6,6,6,6
2003,120624,2,1,0,0,0,0,0,0,0,0,0,0
2003,120625,1,1,0,0,0,0,0,0,0,0,0,0
2003,120625,2,1,0,0,0,0,0,0,0,0,0,0
2003,120625,3,1,0,0,0,0,0,0,0,0,0,0
2003,120626,0,1,0,0,20,0,24,0,0,0,0,0
2003,120626,1,1,8,0,0,0,0,0,0,0,0,0
2003,120627,1,1,0,0,0,0,0,0,0,0,0,0
2003,120627,2,1,0,0,0,0,0,0,0,0,0,0
2003,120628,1,1,11,0,0,29,0,0,0,0,0,0
2003,120628,2,1,0,0,0,0,0,0,0,0,0,0
2003,120629,0,1,25,25,25,25,25,25,25,25,25,25
2003,120629,1,1,0,0,0,0,0,0,0,0,0,0
2003,120630,1,1,0,0,0,0,16,0,0,0,0,0
2003,120631,1,1,18,18,18,18,18,18,18,18,18,18
2003,120632,1,1,0,0,0,0,0,0,0,0,0,0
2003,120632,2,1,0,0,0,0,0,0,0,0,0,0
2003,120633,0,1,0,0,0,20,0,0,32,0,0,0
2003,120633,1,1,0,0,0,0,0,0,0,0,10,15
2003,120634,0,1,0,0,0,0,13,0,0,0,0,0
2003,120634,1,1,0,0,0,0,0,0,0,0,0,0
2003,120635,1,1,0,0,0,0,0,0,0,0,0,0
2003,120636,0,1,0,24,0,0,0,0,0,0,0,0
2003,120636,1,1,0,0,0,0,13,0,0,0,0,0
2003,120637,1,1,16,0,0,0,0,0,0,0,0,0
2003,120637,2,1,0,0,0,0,0,0,0,0,0,0
2003,120638,1,1,31,31,31,31,31,31,31,31,31,31
2003,120638,2,1,0,0,0,0,0,0,0,0,0,0
2003,120639,1,1,10,10,10,10,10,10,10,10,10,10
2003,120640,1,1,0,0,0,0,0,0,0,0,0,0
2003,120641,1,1,0,0,0,0,0,0,0,0,0,0
2003,120641,2,1,0,0,0,0,0,0,0,0,14,0
2003,120642,1,1,20,20,20,20,20,20,20,20,20,20
2003,120642,2,1,9,9,9,9,9,9,9,9,9,9
2003,120643,0,1,0,0,0,0,0,0,0,0,0,0