YEAR,ST_CASE,veh_no,per_no,P1,P2,P3,P4,P5,P6,P7,P8,P9,P10
2003,120643,1,1,13,13,13,13,13,13,13,13,13,13
2003,120644,1,1,19,19,19,19,19,19,19,19,19,19
2003,120644,2,1,28,28,28,28,28,28,28,28,28,28
2003,120645,0,1,50,0,0,0,0,27,12,0,21,0
2003,120645,1,1,0,0,0,0,0,0,0,0,0,17
2003,120646,1,1,0,0,0,0,0,0,0,0,0,0
2003,120646,2,1,0,0,0,0,0,0,0,0,0,0
2003,120647,1,1,0,0,0,0,0,0,0,0,0,0
2003,120647,2,1,0,0,0,0,0,0,0,0,0,0
2003,120648,1,1,0,0,0,0,0,0,0,0,0,0
2003,120648,2,1,0,0,0,0,0,0,0,0,0,0
2003,120649,1,1,38,38,38,38,38,38,38,38,38,38
2003,120649,2,1,0,0,0,18,0,0,37,0,0,0
2003,120649,3,1,0,0,0,0,0,0,0,0,0,0
2003,120650,0,1,23,23,23,23,23,23,23,23,23,23
2003,120650,1,1,0,0,0,15,0,0,11,0,13,0
2003,120651,1,1,0,0,0,0,0,0,8,0,0,0
2003,120651,2,1,0,0,0,0,0,0,0,0,0,0
2003,120651,3,1,0,0,0,0,0,0,0,0,0,0
2003,120651,4,1,0,0,0,0,0,0,0,0,0,0
2003,120651,5,1,0,0,0,0,0,0,0,0,0,0
2003,120652,1,1,6,6,6,6,6,6,6,6,6,6
2003,120653,1,1,0,0,0,0,0,0,0,0,0,0
2003,120653,2,1,0,0,0,0,0,0,0,0,0,0
2003,120654,0,1,22,22,22,22,22,22,22,22,22,22
2003,120654,1,1,0,0,0,15,0,0,0,0,0,0
2003,120655,0,1,0,0,0,0,0,18,0,0,0,0
2003,120655,0,2,0,0,0,0,0,0,0,0,0,0
2003,120655,1,1,0,0,0,0,0,0,0,0,0,0
2003,120656,1,1,0,0,0,0,0,0,0,0,0,0
2003,120656,2,1,0,0,0,0,0,0,0,0,0,0
2003,120657,0,1,3,3,3,3,3,3,3,3,3,3
2003,120657,1,1,3,3,3,3,3,3,3,3,3,3
2003,120658,1,1,25,25,25,25,25,25,25,25,25,25
2003,120659,1,1,26,26,26,26,26,26,26,26,26,26
2003,120660,1,1,0,0,0,0,0,0,0,0,0,0
2003,120660,2,1,0,0,0,0,0,0,0,0,0,0
2003,120661,1,1,0,0,0,0,0,0,0,0,0,0
2003,120661,2,1,0,0,0,0,0,0,0,0,0,0
2003,120662,1,1,5,5,5,5,5,5,5,5,5,5
2003,120662,2,1,0,0,0,0,0,0,0,0,16,0
2003,120663,1,1,0,0,0,0,0,0,0,0,0,0
2003,120663,2,1,0,3,0,7,0,0,21,26,0,0
2003,120664,1,1,3,3,3,3,3,3,3,3,3,3
2003,120665,1,1,17,0,0,0,0,0,0,0,20,0
2003,120666,1,1,0,0,0,0,0,0,0,0,0,0
2003,120666,2,1,0,0,0,0,0,0,0,0,0,0
2003,120667,1,1,0,0,0,0,0,0,0,0,0,0
2003,120667,2,1,0,0,0,0,0,0,0,0,0,0
2003,120668,1,1,0,0,0,0,0,0,0,0,0,0
2003,120669,1,1,3,3,3,3,3,3,3,3,3,3
2003,120669,2,1,0,0,0,0,0,0,0,0,0,0
2003,120670,1,1,0,0,0,0,0,0,0,0,6,0
2003,120670,2,1,0,0,0,0,0,0,0,0,0,0
2003,120671,1,1,0,0,0,0,0,12,0,0,0,0
2003,120672,1,1,0,0,0,0,0,0,0,0,0,0
2003,120673,1,1,0,0,0,0,0,0,0,0,0,0
2003,120674,1,1,0,0,0,0,0,0,0,0,0,0
2003,120675,1,1,0,0,0,15,0,0,0,0,0,0
2003,120675,2,1,0,0,0,0,0,0,0,0,0,0
2003,120676,0,1,0,0,0,0,0,0,0,0,0,0
2003,120676,1,1,26,0,0,0,0,0,0,18,0,22
2003,120677,1,1,0,0,0,0,0,0,0,0,0,0
2003,120677,2,1,0,0,0,0,0,0,0,0,0,0
2003,120678,0,1,33,33,33,33,33,33,33,33,33,33
2003,120678,1,1,0,0,0,0,0,0,0,0,0,0
2003,120679,1,1,7,7,7,7,7,7,7,7,7,7
2003,120680,1,1,11,11,11,11,11,11,11,11,11,11
2003,120680,2,1,0,0,0,0,8,17,0,0,0,0
2003,120681,1,1,21,21,21,21,21,21,21,21,21,21
2003,120682,1,1,4,4,4,4,4,4,4,4,4,4
2003,120683,1,1,18,18,18,18,18,18,18,18,18,18
2003,120684,1,1,0,0,0,0,0,0,0,0,0,0
2003,120684,2,1,0,0,13,0,0,0,0,0,0,0
2003,120685,1,1,19,19,19,19,19,19,19,19,19,19
2003,120686,1,1,0,0,0,0,0,0,0,0,0,0
2003,120686,2,1,0,0,0,26,0,0,0,0,0,0
2003,120687,1,1,24,24,24,24,24,24,24,24,24,24
2003,120688,1,1,17,17,17,17,17,17,17,17,17,17
2003,120689,1,1,26,11,0,0,29,20,21,20,25,39
2003,120689,2,1,14,0,0,0,0,0,7,0,0,0
2003,120690,0,1,0,0,0,0,0,0,0,0,0,0
2003,120690,1,1,0,0,0,0,0,0,0,0,0,0
2003,120691,1,1,30,30,30,30,30,30,30,30,30,30
2003,120692,1,1,14,0,17,0,14,20,19,11,17,0
2003,120693,1,1,9,9,9,9,9,9,9,9,9,9
2003,120694,1,1,0,0,0,0,0,0,0,0,0,0
2003,120694,2,1,0,0,0,0,0,0,0,11,0,0
2003,120695,1,1,0,0,0,0,0,0,16,0,0,0
2003,120696,1,1,0,0,0,0,0,0,0,0,0,0
2003,120696,2,1,0,0,0,0,0,0,0,0,0,0
2003,120696,3,1,0,0,0,0,0,0,0,0,0,0
2003,120697,0,1,10,23,14,31,57,0,29,8,23,13
2003,120697,2,1,0,0,0,0,0,0,0,0,0,0
2003,120698,0,1,0,0,0,0,0,0,0,0,0,0
2003,120698,1,1,0,0,0,0,0,0,0,0,0,0
2003,120699,1,1,0,0,0,0,42,0,0,0,0,0
2003,120700,1,1,0,22,0,10,0,13,0,0,0,21
2003,120701,1,1,0,0,0,2,0,0,0,0,0,0
2003,120702,1,1,0,0,0,0,0,0,0,0,0,0
2003,120702,2,1,0,0,0,0,0,0,0,0,0,0
2003,120703,1,1,0,0,0,0,0,0,0,0,0,0
2003,120703,2,1,0,0,0,0,0,0,0,0,0,0
2003,120704,1,1,0,0,0,0,0,0,0,0,0,0
2003,120705,1,1,0,0,0,0,0,0,0,0,0,0
2003,120705,2,1,0,0,0,0,0,0,0,0,0,0
2003,120705,3,1,0,0,0,0,0,0,0,0,0,0
2003,120706,1,1,0,0,0,0,0,0,0,0,0,0
2003,120706,2,1,0,0,14,0,0,0,0,0,0,0
2003,120706,3,1,0,0,0,0,0,0,0,0,11,0
2003,120707,1,1,28,28,28,28,28,28,28,28,28,28
2003,120707,2,1,32,32,32,32,32,32,32,32,32,32
2003,120708,1,1,0,0,0,0,0,0,0,0,0,0
2003,120708,2,1,0,0,0,0,0,0,0,0,0,0
2003,120709,1,1,0,0,0,0,0,0,0,0,0,0
2003,120710,1,1,0,0,0,27,0,0,0,47,0,0
2003,120711,0,1,0,0,0,0,0,0,0,0,0,0
2003,120711,1,1,0,0,0,0,0,0,0,0,0,0
2003,120712,1,1,0,0,22,0,0,12,0,0,0,0
2003,120713,1,1,8,8,8,8,8,8,8,8,8,8
2003,120713,2,1,16,16,16,16,16,16,16,16,16,16
2003,120714,1,1,0,0,0,0,0,0,0,0,0,0
2003,120715,1,1,0,0,0,0,0,0,0,0,0,0
2003,120715,2,1,0,0,0,20,0,12,0,0,0,0
2003,120716,1,1,0,0,0,0,0,0,0,0,0,0
2003,120717,1,1,0,0,0,0,0,0,0,0,0,0
2003,120717,2,1,0,0,0,0,0,0,0,0,0,0
2003,120718,1,1,0,0,0,0,0,0,0,0,0,0
2003,120719,1,1,0,0,0,0,0,0,0,0,0,0
2003,120719,2,1,0,0,0,0,0,0,0,0,0,0
2003,120720,1,1,0,0,0,0,0,0,0,0,0,0
2003,120721,1,1,0,0,0,0,0,0,0,0,0,0
2003,120722,1,1,0,0,0,0,0,0,0,0,0,0
2003,120722,2,1,28,28,28,28,28,28,28,28,28,28
2003,120723,1,1,0,0,0,0,0,0,0,0,0,0
2003,120723,2,1,0,0,0,0,0,0,0,0,0,0
2003,120724,1,1,0,0,0,0,0,0,0,0,0,0
2003,120725,1,1,0,0,0,0,0,3,0,0,0,0
2003,120726,0,1,27,27,27,27,27,27,27,27,27,27
2003,120726,1,1,27,27,27,27,27,27,27,27,27,27
2003,120726,2,1,0,0,0,0,0,0,0,0,0,13
2003,120727,1,1,8,0,0,17,3,24,0,10,9,0
2003,120728,0,1,6,6,6,6,6,6,6,6,6,6
2003,120728,1,1,0,26,0,0,0,0,9,0,0,0
2003,120729,1,1,0,0,0,0,0,0,0,0,0,0
2003,120730,1,1,19,19,19,19,19,19,19,19,19,19
2003,120731,1,1,0,0,0,0,0,0,0,0,0,0
2003,120731,2,1,0,0,0,0,0,0,0,0,0,0
2003,120732,1,1,0,0,0,0,0,0,0,0,0,0
2003,120733,0,1,0,0,0,0,0,0,0,0,0,0
2003,120733,1,1,0,0,0,0,0,0,0,0,0,0
2003,120734,1,1,0,0,0,0,0,0,0,0,0,0
2003,120735,1,1,0,0,0,9,0,0,0,0,0,0
2003,120735,2,1,0,0,0,0,0,0,0,0,0,0
2003,120736,1,1,0,0,0,0,0,0,0,0,0,0
2003,120736,2,1,0,0,0,0,0,0,0,0,0,0
2003,120736,3,1,0,0,0,0,0,0,0,0,0,0
2003,120737,1,1,19,19,19,19,19,19,19,19,19,19
2003,120737,2,1,14,8,30,9,0,14,0,15,14,23
2003,120738,1,1,0,0,0,0,0,0,0,0,13,0
2003,120739,1,1,0,0,14,0,0,0,22,0,10,0
2003,120740,0,1,28,28,28,28,28,28,28,28,28,28
2003,120740,1,1,11,11,11,11,11,11,11,11,11,11
2003,120741,1,1,0,0,0,0,0,0,0,0,0,0
2003,120741,2,1,0,0,0,18,0,0,15,0,0,0
2003,120742,0,1,0,0,13,0,0,0,0,0,0,0
2003,120742,1,1,0,0,0,0,0,0,0,0,0,0
2003,120743,1,1,32,32,32,32,32,32,32,32,32,32
2003,120743,2,1,0,0,0,0,0,0,0,0,0,0
2003,120744,1,1,0,0,0,0,0,0,0,0,18,0
2003,120744,2,1,0,0,0,0,0,0,0,0,0,0
2003,120745,1,1,0,0,0,0,0,0,0,0,0,0
2003,120745,2,1,0,0,0,0,0,0,0,0,0,0
2003,120746,1,1,0,0,0,0,0,0,0,0,0,0
2003,120746,2,1,0,0,0,0,0,0,0,0,0,0
2003,120747,1,1,0,0,0,0,0,0,0,0,0,0
2003,120747,2,1,0,0,0,0,0,0,0,0,0,0
2003,120748,0,1,0,0,0,0,0,0,0,0,0,0
2003,120748,1,1,16,16,16,16,16,16,16,16,16,16
2003,120749,1,1,16,16,16,16,16,16,16,16,16,16
2003,120749,2,1,0,0,0,0,0,0,5,0,0,0
2003,120750,1,1,0,0,0,0,0,0,0,0,0,0
2003,120750,2,1,11,0,0,0,0,5,0,0,0,0
2003,120751,1,1,14,14,14,14,14,14,14,14,14,14
2003,120752,0,1,0,0,0,0,0,0,0,0,0,0
2003,120752,1,1,0,0,0,0,0,0,0,0,0,10
2003,120753,1,1,7,7,7,7,7,7,7,7,7,7
2003,120753,2,1,15,15,15,15,15,15,15,15,15,15
2003,120754,1,1,0,0,0,0,0,0,0,0,0,0
2003,120755,1,1,0,0,0,0,0,0,0,0,0,0
2003,120755,2,1,0,0,0,0,0,0,0,0,0,0
2003,120756,1,1,7,7,7,7,7,7,7,7,7,7
2003,120757,0,1,35,35,35,35,35,35,35,35,35,35
2003,120757,1,1,0,0,0,0,0,0,0,0,0,0
2003,120758,1,1,0,0,0,0,0,0,0,0,0,0
2003,120758,2,1,0,0,0,0,0,0,0,0,0,0
2003,120758,3,1,0,0,0,0,0,0,0,0,0,0
2003,120758,4,1,0,0,0,0,0,0,0,0,0,11
2003,120758,5,1,0,0,0,0,0,0,0,0,0,0
2003,120758,6,1,0,0,0,0,0,0,0,0,0,0
2003,120758,7,1,0,0,0,0,0,0,0,0,0,0
2003,120758,8,1,0,0,0,0,0,0,0,0,0,0
2003,120759,0,1,19,19,19,19,19,19,19,19,19,19
2003,120759,1,1,15,15,15,15,15,15,15,15,15,15
2003,120760,1,1,0,0,0,0,0,0,0,0,0,0
2003,120760,2,1,10,10,10,10,10,10,10,10,10,10
2003,120761,1,1,19,19,19,19,19,19,19,19,19,19
2003,120762,1,1,0,0,0,0,0,0,0,0,0,0
2003,120762,2,1,0,0,0,0,0,0,0,0,0,0
2003,120763,1,1,16,16,16,16,16,16,16,16,16,16
2003,120764,1,1,57,57,57,57,57,57,57,57,57,57
2003,120765,1,1,1,1,1,1,1,1,1,1,1,1
2003,120766,1,1,21,21,21,21,21,21,21,21,21,21
2003,120767,1,1,0,0,0,0,0,8,0,0,0,0
2003,120767,2,1,0,0,0,0,0,0,0,0,0,0
2003,120767,3,1,0,0,0,0,0,0,0,0,0,0
2003,120768,0,1,0,0,0,0,0,0,0,0,0,0
2003,120768,1,1,0,0,0,0,0,0,0,0,0,0
2003,120769,1,1,0,0,0,0,0,0,0,0,0,0
2003,120769,2,1,0,0,0,0,0,0,0,0,0,0
2003,120770,1,1,0,0,0,15,0,0,0,0,0,0
2003,120770,2,1,0,0,0,0,0,0,0,0,0,0
2003,120771,1,1,0,0,0,0,0,0,0,0,0,0
2003,120771,2,1,0,0,0,0,0,0,0,0,0,0
2003,120772,1,1,0,0,0,0,0,0,0,0,0,0
2003,120772,2,1,0,0,0,0,0,0,0,0,0,0
2003,120773,0,1,0,0,0,0,0,0,0,0,0,0
2003,120773,1,1,0,0,0,0,0,0,0,0,0,0
2003,120774,1,1,0,0,0,0,0,0,0,0,0,0
2003,120774,2,1,0,0,0,0,0,0,0,0,0,0
2003,120774,3,1,17,0,8,0,7,22,0,0,0,0
2003,120775,1,1,0,0,0,0,0,0,0,0,0,0
2003,120775,2,1,0,0,0,0,0,6,4,0,0,0
2003,120776,1,1,21,21,21,21,21,21,21,21,21,21
2003,120777,1,1,0,0,0,0,0,0,0,0,0,0
2003,120778,1,1,29,29,29,29,29,29,29,29,29,29
2003,120778,2,1,0,0,0,0,0,0,0,0,0,0
2003,120779,1,1,0,0,0,0,0,0,0,0,0,0
2003,120780,1,1,0,0,0,0,0,0,0,0,0,0
2003,120780,2,1,10,10,10,10,10,10,10,10,10,10
2003,120781,1,1,0,0,0,0,0,0,0,0,0,0
2003,120782,0,1,0,0,0,0,0,0,0,0,0,0
2003,120782,1,1,0,0,0,0,0,19,0,0,0,0
2003,120783,1,1,0,0,0,0,0,0,0,0,0,8
2003,120783,2,1,5,5,5,5,5,5,5,5,5,5
2003,120784,0,1,0,0,0,0,0,0,0,0,0,0
2003,120784,1,1,5,5,5,5,5,5,5,5,5,5
2003,120785,0,1,23,23,23,23,23,23,23,23,23,23
2003,120785,1,1,0,0,0,0,0,0,0,0,0,0
2003,120786,0,1,0,0,0,0,0,0,0,0,0,0
2003,120786,1,1,0,0,0,0,3,0,0,0,0,0
2003,120787,1,1,14,14,14,14,14,14,14,14,14,14
2003,120787,2,1,0,0,0,0,0,0,0,0,0,0
2003,120788,1,1,10,10,10,10,10,10,10,10,10,10
2003,120789,1,1,8,8,8,8,8,8,8,8,8,8
2003,120789,2,1,0,0,0,0,0,0,0,0,0,0
2003,120790,1,1,32,32,32,32,32,32,32,32,32,32
2003,120790,2,1,0,0,0,0,0,0,0,0,0,0
2003,120790,3,1,0,0,0,0,0,0,0,0,0,0
2003,120791,1,1,10,10,10,10,10,10,10,10,10,10
2003,120792,1,1,0,0,0,0,0,0,0,0,0,0
2003,120793,1,1,0,0,0,0,0,0,0,0,0,0
2003,120793,2,1,31,31,31,31,31,31,31,31,31,31
2003,120794,1,1,23,23,23,23,23,23,23,23,23,23
2003,120795,1,1,0,0,0,0,0,0,0,0,0,0
2003,120796,1,1,0,0,0,0,0,0,0,0,0,0
2003,120797,1,1,7,7,7,7,7,7,7,7,7,7
2003,120798,1,1,14,14,14,14,14,14,14,14,14,14
2003,120799,0,1,0,0,0,0,0,0,0,0,0,0
2003,120799,1,1,0,0,0,0,0,10,0,0,8,0
2003,120799,2,1,0,0,0,0,0,0,0,0,0,0
2003,120800,0,1,22,22,22,22,22,22,22,22,22,22
2003,120800,1,1,0,0,0,0,0,0,0,0,0,0
2003,120801,1,1,0,0,0,0,0,0,0,0,0,0
2003,120802,1,1,3,3,3,3,3,3,3,3,3,3
2003,120802,2,1,0,0,0,0,0,0,0,0,0,0
2003,120803,1,1,0,0,0,0,0,0,0,0,0,0
2003,120803,2,1,0,0,0,0,0,0,0,0,0,0
2003,120804,0,1,0,0,0,0,0,0,0,0,0,0
2003,120804,1,1,0,0,0,0,0,0,0,0,0,0
2003,120805,1,1,0,4,0,0,0,3,5,4,0,7
2003,120805,2,1,0,0,0,0,0,0,0,0,0,0
2003,120806,1,1,17,17,17,17,17,17,17,17,17,17
2003,120807,1,1,28,28,28,28,28,28,28,28,28,28
2003,120807,2,1,0,0,0,0,0,0,0,0,0,0
2003,120808,1,1,24,24,24,24,24,24,24,24,24,24
2003,120809,1,1,10,10,10,10,10,10,10,10,10,10
2003,120810,1,1,21,7,13,13,27,28,23,23,23,16
2003,120811,1,1,26,26,26,26,26,26,26,26,26,26
2003,120811,2,1,0,0,0,16,0,0,0,0,0,0
2003,120812,0,1,0,0,0,0,0,0,0,0,0,0
2003,120812,1,1,11,11,11,11,11,11,11,11,11,11
2003,120812,2,1,0,0,0,0,0,0,0,0,0,0
2003,120813,1,1,27,27,27,27,27,27,27,27,27,27
2003,120814,1,1,8,8,8,8,8,8,8,8,8,8
2003,120815,1,1,0,0,0,0,0,0,0,0,0,0
2003,120815,2,1,0,0,0,0,0,0,0,0,0,0
2003,120815,3,1,0,0,0,0,0,0,0,0,0,0
2003,120816,0,1,0,0,0,0,0,0,0,0,0,0
2003,120816,1,1,3,0,0,0,15,27,0,0,21,0
2003,120817,0,1,12,12,12,12,12,12,12,12,12,12
2003,120817,1,1,0,0,0,0,0,0,0,0,0,0
2003,120818,0,1,10,10,10,10,10,10,10,10,10,10
2003,120818,1,1,0,0,0,0,0,0,0,0,0,0
2003,120819,0,1,0,0,0,0,0,0,0,0,0,0
2003,120819,1,1,0,0,0,18,0,0,0,24,8,0
2003,120820,1,1,0,0,0,0,0,0,0,0,0,0
2003,120820,2,1,0,0,0,0,0,0,0,0,0,0
2003,120820,3,1,0,0,0,0,0,0,0,0,0,0
2003,120820,4,1,0,0,0,0,0,0,0,0,0,0
2003,120821,1,1,0,0,0,0,0,0,0,0,0,0
2003,120821,2,1,0,0,0,0,0,0,0,0,13,0
2003,120821,3,1,0,0,0,0,0,0,0,0,0,0
2003,120821,4,1,0,0,0,0,0,0,0,0,0,0
2003,120822,1,1,0,0,0,0,0,0,0,0,0,0
2003,120822,2,1,0,0,0,0,0,0,0,0,0,0
2003,120823,1,1,0,14,0,0,0,0,0,0,0,0
2003,120823,2,1,0,0,0,0,0,0,0,0,0,0
2003,120824,1,1,5,5,5,5,5,5,5,5,5,5
2003,120824,2,1,0,0,0,0,0,0,0,0,0,0
2003,120825,0,1,32,32,32,32,32,32,32,32,32,32
2003,120825,1,1,0,20,0,0,0,0,0,0,0,0
2003,120825,2,1,0,8,0,11,0,22,0,0,0,14
2003,120826,1,1,0,0,0,0,0,0,0,0,0,0
2003,120826,2,1,0,0,0,0,0,0,0,0,0,0
2003,120827,0,1,36,36,36,36,36,36,36,36,36,36
2003,120827,1,1,0,0,0,0,0,0,0,0,0,0
2003,120828,1,1,0,0,0,0,0,0,0,0,0,0
2003,120829,1,1,0,0,0,0,0,0,0,0,0,0
2003,120829,2,1,0,0,0,0,0,0,0,0,0,0
2003,120830,0,1,0,0,0,0,0,0,0,0,0,0
2003,120830,1,1,0,0,0,0,0,0,0,0,0,0
2003,120831,1,1,0,0,0,0,0,0,0,0,0,0
2003,120831,2,1,0,0,0,0,0,0,0,0,0,0
2003,120832,1,1,0,0,0,0,0,0,0,0,0,0
2003,120832,2,1,0,0,0,0,0,0,0,0,0,0
2003,120833,1,1,0,0,0,0,0,0,0,0,0,0
2003,120833,2,1,0,0,0,0,0,0,0,0,0,0
2003,120834,1,1,0,11,0,29,38,13,11,26,0,0
2003,120835,1,1,0,0,0,0,0,0,0,0,0,0
2003,120836,0,1,10,10,10,10,10,10,10,10,10,10
2003,120836,1,1,0,0,0,0,0,0,0,0,21,0
2003,120837,1,1,6,6,6,6,6,6,6,6,6,6
2003,120837,2,1,0,0,0,0,0,0,0,0,0,0
2003,120838,1,1,0,0,0,0,0,0,0,0,0,0
2003,120838,2,1,0,0,0,0,0,0,0,0,0,0
2003,120839,1,1,18,18,18,18,18,18,18,18,18,18
2003,120839,2,1,0,0,0,0,0,0,0,0,0,0
2003,120839,3,1,0,0,0,0,0,0,0,0,0,12
2003,120840,1,1,0,0,0,0,0,0,0,0,0,0
2003,120840,2,1,0,0,0,0,0,0,0,0,0,0
2003,120841,1,1,8,8,8,8,8,8,8,8,8,8
2003,120841,2,1,0,0,0,0,0,0,0,0,16,0
2003,120842,0,1,0,0,0,0,0,0,0,0,0,0
2003,120842,1,1,0,0,0,0,0,0,0,0,0,0
2003,120843,0,1,28,28,28,28,28,28,28,28,28,28
2003,120843,1,1,0,0,0,0,0,0,0,0,0,0
2003,120844,1,1,0,0,0,0,0,0,0,0,0,0
2003,120845,0,1,0,0,0,19,0,0,0,0,0,13
2003,120845,1,1,0,0,0,0,13,0,0,9,7,0
2003,120846,1,1,40,0,0,18,0,0,0,0,0,0
2003,120847,1,1,25,25,25,25,25,25,25,25,25,25
2003,120847,2,1,25,25,25,25,25,25,25,25,25,25
2003,120847,3,1,0,0,0,0,0,0,0,0,0,9
2003,120848,1,1,0,0,0,0,0,0,0,0,0,0
2003,120849,1,1,0,0,0,0,0,0,0,0,0,0
2003,120849,2,1,0,0,0,0,12,17,0,0,0,0
2003,120850,0,1,0,0,0,0,0,0,0,0,0,0
2003,120850,1,1,0,0,0,0,0,0,0,0,9,0
2003,120851,0,1,0,0,0,0,0,0,0,0,0,0
2003,120851,1,1,0,0,21,0,10,0,0,0,0,0
2003,120852,1,1,29,29,29,29,29,29,29,29,29,29
2003,120853,1,1,0,16,0,0,0,21,0,0,0,18
2003,120854,1,1,0,0,0,0,0,0,0,0,0,0
2003,120854,2,1,9,9,9,9,9,9,9,9,9,9
2003,120855,1,1,17,17,17,17,17,17,17,17,17,17
2003,120856,1,1,22,22,22,22,22,22,22,22,22,22
2003,120857,0,1,0,0,0,0,0,0,0,0,0,0
2003,120857,1,1,11,11,11,11,11,11,11,11,11,11
2003,120858,1,1,22,22,22,22,22,22,22,22,22,22
2003,120859,1,1,12,12,12,12,12,12,12,12,12,12
2003,120860,1,1,0,0,0,0,0,0,0,0,0,0
2003,120860,2,1,0,0,0,0,0,0,0,0,0,0
2003,120860,3,1,0,0,0,0,0,0,0,0,0,0
2003,120861,0,1,0,0,0,0,0,0,0,0,0,0
2003,120861,1,1,0,0,0,0,0,0,0,0,0,0
2003,120862,1,1,0,0,0,0,0,0,0,0,0,0
2003,120863,1,1,17,17,17,17,17,17,17,17,17,17
2003,120864,1,1,23,0,0,0,0,2,16,0,0,9
2003,120864,2,1,0,0,0,0,0,0,0,0,0,0
2003,120865,1,1,0,0,0,0,0,0,0,0,0,0
2003,120865,2,1,0,0,0,0,0,0,0,0,0,0
2003,120866,1,1,0,0,0,0,0,0,0,0,0,0
2003,120866,2,1,0,0,0,0,0,0,0,0,0,0
2003,120867,1,1,0,0,0,0,0,0,0,0,0,0
2003,120867,2,1,0,0,0,26,0,0,27,0,0,0
2003,120868,1,1,11,11,11,11,11,11,11,11,11,11
2003,120869,0,1,0,0,0,0,0,0,0,0,0,0
2003,120869,1,1,0,0,0,0,0,0,0,0,0,0
2003,120870,1,1,0,0,0,0,0,0,21,0,0,0
2003,120871,1,1,3,3,3,3,3,3,3,3,3,3
2003,120872,1,1,0,0,0,0,0,0,0,0,0,0
2003,120872,2,1,0,0,0,0,0,0,0,0,0,0
2003,120873,0,1,0,0,0,0,0,0,0,0,0,0
2003,120873,1,1,0,0,0,0,0,0,0,0,0,0
2003,120874,0,1,0,0,0,0,0,0,0,0,0,0
2003,120874,1,1,0,0,0,0,0,0,0,0,0,0
2003,120875,1,1,5,0,0,0,0,0,0,0,0,0
2003,120876,1,1,1,1,1,1,1,1,1,1,1,1
2003,120877,1,1,0,0,0,0,0,0,0,0,0,0
2003,120878,1,1,0,0,0,0,0,0,0,0,0,0
2003,120879,1,1,0,0,0,0,0,0,0,0,0,0
2003,120879,2,1,0,0,0,0,0,0,0,0,0,0
2003,120880,1,1,0,0,0,0,0,0,0,0,0,0
2003,120881,1,1,0,0,0,0,0,0,0,0,0,0
2003,120881,2,1,0,0,0,0,0,0,0,0,0,0
2003,120882,1,1,0,0,0,0,0,0,0,0,0,0
2003,120883,1,1,0,0,0,0,0,0,0,0,0,0
2003,120883,2,1,0,0,0,0,0,0,0,0,0,0
2003,120884,1,1,0,0,0,0,0,0,0,22,0,0
2003,120884,2,1,0,0,0,0,0,0,0,0,0,0
2003,120885,0,1,35,35,35,35,35,35,35,35,35,35
2003,120885,1,1,0,0,0,0,0,0,0,0,0,0
2003,120886,1,1,0,0,0,0,0,0,0,0,0,0
2003,120886,2,1,0,0,0,0,0,0,0,0,0,0
2003,120887,1,1,0,0,0,0,0,0,0,0,0,0
2003,120887,2,1,0,0,0,0,0,0,0,0,0,0
2003,120888,1,1,0,0,0,0,0,0,0,0,0,0
2003,120888,2,1,0,0,0,0,0,0,0,0,0,11
2003,120889,1,1,0,0,0,0,0,0,0,0,0,0
2003,120889,2,1,0,0,0,0,0,0,0,0,0,0
2003,120890,1,1,0,0,0,0,0,0,0,0,0,0
2003,120890,2,1,0,0,0,0,0,0,0,0,0,0
2003,120890,3,1,0,0,0,0,0,0,0,0,0,0
2003,120891,1,1,0,0,0,0,0,0,0,0,0,0
2003,120892,1,1,0,0,0,0,0,0,0,0,0,0
2003,120892,2,1,0,0,0,0,0,0,0,0,0,0
2003,120893,1,1,0,0,0,0,0,0,0,0,0,0
2003,120894,1,1,0,0,0,0,0,0,0,0,0,0
2003,120894,2,1,0,0,0,0,0,0,0,0,0,0
2003,120894,3,1,0,0,0,0,0,0,0,0,11,0
2003,120895,0,1,13,13,13,13,13,13,13,13,13,13
2003,120895,1,1,0,0,0,0,0,0,0,0,0,0
2003,120896,1,1,0,0,0,0,0,0,0,0,0,0
2003,120896,2,1,0,0,0,0,0,0,0,0,0,0
2003,120897,0,1,9,9,9,9,9,9,9,9,9,9
2003,120897,1,1,0,0,10,0,0,0,0,0,0,0
2003,120898,0,1,31,31,31,31,31,31,31,31,31,31
2003,120898,1,1,0,0,0,0,0,0,0,0,0,16
2003,120899,1,1,0,0,0,0,0,0,0,0,0,0
2003,120899,2,1,0,0,0,0,0,0,0,0,0,0
2003,120900,1,1,21,21,21,21,21,21,21,21,21,21
2003,120901,0,1,21,21,21,21,21,21,21,21,21,21
2003,120901,1,1,0,0,0,0,0,0,0,0,0,0
2003,120902,1,1,0,0,0,0,0,0,0,0,0,0
2003,120902,2,1,0,0,0,0,0,0,0,0,0,0
2003,120903,0,1,18,18,18,18,18,18,18,18,18,18
2003,120903,1,1,0,0,0,0,0,0,0,0,0,0