YEAR,ST_CASE,veh_no,per_no,P1,P2,P3,P4,P5,P6,P7,P8,P9,P10
2003,120904,1,1,0,0,0,0,0,0,0,0,0,0
2003,120904,2,1,0,0,23,0,0,0,0,0,0,0
2003,120905,1,1,0,0,0,0,0,0,0,0,0,0
2003,120905,2,1,0,0,0,0,0,0,0,0,0,0
2003,120906,1,1,27,27,27,27,27,27,27,27,27,27
2003,120907,0,1,12,3,0,0,0,0,0,21,0,0
2003,120907,1,1,0,0,0,6,0,0,0,3,0,0
2003,120908,1,1,0,0,0,0,0,0,0,0,0,0
2003,120908,2,1,0,0,0,0,0,0,0,0,0,0
2003,120909,1,1,0,0,0,0,0,0,0,0,0,0
2003,120909,2,1,0,0,0,0,0,0,0,0,0,0
2003,120910,1,1,0,0,0,0,0,0,0,0,0,0
2003,120911,1,1,0,0,0,0,0,0,0,0,0,0
2003,120912,1,1,25,25,25,25,25,25,25,25,25,25
2003,120913,1,1,0,0,0,0,0,0,0,0,0,0
2003,120913,2,1,0,0,0,0,0,0,0,0,0,0
2003,120914,1,1,0,0,0,0,0,0,0,0,0,0
2003,120914,2,1,0,0,0,0,0,0,0,0,0,0
2003,120915,1,1,3,3,3,3,3,3,3,3,3,3
2003,120916,1,1,0,0,0,0,0,19,5,0,0,0
2003,120916,2,1,0,0,0,0,0,0,0,0,0,0
2003,120916,3,1,0,0,0,0,0,0,0,0,0,0
2003,120916,4,1,0,0,0,0,3,0,0,0,0,0
2003,120917,1,1,0,0,0,0,0,0,0,0,18,0
2003,120918,0,1,9,9,0,0,0,0,16,15,29,0
2003,120918,1,1,0,0,0,0,0,0,0,0,0,0
2003,120919,1,1,12,12,12,12,12,12,12,12,12,12
2003,120919,2,1,0,0,0,0,0,0,0,0,0,0
2003,120920,1,1,19,19,19,19,19,19,19,19,19,19
2003,120920,2,1,0,0,0,0,0,8,0,0,0,0
2003,120921,1,1,0,0,0,0,0,0,0,0,0,0
2003,120921,2,1,0,0,0,0,0,0,0,0,0,0
2003,120922,0,1,24,24,24,24,24,24,24,24,24,24
2003,120922,1,1,0,0,0,0,0,0,0,0,0,0
2003,120923,1,1,0,0,0,0,0,0,0,0,0,0
2003,120923,2,1,0,0,0,0,0,0,0,0,0,3
2003,120923,3,1,0,0,0,0,0,0,0,0,0,18
2003,120923,4,1,0,0,0,0,0,0,0,0,0,0
2003,120924,1,1,0,0,0,0,0,0,0,0,0,0
2003,120925,0,1,29,29,29,29,29,29,29,29,29,29
2003,120925,1,1,0,0,0,0,0,0,0,0,0,0
2003,120926,1,1,0,0,0,0,0,0,0,0,0,0
2003,120927,1,1,20,0,0,0,8,0,0,0,0,0
2003,120927,2,1,0,0,0,0,0,0,0,0,0,0
2003,120927,3,1,0,0,0,0,0,0,0,0,0,0
2003,120927,4,1,0,0,0,0,0,0,0,0,0,0
2003,120927,5,1,0,0,0,0,0,0,0,0,0,0
2003,120928,0,1,0,0,0,0,0,0,0,0,0,0
2003,120928,1,1,0,0,0,0,0,0,0,0,0,0
2003,120929,1,1,46,0,0,0,0,0,0,10,0,0
2003,120930,1,1,19,19,19,19,19,19,19,19,19,19
2003,120931,1,1,21,0,0,21,0,0,0,5,0,0
2003,120932,1,1,24,24,24,24,24,24,24,24,24,24
2003,120932,2,1,0,5,0,0,0,0,0,0,0,0
2003,120933,1,1,0,0,0,0,0,0,0,0,0,0
2003,120933,2,1,0,0,0,0,0,0,0,0,5,0
2003,120933,3,1,0,0,0,0,0,0,0,0,0,0
2003,120934,0,1,0,0,0,0,0,0,0,0,0,0
2003,120934,1,1,0,0,0,0,0,0,0,0,0,0
2003,120935,1,1,0,0,0,0,0,0,0,0,0,0
2003,120935,2,1,0,0,0,0,0,0,0,0,0,0
2003,120935,3,1,0,0,0,0,0,0,0,0,0,0
2003,120935,4,1,0,0,0,0,0,0,0,0,0,0
2003,120936,1,1,0,0,0,0,0,0,0,0,0,0
2003,120937,1,1,0,0,0,0,0,0,0,0,0,0
2003,120937,2,1,0,0,0,0,0,0,0,0,0,0
2003,120938,1,1,12,12,12,12,12,12,12,12,12,12
2003,120939,1,1,0,0,0,0,0,0,0,0,0,0
2003,120940,1,1,0,0,0,0,6,0,0,0,0,0
2003,120940,2,1,0,0,0,0,0,0,0,0,0,0
2003,120940,3,1,0,0,0,0,0,0,0,0,0,0
2003,120941,0,1,26,26,26,26,26,26,26,26,26,26
2003,120941,1,1,0,0,0,0,0,0,0,0,0,0
2003,120942,1,1,0,0,0,0,0,0,0,0,0,0
2003,120942,2,1,0,0,0,0,0,0,0,0,0,0
2003,120942,3,1,0,0,0,0,0,0,0,0,0,0
2003,120943,1,1,0,0,0,0,0,0,0,0,0,0
2003,120944,1,1,0,0,0,0,0,12,0,15,0,0
2003,120944,2,1,10,10,10,10,10,10,10,10,10,10
2003,120945,0,1,0,0,0,0,0,0,0,0,0,0
2003,120945,1,1,0,0,0,0,0,0,0,0,0,0
2003,120946,1,1,0,0,0,0,0,0,0,0,0,0
2003,120946,2,1,0,0,0,0,0,0,0,0,0,0
2003,120947,1,1,0,0,0,6,0,7,0,0,0,0
2003,120947,2,1,0,0,0,0,0,0,0,0,0,0
2003,120948,1,1,0,0,21,29,0,26,0,0,17,31
2003,120949,0,1,0,12,14,28,27,31,10,15,0,14
2003,120949,1,1,8,8,8,8,8,8,8,8,8,8
2003,120950,0,1,0,0,0,5,0,0,21,24,0,0
2003,120950,1,1,22,22,22,22,22,22,22,22,22,22
2003,120951,1,1,0,0,0,0,0,0,0,0,0,0
2003,120951,2,1,0,0,0,0,0,0,0,0,0,0
2003,120952,1,1,0,0,0,0,0,0,0,0,0,0
2003,120952,2,1,0,0,0,0,0,0,0,0,0,0
2003,120952,3,1,0,0,0,0,0,0,0,0,0,0
2003,120953,1,1,19,19,19,19,19,19,19,19,19,19
2003,120954,1,1,0,6,0,0,13,0,0,0,0,0
2003,120954,2,1,0,0,0,0,0,0,0,0,0,0
2003,120955,0,1,0,16,10,0,0,0,0,0,39,0
2003,120955,1,1,0,0,0,0,0,0,6,0,0,0
2003,120956,1,1,0,0,0,0,0,0,0,0,0,0
2003,120957,0,1,9,9,9,9,9,9,9,9,9,9
2003,120957,1,1,0,0,0,0,8,0,0,0,0,31
2003,120958,1,1,0,14,5,0,0,0,21,0,0,0
2003,120958,2,1,0,0,7,0,0,0,0,0,0,0
2003,120959,1,1,22,22,22,22,22,22,22,22,22,22
2003,120960,1,1,25,25,25,25,25,25,25,25,25,25
2003,120961,1,1,9,9,9,9,9,9,9,9,9,9
2003,120961,2,1,8,8,8,8,8,8,8,8,8,8
2003,120962,1,1,0,0,0,0,0,0,0,0,0,0
2003,120962,2,1,21,21,21,21,21,21,21,21,21,21
2003,120963,0,1,35,35,35,35,35,35,35,35,35,35
2003,120963,1,1,0,0,0,0,0,0,0,0,0,0
2003,120964,1,1,15,15,15,15,15,15,15,15,15,15
2003,120965,1,1,15,15,15,15,15,15,15,15,15,15
2003,120966,1,1,20,20,20,20,20,20,20,20,20,20
2003,120967,1,1,20,20,20,20,20,20,20,20,20,20
2003,120967,2,1,0,0,0,0,0,0,0,0,0,0
2003,120968,0,1,28,28,28,28,28,28,28,28,28,28
2003,120968,1,1,0,0,0,0,13,15,0,0,0,0
2003,120968,2,1,0,10,0,0,0,0,9,31,0,0
2003,120969,1,1,13,13,13,13,13,13,13,13,13,13
2003,120970,1,1,0,0,0,0,0,0,0,0,0,0
2003,120970,2,1,0,0,0,0,0,0,0,0,0,0
2003,120971,1,1,16,16,16,16,16,16,16,16,16,16
2003,120972,1,1,0,0,0,0,0,0,0,0,0,0
2003,120973,0,1,28,28,28,28,28,28,28,28,28,28
2003,120973,1,1,0,0,0,0,0,0,0,0,0,0
2003,120974,0,1,19,0,0,0,0,0,0,0,0,0
2003,120974,1,1,0,0,0,0,0,0,0,6,0,0
2003,120975,1,1,0,0,0,0,0,0,0,0,0,0
2003,120976,1,1,0,0,0,0,0,0,0,0,0,0
2003,120977,1,1,16,16,16,16,16,16,16,16,16,16
2003,120977,2,1,13,13,13,13,13,13,13,13,13,13
2003,120978,1,1,0,0,0,0,0,0,0,0,13,0
2003,120978,2,1,0,0,0,0,0,0,0,0,0,0
2003,120979,0,1,32,32,32,32,32,32,32,32,32,32
2003,120979,1,1,0,0,0,0,0,0,0,0,0,0
2003,120980,1,1,0,0,0,0,0,0,22,0,0,0
2003,120980,2,1,0,0,0,0,0,0,0,0,0,0
2003,120981,1,1,24,24,24,24,24,24,24,24,24,24
2003,120982,0,1,0,0,0,0,0,0,0,0,0,0
2003,120982,1,1,0,0,0,0,0,0,0,0,0,0
2003,120983,1,1,14,14,14,14,14,14,14,14,14,14
2003,120984,1,1,0,0,0,0,0,0,0,0,0,0
2003,120984,2,1,0,0,0,0,0,0,0,0,0,0
2003,120985,1,1,0,0,0,0,0,0,0,0,0,0
2003,120985,2,1,0,0,0,0,0,0,0,0,0,0
2003,120986,1,1,0,0,0,0,0,0,0,0,0,0
2003,120986,2,1,0,0,0,0,0,0,0,0,0,0
2003,120987,0,1,0,0,0,0,0,0,0,0,0,0
2003,120987,1,1,0,12,0,0,0,0,0,0,0,0
2003,120988,1,1,9,0,5,0,0,10,18,0,15,0
2003,120989,1,1,0,0,0,0,0,0,0,0,0,0
2003,120989,2,1,0,0,0,0,0,0,0,0,0,0
2003,120990,1,1,25,25,25,25,25,25,25,25,25,25
2003,120991,1,1,0,0,0,0,0,0,0,0,0,0
2003,120992,1,1,0,0,0,0,0,0,0,0,0,0
2003,120992,2,1,0,0,0,0,0,0,0,0,0,0
2003,120993,1,1,0,0,0,0,0,0,0,0,0,0
2003,120993,2,1,0,0,0,0,0,0,0,0,0,0
2003,120993,3,1,0,0,0,0,0,0,0,0,0,0
2003,120993,4,1,0,0,0,0,0,0,0,0,0,0
2003,120994,1,1,0,0,0,0,0,0,0,0,0,0
2003,120995,1,1,12,12,12,12,12,12,12,12,12,12
2003,120996,1,1,25,25,25,25,25,25,25,25,25,25
2003,120996,2,1,9,12,0,0,33,0,0,0,14,0
2003,120997,1,1,0,0,0,0,0,0,0,0,0,0
2003,120997,2,1,0,0,0,0,0,0,0,0,0,0
2003,120998,1,1,0,0,0,0,0,0,0,0,0,0
2003,120999,1,1,0,0,0,0,0,0,0,0,0,0
2003,120999,2,1,0,0,0,0,0,0,0,0,0,0
2003,121000,1,1,0,15,0,0,0,19,0,0,0,0
2003,121001,1,1,6,6,6,6,6,6,6,6,6,6
2003,121001,2,1,0,0,0,0,0,0,0,0,0,0
2003,121001,3,1,0,0,0,0,0,0,0,0,0,0
2003,121002,0,1,0,0,0,0,0,0,0,0,0,0
2003,121002,1,1,0,0,0,0,0,0,0,0,0,0
2003,121003,1,1,0,0,0,0,0,0,0,0,0,0
2003,121004,1,1,0,0,0,0,0,0,0,0,0,0
2003,121004,2,1,0,0,0,0,0,0,0,0,0,0
2003,121005,1,1,0,0,0,0,0,0,0,0,0,0
2003,121005,2,1,0,0,0,0,0,0,0,0,0,0
2003,121006,1,1,0,0,0,0,0,0,0,0,0,0
2003,121007,0,1,0,0,0,0,0,0,0,0,0,0
2003,121007,1,1,0,0,27,0,0,4,0,11,0,11
2003,121008,1,1,0,0,0,0,0,0,0,0,0,0
2003,121008,2,1,0,10,0,0,0,0,0,0,0,0
2003,121009,1,1,0,0,0,0,0,0,0,0,0,0
2003,121010,1,1,20,20,20,20,20,20,20,20,20,20
2003,121011,1,1,0,0,0,0,0,0,0,0,0,0
2003,121011,2,1,0,0,0,0,0,0,0,0,0,0
2003,121012,1,1,0,0,0,0,0,0,0,0,0,0
2003,121013,1,1,0,0,0,0,0,0,0,0,0,0
2003,121014,0,1,26,26,26,26,26,26,26,26,26,26
2003,121014,1,1,0,0,0,0,0,0,0,0,0,0
2003,121015,1,1,0,0,0,0,0,0,0,5,0,0
2003,121016,1,1,0,0,0,0,0,0,0,0,0,0
2003,121016,2,1,0,0,0,0,0,0,0,0,0,0
2003,121017,1,1,0,0,0,0,0,0,0,0,0,0
2003,121017,2,1,0,0,0,0,0,0,0,0,0,0
2003,121018,1,1,0,0,0,0,0,0,0,0,0,0
2003,121018,2,1,0,0,0,0,0,0,0,0,0,0
2003,121018,3,1,0,0,0,0,0,0,0,0,0,0
2003,121019,1,1,12,0,28,0,0,9,5,0,0,0
2003,121019,2,1,0,0,0,0,15,0,0,0,7,0
2003,121019,3,1,0,0,0,0,0,0,0,0,0,0
2003,121020,1,1,0,0,0,0,0,0,0,0,0,0
2003,121020,2,1,0,0,0,0,0,0,0,0,0,0
2003,121021,1,1,0,0,0,0,0,0,0,0,0,0
2003,121021,2,1,0,0,0,0,0,0,0,0,0,0
2003,121022,1,1,0,0,0,0,0,0,0,0,0,0
2003,121023,1,1,13,13,13,13,13,13,13,13,13,13
2003,121023,2,1,14,14,14,14,14,14,14,14,14,14
2003,121024,1,1,0,0,0,0,0,0,0,0,0,0
2003,121024,2,1,0,0,0,0,0,0,0,0,0,0
2003,121024,3,1,0,0,0,0,0,0,0,0,0,0
2003,121025,1,1,22,22,22,22,22,22,22,22,22,22
2003,121026,0,1,14,14,14,14,14,14,14,14,14,14
2003,121026,1,1,0,0,0,0,0,0,0,0,0,0
2003,121027,1,1,0,0,0,0,0,0,0,0,0,0
2003,121027,2,1,0,0,5,0,0,0,0,0,5,0
2003,121028,0,1,26,26,26,26,26,26,26,26,26,26
2003,121028,1,1,0,0,0,0,0,0,0,0,0,0
2003,121029,1,1,16,16,16,16,16,16,16,16,16,16
2003,121030,1,1,4,4,4,4,4,4,4,4,4,4
2003,121030,2,1,16,16,16,16,16,16,16,16,16,16
2003,121030,3,1,0,0,0,0,0,0,0,0,0,0
2003,121030,4,1,0,0,0,0,0,0,0,0,0,0
2003,121031,0,1,32,32,32,32,32,32,32,32,32,32
2003,121031,1,1,0,0,0,20,0,0,0,0,0,0
2003,121032,0,1,18,18,18,18,18,18,18,18,18,18
2003,121032,1,1,0,0,0,0,0,0,0,0,0,0
2003,121033,1,1,0,0,0,0,0,0,0,0,0,0
2003,121034,1,1,9,9,9,9,9,9,9,9,9,9
2003,121034,2,1,0,0,0,0,0,0,0,0,0,0
2003,121035,1,1,13,13,13,13,13,13,13,13,13,13
2003,121035,2,1,13,13,13,13,13,13,13,13,13,13
2003,121036,1,1,14,14,14,14,14,14,14,14,14,14
2003,121036,2,1,0,0,0,0,0,0,0,0,0,0
2003,121037,1,1,0,0,0,0,0,0,0,0,0,9
2003,121037,2,1,0,0,0,0,0,0,0,0,0,0
2003,121038,1,1,16,16,16,16,16,16,16,16,16,16
2003,121039,1,1,8,0,0,10,24,10,8,11,13,17
2003,121039,2,1,0,13,0,0,0,0,0,0,0,0
2003,121040,1,1,0,0,0,12,0,0,0,0,0,0
2003,121040,2,1,0,0,0,0,0,0,0,0,0,0
2003,121041,1,1,0,27,0,0,0,0,0,2,0,0
2003,121041,2,1,0,15,0,0,0,0,0,0,0,0
2003,121042,1,1,0,0,0,0,0,0,0,0,0,0
2003,121042,2,1,0,0,0,0,0,0,0,0,0,0
2003,121043,0,1,31,31,31,31,31,31,31,31,31,31
2003,121043,1,1,0,0,0,0,0,0,0,0,0,0
2003,121043,2,1,0,0,0,0,0,0,0,0,0,0
2003,121043,3,1,0,0,0,0,0,0,0,0,0,0
2003,121044,1,1,0,0,0,0,0,0,0,0,0,0
2003,121045,0,1,42,42,42,42,42,42,42,42,42,42
2003,121045,1,1,0,0,0,0,0,0,0,0,0,0
2003,121046,1,1,19,19,19,19,19,19,19,19,19,19
2003,121047,1,1,16,19,17,0,19,14,15,0,13,9
2003,121048,1,1,0,0,0,0,0,0,0,0,0,0
2003,121049,0,1,0,0,0,0,0,0,0,0,0,0
2003,121049,1,1,0,0,0,0,0,0,0,0,0,0
2003,121050,1,1,0,0,0,0,0,0,0,0,0,0
2003,121051,1,1,0,0,0,0,0,0,0,0,0,0
2003,121052,1,1,22,22,22,22,22,22,22,22,22,22
2003,121052,2,1,0,0,0,0,0,0,0,0,0,0
2003,121053,0,1,34,34,34,34,34,34,34,34,34,34
2003,121053,1,1,0,0,0,0,0,0,0,0,0,0
2003,121054,1,1,0,0,0,0,0,0,8,0,0,0
2003,121055,1,1,15,15,15,15,15,15,15,15,15,15
2003,121055,2,1,0,0,0,0,0,0,0,0,0,0
2003,121056,0,1,0,0,0,0,28,0,0,0,0,0
2003,121056,1,1,0,13,0,0,0,24,0,0,0,13
2003,121057,1,1,0,0,0,0,0,0,0,0,0,0
2003,121058,0,1,38,38,38,38,38,38,38,38,38,38
2003,121058,1,1,6,6,6,6,6,6,6,6,6,6
2003,121059,1,1,19,19,19,19,19,19,19,19,19,19
2003,121060,1,1,0,0,0,0,0,0,0,0,0,0
2003,121060,2,1,0,18,0,0,0,0,0,0,5,0
2003,121060,3,1,0,0,0,0,0,0,0,0,0,0
2003,121061,1,1,0,0,0,0,0,0,0,0,0,0
2003,121061,2,1,0,0,12,0,0,0,0,0,0,0
2003,121062,1,1,0,0,0,0,0,0,0,0,0,0
2003,121062,2,1,0,0,0,0,0,0,0,0,0,0
2003,121063,1,1,9,9,9,9,9,9,9,9,9,9
2003,121063,2,1,0,0,0,0,0,0,10,0,0,0
2003,121064,1,1,0,0,0,0,0,0,0,0,0,0
2003,121064,2,1,0,0,0,0,0,0,0,0,0,0
2003,121065,1,1,0,0,0,0,0,0,0,0,0,0
2003,121066,1,1,0,0,0,0,0,0,0,0,0,0
2003,121066,2,1,0,0,0,0,0,0,0,0,0,0
2003,121067,1,1,0,0,0,0,0,0,0,0,0,0
2003,121067,2,1,0,6,11,17,21,0,0,0,0,0
2003,121068,1,1,0,0,0,0,0,0,0,0,0,0
2003,121068,2,1,0,0,0,0,0,0,0,0,0,0
2003,121069,1,1,0,0,0,0,0,0,0,0,0,0
2003,121069,2,1,0,0,17,0,28,0,0,31,14,23
2003,121070,1,1,25,25,25,25,25,25,25,25,25,25
2003,121071,1,1,0,0,0,0,0,0,0,0,0,0
2003,121071,2,1,0,0,0,0,0,0,0,0,0,0
2003,121072,1,1,0,6,0,0,0,0,0,5,21,0
2003,121073,1,1,2,2,2,2,2,2,2,2,2,2
2003,121073,2,1,0,0,0,0,0,0,0,0,0,0
2003,121073,3,1,0,0,26,0,0,0,0,0,0,10
2003,121074,1,1,10,10,10,10,10,10,10,10,10,10
2003,121074,2,1,4,4,4,4,4,4,4,4,4,4
2003,121075,1,1,0,0,0,0,0,0,0,0,0,0
2003,121075,2,1,0,0,0,0,0,0,0,0,0,0
2003,121076,1,1,6,6,6,6,6,6,6,6,6,6
2003,121076,2,1,0,0,0,0,0,0,0,0,0,0
2003,121076,3,1,0,0,0,0,0,0,0,0,0,0
2003,121077,1,1,25,25,25,25,25,25,25,25,25,25
2003,121078,1,1,0,0,0,0,0,0,0,0,0,0
2003,121079,0,1,0,0,0,0,9,0,22,0,12,0
2003,121079,1,1,16,16,16,16,16,16,16,16,16,16
2003,121080,1,1,0,0,0,0,0,0,0,0,0,0
2003,121081,1,1,0,0,0,0,0,0,0,0,0,0
2003,121081,2,1,0,0,18,0,0,21,0,0,0,0
2003,121082,1,1,0,0,11,16,9,0,0,15,0,0
2003,121083,1,1,15,15,15,15,15,15,15,15,15,15
2003,121084,0,1,24,24,24,24,24,24,24,24,24,24
2003,121084,1,1,0,0,0,0,0,0,0,0,0,0
2003,121085,1,1,10,10,10,10,10,10,10,10,10,10
2003,121086,0,1,0,0,0,0,0,0,0,0,0,0
2003,121086,1,1,0,0,0,0,0,0,0,0,0,0
2003,121087,1,1,0,0,0,0,0,0,0,0,0,0
2003,121088,1,1,0,0,0,0,0,0,0,0,0,0
2003,121089,1,1,0,0,0,0,0,0,0,0,0,0
2003,121089,2,1,0,0,0,0,0,0,0,0,0,0
2003,121090,1,1,0,0,0,0,0,0,0,0,0,0
2003,121090,2,1,15,15,15,15,15,15,15,15,15,15
2003,121091,1,1,26,26,26,26,26,26,26,26,26,26
2003,121092,1,1,24,24,24,24,24,24,24,24,24,24
2003,121093,1,1,17,17,17,17,17,17,17,17,17,17
2003,121094,1,1,18,18,18,18,18,18,18,18,18,18
2003,121094,2,1,0,0,0,0,0,0,0,0,0,0
2003,121095,1,1,0,0,10,0,0,0,0,0,0,0
2003,121095,2,1,0,0,0,0,0,0,0,0,0,0
2003,121096,1,1,0,0,0,0,0,0,0,0,0,0
2003,121096,2,1,0,0,0,0,0,0,0,0,0,0
2003,121097,1,1,0,0,0,0,0,0,0,0,0,0
2003,121098,1,1,0,0,0,0,0,0,0,0,0,0
2003,121099,1,1,0,0,0,0,0,0,0,0,0,0
2003,121099,2,1,0,0,0,0,0,0,0,0,0,0
2003,121100,0,1,25,25,25,25,25,25,25,25,25,25
2003,121100,1,1,8,8,8,8,8,8,8,8,8,8
2003,121101,1,1,0,0,0,0,0,0,0,0,0,0
2003,121101,2,1,0,0,0,0,0,0,0,0,0,0
2003,121102,1,1,16,16,16,16,16,16,16,16,16,16
2003,121103,1,1,14,14,14,14,14,14,14,14,14,14
2003,121103,2,1,0,0,0,0,0,0,0,0,0,0
2003,121104,1,1,9,9,9,9,9,9,9,9,9,9
2003,121105,1,1,0,0,0,0,0,0,0,0,0,0
2003,121106,1,1,27,27,27,27,27,27,27,27,27,27
2003,121106,2,1,0,0,0,0,0,0,0,0,0,0
2003,121107,1,1,0,0,0,0,0,0,0,0,0,0
2003,121108,1,1,0,0,0,0,0,0,0,0,0,0
2003,121108,2,1,0,0,0,0,0,0,0,0,0,0
2003,121109,1,1,0,0,0,0,0,0,0,0,0,0
2003,121110,1,1,0,0,0,0,0,0,0,0,0,0
2003,121110,2,1,0,0,0,0,0,0,0,0,0,0
2003,121111,0,1,20,20,20,20,20,20,20,20,20,20
2003,121111,1,1,0,0,0,0,0,0,0,0,0,0
2003,121112,1,1,0,0,0,0,0,0,0,0,9,0
2003,121113,1,1,0,0,0,0,0,0,0,0,0,0
2003,121113,2,1,0,5,17,0,0,0,0,0,0,8
2003,121114,1,1,0,0,0,0,0,0,0,0,0,0
2003,121114,2,1,15,15,15,15,15,15,15,15,15,15
2003,121115,1,1,0,0,0,0,0,0,0,0,0,9
2003,121115,2,1,0,0,0,0,0,0,0,0,0,0
2003,121116,0,1,0,0,0,0,0,0,0,0,0,0
2003,121116,1,1,0,0,0,0,0,0,0,0,0,0
2003,121117,0,1,0,0,0,0,0,0,0,0,0,0
2003,121117,1,1,0,0,0,0,0,0,0,0,0,0
2003,121118,1,1,0,0,0,0,0,13,0,0,0,0
2003,121118,2,1,0,0,0,0,0,0,0,0,0,0
2003,121119,1,1,14,14,14,14,14,14,14,14,14,14
2003,121119,2,1,0,0,0,0,17,0,0,0,0,0
2003,121120,1,1,0,0,2,0,0,0,0,0,0,0
2003,121120,2,1,0,0,5,0,0,0,0,0,0,0
2003,121121,0,1,30,30,30,30,30,30,30,30,30,30
2003,121121,1,1,0,0,0,0,0,6,0,0,0,0
2003,121122,1,1,0,0,0,0,0,0,0,0,0,0
2003,121122,2,1,0,0,0,0,0,20,0,0,0,0
2003,121123,0,1,14,14,14,14,14,14,14,14,14,14
2003,121123,1,1,0,0,0,0,0,0,0,0,0,0
2003,121124,0,1,1,1,1,1,1,1,1,1,1,1
2003,121124,1,1,0,0,0,0,0,0,0,0,0,0
2003,121124,2,1,0,0,0,0,0,0,0,0,0,0
2003,121125,1,1,12,10,17,0,27,9,5,10,6,14
2003,121126,1,1,26,26,26,26,26,26,26,26,26,26
2003,121127,1,1,0,0,0,0,0,0,0,0,0,0
2003,121127,2,1,0,0,0,0,0,0,0,0,0,0
2003,121128,1,1,0,0,0,0,0,0,0,0,0,0
2003,121129,1,1,0,0,0,0,0,0,0,0,0,0
2003,121130,1,1,0,0,0,0,0,0,0,0,0,0
2003,121130,2,1,0,0,0,0,0,0,0,0,0,0
2003,121131,1,1,9,9,9,9,9,9,9,9,9,9
2003,121132,1,1,0,0,0,0,0,0,0,0,0,0
2003,121132,2,1,0,0,0,0,0,0,0,0,0,7
2003,121133,0,1,0,0,17,12,0,13,0,0,0,0
2003,121133,1,1,0,0,0,0,0,0,0,0,0,0
2003,121134,1,1,0,0,0,0,0,0,0,0,0,0
2003,121134,2,1,0,0,0,0,0,12,0,0,0,0
2003,121135,1,1,0,0,0,0,0,0,0,0,0,0
2003,121135,2,1,0,0,0,0,0,0,0,0,0,0
2003,121136,1,1,0,0,0,0,0,0,0,0,0,0
2003,121137,1,1,21,21,21,21,21,21,21,21,21,21
2003,121138,0,1,25,25,25,25,25,25,25,25,25,25
2003,121138,1,1,20,20,20,20,20,20,20,20,20,20
2003,121139,0,1,0,0,0,0,0,0,0,0,0,0
2003,121139,1,1,0,0,0,0,0,0,0,0,0,0
2003,121140,1,1,18,18,18,18,18,18,18,18,18,18
2003,121141,1,1,17,17,17,17,17,17,17,17,17,17
2003,121142,0,1,41,0,0,0,0,0,0,0,0,0
2003,121142,1,1,0,0,0,0,0,0,0,0,0,0
2003,121143,1,1,0,0,0,0,0,0,0,0,0,0
2003,121143,2,1,0,0,0,0,0,0,0,0,0,0
2003,121143,3,1,0,0,0,0,0,0,0,0,0,0
2003,121144,1,1,0,0,0,0,0,0,0,0,0,0
2003,121144,2,1,0,0,0,0,0,0,0,0,0,0
2003,121145,1,1,0,0,0,0,0,0,0,0,0,0
2003,121145,2,1,0,0,0,0,0,0,0,0,0,0
2003,121146,1,1,0,0,0,0,0,0,0,0,0,0
2003,121146,2,1,0,0,0,0,0,0,0,0,0,0
2003,121147,1,1,0,0,0,0,0,0,0,0,0,0
2003,121147,2,1,0,0,0,0,0,0,0,0,0,0
2003,121147,3,1,0,0,0,0,0,0,0,0,0,0
2003,121147,4,1,0,0,0,0,0,0,0,0,0,0
2003,121147,5,1,0,0,0,0,0,0,0,0,0,0
2003,121148,1,1,0,0,0,0,0,0,0,0,0,0
2003,121149,0,1,2,2,2,2,2,2,2,2,2,2
2003,121149,1,1,0,0,0,0,0,0,0,0,0,0
2003,121150,1,1,0,0,0,0,0,0,0,0,0,0
2003,121151,1,1,28,28,28,28,28,28,28,28,28,28
2003,121152,1,1,23,23,23,23,23,23,23,23,23,23
2003,121153,1,1,20,20,20,20,20,20,20,20,20,20
2003,121154,1,1,0,0,0,0,2,0,0,0,0,0
2003,121154,2,1,0,0,0,0,0,0,0,0,0,0
2003,121155,1,1,0,0,0,0,0,0,0,0,0,0
2003,121155,2,1,0,0,0,0,0,0,0,0,0,0
2003,121155,3,1,0,0,0,0,0,0,0,0,0,0
2003,121155,4,1,2,0,0,0,0,0,0,0,0,15
2003,121155,5,1,0,0,0,0,0,0,0,0,0,0
2003,121156,1,1,0,0,0,0,0,0,0,0,0,0
2003,121156,2,1,0,0,0,0,0,0,0,0,0,0
2003,121157,0,1,23,0,0,0,0,0,8,0,0,12
2003,121157,1,1,0,0,0,0,0,0,0,0,0,0
2003,121158,1,1,13,13,13,13,13,13,13,13,13,13
2003,121158,2,1,0,0,0,0,0,0,0,0,0,0
2003,121158,3,1,0,12,0,0,0,0,0,0,0,0
2003,121158,4,1,0,0,0,0,0,0,0,0,0,0
2003,121159,1,1,0,0,0,0,0,0,0,0,0,0
2003,121160,1,1,0,0,0,0,0,0,0,0,0,0
2003,121160,2,1,0,0,0,0,0,0,0,0,0,0
2003,121160,3,1,0,0,0,0,9,0,0,0,0,0