YEAR,ST_CASE,veh_no,per_no,P1,P2,P3,P4,P5,P6,P7,P8,P9,P10
2003,121434,1,1,0,0,0,0,0,0,0,0,0,0
2003,121434,2,1,0,0,0,0,0,0,0,0,0,0
2003,121435,1,1,0,0,0,0,0,0,0,0,0,0
2003,121435,2,1,0,0,0,0,0,0,0,0,0,0
2003,121436,0,1,0,0,0,14,0,0,0,0,43,12
2003,121436,0,2,0,0,0,0,0,0,0,0,0,0
2003,121436,1,1,0,0,0,0,0,0,0,0,0,0
2003,121437,0,1,0,0,0,0,0,0,0,0,0,0
2003,121437,1,1,0,0,0,0,0,0,0,0,0,0
2003,121438,1,1,0,0,0,0,0,0,0,0,0,0
2003,121438,2,1,0,0,0,0,0,0,0,0,0,0
2003,121439,1,1,0,0,0,0,0,0,0,0,0,0
2003,121440,0,1,0,31,0,0,0,0,0,0,0,4
2003,121440,1,1,0,0,0,0,0,0,0,0,0,0
2003,121441,1,1,0,0,18,0,0,0,0,0,0,0
2003,121441,2,1,0,0,0,0,0,0,0,0,0,0
2003,121442,1,1,0,0,0,0,0,0,0,0,0,0
2003,121442,2,1,2,2,2,2,2,2,2,2,2,2
2003,121443,1,1,0,0,0,0,0,0,0,0,0,0
2003,121443,2,1,0,0,0,0,0,0,0,0,0,0
2003,121444,1,1,25,39,0,8,26,16,0,14,11,23
2003,121445,1,1,0,0,0,0,0,0,0,0,0,0
2003,121446,1,1,0,0,0,0,0,0,0,0,0,0
2003,121447,1,1,0,0,0,0,0,4,7,0,0,22
2003,121447,2,1,0,0,0,14,0,0,0,0,0,0
2003,121448,0,1,0,0,0,0,0,2,0,0,0,0
2003,121448,1,1,0,0,0,0,0,0,0,0,0,0
2003,121449,1,1,0,0,0,0,0,0,0,0,0,0
2003,121449,2,1,0,0,0,0,0,0,0,0,0,0
2003,121450,1,1,10,10,10,10,10,10,10,10,10,10
2003,121450,2,1,8,8,8,8,8,8,8,8,8,8
2003,121451,0,1,0,0,0,0,0,0,0,0,0,16
2003,121451,1,1,0,0,0,0,0,0,0,0,0,14
2003,121452,1,1,0,0,0,0,0,0,0,0,14,0
2003,121452,2,1,0,0,0,0,0,0,0,0,0,0
2003,121452,3,1,0,0,0,0,0,0,0,0,0,0
2003,121453,1,1,27,15,26,17,0,36,21,22,26,8
2003,121454,1,1,0,0,0,0,0,0,0,0,0,0
2003,121454,2,1,0,0,0,0,0,0,0,0,0,0
2003,121455,0,1,0,17,0,0,0,0,0,0,0,0
2003,121455,1,1,0,0,0,0,0,0,0,0,0,0
2003,121456,1,1,0,0,0,0,0,0,0,0,0,0
2003,121456,2,1,0,0,0,0,0,0,0,0,5,0
2003,121457,1,1,0,0,7,0,12,0,0,13,13,6
2003,121458,1,1,0,0,0,0,0,0,0,0,0,0
2003,121458,2,1,0,0,0,0,0,0,0,0,0,0
2003,121458,3,1,0,0,0,0,0,0,0,0,0,0
2003,121459,1,1,0,0,0,0,0,0,0,0,0,0
2003,121459,2,1,0,0,0,0,0,0,0,0,0,0
2003,121460,0,1,9,9,9,9,9,9,9,9,9,9
2003,121460,1,1,0,0,0,0,0,0,0,0,0,0
2003,121461,0,1,22,0,0,0,0,0,0,0,0,0
2003,121461,0,2,0,0,0,0,6,0,0,9,0,8
2003,121461,1,1,0,0,0,0,0,0,0,0,0,0
2003,121462,1,1,0,0,0,0,0,0,0,0,0,0
2003,121462,2,1,0,0,0,0,0,0,0,0,0,0
2003,121463,1,1,43,43,43,43,43,43,43,43,43,43
2003,121464,1,1,21,21,21,21,21,21,21,21,21,21
2003,121464,2,1,0,0,0,0,0,0,0,0,0,0
2003,121465,1,1,0,0,0,25,0,0,0,0,0,0
2003,121466,1,1,12,12,12,12,12,12,12,12,12,12
2003,121466,2,1,0,0,0,0,0,0,0,0,0,0
2003,121467,0,1,20,34,0,10,0,9,14,20,0,27
2003,121467,1,1,0,0,0,0,0,0,9,0,0,0
2003,121468,1,1,0,0,14,0,0,0,0,0,0,0
2003,121469,0,1,27,27,27,27,27,27,27,27,27,27
2003,121469,1,1,7,17,0,0,9,0,0,0,0,0
2003,121470,1,1,0,0,0,0,0,0,0,0,0,0
2003,121470,2,1,0,0,0,0,0,0,0,0,0,0
2003,121471,1,1,0,0,0,0,0,0,0,0,0,0
2003,121472,1,1,17,17,17,17,17,17,17,17,17,17
2003,121473,1,1,0,0,0,0,0,0,0,0,0,0
2003,121473,2,1,0,0,0,0,0,0,0,0,0,0
2003,121473,3,1,0,0,0,0,0,0,0,0,13,0
2003,121474,1,1,27,27,27,27,27,27,27,27,27,27
2003,121475,1,1,0,0,0,0,0,0,0,0,0,0
2003,121476,1,1,0,19,0,0,0,0,0,0,0,0
2003,121477,1,1,0,9,24,17,0,0,0,20,0,0
2003,121478,1,1,0,0,0,0,0,0,0,0,0,13
2003,121478,2,1,0,0,0,10,0,0,0,0,0,0
2003,121479,1,1,11,11,11,11,11,11,11,11,11,11
2003,121479,2,1,0,9,0,7,0,0,0,0,0,0
2003,121480,0,1,0,0,0,0,0,0,0,0,0,0
2003,121480,1,1,0,0,0,0,0,0,0,0,0,0
2003,121481,1,1,0,0,0,0,0,0,0,0,0,0
2003,121482,1,1,0,0,0,0,0,0,0,0,0,0
2003,121482,2,1,0,0,0,0,0,0,0,0,0,0
2003,121483,1,1,16,16,16,16,16,16,16,16,16,16
2003,121484,1,1,0,14,0,0,0,0,0,0,0,0
2003,121485,1,1,13,13,13,13,13,13,13,13,13,13
2003,121486,1,1,24,24,24,24,24,24,24,24,24,24
2003,121486,2,1,0,0,0,0,0,0,0,0,0,0
2003,121487,1,1,13,13,13,13,13,13,13,13,13,13
2003,121488,1,1,0,0,0,0,0,0,0,0,0,0
2003,121488,2,1,0,0,0,0,0,0,0,0,0,0
2003,121489,1,1,0,0,0,0,0,0,0,0,0,0
2003,121489,2,1,0,0,0,0,0,0,0,0,0,0
2003,121489,3,1,0,0,0,0,0,0,0,0,0,0
2003,121490,0,1,2,2,2,2,2,2,2,2,2,2
2003,121490,1,1,0,0,0,0,0,0,0,0,0,0
2003,121491,1,1,23,23,23,23,23,23,23,23,23,23
2003,121492,1,1,26,0,0,0,0,0,0,0,0,0
2003,121492,2,1,0,0,0,0,0,0,0,0,0,0
2003,121492,3,1,0,0,0,0,0,0,0,0,0,0
2003,121493,1,1,26,4,26,16,12,25,0,14,34,0
2003,121494,1,1,0,0,7,13,0,12,0,17,0,0
2003,121495,1,1,0,0,0,0,0,0,0,0,0,0
2003,121495,2,1,0,0,0,0,0,0,0,0,0,0
2003,121496,1,1,0,0,0,0,0,0,0,0,0,0
2003,121496,2,1,0,0,0,0,0,0,0,0,0,0
2003,121497,1,1,0,0,0,0,0,0,0,0,0,0
2003,121497,2,1,0,0,0,0,0,0,0,0,0,0
2003,121498,1,1,0,0,0,0,0,0,0,0,0,0
2003,121498,2,1,0,0,0,0,0,0,0,0,0,0
2003,121499,1,1,0,0,0,0,0,0,0,0,0,0
2003,121499,2,1,0,0,0,0,0,0,0,0,0,0
2003,121500,1,1,0,0,0,0,0,0,0,0,5,0
2003,121501,1,1,0,0,0,0,0,0,0,0,0,0
2003,121501,2,1,3,3,3,3,3,3,3,3,3,3
2003,121502,1,1,0,0,0,0,17,12,0,0,0,0
2003,121502,2,1,0,0,0,0,0,0,0,0,0,0
2003,121503,1,1,16,16,16,16,16,16,16,16,16,16
2003,121503,2,1,0,0,0,0,0,0,0,0,0,0
2003,121504,1,1,0,0,0,0,0,0,0,0,0,0
2003,121504,2,1,0,0,0,0,0,0,0,0,0,0
2003,121505,1,1,0,0,0,0,0,0,0,0,0,0
2003,121505,2,1,0,0,0,0,0,0,0,0,0,0
2003,121506,1,1,0,0,0,0,0,0,0,0,0,0
2003,121506,2,1,0,0,0,0,0,0,0,0,0,0
2003,121507,0,1,25,25,25,25,25,25,25,25,25,25
2003,121507,1,1,0,0,0,0,0,0,0,0,0,0
2003,121508,1,1,19,19,19,19,19,19,19,19,19,19
2003,121509,1,1,0,0,0,0,0,0,0,0,0,0
2003,121509,2,1,0,0,0,0,0,0,0,0,9,0
2003,121510,1,1,24,24,24,24,24,24,24,24,24,24
2003,121510,2,1,0,0,0,0,0,0,0,0,0,0
2003,121510,3,1,2,2,2,2,2,2,2,2,2,2
2003,121511,0,1,2,0,0,0,0,0,0,0,0,0
2003,121511,1,1,0,0,0,0,0,0,0,0,3,0
2003,121512,0,1,26,26,26,26,26,26,26,26,26,26
2003,121512,1,1,0,0,0,0,0,0,0,0,0,0
2003,121513,1,1,21,21,21,21,21,21,21,21,21,21
2003,121514,1,1,0,0,17,0,0,0,0,0,0,0
2003,121515,1,1,0,0,0,0,0,0,0,0,0,0
2003,121516,1,1,0,0,0,0,0,0,0,0,0,0
2003,121516,2,1,0,0,0,0,0,0,0,0,0,0
2003,121517,1,1,18,18,18,18,18,18,18,18,18,18
2003,121518,0,1,0,0,0,0,0,0,0,0,0,26
2003,121518,1,1,0,0,0,0,0,0,0,0,0,0
2003,121519,0,1,0,0,0,0,0,0,0,0,0,0
2003,121519,1,1,0,0,0,0,0,0,0,0,0,0
2003,121520,1,1,0,0,0,0,0,0,0,0,0,0
2003,121521,1,1,0,0,0,0,0,0,0,0,0,0
2003,121522,1,1,0,0,0,0,0,0,0,0,0,0
2003,121522,2,1,0,0,0,0,0,0,0,0,0,0
2003,121523,1,1,12,22,0,7,34,0,21,11,0,19
2003,121524,0,1,0,0,0,0,0,0,0,0,0,0
2003,121524,1,1,0,0,30,0,0,17,14,0,0,0
2003,121525,1,1,0,0,0,0,0,0,0,0,0,0
2003,121525,2,1,0,0,0,0,0,0,17,21,0,7
2003,121526,1,1,20,20,20,20,20,20,20,20,20,20
2003,121526,2,1,0,0,0,0,0,0,0,0,13,15
2003,121527,0,1,0,0,0,0,0,0,0,0,0,0
2003,121527,1,1,0,0,0,0,0,0,0,0,0,0
2003,121528,1,1,0,0,0,0,0,0,0,0,0,0
2003,121529,1,1,0,0,0,0,0,0,0,0,0,0
2003,121529,2,1,0,0,0,0,0,0,0,0,0,0
2003,121530,0,1,13,13,13,13,13,13,13,13,13,13
2003,121530,1,1,0,0,0,0,0,0,0,0,0,0
2003,121531,1,1,0,0,0,0,0,0,0,0,0,0
2003,121531,2,1,0,0,0,0,0,0,0,0,0,0
2003,121532,1,1,23,23,23,23,23,23,23,23,23,23
2003,121533,1,1,23,23,23,23,23,23,23,23,23,23
2003,121533,2,1,0,0,0,0,0,0,0,0,0,0
2003,121534,1,1,0,0,0,0,0,0,0,0,0,0
2003,121534,2,1,0,0,0,0,0,0,0,0,0,0
2003,121535,1,1,16,16,16,16,16,16,16,16,16,16
2003,121536,1,1,0,0,0,0,0,0,0,0,0,0
2003,121537,1,1,0,0,0,0,0,0,0,0,0,0
2003,121538,1,1,0,0,0,0,0,0,0,0,0,0
2003,121538,2,1,0,0,0,0,0,0,0,0,0,0
2003,121539,1,1,0,0,0,0,0,0,0,0,0,0
2003,121540,1,1,0,0,0,0,0,0,0,0,0,0
2003,121541,1,1,14,0,9,0,0,0,20,0,0,11
2003,121542,1,1,0,0,0,0,0,0,0,0,0,0
2003,121543,1,1,0,0,0,0,0,0,0,0,0,0
2003,121544,1,1,0,0,0,0,0,0,0,0,0,0
2003,121544,2,1,0,0,0,0,0,0,0,0,0,0
2003,121545,1,1,7,7,7,7,7,7,7,7,7,7
2003,121546,1,1,0,0,0,0,0,0,0,0,0,0
2003,121547,0,1,0,0,0,0,0,0,0,0,0,0
2003,121547,1,1,0,0,0,0,0,0,0,0,0,0
2003,121548,0,1,0,0,0,0,0,10,0,0,0,0
2003,121548,1,1,0,0,0,0,0,0,0,0,0,0
2003,121549,1,1,21,21,21,21,21,21,21,21,21,21
2003,121549,2,1,0,0,0,0,0,0,0,0,14,0
2003,121550,1,1,16,16,0,7,0,0,0,8,11,0
2003,121550,2,1,0,0,0,0,0,0,0,0,0,0
2003,121551,1,1,0,0,0,0,0,0,0,0,0,0
2003,121551,2,1,0,0,0,0,0,0,0,0,0,0
2003,121552,1,1,0,0,0,0,0,0,0,0,0,0
2003,121552,2,1,0,0,0,0,0,0,0,0,0,0
2003,121553,1,1,0,0,0,0,14,0,0,0,0,0
2003,121553,2,1,0,0,0,0,0,0,0,0,0,0
2003,121554,1,1,0,0,0,0,0,0,0,0,0,0
2003,121554,2,1,0,0,0,0,0,0,0,0,0,0
2003,121555,1,1,0,0,0,0,0,0,0,0,0,0
2003,121555,2,1,0,0,0,0,0,0,0,0,0,0
2003,121556,1,1,0,0,0,0,0,0,0,0,0,0
2003,121556,2,1,0,0,0,0,0,0,0,0,0,0
2003,121557,1,1,0,0,0,0,0,0,0,0,0,0
2003,121557,2,1,35,35,35,35,35,35,35,35,35,35
2003,121558,1,1,0,0,0,0,0,0,0,0,0,0
2003,121558,2,1,0,0,0,0,0,0,0,0,0,0
2003,121559,1,1,0,0,0,0,0,0,0,0,0,0
2003,121559,2,1,15,15,15,15,15,15,15,15,15,15
2003,121560,1,1,0,0,0,0,0,0,0,0,0,0
2003,121561,0,1,0,0,0,0,0,12,9,0,0,25
2003,121561,1,1,0,0,0,0,25,0,0,0,0,9
2003,121562,1,1,0,11,0,13,15,24,15,16,0,0
2003,121563,1,1,0,0,0,0,0,0,0,0,0,0
2003,121563,2,1,0,0,0,0,0,0,0,0,0,0
2003,121564,0,1,10,0,14,0,0,0,0,0,0,0
2003,121564,1,1,10,10,10,10,10,10,10,10,10,10
2003,121565,1,1,0,0,0,0,0,0,0,0,0,0
2003,121565,2,1,0,0,0,0,0,0,0,0,0,0
2003,121566,1,1,0,0,0,0,0,0,0,0,0,0
2003,121566,2,1,0,0,0,0,0,0,0,0,0,0
2003,121567,1,1,31,31,31,31,31,31,31,31,31,31
2003,121567,2,1,0,0,9,15,0,0,0,0,0,0
2003,121568,1,1,0,0,0,0,0,0,0,0,0,0
2003,121568,2,1,0,0,0,0,0,0,0,0,0,0
2003,121569,1,1,0,0,0,0,0,0,0,0,0,0
2003,121570,1,1,0,0,0,0,0,0,0,0,0,0
2003,121571,1,1,5,5,5,5,5,5,5,5,5,5
2003,121571,2,1,0,0,0,0,0,0,0,0,0,0
2003,121572,1,1,20,20,20,20,20,20,20,20,20,20
2003,121573,1,1,0,0,11,0,9,0,0,0,0,0
2003,121573,2,1,0,0,0,0,0,0,0,0,0,0
2003,121574,1,1,4,4,4,4,4,4,4,4,4,4
2003,121574,2,1,11,11,11,11,11,11,11,11,11,11
2003,121575,0,1,0,0,0,0,0,0,0,0,0,0
2003,121575,1,1,0,0,0,0,0,0,0,0,0,0
2003,121576,1,1,7,0,0,0,0,0,5,19,17,28
2003,121577,1,1,10,10,10,10,10,10,10,10,10,10
2003,121578,0,1,20,20,20,20,20,20,20,20,20,20
2003,121578,1,1,0,0,0,0,0,0,0,0,0,0
2003,121579,1,1,0,0,0,0,0,0,0,0,0,0
2003,121580,1,1,0,0,0,0,0,0,0,0,0,0
2003,121581,1,1,0,0,0,0,0,0,0,0,0,0
2003,121582,1,1,0,0,0,0,0,0,0,0,0,0
2003,121582,2,1,0,0,0,0,0,0,0,0,0,0
2003,121583,1,1,0,0,0,0,0,0,0,0,0,0
2003,121583,2,1,0,0,0,0,0,0,0,0,0,0
2003,121584,0,1,13,13,13,13,13,13,13,13,13,13
2003,121584,1,1,0,0,0,0,0,0,10,0,0,0
2003,121585,1,1,0,0,0,0,0,0,0,0,0,0
2003,121585,2,1,0,0,0,0,0,0,0,0,0,0
2003,121585,3,1,0,0,0,0,0,0,0,0,0,0
2003,121586,1,1,15,0,0,0,0,0,0,0,0,0
2003,121586,2,1,0,0,0,0,0,0,0,0,0,0
2003,121587,1,1,11,11,11,11,11,11,11,11,11,11
2003,121588,0,1,0,0,0,0,0,0,0,0,0,0
2003,121588,1,1,0,0,0,0,0,0,0,0,0,0
2003,121588,2,1,0,0,0,0,0,0,0,0,0,0
2003,121589,1,1,0,0,0,0,0,0,0,0,0,0
2003,121589,2,1,0,0,0,0,0,0,15,23,15,0
2003,121590,0,1,0,0,0,0,0,0,0,0,0,0
2003,121590,1,1,0,0,0,0,0,0,0,0,0,0
2003,121591,1,1,0,0,5,0,0,0,12,0,0,21
2003,121591,2,1,0,0,0,0,0,0,0,0,0,0
2003,121592,1,1,0,0,0,0,0,0,0,0,0,0
2003,121592,2,1,0,0,0,0,0,0,0,0,0,0
2003,121593,1,1,15,15,15,15,15,15,15,15,15,15
2003,121593,2,1,0,0,0,0,0,0,0,0,0,0
2003,121594,1,1,0,0,0,0,0,0,0,0,0,0
2003,121594,2,1,0,0,0,0,0,0,0,0,0,0
2003,121595,1,1,0,0,0,0,0,0,0,0,0,0
2003,121595,2,1,0,0,0,0,0,0,0,0,0,0
2003,121596,1,1,33,33,33,33,33,33,33,33,33,33
2003,121597,1,1,0,0,0,0,0,0,0,0,0,0
2003,121597,2,1,0,0,0,0,0,0,0,0,0,0
2003,121598,1,1,0,0,0,0,0,0,0,0,0,0
2003,121598,2,1,0,0,0,0,0,0,0,0,0,0
2003,121599,1,1,0,0,0,0,0,28,16,0,0,0
2003,121599,2,1,0,0,0,0,0,0,0,0,0,0
2003,121600,1,1,0,0,0,0,0,0,0,0,0,18
2003,121601,0,1,0,0,12,18,0,21,0,0,26,0
2003,121601,1,1,0,0,0,0,0,0,0,0,0,0
2003,121602,0,1,20,20,20,20,20,20,20,20,20,20
2003,121602,0,2,19,0,0,0,41,38,0,4,0,0
2003,121602,0,3,8,0,0,45,18,7,0,0,29,14
2003,121602,1,1,20,20,20,20,20,20,20,20,20,20
2003,121603,1,1,8,8,8,8,8,8,8,8,8,8
2003,121603,2,1,0,0,0,0,0,0,0,0,0,0
2003,121603,3,1,0,0,0,0,0,0,0,0,0,0
2003,121603,4,1,0,0,0,0,0,0,0,0,0,0
2003,121604,1,1,0,0,0,0,0,0,0,0,0,0
2003,121605,1,1,1,1,1,1,1,1,1,1,1,1
2003,121605,2,1,2,2,2,2,2,2,2,2,2,2
2003,121606,1,1,0,0,0,9,0,0,0,0,0,0
2003,121606,2,1,0,0,0,0,0,0,0,0,0,0
2003,121607,1,1,0,0,0,0,0,0,0,0,0,0
2003,121607,2,1,0,0,0,0,0,0,0,0,0,0
2003,121608,1,1,0,0,0,0,0,0,0,0,0,0
2003,121609,1,1,0,0,0,0,0,0,0,0,0,0
2003,121609,2,1,0,0,0,0,0,0,0,0,0,0
2003,121609,3,1,0,0,0,0,0,0,0,0,0,0
2003,121610,0,1,18,18,18,18,18,18,18,18,18,18
2003,121610,1,1,0,0,0,0,0,0,0,0,0,0
2003,121611,1,1,0,0,0,0,0,0,0,0,0,0
2003,121612,0,1,21,21,21,21,21,21,21,21,21,21
2003,121612,1,1,9,0,0,12,34,0,0,4,0,15
2003,121613,1,1,23,23,23,23,23,23,23,23,23,23
2003,121613,2,1,0,0,0,0,0,12,0,0,0,0
2003,121614,1,1,0,0,0,0,0,0,0,0,0,0
2003,121614,2,1,0,0,0,0,0,0,0,0,0,0
2003,121615,1,1,0,0,0,0,0,0,0,0,0,0
2003,121616,0,1,23,23,23,23,23,23,23,23,23,23
2003,121616,1,1,12,12,12,12,12,12,12,12,12,12
2003,121616,2,1,13,0,0,12,0,20,8,16,6,17
2003,121617,1,1,0,0,0,0,0,0,0,0,0,0
2003,121617,2,1,0,0,0,0,0,0,0,0,0,0
2003,121617,3,1,0,0,0,0,0,0,0,0,0,0
2003,121618,1,1,16,16,16,16,16,16,16,16,16,16
2003,121619,1,1,0,0,0,0,0,0,0,0,0,0
2003,121620,0,1,0,0,0,0,0,0,0,0,0,0
2003,121620,1,1,0,0,17,6,20,0,0,6,0,12
2003,121621,1,1,5,5,5,5,5,5,5,5,5,5
2003,121622,0,1,30,30,30,30,30,30,30,30,30,30
2003,121622,1,1,0,0,0,0,0,0,0,0,0,0
2003,121623,1,1,0,0,0,0,0,0,0,0,0,0
2003,121623,2,1,0,0,0,0,0,0,0,0,0,0
2003,121624,1,1,0,0,0,0,0,0,0,0,0,0
2003,121624,2,1,0,0,0,0,0,0,0,0,0,0
2003,121625,0,1,0,0,0,0,0,0,0,0,0,0
2003,121625,1,1,0,0,0,0,0,0,0,0,0,0
2003,121626,0,1,18,0,20,0,26,32,15,0,0,0
2003,121626,1,1,31,31,31,31,31,31,31,31,31,31
2003,121626,2,1,0,0,0,0,0,0,0,0,0,0
2003,121627,1,1,0,0,0,0,0,0,0,0,0,0
2003,121628,1,1,0,0,0,0,0,0,0,0,0,0
2003,121628,2,1,0,0,0,0,0,0,0,0,0,0
2003,121629,1,1,0,0,0,0,0,0,0,0,0,0
2003,121629,2,1,0,0,8,0,0,0,0,4,0,0
2003,121629,3,1,0,0,0,0,0,0,0,0,0,0
2003,121630,0,1,2,2,2,2,2,2,2,2,2,2
2003,121630,1,1,0,0,0,0,0,9,0,0,11,0
2003,121630,2,1,0,0,0,0,0,0,0,0,0,0
2003,121631,1,1,15,15,15,15,15,15,15,15,15,15
2003,121631,2,1,0,0,0,0,0,0,0,0,0,0
2003,121632,1,1,0,0,0,0,0,0,0,0,0,0
2003,121632,2,1,0,0,0,0,0,4,0,0,0,0
2003,121633,1,1,0,0,0,0,0,0,0,0,0,0
2003,121633,2,1,0,0,0,0,0,0,0,0,0,0
2003,121634,1,1,0,0,0,0,0,0,0,0,0,0
2003,121635,1,1,26,0,0,0,16,0,0,27,0,6
2003,121635,2,1,0,0,0,0,0,0,0,0,0,0
2003,121636,1,1,0,0,0,0,0,0,0,0,0,0
2003,121636,2,1,0,0,0,0,0,0,0,0,0,0
2003,121637,1,1,0,0,0,0,22,0,0,0,0,0
2003,121637,2,1,0,0,0,0,0,0,0,0,0,14
2003,121638,0,1,0,0,0,0,0,0,0,0,0,0
2003,121638,1,1,0,0,0,0,0,0,0,0,0,0
2003,121638,2,1,0,0,0,0,0,0,0,0,0,0
2003,121639,1,1,0,0,0,0,0,0,0,0,0,0
2003,121640,0,1,0,0,0,0,0,0,0,0,0,0
2003,121640,1,1,0,0,0,0,0,0,0,0,0,0
2003,121641,1,1,0,0,0,0,0,0,0,0,0,0
2003,121642,1,1,0,0,0,0,0,0,0,0,0,0
2003,121643,1,1,0,0,0,0,0,0,0,0,0,0
2003,121643,2,1,14,0,0,0,0,0,0,10,8,0
2003,121644,0,1,0,0,0,0,0,0,0,0,0,0
2003,121644,1,1,0,0,0,0,0,0,0,0,0,0
2003,121645,1,1,19,19,19,19,19,19,19,19,19,19
2003,121646,0,1,32,32,32,32,32,32,32,32,32,32
2003,121646,1,1,0,0,0,0,0,0,0,0,0,0
2003,121647,0,1,0,0,0,0,0,0,0,0,0,0
2003,121647,1,1,0,0,0,0,0,13,0,0,19,0
2003,121648,1,1,0,0,0,7,0,0,0,0,0,0
2003,121648,2,1,0,0,0,0,0,0,0,0,0,0
2003,121649,1,1,0,0,0,0,0,0,0,0,0,0
2003,121649,2,1,0,0,0,0,0,0,0,0,0,0
2003,121650,1,1,0,0,0,0,0,0,0,0,0,0
2003,121651,0,1,5,5,5,5,5,5,5,5,5,5
2003,121651,1,1,0,0,0,0,0,0,0,0,0,0
2003,121652,1,1,22,22,22,22,22,22,22,22,22,22
2003,121653,0,1,19,19,19,19,19,19,19,19,19,19
2003,121653,1,1,0,0,0,0,0,0,0,0,0,0
2003,121654,0,1,31,31,31,31,31,31,31,31,31,31
2003,121654,1,1,0,0,0,0,0,0,0,0,0,0
2003,121655,1,1,0,0,0,0,0,0,0,0,0,0
2003,121655,2,1,0,0,0,0,0,0,0,0,0,0
2003,121655,3,1,0,7,0,0,0,0,0,0,0,0
2003,121656,1,1,13,6,16,21,10,0,4,44,23,11
2003,121657,1,1,26,12,0,0,0,0,0,20,0,0
2003,121658,1,1,0,0,0,0,0,0,0,0,0,0
2003,121658,2,1,0,0,0,0,0,0,0,0,0,0
2003,121659,0,1,0,0,0,0,0,0,0,0,0,0
2003,121659,1,1,13,13,13,13,13,13,13,13,13,13
2003,121660,1,1,29,29,29,29,29,29,29,29,29,29
2003,121660,2,1,0,0,0,0,0,0,0,0,0,0
2003,121660,3,1,3,3,3,3,3,3,3,3,3,3
2003,121661,1,1,0,0,0,0,0,0,0,0,0,0
2003,121662,1,1,21,21,21,21,21,21,21,21,21,21
2003,121663,1,1,0,0,0,0,0,0,0,0,0,0
2003,121664,0,1,6,6,6,6,6,6,6,6,6,6
2003,121664,1,1,7,7,7,7,7,7,7,7,7,7
2003,121665,1,1,0,0,0,0,0,0,0,0,0,0
2003,121665,2,1,0,0,0,0,0,0,0,0,0,0
2003,121666,1,1,15,15,15,15,15,15,15,15,15,15
2003,121667,1,1,19,19,19,19,19,19,19,19,19,19
2003,121667,2,1,0,0,0,0,0,0,0,0,0,0
2003,121668,0,1,0,3,0,9,5,35,9,18,0,10
2003,121668,1,1,22,22,22,22,22,22,22,22,22,22
2003,121669,1,1,17,17,17,17,17,17,17,17,17,17
2003,121669,2,1,0,0,0,0,0,0,0,0,0,0
2003,121670,1,1,0,0,0,0,35,0,10,25,17,0
2003,121671,1,1,0,0,0,0,0,0,0,0,0,0
2003,121671,2,1,0,0,0,0,0,0,0,0,0,0
2003,121672,1,1,0,0,0,0,0,0,0,0,0,0
2003,121672,2,1,0,0,0,0,0,0,0,0,0,0
2003,121672,3,1,0,0,0,0,0,0,0,0,0,0
2003,121673,1,1,0,0,0,0,0,0,0,0,0,0
2003,121674,1,1,0,0,0,0,0,0,0,0,0,0
2003,121675,0,1,10,10,10,10,10,10,10,10,10,10
2003,121675,1,1,0,0,0,0,0,0,0,0,0,0
2003,121676,1,1,6,6,6,6,6,6,6,6,6,6
2003,121677,1,1,26,26,26,26,26,26,26,26,26,26
2003,121678,0,1,0,0,0,0,0,0,0,0,0,0
2003,121678,1,1,0,0,0,0,0,0,0,0,0,0
2003,121678,2,1,0,0,0,0,0,0,0,0,0,0
2003,121679,1,1,0,0,0,14,0,0,0,0,0,0
2003,121680,1,1,0,0,0,0,0,0,0,0,0,0
2003,121680,2,1,0,0,0,0,0,0,0,0,0,0
2003,121681,1,1,0,0,0,0,0,0,0,0,0,0
2003,121682,1,1,20,20,20,20,20,20,20,20,20,20
2003,121683,1,1,0,0,0,0,0,0,0,0,0,0
2003,121684,1,1,0,0,0,0,0,0,0,0,0,0
2003,121685,1,1,0,0,20,25,19,30,0,28,0,24
2003,121685,2,1,0,0,0,0,0,0,0,30,0,0
2003,121686,1,1,20,0,0,0,0,0,0,0,0,0
2003,121686,2,1,0,0,0,0,0,0,0,0,0,0
2003,121687,0,1,0,7,0,0,10,0,0,21,0,0
2003,121687,1,1,13,0,0,0,0,0,4,0,0,0
2003,121688,1,1,0,0,0,0,0,0,0,0,0,0
2003,121689,1,1,0,0,0,0,0,0,0,0,0,0
2003,121690,1,1,23,23,23,23,23,23,23,23,23,23
2003,121691,1,1,5,5,5,5,5,5,5,5,5,5
2003,121691,2,1,0,0,0,0,0,0,0,0,0,0
2003,121692,0,1,0,0,0,0,0,0,0,0,0,0
2003,121692,1,1,0,0,0,0,0,0,0,0,0,0
2003,121692,2,1,0,0,0,0,0,0,0,0,0,0
2003,121692,3,1,0,0,0,0,0,0,0,0,0,0
2003,121693,1,1,0,0,0,0,0,0,0,0,0,0
2003,121693,2,1,0,0,0,0,0,0,0,0,0,0
2003,121694,0,1,44,0,0,0,22,16,0,53,21,23
2003,121694,1,1,0,0,0,0,0,0,0,0,0,0
2003,121695,1,1,0,0,0,0,0,0,0,0,0,0
2003,121696,0,1,17,17,17,17,17,17,17,17,17,17
2003,121696,1,1,9,9,9,9,9,9,9,9,9,9