YEAR,ST_CASE,veh_no,per_no,P1,P2,P3,P4,P5,P6,P7,P8,P9,P10
2003,121963,1,1,28,28,28,28,28,28,28,28,28,28
2003,121964,1,1,0,0,0,0,0,0,0,0,0,0
2003,121964,2,1,0,0,0,0,0,0,0,0,0,0
2003,121965,1,1,0,0,0,0,0,0,0,0,0,0
2003,121965,2,1,0,0,0,12,0,0,0,0,0,0
2003,121966,1,1,21,21,21,21,21,21,21,21,21,21
2003,121966,2,1,0,3,0,0,0,0,0,0,0,0
2003,121967,1,1,8,12,0,0,20,0,15,16,0,15
2003,121967,2,1,11,11,11,11,11,11,11,11,11,11
2003,121968,1,1,0,0,0,0,0,0,0,0,0,15
2003,121969,1,1,0,0,0,0,0,0,0,0,0,0
2003,121969,2,1,0,0,0,0,0,0,0,0,0,0
2003,121969,3,1,0,0,0,0,0,0,0,0,0,0
2003,121969,4,1,0,0,0,0,0,0,0,0,0,0
2003,121970,0,1,0,0,0,0,0,0,0,0,0,0
2003,121970,1,1,0,0,0,0,0,0,0,0,0,0
2003,121970,2,1,0,0,0,0,0,0,0,0,0,0
2003,121971,1,1,21,21,21,21,21,21,21,21,21,21
2003,121971,2,1,0,0,0,36,0,0,0,0,0,0
2003,121971,3,1,0,0,0,0,20,0,0,0,0,0
2003,121972,1,1,0,0,0,0,0,0,0,0,0,0
2003,121972,2,1,0,0,0,0,0,0,0,0,0,0
2003,121973,1,1,7,7,7,7,7,7,7,7,7,7
2003,121973,2,1,9,0,0,0,0,0,0,0,0,16
2003,121974,1,1,0,0,17,0,0,0,0,0,0,23
2003,121975,0,1,0,0,8,0,0,0,0,0,0,0
2003,121975,1,1,0,0,0,0,0,0,0,0,0,0
2003,121976,1,1,0,0,0,0,0,0,0,0,0,0
2003,121976,2,1,0,0,0,0,0,0,0,0,0,0
2003,121977,1,1,0,0,0,0,0,0,0,0,0,0
2003,121977,2,1,0,0,0,19,0,0,0,0,0,0
2003,121978,1,1,0,0,0,0,0,0,0,0,0,0
2003,121978,2,1,0,0,0,0,0,0,0,0,0,0
2003,121979,1,1,0,0,0,0,0,0,0,0,0,0
2003,121979,2,1,0,0,0,0,0,0,0,0,0,0
2003,121980,1,1,10,7,4,7,21,6,7,23,9,15
2003,121981,1,1,14,14,14,14,14,14,14,14,14,14
2003,121982,1,1,0,0,0,0,0,0,0,0,0,0
2003,121982,2,1,0,0,0,0,0,0,0,11,0,0
2003,121983,1,1,17,17,17,17,17,17,17,17,17,17
2003,121984,1,1,13,13,13,13,13,13,13,13,13,13
2003,121984,2,1,0,0,0,0,0,0,0,0,0,0
2003,121985,1,1,0,0,0,0,0,0,0,0,0,0
2003,121986,0,1,0,0,0,0,0,0,0,0,0,0
2003,121986,1,1,0,0,0,0,0,0,0,0,0,0
2003,121987,1,1,0,0,0,12,0,16,0,0,0,0
2003,121988,0,1,0,0,0,0,0,0,0,0,0,0
2003,121988,1,1,0,0,0,0,9,0,0,0,0,0
2003,121989,1,1,0,0,0,0,0,0,0,0,0,0
2003,121989,2,1,0,0,0,0,0,0,0,0,0,0
2003,121990,0,1,0,0,0,0,0,0,0,0,0,0
2003,121990,1,1,0,0,0,0,0,0,0,0,0,0
2003,121991,0,1,0,0,0,0,0,0,0,0,0,0
2003,121991,1,1,0,30,0,0,0,0,0,9,0,0
2003,121992,0,1,0,0,0,0,0,0,0,0,0,0
2003,121992,1,1,0,0,0,0,0,0,0,0,0,0
2003,121993,1,1,23,23,23,23,23,23,23,23,23,23
2003,121993,2,1,16,0,0,0,0,0,0,0,0,0
2003,121994,1,1,0,0,0,0,0,0,0,0,0,0
2003,121994,2,1,0,0,0,0,6,0,0,0,0,0
2003,121994,3,1,0,11,0,0,0,0,0,0,0,0
2003,121995,1,1,24,24,24,24,24,24,24,24,24,24
2003,121996,0,1,0,20,0,0,0,0,0,0,0,0
2003,121996,0,2,0,0,0,0,0,0,0,0,0,0
2003,121996,1,1,0,0,0,0,0,0,0,0,0,0
2003,121997,0,1,24,24,24,24,24,24,24,24,24,24
2003,121997,1,1,0,0,0,0,0,0,0,0,0,0
2003,121997,2,1,0,0,0,0,0,0,0,0,0,0
2003,121998,1,1,6,6,6,6,6,6,6,6,6,6
2003,121998,2,1,0,0,0,7,0,0,0,0,0,0
2003,121999,1,1,16,16,16,16,16,16,16,16,16,16
2003,121999,2,1,0,0,0,0,0,0,0,0,0,0
2003,122000,1,1,0,11,0,0,0,0,0,0,0,0
2003,122000,2,1,0,0,0,0,0,0,0,0,0,0
2003,122001,1,1,0,0,0,0,0,0,0,0,0,0
2003,122002,1,1,0,0,0,0,0,0,0,0,0,0
2003,122002,2,1,0,0,0,0,0,0,0,0,0,0
2003,122003,1,1,0,0,0,0,0,0,0,0,0,0
2003,122003,2,1,0,0,0,0,0,0,0,0,0,0
2003,122004,0,1,17,0,19,0,9,0,0,0,0,0
2003,122004,1,1,0,0,0,0,0,0,0,0,0,0
2003,122005,1,1,18,18,18,18,18,18,18,18,18,18
2003,122006,1,1,0,0,0,0,0,0,0,0,0,0
2003,122006,2,1,0,0,0,0,0,0,0,0,0,0
2003,122007,1,1,0,0,18,23,0,19,0,0,17,0
2003,122007,2,1,0,0,0,0,0,0,0,0,0,0
2003,122008,1,1,0,0,0,0,0,0,0,0,0,6
2003,122008,2,1,0,0,0,0,0,0,0,0,0,0
2003,122008,3,1,0,0,0,0,0,0,0,0,0,0
2003,122009,1,1,0,0,0,0,0,0,0,0,0,0
2003,122010,1,1,16,16,16,16,16,16,16,16,16,16
2003,122011,1,1,0,0,0,0,0,0,0,0,0,0
2003,122011,2,1,0,0,0,0,0,0,0,0,0,0
2003,122012,1,1,11,11,11,11,11,11,11,11,11,11
2003,122012,2,1,16,16,16,16,16,16,16,16,16,16
2003,122013,1,1,0,0,0,0,0,0,0,0,0,0
2003,122013,2,1,0,0,0,0,0,0,0,0,0,0
2003,122014,1,1,25,25,25,25,25,25,25,25,25,25
2003,122015,1,1,1,1,1,1,1,1,1,1,1,1
2003,122015,2,1,0,0,0,0,0,0,0,0,0,0
2003,122016,0,1,0,0,0,0,0,0,0,0,0,0
2003,122016,1,1,16,16,16,16,16,16,16,16,16,16
2003,122017,1,1,24,24,24,24,24,24,24,24,24,24
2003,122017,2,1,0,0,0,0,0,0,0,0,0,0
2003,122018,1,1,13,13,13,13,13,13,13,13,13,13
2003,122019,1,1,0,0,0,0,0,0,0,0,0,0
2003,122020,1,1,4,4,4,4,4,4,4,4,4,4
2003,122021,1,1,0,18,0,0,0,17,0,21,0,0
2003,122022,1,1,0,0,0,0,0,0,0,0,0,0
2003,122023,1,1,15,15,15,15,15,15,15,15,15,15
2003,122024,1,1,12,14,9,8,11,0,5,6,30,16
2003,122025,1,1,0,0,0,0,0,0,0,0,0,0
2003,122026,1,1,22,22,22,22,22,22,22,22,22,22
2003,122027,1,1,22,22,22,22,22,22,22,22,22,22
2003,122027,2,1,18,0,0,0,15,0,0,0,12,0
2003,122028,0,1,0,0,0,0,0,0,0,0,0,0
2003,122028,1,1,0,0,0,0,0,0,0,0,0,0
2003,122030,0,1,15,15,15,15,15,15,15,15,15,15
2003,122030,1,1,15,15,15,15,15,15,15,15,15,15
2003,122031,0,1,0,0,0,27,0,0,22,0,0,20
2003,122031,1,1,0,0,0,0,22,14,7,0,0,0
2003,122032,1,1,0,15,20,22,0,17,6,21,21,0
2003,122033,0,1,32,32,32,32,32,32,32,32,32,32
2003,122033,1,1,0,0,0,0,0,0,0,16,0,0
2003,122034,1,1,0,0,0,0,0,0,0,0,0,0
2003,122034,2,1,0,28,0,0,0,0,8,0,0,0
2003,122034,3,1,0,0,0,0,0,0,0,0,0,0
2003,122035,0,1,0,0,0,0,0,0,0,0,0,0
2003,122035,1,1,0,0,0,0,22,0,0,0,0,0
2003,122036,1,1,0,0,0,0,0,0,0,0,0,0
2003,122037,1,1,0,0,0,0,0,0,0,0,0,0
2003,122038,1,1,0,0,0,0,0,0,0,0,0,0
2003,122038,2,1,0,0,0,0,0,0,0,0,0,0
2003,122039,1,1,0,10,11,6,12,6,0,14,10,6
2003,122039,2,1,0,0,0,0,0,0,0,0,0,0
2003,122040,1,1,20,20,20,20,20,20,20,20,20,20
2003,122041,1,1,0,0,0,0,10,17,0,7,9,0
2003,122042,1,1,0,0,0,0,0,0,0,0,0,0
2003,122042,2,1,0,0,0,0,0,0,0,0,0,0
2003,122043,1,1,28,28,28,28,28,28,28,28,28,28
2003,122043,2,1,11,11,11,11,11,11,11,11,11,11
2003,122044,1,1,0,0,0,0,0,0,0,0,0,6
2003,122045,1,1,0,0,0,0,0,0,0,0,0,0
2003,122046,0,1,0,0,0,0,0,0,0,0,0,0
2003,122046,1,1,0,0,0,0,0,0,0,0,0,0
2003,122047,1,1,0,0,0,0,0,0,0,0,0,0
2003,122047,2,1,0,0,0,0,0,0,0,0,0,0
2003,122048,1,1,23,23,23,23,23,23,23,23,23,23
2003,122048,2,1,0,0,0,0,0,0,0,0,0,0
2003,122048,3,1,0,0,0,0,0,0,0,0,0,0
2003,122049,0,1,0,0,0,0,0,0,0,0,0,0
2003,122049,1,1,0,0,0,0,0,0,0,0,0,0
2003,122050,0,1,0,0,0,0,0,0,0,0,0,0
2003,122050,1,1,0,0,0,0,12,0,0,0,0,0
2003,122051,1,1,0,0,0,0,0,0,0,0,0,0
2003,122051,2,1,0,0,0,0,0,0,0,0,0,0
2003,122052,1,1,0,0,0,0,0,0,0,0,0,0
2003,122052,2,1,0,0,0,0,0,0,0,0,0,0
2003,122053,1,1,5,5,5,5,5,5,5,5,5,5
2003,122054,0,1,0,0,0,0,15,0,0,0,0,0
2003,122054,1,1,0,0,0,0,0,0,0,0,0,0
2003,122055,1,1,14,0,0,0,8,0,0,0,30,26
2003,122056,1,1,6,6,6,6,6,6,6,6,6,6
2003,122057,1,1,0,0,0,0,0,0,0,0,0,0
2003,122057,2,1,0,0,0,0,0,0,0,0,0,0
2003,122057,3,1,0,0,0,0,0,0,0,0,0,0
2003,122057,4,1,0,0,0,0,0,0,0,0,0,0
2003,122058,1,1,0,0,0,0,0,0,0,0,0,0
2003,122059,1,1,0,0,0,0,0,0,0,0,0,0
2003,122060,1,1,0,0,0,0,0,0,0,0,0,0
2003,122060,2,1,0,0,0,0,0,0,0,0,0,0
2003,122061,1,1,2,2,2,2,2,2,2,2,2,2
2003,122061,2,1,1,1,1,1,1,1,1,1,1,1
2003,122062,1,1,0,0,0,0,0,0,0,0,0,0
2003,122063,0,1,0,0,0,0,0,0,0,0,17,0
2003,122063,1,1,0,0,0,0,0,0,0,0,0,0
2003,122064,1,1,0,0,0,0,0,0,0,0,0,0
2003,122064,2,1,0,0,0,0,0,0,0,0,0,0
2003,122065,1,1,0,0,0,0,0,0,0,0,0,0
2003,122065,2,1,0,0,0,0,0,0,0,0,0,0
2003,122066,1,1,0,0,0,0,0,0,0,0,0,0
2003,122066,2,1,0,0,0,0,0,0,0,0,0,0
2003,122067,1,1,0,0,0,0,0,0,0,0,0,0
2003,122067,2,1,0,0,0,0,0,0,0,0,0,0
2003,122067,3,1,0,0,0,0,0,0,0,0,0,0
2003,122068,1,1,0,0,0,0,0,0,0,0,0,0
2003,122069,1,1,0,0,0,0,0,0,0,0,0,0
2003,122069,2,1,0,0,0,0,0,0,7,0,0,0
2003,122070,1,1,0,0,0,0,0,0,0,0,0,0
2003,122071,1,1,0,0,0,0,0,0,0,0,0,0
2003,122071,2,1,0,0,0,0,0,0,21,0,0,0
2003,122072,1,1,0,0,0,0,0,0,0,0,0,0
2003,122073,0,1,33,25,9,52,0,28,0,11,44,23
2003,122073,1,1,0,0,0,0,0,0,0,0,0,0
2003,122073,2,1,0,0,0,0,0,0,0,0,14,0
2003,122073,3,1,0,0,0,0,0,0,0,0,0,0
2003,122073,4,1,10,0,0,0,0,0,0,6,0,0
2003,122074,1,1,0,0,0,0,0,0,0,0,0,0
2003,122075,0,1,25,0,0,23,0,0,0,0,0,0
2003,122075,1,1,0,0,0,0,21,0,0,0,0,0
2003,122076,0,1,0,0,11,19,0,33,0,0,11,22
2003,122076,1,1,0,0,0,0,0,0,0,0,0,0
2003,122077,1,1,0,0,0,0,0,0,0,0,0,0
2003,122077,2,1,0,0,0,0,0,0,0,0,0,0
2003,122078,1,1,0,0,0,0,0,0,0,0,0,0
2003,122078,2,1,0,0,0,0,0,0,0,0,0,0
2003,122079,1,1,11,11,11,11,11,11,11,11,11,11
2003,122080,0,1,0,0,0,0,0,0,0,0,0,0
2003,122080,1,1,0,0,0,0,0,0,0,0,0,0
2003,122081,1,1,0,0,0,0,0,0,0,0,0,0
2003,122081,2,1,19,11,6,0,11,4,34,3,31,18
2003,122082,1,1,0,0,0,0,0,0,0,0,0,0
2003,122083,1,1,0,15,0,0,0,14,0,0,0,7
2003,122083,2,1,0,0,0,0,0,0,0,0,0,0
2003,122083,3,1,7,18,27,20,0,0,0,0,0,0
2003,122084,1,1,5,5,5,5,5,5,5,5,5,5
2003,122084,2,1,0,0,0,2,0,0,0,0,0,0
2003,122084,3,1,15,0,0,0,0,0,0,0,0,0
2003,122085,1,1,0,0,0,0,0,17,0,0,0,0
2003,122086,0,1,12,0,29,32,0,21,0,0,30,31
2003,122086,1,1,12,0,8,0,0,0,6,24,14,9
2003,122087,0,1,0,0,0,0,0,0,0,0,0,0
2003,122087,1,1,0,0,0,0,0,0,0,0,0,0
2003,122088,1,1,24,24,24,24,24,24,24,24,24,24
2003,122089,1,1,17,0,0,6,0,0,19,0,0,0
2003,122089,2,1,0,0,0,0,0,0,0,0,0,0
2003,122090,1,1,0,0,0,2,0,0,0,0,0,0
2003,122090,2,1,0,5,0,0,12,0,0,0,0,16
2003,122091,0,1,0,0,0,0,0,0,0,0,0,0
2003,122091,1,1,0,0,0,0,0,0,2,0,0,0
2003,122092,1,1,0,0,0,0,0,0,0,0,0,0
2003,122092,2,1,0,0,0,0,0,0,0,0,0,0
2003,122093,1,1,0,0,0,0,0,0,0,0,0,0
2003,122093,2,1,0,0,0,0,0,0,0,0,0,0
2003,122093,3,1,0,0,0,0,0,0,0,0,0,0
2003,122094,1,1,0,0,0,0,0,0,0,0,0,0
2003,122094,2,1,0,0,0,0,0,0,0,0,0,0
2003,122095,1,1,0,0,0,0,0,0,0,0,0,0
2003,122095,2,1,0,0,0,0,0,0,0,0,0,0
2003,122096,0,1,19,11,9,22,15,10,0,0,7,0
2003,122096,1,1,0,0,0,0,0,0,17,0,0,5
2003,122097,1,1,0,0,0,0,0,0,0,0,0,0
2003,122097,2,1,0,0,0,0,0,0,0,0,0,0
2003,122097,3,1,0,0,0,0,0,0,0,0,0,0
2003,122097,4,1,0,0,0,0,0,0,0,0,0,0
2003,122097,5,1,2,0,0,0,0,0,0,6,0,0
2003,122098,1,1,0,0,0,0,0,0,0,0,0,0
2003,122098,2,1,0,0,0,0,0,0,0,0,0,0
2003,122099,1,1,0,0,0,0,0,0,0,0,0,0
2003,122099,2,1,0,0,0,0,0,0,0,0,0,0
2003,122100,1,1,0,0,0,0,0,0,0,0,0,0
2003,122100,2,1,0,0,0,0,0,0,0,0,0,0
2003,122101,0,1,31,31,31,31,31,31,31,31,31,31
2003,122101,1,1,0,0,0,0,0,0,0,0,0,0
2003,122102,1,1,20,20,20,20,20,20,20,20,20,20
2003,122102,2,1,0,0,0,0,0,0,8,0,0,0
2003,122103,1,1,0,0,0,0,0,0,0,0,0,0
2003,122104,0,1,23,0,0,27,18,33,0,0,0,0
2003,122104,1,1,0,0,0,0,0,0,0,0,0,0
2003,122105,1,1,0,0,0,0,0,0,0,0,0,0
2003,122105,2,1,0,0,0,0,0,0,0,0,0,0
2003,122106,1,1,0,0,0,0,0,0,0,0,0,0
2003,122106,2,1,0,0,0,0,0,0,0,0,0,0
2003,122107,1,1,0,0,0,12,0,0,0,6,0,0
2003,122107,2,1,0,0,0,0,0,0,0,0,0,0
2003,122108,0,1,0,0,0,0,0,0,0,0,0,0
2003,122108,1,1,0,18,0,0,0,0,0,0,0,0
2003,122109,1,1,5,5,5,5,5,5,5,5,5,5
2003,122109,2,1,0,0,0,0,0,0,0,0,0,0
2003,122110,1,1,0,0,0,0,0,0,0,0,0,0
2003,122110,2,1,0,0,0,0,0,0,0,0,0,0
2003,122111,0,1,18,18,18,18,18,18,18,18,18,18
2003,122111,1,1,0,0,0,0,0,0,0,0,0,0
2003,122112,1,1,0,0,0,0,0,0,0,0,0,0
2003,122112,2,1,0,0,0,0,0,0,0,0,0,0
2003,122113,1,1,11,0,0,12,24,16,19,0,0,0
2003,122114,0,1,1,1,1,1,1,1,1,1,1,1
2003,122114,1,1,0,0,0,0,0,0,0,0,0,0
2003,122115,0,1,19,23,0,18,35,0,0,28,0,29
2003,122115,1,1,9,9,9,9,9,9,9,9,9,9
2003,122116,0,1,1,1,1,1,1,1,1,1,1,1
2003,122116,1,1,0,0,0,0,0,0,0,0,0,0
2003,122116,2,1,0,0,0,0,5,40,0,0,0,13
2003,122117,1,1,0,0,0,0,0,0,0,0,0,0
2003,122118,1,1,0,0,0,0,0,0,0,0,0,0
2003,122119,1,1,0,0,0,0,0,0,17,0,0,0
2003,122120,1,1,0,0,0,0,0,0,0,0,0,0
2003,122120,2,1,0,0,0,0,0,0,0,0,0,0
2003,122121,1,1,0,0,0,0,0,0,0,0,0,0
2003,122121,2,1,0,0,0,0,0,0,0,0,0,0
2003,122122,1,1,6,6,6,6,6,6,6,6,6,6
2003,122123,1,1,0,0,0,0,0,0,0,0,0,0
2003,122123,2,1,0,0,0,0,0,0,3,0,0,0
2003,122123,3,1,0,0,0,0,0,0,0,0,0,0
2003,122123,4,1,0,0,0,0,0,0,0,0,0,0
2003,122123,5,1,0,0,0,0,0,0,0,0,0,0
2003,122123,6,1,0,0,0,0,0,0,0,0,0,0
2003,122123,7,1,0,0,0,0,0,0,0,0,0,0
2003,122124,0,1,9,9,9,9,9,9,9,9,9,9
2003,122124,1,1,0,0,0,0,0,0,0,0,0,0
2003,122125,0,1,0,0,0,0,0,0,0,0,0,0
2003,122125,1,1,0,0,0,0,0,0,0,0,0,0
2003,122126,1,1,0,0,0,0,0,0,0,0,0,0
2003,122127,0,1,0,0,0,0,0,0,0,0,0,0
2003,122127,1,1,0,0,0,0,0,0,0,0,0,0
2003,122128,1,1,30,30,30,30,30,30,30,30,30,30
2003,122128,2,1,0,0,0,0,0,0,0,0,0,0
2003,122129,1,1,0,0,0,0,0,0,0,0,0,0
2003,122129,2,1,0,0,0,0,0,0,0,0,0,0
2003,122130,1,1,24,0,0,15,9,0,0,0,0,30
2003,122130,2,1,0,0,15,0,0,0,0,0,0,0
2003,122131,1,1,0,0,0,0,0,0,0,0,0,0
2003,122131,2,1,0,0,0,0,0,0,0,0,0,0
2003,122132,1,1,0,0,0,0,0,0,0,0,0,0
2003,122132,2,1,0,0,0,0,0,0,0,0,0,0
2003,122133,1,1,17,17,17,17,17,17,17,17,17,17
2003,122134,0,1,0,19,40,14,18,13,18,24,0,36
2003,122134,1,1,16,16,16,16,16,16,16,16,16,16
2003,122135,0,1,17,0,7,0,5,0,20,0,17,0
2003,122135,1,1,0,0,16,0,0,25,0,0,0,0
2003,122136,1,1,0,0,0,0,0,0,0,0,0,0
2003,122137,1,1,10,10,10,10,10,10,10,10,10,10
2003,122137,2,1,0,0,0,0,0,0,0,0,0,0
2003,122138,1,1,0,0,0,0,0,0,0,0,0,0
2003,122139,1,1,22,22,22,22,22,22,22,22,22,22
2003,122139,2,1,0,0,0,0,0,0,0,0,0,0
2003,122139,3,1,0,0,0,0,0,0,0,0,0,0
2003,122140,1,1,0,0,0,0,0,0,0,0,0,0
2003,122141,1,1,0,0,0,0,0,0,0,0,0,0
2003,122142,1,1,0,0,0,0,0,0,0,0,0,0
2003,122142,2,1,25,0,0,0,0,0,25,0,0,33
2003,122143,1,1,0,0,0,0,0,0,0,0,0,0
2003,122143,2,1,0,0,0,0,0,0,0,0,0,0
2003,122144,0,1,0,0,0,0,0,0,0,0,0,0
2003,122144,1,1,0,0,0,0,0,0,0,0,0,0
2003,122145,1,1,14,14,14,14,14,14,14,14,14,14
2003,122146,1,1,0,0,0,0,0,0,0,0,0,0
2003,122146,2,1,0,0,0,0,0,0,0,0,0,0
2003,122147,1,1,25,25,25,25,25,25,25,25,25,25
2003,122147,2,1,0,0,0,0,0,0,0,0,0,0
2003,122148,1,1,0,0,0,0,0,0,0,0,0,0
2003,122148,2,1,0,0,0,0,0,0,0,0,0,0
2003,122149,1,1,29,29,29,29,29,29,29,29,29,29
2003,122149,2,1,0,3,0,0,0,0,0,0,0,0
2003,122150,0,1,19,19,19,19,19,19,19,19,19,19
2003,122150,1,1,23,11,0,18,23,31,10,17,0,14
2003,122151,1,1,25,25,25,25,25,25,25,25,25,25
2003,122152,1,1,0,0,0,0,0,0,0,0,0,0
2003,122152,2,1,0,0,0,0,0,0,0,0,0,0
2003,122153,1,1,14,14,14,14,14,14,14,14,14,14
2003,122154,1,1,20,20,20,20,20,20,20,20,20,20
2003,122155,1,1,22,22,22,22,22,22,22,22,22,22
2003,122155,2,1,0,0,0,0,0,0,0,0,0,0
2003,122156,1,1,14,14,14,14,14,14,14,14,14,14
2003,122156,2,1,0,0,0,0,0,0,7,0,0,12
2003,122157,1,1,25,25,25,25,25,25,25,25,25,25
2003,122157,2,1,0,0,0,0,21,0,0,0,0,0
2003,122158,0,1,9,9,9,9,9,9,9,9,9,9
2003,122158,1,1,0,0,0,0,0,0,0,0,0,0
2003,122159,1,1,24,24,24,24,24,24,24,24,24,24
2003,122160,1,1,0,13,0,0,0,0,0,0,0,0
2003,122160,2,1,0,0,0,12,0,0,0,0,0,0
2003,122161,1,1,0,0,0,0,0,0,0,0,0,0
2003,122161,2,1,0,0,0,0,0,0,0,0,0,0
2003,122161,3,1,0,0,0,0,0,0,0,0,0,0
2003,122162,1,1,18,25,9,14,28,14,18,17,28,19
2003,122163,0,1,8,0,0,56,0,28,0,12,15,0
2003,122163,1,1,0,0,0,0,0,0,0,0,0,0
2003,122164,1,1,0,0,0,18,0,11,0,0,0,0
2003,122164,2,1,0,0,0,0,0,0,0,0,0,0
2003,122165,1,1,0,0,0,0,0,0,0,0,0,0
2003,122166,1,1,0,0,0,0,0,0,0,0,0,0
2003,122166,2,1,0,0,0,0,0,0,0,0,0,0
2003,122167,1,1,18,18,18,18,18,18,18,18,18,18
2003,122167,2,1,0,0,0,0,0,0,0,0,0,0
2003,122168,1,1,0,0,0,0,0,0,0,0,0,0
2003,122168,2,1,0,0,0,0,0,0,0,0,0,0
2003,122169,0,1,0,0,0,0,0,0,0,0,0,0
2003,122169,1,1,0,0,0,0,0,0,0,0,0,0
2003,122170,1,1,23,23,23,23,23,23,23,23,23,23
2003,122171,1,1,0,0,0,0,0,0,0,0,0,0
2003,122171,2,1,0,0,17,0,0,0,0,0,0,0
2003,122172,1,1,0,0,0,18,0,31,9,19,0,12
2003,122173,1,1,0,2,0,13,0,0,0,0,0,0
2003,122173,2,1,0,0,0,0,0,0,0,0,0,0
2003,122174,0,1,18,22,34,18,0,13,9,30,22,12
2003,122174,1,1,0,0,0,0,11,0,0,0,0,0
2003,122175,1,1,0,0,0,0,0,0,0,0,0,0
2003,122175,2,1,0,0,0,0,0,0,0,0,0,0
2003,122176,1,1,0,0,0,0,0,0,0,0,0,0
2003,122177,1,1,0,0,0,0,0,0,0,0,0,0
2003,122177,2,1,0,0,0,0,0,0,11,0,0,0
2003,122178,1,1,0,0,0,0,0,0,0,0,0,0
2003,122178,2,1,0,0,0,0,0,0,0,0,0,0
2003,122179,0,1,0,0,0,0,0,27,0,0,0,0
2003,122179,1,1,0,0,0,0,0,0,0,0,0,0
2003,122180,1,1,0,0,12,0,0,0,0,0,0,19
2003,122181,1,1,0,0,0,0,0,0,0,0,0,0
2003,122181,2,1,15,0,16,0,0,0,0,0,0,0
2003,122182,1,1,0,4,0,0,0,0,0,0,0,0
2003,122182,2,1,0,0,0,0,0,0,0,0,0,0
2003,122183,0,1,42,0,32,38,0,16,0,0,24,22
2003,122183,1,1,0,0,0,0,0,0,0,0,0,0
2003,122184,1,1,0,0,0,0,0,0,0,0,0,0
2003,122184,2,1,0,0,0,0,0,0,0,0,0,0
2003,122185,1,1,0,0,12,0,0,0,0,0,0,0
2003,122186,1,1,15,7,0,0,0,22,0,0,0,0
2003,122186,2,1,17,0,7,11,23,18,0,0,7,6
2003,122187,1,1,18,0,12,13,8,0,16,0,0,0
2003,122188,0,1,24,0,0,0,0,0,0,0,0,37
2003,122188,1,1,0,0,0,0,0,0,0,0,0,0
2003,122189,1,1,0,0,0,0,0,0,0,12,0,0
2003,122189,2,1,0,0,0,0,0,0,0,0,0,0
2003,122189,3,1,0,0,0,0,0,0,0,0,0,0
2003,122190,1,1,0,0,0,0,0,0,0,0,0,0
2003,122190,2,1,0,0,0,0,0,0,0,0,0,0
2003,122191,1,1,0,0,0,0,0,0,0,0,0,0
2003,122192,0,1,0,0,0,0,0,0,0,0,0,0
2003,122192,1,1,0,0,0,0,0,0,0,0,0,0
2003,122193,0,1,50,50,50,50,50,50,50,50,50,50
2003,122193,1,1,0,0,0,0,0,0,0,0,0,0
2003,122194,0,1,0,0,0,0,0,0,0,0,22,0
2003,122194,1,1,0,0,0,0,0,0,8,0,0,0
2003,122195,1,1,0,0,0,0,0,0,0,0,0,0
2003,122196,1,1,0,0,0,0,0,0,0,0,0,0
2003,122197,1,1,1,1,1,1,1,1,1,1,1,1
2003,122198,0,1,24,0,0,0,15,0,25,0,0,0
2003,122198,1,1,0,18,0,0,0,17,0,0,0,19
2003,122199,1,1,13,0,20,0,0,0,30,17,0,0
2003,122200,1,1,3,3,3,3,3,3,3,3,3,3
2003,122201,1,1,0,0,0,0,0,0,0,3,0,0
2003,122202,1,1,20,20,20,20,20,20,20,20,20,20
2003,122203,1,1,21,21,21,21,21,21,21,21,21,21
2003,122204,1,1,17,17,17,17,17,17,17,17,17,17
2003,122205,1,1,24,24,24,24,24,24,24,24,24,24
2003,122206,1,1,22,22,22,22,22,22,22,22,22,22
2003,122206,2,1,0,0,0,0,0,0,0,0,0,0
2003,122207,1,1,0,0,0,0,0,0,0,0,0,0
2003,122207,2,1,4,4,4,4,4,4,4,4,4,4
2003,122207,3,1,0,0,0,0,0,0,0,0,0,0
2003,122208,1,1,0,0,0,0,0,0,0,0,0,0
2003,122209,1,1,0,0,0,0,0,0,0,0,0,0
2003,122209,2,1,0,0,0,4,0,0,0,0,0,0
2003,122210,1,1,0,0,0,0,0,0,0,0,0,0
2003,122210,2,1,0,0,0,0,0,0,0,0,0,0
2003,122211,1,1,16,16,16,16,16,16,16,16,16,16
2003,122212,1,1,0,12,11,0,0,0,0,0,16,9
2003,122212,2,1,0,0,0,0,0,0,0,0,0,0
2003,122213,1,1,0,8,0,14,0,0,0,8,13,14
2003,122213,2,1,0,0,0,6,0,12,20,0,17,0
2003,122214,0,1,0,0,0,0,0,0,0,0,0,0
2003,122214,1,1,0,0,21,0,0,0,0,0,0,0
2003,122215,1,1,16,16,16,16,16,16,16,16,16,16
2003,122216,0,1,16,0,0,9,0,0,0,0,0,0
2003,122216,1,1,0,0,0,0,0,0,0,0,0,0
2003,122217,1,1,0,0,0,0,0,0,0,0,0,0
2003,122217,2,1,0,0,0,0,0,0,0,0,0,0
2003,122218,1,1,0,0,0,0,0,0,0,0,0,0
2003,122219,0,1,26,36,0,0,15,0,25,22,14,8
2003,122219,1,1,14,0,17,0,14,0,0,0,0,0