YEAR,ST_CASE,veh_no,per_no,P1,P2,P3,P4,P5,P6,P7,P8,P9,P10
2003,122471,1,1,0,0,0,0,0,0,0,0,0,0
2003,122471,2,1,0,0,0,0,0,0,0,0,0,0
2003,122471,3,1,0,0,0,0,0,0,0,0,0,0
2003,122472,1,1,0,0,0,0,0,0,0,0,0,0
2003,122472,2,1,0,0,0,0,0,0,0,0,0,0
2003,122473,1,1,0,0,0,0,0,0,0,0,0,0
2003,122473,2,1,0,0,0,0,0,0,0,0,0,0
2003,122474,1,1,0,0,0,0,0,0,0,0,0,0
2003,122475,0,1,28,28,28,28,28,28,28,28,28,28
2003,122475,1,1,0,0,0,0,0,0,0,0,0,0
2003,122476,1,1,0,0,0,0,0,0,0,0,6,0
2003,122477,1,1,0,16,0,12,0,0,0,0,0,30
2003,122478,1,1,0,0,0,0,0,0,0,0,0,0
2003,122479,1,1,0,0,0,0,0,0,0,0,0,0
2003,122479,2,1,0,0,0,0,0,0,0,0,0,0
2003,122480,1,1,0,0,0,0,0,0,0,0,0,0
2003,122480,2,1,0,0,0,0,0,0,0,0,0,0
2003,122481,1,1,12,12,12,12,12,12,12,12,12,12
2003,122482,1,1,33,12,29,27,2,30,10,10,5,17
2003,122483,1,1,13,13,13,13,13,13,13,13,13,13
2003,122484,1,1,0,0,0,0,0,0,0,0,0,0
2003,122485,1,1,0,0,0,0,0,0,0,0,0,0
2003,122486,1,1,0,0,14,0,11,0,23,0,18,0
2003,122486,2,1,0,0,0,0,0,0,0,0,0,0
2003,122487,1,1,0,0,0,0,0,0,0,23,0,0
2003,122487,2,1,0,0,0,10,0,0,0,0,0,0
2003,122487,3,1,0,0,0,0,0,0,0,0,0,0
2003,122488,0,1,22,22,22,22,22,22,22,22,22,22
2003,122488,1,1,23,0,0,0,18,0,29,2,0,0
2003,122489,1,1,10,0,0,0,0,0,0,0,0,0
2003,122489,2,1,0,0,22,0,0,0,0,0,0,0
2003,122490,1,1,20,20,20,20,20,20,20,20,20,20
2003,122490,2,1,0,0,0,0,0,0,0,0,0,0
2003,122491,1,1,0,0,0,0,0,0,0,0,0,0
2003,122491,2,1,0,0,0,0,0,0,0,0,0,0
2003,122491,3,1,0,0,0,0,0,0,0,0,0,0
2003,122492,1,1,0,0,0,0,0,0,0,0,0,0
2003,122492,2,1,0,0,0,0,0,0,0,0,0,0
2003,122493,0,1,0,0,0,0,0,0,0,0,0,0
2003,122493,1,1,0,0,0,0,0,14,0,0,0,0
2003,122494,0,1,0,0,0,0,0,0,0,0,0,0
2003,122494,1,1,0,0,0,0,0,0,0,0,0,0
2003,122495,1,1,0,0,0,0,0,0,0,0,0,0
2003,122495,2,1,0,0,0,0,0,0,0,0,0,0
2003,122496,0,1,0,0,0,0,0,0,3,0,0,0
2003,122496,1,1,0,0,0,0,0,0,0,0,0,0
2003,122497,0,1,20,20,20,20,20,20,20,20,20,20
2003,122497,1,1,0,0,0,0,0,0,0,0,0,0
2003,122498,1,1,0,0,0,0,0,0,0,0,0,0
2003,122499,1,1,0,0,0,0,0,0,0,0,0,0
2003,122499,2,1,0,0,0,0,0,0,0,0,0,0
2003,122500,1,1,0,0,0,0,0,0,0,0,0,0
2003,122500,2,1,0,0,0,0,0,0,0,0,0,0
2003,122501,1,1,0,0,0,15,0,0,0,0,0,0
2003,122501,2,1,0,0,0,0,0,0,0,0,0,0
2003,122502,1,1,0,0,0,0,0,19,0,0,12,0
2003,122503,1,1,0,0,0,0,0,0,0,0,0,0
2003,122503,2,1,0,0,0,0,0,0,0,0,0,0
2003,122504,1,1,0,0,0,0,0,0,10,0,0,0
2003,122505,1,1,0,0,0,0,0,0,0,0,0,0
2003,122505,2,1,0,0,0,0,0,0,0,0,0,0
2003,122505,3,1,0,0,0,0,0,0,0,0,0,0
2003,122506,1,1,0,0,0,0,0,0,0,0,0,0
2003,122506,2,1,0,0,0,0,0,0,0,0,0,0
2003,122507,1,1,0,0,0,0,0,0,0,0,0,0
2003,122507,2,1,0,0,0,0,0,0,0,0,0,0
2003,122508,1,1,0,0,0,0,0,0,0,0,0,0
2003,122508,2,1,0,0,0,0,0,0,0,0,0,0
2003,122509,1,1,20,0,0,0,0,0,0,0,15,0
2003,122509,2,1,0,0,0,0,0,0,0,0,26,0
2003,122510,0,1,0,0,0,0,0,0,0,0,0,0
2003,122510,1,1,0,0,11,0,0,12,0,0,0,6
2003,122511,1,1,24,24,24,24,24,24,24,24,24,24
2003,122511,2,1,10,10,10,10,10,10,10,10,10,10
2003,122512,1,1,0,12,12,0,0,0,0,0,0,0
2003,122513,1,1,0,0,0,0,0,0,0,0,0,0
2003,122513,2,1,0,0,0,0,0,0,0,0,0,0
2003,122514,1,1,0,0,0,0,0,0,0,0,0,0
2003,122515,1,1,0,0,0,0,0,0,0,0,0,0
2003,122515,2,1,0,0,0,0,0,0,0,0,0,0
2003,122516,0,1,6,0,0,0,0,0,0,0,0,0
2003,122516,1,1,0,0,0,0,0,0,0,0,0,0
2003,122517,1,1,0,0,0,0,0,0,0,0,0,0
2003,122517,2,1,0,0,0,0,0,0,0,0,0,0
2003,122518,0,1,0,0,0,0,0,0,0,0,0,0
2003,122518,1,1,0,0,0,0,0,0,0,0,0,0
2003,122519,1,1,0,0,0,0,0,0,0,0,0,0
2003,122519,2,1,0,0,0,0,0,0,0,0,0,0
2003,122519,3,1,0,0,0,0,0,0,0,0,0,0
2003,122520,1,1,0,0,0,0,0,0,0,0,0,0
2003,122520,2,1,0,0,0,0,0,0,0,0,0,0
2003,122521,1,1,0,0,0,0,0,0,0,0,0,0
2003,122521,2,1,18,0,0,0,28,0,0,0,0,0
2003,122522,1,1,0,0,0,0,0,0,0,0,0,0
2003,122523,1,1,0,0,0,0,0,0,0,0,1,0
2003,122523,2,1,0,0,0,0,0,0,0,13,0,0
2003,122524,0,1,0,0,0,0,0,0,0,0,0,0
2003,122524,1,1,0,7,0,0,0,0,31,0,0,8
2003,122525,1,1,0,0,0,0,0,0,0,0,0,0
2003,122526,0,1,0,0,0,0,0,0,0,0,0,0
2003,122526,1,1,0,0,0,0,0,0,0,0,0,0
2003,122527,1,1,11,11,11,11,11,11,11,11,11,11
2003,122528,1,1,0,0,0,0,0,0,0,0,0,0
2003,122528,2,1,0,0,0,0,0,0,0,0,0,0
2003,122529,1,1,17,17,17,17,17,17,17,17,17,17
2003,122530,0,1,0,25,19,9,0,23,0,0,23,0
2003,122530,1,1,0,0,0,0,15,0,0,0,0,0
2003,122531,1,1,0,0,0,0,0,0,0,0,0,0
2003,122531,2,1,0,0,0,0,0,0,0,0,0,0
2003,122532,1,1,14,14,14,14,14,14,14,14,14,14
2003,122533,1,1,0,0,0,0,0,0,0,0,0,0
2003,122534,1,1,0,0,0,0,0,0,0,0,0,0
2003,122535,1,1,0,0,12,0,0,0,0,0,18,9
2003,122535,2,1,0,0,0,0,0,0,0,0,0,0
2003,122536,1,1,0,0,0,0,0,0,0,0,0,0
2003,122537,1,1,17,17,17,17,17,17,17,17,17,17
2003,122538,1,1,18,18,18,18,18,18,18,18,18,18
2003,122539,0,1,0,0,0,0,0,0,0,0,0,0
2003,122539,1,1,0,0,0,0,0,0,0,0,0,0
2003,122540,1,1,0,0,0,0,0,0,0,0,0,0
2003,122540,2,1,0,0,0,0,0,0,0,0,0,0
2003,122541,0,1,30,30,30,30,30,30,30,30,30,30
2003,122541,1,1,14,14,14,14,14,14,14,14,14,14
2003,122542,1,1,15,15,15,15,15,15,15,15,15,15
2003,122543,1,1,18,0,0,0,0,0,0,0,0,0
2003,122544,1,1,0,0,0,0,0,0,0,0,0,0
2003,122545,1,1,18,18,18,18,18,18,18,18,18,18
2003,122546,1,1,18,26,3,0,13,14,0,14,14,14
2003,122547,1,1,0,0,0,0,0,0,0,0,0,0
2003,122547,2,1,0,0,0,0,0,0,0,0,0,0
2003,122547,3,1,0,0,0,0,7,16,0,0,5,0
2003,122548,1,1,0,0,9,0,0,0,0,0,0,19
2003,122549,1,1,0,6,0,8,0,0,7,12,0,13
2003,122550,1,1,2,2,2,2,2,2,2,2,2,2
2003,122550,2,1,0,0,6,0,0,0,0,0,0,0
2003,122550,3,1,0,0,0,0,0,0,0,0,0,0
2003,122551,1,1,15,15,15,15,15,15,15,15,15,15
2003,122552,1,1,0,0,0,0,17,0,0,0,0,17
2003,122552,2,1,14,0,0,0,0,0,0,0,0,0
2003,122553,1,1,0,0,0,0,0,0,0,0,0,0
2003,122553,2,1,0,0,0,0,0,0,0,7,0,0
2003,122554,0,1,22,22,22,22,22,22,22,22,22,22
2003,122554,1,1,0,0,27,0,0,0,0,0,0,0
2003,122555,1,1,0,0,0,0,0,0,0,0,0,0
2003,122556,1,1,7,7,7,7,7,7,7,7,7,7
2003,122556,2,1,0,0,0,0,0,0,0,0,0,0
2003,122557,1,1,2,2,2,2,2,2,2,2,2,2
2003,122558,1,1,0,0,21,0,0,0,0,0,0,0
2003,122558,2,1,20,20,20,20,20,20,20,20,20,20
2003,122559,1,1,0,0,0,0,0,12,4,0,0,0
2003,122559,2,1,0,0,0,0,0,0,13,0,0,0
2003,122560,1,1,0,0,0,0,0,0,0,0,0,0
2003,122560,2,1,0,0,0,0,0,0,0,0,0,0
2003,122561,0,1,1,1,1,1,1,1,1,1,1,1
2003,122561,1,1,0,0,0,0,0,0,0,0,0,15
2003,122562,1,1,0,0,0,0,0,0,0,0,0,0
2003,122562,2,1,0,0,0,0,0,0,0,0,0,0
2003,122563,1,1,0,0,3,7,4,16,0,22,21,17
2003,122564,1,1,7,7,7,7,7,7,7,7,7,7
2003,122564,2,1,18,18,18,18,18,18,18,18,18,18
2003,122564,3,1,0,0,0,0,0,0,0,0,0,0
2003,122565,1,1,0,0,0,0,0,0,0,0,0,0
2003,122566,1,1,24,24,24,24,24,24,24,24,24,24
2003,122566,2,1,0,0,0,0,0,0,0,0,0,0
2003,122567,1,1,0,0,28,0,0,6,0,0,0,16
2003,122568,1,1,0,0,0,0,0,0,0,0,0,0
2003,122569,1,1,8,0,0,0,19,0,0,0,20,0
2003,122570,1,1,13,13,13,13,13,13,13,13,13,13
2003,122571,1,1,0,0,0,0,0,0,0,0,0,0
2003,122571,2,1,0,0,0,0,0,0,0,0,0,0
2003,122572,1,1,0,0,0,0,0,0,0,0,0,0
2003,122572,2,1,0,0,0,0,0,0,0,0,0,0
2003,122572,3,1,0,0,0,0,0,0,0,0,0,0
2003,122573,0,1,0,0,0,0,0,0,0,0,0,0
2003,122573,1,1,0,0,0,0,0,0,0,0,0,0
2003,122574,0,1,14,0,26,33,0,0,0,0,0,0
2003,122574,1,1,0,17,0,0,12,0,0,9,0,0
2003,122575,1,1,22,0,13,48,16,16,0,0,17,0
2003,122576,1,1,0,0,0,0,0,0,0,0,0,0
2003,122576,2,1,0,0,0,0,0,0,0,0,0,0
2003,122577,1,1,0,11,0,0,0,0,16,0,7,0
2003,122578,1,1,3,3,3,3,3,3,3,3,3,3
2003,122579,1,1,19,19,19,19,19,19,19,19,19,19
2003,122579,2,1,0,0,0,0,0,0,0,0,0,0
2003,122580,0,1,0,0,0,0,0,0,0,0,0,0
2003,122580,1,1,0,0,0,0,0,0,0,0,0,0
2003,122581,1,1,0,0,0,0,0,0,0,0,0,0
2003,122582,1,1,0,0,0,0,0,0,0,0,0,0
2003,122583,0,1,17,17,17,17,17,17,17,17,17,17
2003,122583,0,2,40,26,18,26,37,16,12,14,21,18
2003,122583,1,1,0,0,0,0,0,0,0,0,0,0
2003,122584,1,1,0,0,0,0,0,0,0,0,0,0
2003,122584,2,1,0,0,0,0,0,0,0,0,0,0
2003,122585,0,1,12,0,0,0,0,17,0,0,0,0
2003,122585,1,1,2,2,2,2,2,2,2,2,2,2
2003,122585,2,1,0,0,0,0,0,0,0,0,0,0
2003,122586,1,1,0,0,0,19,0,0,0,22,0,0
2003,122586,2,1,0,0,0,0,0,0,0,0,0,0
2003,122587,0,1,0,0,0,0,0,0,0,0,0,0
2003,122587,1,1,0,0,0,0,0,0,0,0,0,0
2003,122588,0,1,14,0,24,24,14,12,0,36,0,53
2003,122588,1,1,22,22,22,22,22,22,22,22,22,22
2003,122589,1,1,0,0,0,0,0,0,0,0,0,0
2003,122589,2,1,0,0,0,0,0,0,0,0,0,0
2003,122590,1,1,25,25,25,25,25,25,25,25,25,25
2003,122591,1,1,19,19,19,19,19,19,19,19,19,19
2003,122591,2,1,12,12,12,12,12,12,12,12,12,12
2003,122592,0,1,0,0,18,0,11,35,0,0,22,0
2003,122592,1,1,0,0,0,0,0,0,0,0,0,0
2003,122593,0,1,13,13,13,13,13,13,13,13,13,13
2003,122593,1,1,22,22,22,22,22,22,22,22,22,22
2003,122594,0,1,0,0,0,0,0,0,0,0,0,0
2003,122594,1,1,0,0,0,0,24,0,0,0,0,0
2003,122595,1,1,0,0,0,0,0,0,0,0,0,0
2003,122595,2,1,0,0,0,0,0,0,0,0,0,0
2003,122596,1,1,0,0,0,0,0,0,0,0,0,0
2003,122597,1,1,0,0,4,0,0,0,0,0,0,0
2003,122597,2,1,0,0,0,0,0,0,0,0,0,0
2003,122598,0,1,0,0,0,0,0,0,0,0,0,0
2003,122598,1,1,0,0,0,0,0,0,0,16,0,0
2003,122598,2,1,0,0,0,0,0,0,0,0,0,0
2003,122599,1,1,0,0,0,0,0,0,0,0,0,0
2003,122599,2,1,0,0,0,0,0,0,0,0,0,0
2003,122600,1,1,0,0,0,0,0,0,13,0,0,0
2003,122601,1,1,0,0,0,0,0,0,0,0,0,0
2003,122602,0,1,0,0,0,0,0,0,0,0,0,0
2003,122602,1,1,0,0,0,0,0,0,0,0,0,0
2003,122603,1,1,0,15,0,0,0,0,0,7,0,0
2003,122603,2,1,19,19,19,19,19,19,19,19,19,19
2003,122604,1,1,0,0,0,0,0,0,0,23,0,0
2003,122604,2,1,0,0,0,0,0,0,0,0,0,0
2003,122605,0,1,0,0,0,0,0,0,0,0,0,0
2003,122605,0,2,0,0,0,0,0,0,0,0,0,0
2003,122605,1,1,0,0,0,0,0,0,0,0,0,0
2003,122605,2,1,0,0,0,0,0,0,0,0,0,0
2003,122605,4,1,0,0,0,0,0,0,0,0,0,0
2003,122606,1,1,0,0,0,0,0,0,0,0,0,0
2003,122606,2,1,0,0,4,0,0,0,0,0,0,0
2003,122606,3,1,0,0,0,0,0,0,0,0,0,0
2003,122606,4,1,0,0,0,0,0,0,0,0,0,0
2003,122607,1,1,14,0,0,20,0,0,0,0,0,0
2003,122608,0,1,0,20,0,0,0,0,0,0,0,0
2003,122609,1,1,0,0,0,0,0,0,0,0,0,0
2003,122609,2,1,0,0,0,0,0,0,0,0,0,0
2003,122610,0,1,12,11,21,36,24,30,44,0,0,10
2003,122610,1,1,0,0,11,0,0,0,0,0,0,0
2003,122611,1,1,0,17,0,0,0,0,0,0,0,0
2003,122612,1,1,0,0,36,0,0,0,0,0,0,0
2003,122613,1,1,0,14,0,0,0,0,0,0,0,0
2003,122613,2,1,0,0,0,0,0,0,0,0,0,0
2003,122613,3,1,0,0,0,0,0,0,0,0,0,0
2003,122613,4,1,0,0,0,0,0,0,0,0,0,0
2003,122614,0,1,0,0,24,0,0,0,0,0,0,31
2003,122614,1,1,0,0,0,0,0,0,0,0,0,0
2003,122615,1,1,0,0,0,0,0,0,0,0,0,0
2003,122616,1,1,0,0,0,0,0,17,0,0,0,0
2003,122616,2,1,0,0,0,0,0,0,0,0,0,0
2003,122617,1,1,0,0,0,0,0,0,0,0,14,17
2003,122617,2,1,0,0,0,0,0,0,0,4,0,0
2003,122618,1,1,0,25,0,0,0,0,25,0,0,0
2003,122619,1,1,0,0,0,0,0,0,0,17,0,0
2003,122620,1,1,17,23,16,21,18,44,23,15,16,31
2003,122621,0,1,21,33,24,0,0,0,15,9,37,0
2003,122621,1,1,0,0,0,0,0,0,0,0,0,0
2003,122622,1,1,16,0,0,0,0,0,0,0,0,0
2003,122623,0,1,19,19,19,19,19,19,19,19,19,19
2003,122623,1,1,0,0,0,0,0,0,0,0,0,0
2003,122624,1,1,0,0,0,0,0,0,0,0,0,0
2003,122624,2,1,0,0,0,0,0,0,0,0,0,0
2003,122625,1,1,0,0,0,0,0,0,0,0,0,0
2003,122625,2,1,0,0,0,0,0,0,0,0,0,0
2003,122626,1,1,0,0,0,0,0,0,0,0,0,0
2003,122627,1,1,0,0,0,0,0,0,0,0,0,0
2003,122628,0,1,24,24,24,24,24,24,24,24,24,24
2003,122628,2,1,0,0,0,0,0,0,0,0,0,0
2003,122629,0,1,12,12,12,12,12,12,12,12,12,12
2003,122629,1,1,0,0,0,0,0,0,0,0,0,0
2003,122630,1,1,0,7,0,0,0,0,0,0,0,0
2003,122630,2,1,0,0,0,0,0,0,0,0,0,0
2003,122631,1,1,0,0,0,0,0,0,0,0,0,0
2003,122631,2,1,0,0,0,0,0,0,0,0,0,0
2003,122632,1,1,0,0,0,0,0,0,0,0,0,0
2003,122633,1,1,0,0,0,0,0,0,0,11,0,0
2003,122633,2,1,0,0,24,0,0,0,0,0,0,0
2003,122634,1,1,0,0,0,0,0,0,0,0,0,0
2003,122634,2,1,0,0,0,0,0,0,0,0,0,0
2003,122635,1,1,0,0,0,0,0,0,0,0,0,0
2003,122636,0,1,0,15,0,0,0,0,0,0,0,0
2003,122636,1,1,0,0,0,0,0,0,0,0,0,0
2003,122637,0,1,3,3,3,3,3,3,3,3,3,3
2003,122637,1,1,0,0,0,0,0,0,0,0,0,0
2003,122638,1,1,8,8,8,8,8,8,8,8,8,8
2003,122638,2,1,0,0,0,0,0,0,0,0,0,0
2003,122639,1,1,24,24,24,24,24,24,24,24,24,24
2003,122640,0,1,0,0,0,0,0,0,0,0,0,0
2003,122640,1,1,0,0,0,0,0,0,0,0,0,0
2003,122641,0,1,0,17,34,0,0,0,0,0,23,0
2003,122641,1,1,0,0,0,0,0,0,0,0,0,0
2003,122642,1,1,0,0,0,0,0,0,0,0,0,0
2003,122642,2,1,0,0,0,0,0,0,0,0,0,0
2003,122643,1,1,0,0,0,0,0,0,0,0,0,0
2003,122643,2,1,0,0,0,0,0,0,0,0,0,0
2003,122644,0,1,0,0,0,0,0,0,0,0,0,0
2003,122644,1,1,0,0,0,0,0,0,0,0,0,0
2003,122645,1,1,0,0,0,0,0,0,0,0,0,0
2003,122645,2,1,0,0,0,0,0,21,0,0,0,0
2003,122645,3,1,0,0,0,0,0,0,0,0,0,7
2003,122646,1,1,0,0,0,0,0,0,0,0,0,0
2003,122646,2,1,0,0,0,0,0,0,0,0,0,0
2003,122647,1,1,0,0,0,0,0,0,0,0,0,0
2003,122647,2,1,0,0,0,0,0,0,0,0,0,0
2003,122648,0,1,0,0,0,0,0,0,0,0,0,0
2003,122648,1,1,0,0,0,0,0,12,0,0,0,0
2003,122649,1,1,10,10,10,10,10,10,10,10,10,10
2003,122650,0,1,19,19,19,19,19,19,19,19,19,19
2003,122650,1,1,0,0,0,0,0,0,0,0,0,0
2003,122650,2,1,0,0,0,0,0,0,0,0,0,0
2003,122651,1,1,0,0,0,0,0,0,0,0,0,0
2003,122651,2,1,0,0,0,0,0,0,0,0,0,0
2003,122652,1,1,0,0,0,0,0,0,0,0,0,0
2003,122652,2,1,0,0,0,0,0,0,0,0,0,0
2003,122653,1,1,12,12,12,12,12,12,12,12,12,12
2003,122653,2,1,0,0,0,0,0,0,0,0,0,0
2003,122654,1,1,0,0,0,0,0,0,0,0,0,0
2003,122654,2,1,0,0,0,0,0,0,0,0,0,10
2003,122655,1,1,0,15,33,0,0,17,3,15,0,0
2003,122655,2,1,0,0,0,0,0,0,0,0,0,0
2003,122656,1,1,0,0,0,0,0,0,0,0,0,0
2003,122656,2,1,0,0,0,0,0,0,0,0,0,0
2003,122657,1,1,0,0,0,0,0,0,0,0,8,0
2003,122658,1,1,0,0,0,0,0,0,0,0,0,0
2003,122659,1,1,28,28,28,28,28,28,28,28,28,28
2003,122660,0,1,25,25,25,25,25,25,25,25,25,25
2003,122660,1,1,0,0,15,9,0,0,0,0,0,0
2003,122661,1,1,0,0,0,0,0,0,0,0,0,0
2003,122662,1,1,0,0,0,0,8,0,0,0,0,0
2003,122663,1,1,7,0,0,5,0,0,0,0,10,21
2003,122664,1,1,3,3,3,3,3,3,3,3,3,3
2003,122665,1,1,39,39,39,39,39,39,39,39,39,39
2003,122666,1,1,0,0,0,0,0,0,0,0,0,0
2003,122666,2,1,0,0,6,0,0,0,0,0,0,0
2003,122666,3,1,0,0,0,0,0,0,0,0,0,0
2003,122667,1,1,0,0,0,13,0,0,0,29,0,0
2003,122667,2,1,0,17,0,0,0,11,0,0,0,0
2003,122667,3,1,0,0,0,0,0,0,0,0,0,0
2003,122668,0,1,0,0,0,0,0,0,0,18,27,0
2003,122668,1,1,0,0,0,0,0,0,0,0,0,0
2003,122669,1,1,15,7,17,18,16,19,20,34,10,11
2003,122670,1,1,0,0,0,0,0,0,0,0,0,8
2003,122671,1,1,0,0,0,0,0,0,0,0,0,0
2003,122672,1,1,2,2,2,2,2,2,2,2,2,2
2003,122673,1,1,0,0,0,0,15,0,16,0,0,0
2003,122673,2,1,0,0,0,0,0,0,0,0,0,0
2003,122674,1,1,0,0,0,0,0,0,0,0,0,0
2003,122674,2,1,0,0,0,0,0,0,0,0,0,0
2003,122675,1,1,12,23,0,0,0,0,0,0,11,0
2003,122676,1,1,27,27,27,27,27,27,27,27,27,27
2003,122676,2,1,0,0,0,0,0,0,11,0,0,0
2003,122677,0,1,12,12,12,12,12,12,12,12,12,12
2003,122677,1,1,9,9,9,9,9,9,9,9,9,9
2003,122678,1,1,26,14,17,29,26,28,17,21,16,28
2003,122678,2,1,0,0,0,0,0,0,0,0,0,0
2003,122679,1,1,0,0,0,0,0,0,0,0,0,0
2003,122679,2,1,0,0,0,0,0,0,0,0,0,0
2003,122680,1,1,0,0,0,0,0,0,0,0,0,0
2003,122680,2,1,0,0,0,0,0,0,0,0,0,0
2003,122681,1,1,22,22,22,22,22,22,22,22,22,22
2003,122681,2,1,0,0,0,0,0,0,0,15,0,0
2003,122682,1,1,15,15,15,15,15,15,15,15,15,15
2003,122682,2,1,0,0,0,0,0,0,0,0,0,0
2003,122683,1,1,3,3,3,3,3,3,3,3,3,3
2003,122684,0,1,0,0,0,0,0,0,0,0,0,0
2003,122684,1,1,0,0,0,0,0,0,0,0,0,0
2003,122685,1,1,18,18,18,18,18,18,18,18,18,18
2003,122686,1,1,0,0,0,0,0,0,0,0,0,0
2003,122686,2,1,0,0,0,0,0,0,0,0,0,0
2003,122687,1,1,0,0,0,0,0,0,0,0,0,0
2003,122687,2,1,0,0,0,0,0,0,0,0,0,0
2003,122688,1,1,0,0,0,0,0,0,0,0,0,0
2003,122689,0,1,5,5,5,5,5,5,5,5,5,5
2003,122689,1,1,0,0,0,0,0,0,0,0,0,0
2003,122690,1,1,0,0,0,0,0,0,0,0,0,0
2003,122691,1,1,0,0,0,0,0,0,0,0,0,0
2003,122692,1,1,0,0,0,0,0,0,0,0,0,0
2003,122692,2,1,0,0,0,0,0,0,0,0,0,0
2003,122693,1,1,0,0,0,0,0,0,0,0,0,0
2003,122694,1,1,0,0,0,0,0,0,0,0,0,0
2003,122694,2,1,0,0,0,13,0,0,0,0,0,0
2003,122695,1,1,0,0,0,0,0,0,0,0,0,0
2003,122696,1,1,0,0,0,0,0,0,0,0,0,0
2003,122696,2,1,0,0,0,0,0,0,0,0,0,0
2003,122696,3,1,20,20,20,20,20,20,20,20,20,20
2003,122696,4,1,0,0,0,0,0,0,0,0,0,0
2003,122697,1,1,0,0,0,0,0,0,0,0,0,0
2003,122698,1,1,0,11,17,21,30,0,30,0,0,0
2003,122699,1,1,0,0,0,0,0,0,0,0,0,0
2003,122699,2,1,0,0,0,0,0,0,0,0,0,0
2003,122699,3,1,0,13,0,0,0,0,0,0,0,0
2003,122700,0,1,0,0,0,0,0,0,0,0,0,0
2003,122700,1,1,0,0,0,0,5,0,0,0,0,0
2003,122701,1,1,0,0,0,0,0,0,0,0,0,0
2003,122702,0,1,0,0,0,0,0,0,0,0,0,0
2003,122702,1,1,13,13,13,13,13,13,13,13,13,13
2003,122703,1,1,0,0,0,0,0,0,0,0,0,0
2003,122703,2,1,0,0,0,0,0,0,0,0,0,0
2003,122703,3,1,0,0,0,0,0,0,0,0,0,0
2003,122704,1,1,0,0,0,0,0,0,9,0,0,0
2003,122704,2,1,0,0,0,0,0,0,0,0,0,0
2003,122705,1,1,11,0,0,0,0,0,0,0,0,0
2003,122706,1,1,24,24,24,24,24,24,24,24,24,24
2003,122706,2,1,0,34,0,0,8,0,0,0,0,0
2003,122707,1,1,0,0,0,0,0,0,0,0,0,0
2003,122707,2,1,0,0,0,0,0,0,0,0,0,0
2003,122708,1,1,8,8,8,8,8,8,8,8,8,8
2003,122709,1,1,0,0,0,0,0,0,0,0,0,0
2003,122709,2,1,0,0,0,4,0,0,0,0,0,0
2003,122709,3,1,0,0,0,0,0,0,0,0,0,0
2003,122710,1,1,0,0,0,0,0,0,0,0,0,0
2003,122711,0,1,0,0,0,0,0,10,0,0,0,21
2003,122711,1,1,0,0,0,0,0,0,13,0,0,0
2003,122711,2,1,0,0,0,0,0,0,0,0,0,0
2003,122712,1,1,6,6,6,6,6,6,6,6,6,6
2003,122712,2,1,0,0,0,0,0,0,0,0,0,0
2003,122713,0,1,15,0,0,0,0,0,0,14,9,0
2003,122713,1,1,0,0,0,0,0,0,0,0,0,0
2003,122714,1,1,12,12,12,12,12,12,12,12,12,12
2003,122714,2,1,0,0,0,0,0,0,0,0,2,0
2003,122714,3,1,0,0,0,0,0,0,0,10,0,20
2003,122715,1,1,0,0,0,0,0,0,0,0,0,0
2003,122715,2,1,0,0,0,0,4,0,0,0,0,0
2003,122716,0,1,18,20,0,24,19,39,23,20,0,41
2003,122716,1,1,26,26,26,26,26,26,26,26,26,26
2003,122717,1,1,0,0,0,0,0,0,0,0,6,0
2003,122717,2,1,0,0,0,0,0,0,0,0,0,0
2003,122718,1,1,20,27,28,6,17,40,18,18,17,11
2003,122719,1,1,0,0,0,0,0,0,0,0,0,0
2003,122720,1,1,21,21,21,21,21,21,21,21,21,21
2003,122721,1,1,0,0,0,0,0,0,0,0,0,0
2003,122721,2,1,0,0,0,0,0,13,0,0,0,0
2003,122722,1,1,0,0,0,0,0,0,0,0,0,0
2003,122723,1,1,0,0,0,0,0,0,0,0,0,0
2003,122723,2,1,0,0,0,0,0,0,0,0,0,0
2003,122724,1,1,31,31,31,31,31,31,31,31,31,31
2003,122724,2,1,0,10,0,0,0,0,0,0,0,0
2003,122725,1,1,15,15,15,15,15,15,15,15,15,15
2003,122725,2,1,0,0,0,0,0,0,0,0,17,0
2003,122726,1,1,0,0,0,0,0,0,0,0,0,0
2003,122726,2,1,0,0,0,0,0,0,0,0,0,0
2003,122726,3,1,0,0,0,0,0,0,0,0,0,0
2003,122726,4,1,0,0,0,0,0,0,0,0,0,0
2003,122727,1,1,0,0,14,0,17,0,0,12,14,10
2003,122728,1,1,18,15,17,0,16,14,13,25,32,0
2003,122729,1,1,15,15,15,15,15,15,15,15,15,15
2003,122729,2,1,0,0,0,0,0,0,0,0,0,0
2003,122729,3,1,0,0,0,0,0,0,0,0,0,0
2003,122730,1,1,0,0,0,0,0,0,0,0,0,0
2003,122731,0,1,0,0,0,0,0,0,0,0,0,0
2003,122731,1,1,0,9,0,0,0,0,0,0,0,0
2003,122732,1,1,0,0,0,0,0,0,0,0,0,0
2003,122732,2,1,0,0,0,0,0,0,14,0,0,0
2003,122733,0,1,0,0,0,0,15,0,0,9,0,0
2003,122733,2,1,0,0,0,0,0,0,0,0,0,0