YEAR,ST_CASE,veh_no,per_no,P1,P2,P3,P4,P5,P6,P7,P8,P9,P10
2003,122734,1,1,38,38,38,38,38,38,38,38,38,38
2003,122735,1,1,17,17,17,17,17,17,17,17,17,17
2003,122735,2,1,0,0,0,0,0,0,0,0,0,0
2003,122735,3,1,0,0,0,0,0,0,0,0,0,0
2003,122736,1,1,0,0,0,0,0,0,0,0,0,0
2003,122737,1,1,0,0,0,6,6,0,0,23,0,0
2003,122737,2,1,18,4,0,36,17,0,0,5,12,9
2003,122738,0,1,0,0,0,0,0,0,0,0,11,0
2003,122738,1,1,0,0,0,0,0,0,0,0,0,0
2003,122739,1,1,0,0,0,0,0,0,0,0,0,0
2003,122739,2,1,0,0,0,0,0,0,0,0,0,0
2003,122740,0,1,9,9,9,9,9,9,9,9,9,9
2003,122740,1,1,0,0,16,0,0,0,0,0,0,0
2003,122741,0,1,0,0,0,0,0,0,0,0,0,0
2003,122741,1,1,0,0,0,0,0,0,0,0,0,0
2003,122742,1,1,6,6,6,6,6,6,6,6,6,6
2003,122743,1,1,0,0,0,0,0,0,0,0,0,0
2003,122743,2,1,0,0,0,0,0,0,0,0,0,0
2003,122744,1,1,0,0,0,0,10,0,0,0,0,0
2003,122745,1,1,0,0,0,0,0,27,0,0,0,0
2003,122746,1,1,3,9,7,11,0,0,0,8,0,21
2003,122747,1,1,0,0,0,0,0,0,0,0,0,0
2003,122747,2,1,0,0,0,0,0,0,0,0,0,0
2003,122748,1,1,0,0,0,0,0,0,0,0,0,0
2003,122748,2,1,0,0,0,0,6,0,0,0,0,0
2003,122749,1,1,0,0,0,0,0,0,0,0,0,0
2003,122749,2,1,0,0,0,0,0,0,0,0,0,0
2003,122750,1,1,7,9,9,0,0,23,0,12,16,0
2003,122750,2,1,0,0,0,0,0,0,0,0,0,0
2003,122751,1,1,0,0,0,0,0,0,0,0,0,0
2003,122751,2,1,0,0,0,0,0,0,0,0,0,0
2003,122752,1,1,0,0,0,0,0,0,0,0,0,0
2003,122752,2,1,0,0,0,0,0,0,0,0,0,0
2003,122753,1,1,0,0,0,0,0,0,0,0,0,8
2003,122753,2,1,0,0,0,0,0,0,0,0,0,0
2003,122754,1,1,0,0,0,0,0,0,0,0,0,0
2003,122754,2,1,0,0,8,0,0,0,0,0,0,0
2003,122755,1,1,0,0,0,0,0,0,0,17,0,0
2003,122756,0,1,0,0,0,0,0,0,0,0,0,0
2003,122756,1,1,0,0,0,0,21,0,0,14,0,0
2003,122757,0,1,26,30,22,22,24,0,29,29,0,7
2003,122757,1,1,0,0,0,0,0,0,0,0,0,0
2003,122758,1,1,0,0,0,0,0,0,0,0,0,0
2003,122758,2,1,0,0,0,0,0,0,0,0,0,0
2003,122759,1,1,24,24,24,24,24,24,24,24,24,24
2003,122760,1,1,13,13,13,13,13,13,13,13,13,13
2003,122761,1,1,0,0,0,0,0,0,0,0,0,0
2003,122762,0,1,0,0,0,0,0,0,0,0,0,0
2003,122762,1,1,0,0,0,0,0,0,0,0,0,0
2003,122763,0,1,0,0,0,0,0,0,0,14,18,0
2003,122763,1,1,0,0,0,0,0,0,0,0,0,0
2003,122764,1,1,0,0,0,0,0,0,0,0,0,0
2003,122764,2,1,0,0,0,0,0,0,0,0,0,0
2003,122765,1,1,0,0,0,0,0,0,0,0,0,0
2003,122765,2,1,0,0,0,0,0,0,0,0,0,0
2003,122766,1,1,0,0,0,0,0,0,0,0,0,0
2003,122766,2,1,0,0,0,0,0,0,0,0,0,0
2003,122767,1,1,0,0,0,0,0,0,0,0,0,0
2003,122768,1,1,0,0,0,0,0,0,0,0,0,0
2003,122768,2,1,0,0,0,0,0,0,0,0,0,0
2003,122769,1,1,0,16,0,24,0,18,0,0,0,16
2003,122769,2,1,0,0,0,0,0,0,0,0,0,0
2003,122770,1,1,0,0,0,0,0,0,0,0,0,0
2003,122771,1,1,23,0,27,0,0,15,0,0,0,0
2003,122772,1,1,26,26,26,26,26,26,26,26,26,26
2003,122773,1,1,0,0,0,0,0,0,17,0,0,0
2003,122773,2,1,0,18,0,0,0,0,0,0,0,0
2003,122774,1,1,0,0,0,0,0,0,0,0,0,0
2003,122774,2,1,0,0,0,0,0,0,0,0,0,0
2003,122775,0,1,0,0,0,0,0,0,0,0,0,0
2003,122775,1,1,0,0,0,0,0,0,0,0,11,0
2003,122776,1,1,15,0,0,0,14,12,0,0,0,0
2003,122777,1,1,0,0,0,0,0,0,0,0,0,0
2003,122778,1,1,0,0,0,0,0,3,0,0,0,0
2003,122779,1,1,18,18,18,18,18,18,18,18,18,18
2003,122779,2,1,0,0,0,0,0,0,0,0,0,0
2003,122780,1,1,29,29,29,29,29,29,29,29,29,29
2003,122780,2,1,0,0,0,0,0,0,0,0,0,0
2003,122781,0,1,0,0,6,0,0,0,0,0,0,0
2003,122781,1,1,8,8,8,8,8,8,8,8,8,8
2003,122781,2,1,0,0,0,0,0,0,0,0,0,0
2003,122782,1,1,52,52,52,52,52,52,52,52,52,52
2003,122782,2,1,0,0,0,0,0,0,0,0,0,0
2003,122783,1,1,18,18,18,18,18,18,18,18,18,18
2003,122784,0,1,13,19,0,8,0,13,0,14,0,16
2003,122784,1,1,0,0,0,0,0,0,0,0,13,0
2003,122785,1,1,15,15,15,15,15,15,15,15,15,15
2003,122785,2,1,0,11,0,0,0,0,0,0,0,0
2003,122786,1,1,0,0,0,0,0,0,0,0,0,0
2003,122786,2,1,0,0,0,0,0,0,0,0,0,8
2003,122787,1,1,7,7,7,7,7,7,7,7,7,7
2003,122788,0,1,0,0,0,0,0,0,0,0,0,0
2003,122788,1,1,0,0,14,0,10,0,0,15,0,0
2003,122789,1,1,0,0,0,0,23,0,12,22,0,6
2003,122789,2,1,0,0,0,0,0,0,0,0,0,0
2003,122790,1,1,0,0,0,0,0,0,0,0,0,0
2003,122790,2,1,0,0,0,0,0,0,0,0,0,0
2003,122791,0,1,0,0,0,0,0,0,0,0,0,0
2003,122791,1,1,0,0,0,0,0,0,0,0,0,0
2003,122792,1,1,0,0,0,0,0,0,0,0,0,0
2003,122792,2,1,0,25,0,0,0,0,0,0,0,0
2003,122793,1,1,21,21,21,21,21,21,21,21,21,21
2003,122794,1,1,0,0,0,0,0,0,0,0,0,0
2003,122794,2,1,13,13,13,13,13,13,13,13,13,13
2003,122795,1,1,0,0,0,0,0,0,0,0,0,0
2003,122795,2,1,0,0,0,0,0,0,0,0,0,0
2003,122796,0,1,0,0,0,0,0,0,0,0,0,0
2003,122796,1,1,0,0,0,0,0,0,0,0,0,0
2003,122797,1,1,0,6,11,0,0,0,0,0,0,0
2003,122797,2,1,0,0,0,0,0,0,0,0,0,0
2003,122798,1,1,11,11,11,11,11,11,11,11,11,11
2003,122799,1,1,0,0,0,0,0,0,0,0,0,0
2003,122799,2,1,0,0,0,0,0,0,0,0,0,0
2003,122800,0,1,0,0,0,17,0,0,0,0,0,0
2003,122800,0,2,0,0,17,0,0,0,0,0,0,0
2003,122800,1,1,0,0,0,0,0,0,0,0,0,0
2003,122800,2,1,0,0,0,0,0,0,0,0,0,0
2003,122801,1,1,0,0,0,0,0,0,0,0,0,0
2003,122802,1,1,0,0,0,0,0,0,0,0,0,0
2003,122802,2,1,0,0,0,0,0,0,0,0,14,0
2003,122803,1,1,0,0,0,0,0,0,0,0,0,0
2003,122803,2,1,4,4,4,4,4,4,4,4,4,4
2003,122804,1,1,9,9,9,9,9,9,9,9,9,9
2003,122805,1,1,0,0,0,0,0,0,0,0,0,0
2003,122806,1,1,0,0,24,0,0,0,0,0,0,0
2003,122806,2,1,0,0,0,0,0,0,0,0,0,0
2003,122807,1,1,16,0,17,0,0,0,0,9,0,0
2003,122808,1,1,33,33,33,33,33,33,33,33,33,33
2003,122809,1,1,0,0,0,0,0,0,0,0,0,26
2003,122809,2,1,0,0,0,0,0,0,0,0,0,0
2003,122810,0,1,24,24,24,24,24,24,24,24,24,24
2003,122810,1,1,19,0,0,0,0,0,0,0,0,14
2003,122811,1,1,0,0,0,0,0,0,0,0,0,0
2003,122811,2,1,0,0,0,0,0,0,0,0,16,0
2003,122812,1,1,0,0,0,0,0,0,0,0,0,0
2003,122812,2,1,0,10,0,0,0,0,10,0,0,22
2003,122813,1,1,0,0,0,0,0,0,0,0,0,0
2003,122814,1,1,0,0,0,0,0,0,0,0,0,0
2003,122815,1,1,0,9,0,0,0,0,0,0,0,0
2003,122815,2,1,0,0,0,0,0,0,0,0,0,0
2003,122816,0,1,25,25,25,25,25,25,25,25,25,25
2003,122816,1,1,0,0,0,0,0,0,0,0,0,0
2003,122816,2,1,0,0,0,0,0,0,0,0,0,0
2003,122817,1,1,0,0,0,0,0,0,0,0,0,0
2003,122818,1,1,0,0,0,0,0,0,0,0,0,0
2003,122818,2,1,0,0,0,0,0,0,0,0,0,0
2003,122818,3,1,0,0,0,0,0,0,0,0,0,0
2003,122819,0,1,11,11,11,11,11,11,11,11,11,11
2003,122819,1,1,0,0,0,0,0,0,20,0,0,8
2003,122820,1,1,0,0,0,0,0,0,0,0,0,0
2003,122820,2,1,0,0,0,0,0,0,0,0,0,0
2003,122821,0,1,0,0,0,0,0,0,0,0,0,0
2003,122821,1,1,0,0,0,0,0,0,0,0,0,0
2003,122822,0,1,0,0,0,0,0,0,0,0,0,0
2003,122822,1,1,0,0,0,0,0,0,0,0,0,0
2003,122823,0,1,0,0,0,0,0,0,0,0,0,0
2003,122823,1,1,0,0,0,0,0,0,0,0,0,0
2003,122824,1,1,0,0,0,0,0,0,0,13,0,0
2003,122824,2,1,0,0,0,0,0,0,0,0,0,0
2003,122825,1,1,9,9,9,9,9,9,9,9,9,9
2003,122826,1,1,0,0,0,0,0,0,0,0,0,0
2003,122826,2,1,0,0,0,0,0,0,0,0,0,0
2003,122827,1,1,0,0,0,0,0,0,0,0,0,0
2003,122827,2,1,0,0,0,0,0,0,0,0,0,0
2003,122828,1,1,0,0,0,0,0,0,0,0,0,0
2003,122829,1,1,20,0,0,17,0,0,0,0,0,0
2003,122830,1,1,0,40,0,0,0,0,20,0,0,22
2003,122831,0,1,0,0,0,0,0,0,0,0,0,0
2003,122831,1,1,0,0,0,0,0,0,0,0,0,0
2003,122831,2,1,0,0,0,0,0,0,0,0,0,0
2003,122831,3,1,0,0,6,0,0,0,0,0,0,0
2003,122832,1,1,8,0,0,15,30,19,0,0,0,0
2003,122832,2,1,0,0,0,0,0,0,0,0,0,0
2003,122832,3,1,25,0,0,0,0,0,0,0,0,0
2003,122833,1,1,0,0,0,0,0,0,0,0,0,0
2003,122833,2,1,7,7,7,7,7,7,7,7,7,7
2003,122834,1,1,12,0,15,0,0,0,0,0,0,0
2003,122835,1,1,0,0,0,0,0,0,0,0,0,0
2003,122835,2,1,0,0,0,0,0,0,0,0,0,0
2003,122836,1,1,8,8,8,8,8,8,8,8,8,8
2003,122837,1,1,0,0,0,0,0,0,0,0,0,0
2003,122837,2,1,0,0,0,0,0,0,0,0,0,0
2003,122838,1,1,0,0,0,0,0,0,0,0,0,0
2003,122839,1,1,12,12,12,12,12,12,12,12,12,12
2003,122840,1,1,18,18,18,18,18,18,18,18,18,18
2003,122841,1,1,0,0,0,0,0,0,0,0,0,0
2003,122841,2,1,0,0,7,0,0,0,0,0,0,0
2003,122842,1,1,15,15,15,15,15,15,15,15,15,15
2003,122842,2,1,0,5,0,0,0,0,0,0,0,0
2003,122843,1,1,0,0,0,0,0,0,0,0,0,0
2003,122843,2,1,0,0,0,0,0,0,0,0,0,0
2003,122844,1,1,18,18,18,18,18,18,18,18,18,18
2003,122844,2,1,0,0,0,0,10,0,0,0,0,0
2003,122845,1,1,0,0,4,10,0,0,0,10,14,0
2003,122846,1,1,15,15,15,15,15,15,15,15,15,15
2003,122847,0,1,29,29,29,29,29,29,29,29,29,29
2003,122847,1,1,0,0,0,15,14,0,0,0,0,0
2003,122848,1,1,0,0,0,0,0,0,0,0,0,0
2003,122849,1,1,13,13,13,13,13,13,13,13,13,13
2003,122849,2,1,0,0,0,0,0,0,0,0,0,0
2003,122850,1,1,23,23,23,23,23,23,23,23,23,23
2003,122851,1,1,0,0,0,0,0,0,0,0,0,0
2003,122851,2,1,0,0,0,0,0,0,0,0,0,0
2003,122852,1,1,0,44,0,0,0,0,0,0,0,0
2003,122853,1,1,0,0,0,0,0,0,0,0,0,0
2003,122854,1,1,0,0,0,0,0,0,0,0,0,0
2003,122855,1,1,31,31,31,31,31,31,31,31,31,31
2003,122856,1,1,0,4,0,20,0,0,0,0,0,0
2003,122857,1,1,0,0,0,0,0,0,0,0,0,0
2003,122857,2,1,0,0,0,0,0,0,0,0,0,0
2003,122858,1,1,0,0,0,0,0,0,0,18,0,0
2003,122859,1,1,0,0,0,0,0,0,0,0,0,0
2003,122860,0,1,26,26,26,26,26,26,26,26,26,26
2003,122860,1,1,0,0,0,0,0,0,0,0,0,0
2003,122861,1,1,3,3,3,3,3,3,3,3,3,3
2003,122861,2,1,39,18,0,10,11,0,33,14,0,21
2003,122862,1,1,0,0,0,0,0,0,0,0,0,0
2003,122862,2,1,2,2,2,2,2,2,2,2,2,2
2003,122863,1,1,0,0,0,0,0,0,0,0,0,0
2003,122863,2,1,0,0,0,0,0,0,0,0,0,0
2003,122864,0,1,0,0,0,0,0,0,0,0,0,0
2003,122864,1,1,0,0,0,0,14,0,0,0,0,0
2003,122864,2,1,0,0,9,0,0,0,0,0,16,0
2003,122865,1,1,17,17,17,17,17,17,17,17,17,17
2003,122866,1,1,11,0,0,0,6,0,0,0,0,0
2003,122867,1,1,1,1,1,1,1,1,1,1,1,1
2003,122867,2,1,18,18,18,18,18,18,18,18,18,18
2003,122868,1,1,0,0,0,0,0,0,0,0,0,0
2003,122869,0,1,9,0,25,0,0,0,27,0,0,27
2003,122869,1,1,0,0,0,0,0,0,0,0,0,0
2003,122870,1,1,0,0,0,0,0,0,0,0,0,0
2003,122870,2,1,0,0,0,0,0,0,0,0,0,0
2003,122872,1,1,0,0,0,0,0,0,0,0,0,9
2003,122872,2,1,0,0,0,0,0,0,0,0,0,0
2003,122873,1,1,0,15,0,0,0,0,0,0,0,0
2003,122873,2,1,0,0,0,0,0,0,0,0,0,0
2003,122874,0,1,0,0,0,0,0,0,0,0,0,0
2003,122874,1,1,0,0,0,0,0,0,0,0,4,0
2003,122875,0,1,25,0,21,0,0,0,18,23,0,0
2003,122875,0,2,0,0,13,0,0,0,0,21,0,34
2003,122875,1,1,0,0,0,0,0,0,0,0,0,0
2003,122875,2,1,0,0,0,0,0,0,0,0,0,0
2003,122876,1,1,6,6,6,6,6,6,6,6,6,6
2003,122877,1,1,16,16,16,16,16,16,16,16,16,16
2003,122877,2,1,0,0,0,0,0,0,0,0,0,0
2003,122878,1,1,0,0,0,0,0,0,0,0,0,0
2003,122878,2,1,0,0,0,0,0,0,0,0,0,0
2003,130001,1,1,24,24,24,24,24,24,24,24,24,24
2003,130001,2,1,0,0,0,0,0,0,0,0,0,0
2003,130002,1,1,18,18,18,18,18,18,18,18,18,18
2003,130003,1,1,0,0,0,0,0,0,0,0,0,0
2003,130004,1,1,0,0,0,0,0,0,0,0,0,0
2003,130004,2,1,0,0,0,0,0,0,0,0,0,0
2003,130005,1,1,0,0,0,0,0,0,0,0,0,0
2003,130005,2,1,0,0,0,0,0,0,0,0,0,0
2003,130006,1,1,0,0,0,0,0,0,0,0,0,0
2003,130006,2,1,4,4,4,4,4,4,4,4,4,4
2003,130006,3,1,0,0,0,0,0,0,0,0,0,0
2003,130007,1,1,0,0,0,0,0,0,0,0,0,0
2003,130007,2,1,0,0,0,0,0,0,0,0,0,0
2003,130007,3,1,0,0,0,0,0,0,0,0,0,0
2003,130007,4,1,0,0,0,0,0,0,0,0,0,0
2003,130008,1,1,0,0,0,0,0,0,0,0,0,0
2003,130009,1,1,0,0,0,0,0,0,0,0,0,0
2003,130009,2,1,0,0,0,0,0,0,0,0,0,0
2003,130010,1,1,0,0,0,0,0,0,0,0,0,0
2003,130011,1,1,0,0,0,0,0,0,0,0,0,0
2003,130011,2,1,0,0,0,0,0,0,0,0,0,0
2003,130012,1,1,0,0,0,0,0,0,0,0,0,0
2003,130013,1,1,0,0,0,0,0,0,0,0,0,0
2003,130013,2,1,0,0,0,0,0,0,0,0,0,0
2003,130014,1,1,0,0,0,0,0,0,0,0,0,0
2003,130015,1,1,0,0,21,0,0,0,0,0,0,0
2003,130016,1,1,0,0,0,0,0,0,0,0,7,0
2003,130016,2,1,0,0,0,0,0,0,0,0,0,0
2003,130017,0,1,0,0,0,0,0,0,0,0,0,0
2003,130017,1,1,0,0,0,0,0,0,0,0,0,0
2003,130018,1,1,0,0,0,0,0,0,0,0,0,0
2003,130018,2,1,0,0,0,0,0,0,0,0,0,0
2003,130019,1,1,0,0,0,0,0,0,0,0,0,0
2003,130020,1,1,19,19,19,19,19,19,19,19,19,19
2003,130021,0,1,0,0,26,12,15,0,0,0,8,0
2003,130021,1,1,0,0,0,0,0,0,0,0,0,0
2003,130022,0,1,0,0,0,0,0,0,0,0,0,0
2003,130022,1,1,0,0,0,0,0,0,0,0,0,0
2003,130023,1,1,0,0,0,0,10,11,0,15,0,0
2003,130024,1,1,18,18,18,18,18,18,18,18,18,18
2003,130025,1,1,0,0,0,0,0,0,0,0,0,0
2003,130026,1,1,0,0,0,0,0,0,0,0,0,0
2003,130027,1,1,14,14,14,14,14,14,14,14,14,14
2003,130027,2,1,0,0,0,0,0,0,0,0,0,0
2003,130028,1,1,0,0,0,0,0,0,0,0,0,0
2003,130028,2,1,0,0,0,0,0,0,0,0,0,0
2003,130028,3,1,0,0,0,0,0,0,0,0,0,0
2003,130029,1,1,0,0,0,0,0,0,0,0,0,0
2003,130029,2,1,0,0,0,0,0,0,0,0,0,0
2003,130030,1,1,21,21,21,21,21,21,21,21,21,21
2003,130030,2,1,0,0,0,0,0,0,0,0,0,0
2003,130031,1,1,0,0,0,0,0,0,0,0,0,0
2003,130032,0,1,0,0,0,0,0,0,0,0,0,0
2003,130032,1,1,0,0,0,0,0,0,0,0,0,0
2003,130033,1,1,13,13,13,13,13,13,13,13,13,13
2003,130033,2,1,0,0,0,0,0,0,0,0,0,0
2003,130034,1,1,0,0,0,0,0,0,0,0,0,0
2003,130035,1,1,22,0,0,0,0,0,0,0,0,0
2003,130036,1,1,0,0,0,0,0,0,0,0,0,0
2003,130037,1,1,0,0,0,0,0,0,0,0,0,0
2003,130038,0,1,13,13,13,13,13,13,13,13,13,13
2003,130038,1,1,0,0,0,12,0,0,0,0,0,0
2003,130039,1,1,0,0,0,0,0,0,0,0,0,0
2003,130039,2,1,0,0,0,0,0,0,0,0,0,0
2003,130039,3,1,0,0,0,0,0,0,0,0,0,0
2003,130040,1,1,7,7,7,7,7,7,7,7,7,7
2003,130041,1,1,14,14,14,14,14,14,14,14,14,14
2003,130042,1,1,0,0,0,0,0,0,0,0,0,0
2003,130043,1,1,0,0,0,0,0,0,0,0,0,0
2003,130043,2,1,0,0,0,0,0,0,0,0,0,0
2003,130044,1,1,0,0,0,0,0,0,0,0,0,0
2003,130044,2,1,0,0,0,0,0,0,0,0,0,0
2003,130044,3,1,0,0,0,0,0,0,0,0,0,0
2003,130045,1,1,0,0,0,0,0,0,0,0,0,0
2003,130045,2,1,0,0,0,0,0,0,0,0,0,0
2003,130046,1,1,0,0,0,0,0,0,0,0,0,0
2003,130047,1,1,0,35,0,0,0,0,0,0,0,0
2003,130047,2,1,0,0,0,0,0,10,0,0,0,17
2003,130048,1,1,0,0,0,0,0,0,0,0,0,0
2003,130048,2,1,0,0,0,0,0,0,0,0,0,0
2003,130049,1,1,0,0,0,0,0,0,0,17,0,0
2003,130049,2,1,0,0,0,0,0,6,0,0,0,0
2003,130050,1,1,0,0,0,0,0,0,0,0,0,0
2003,130050,2,1,0,0,0,0,0,0,0,0,0,0
2003,130051,1,1,0,0,7,0,0,23,14,0,11,21
2003,130052,1,1,0,0,0,0,0,0,0,0,0,0
2003,130052,2,1,2,2,2,2,2,2,2,2,2,2
2003,130053,1,1,6,6,6,6,6,6,6,6,6,6
2003,130053,2,1,0,0,0,0,0,0,0,0,0,0
2003,130054,1,1,0,0,0,0,0,0,0,0,0,0
2003,130054,2,1,0,0,0,0,0,0,0,0,0,0
2003,130055,1,1,6,6,6,6,6,6,6,6,6,6
2003,130056,1,1,5,5,5,5,5,5,5,5,5,5
2003,130057,1,1,35,35,35,35,35,35,35,35,35,35
2003,130058,0,1,0,23,12,24,0,25,27,14,24,12
2003,130058,1,1,0,0,0,0,0,0,0,0,0,0
2003,130059,1,1,0,0,0,0,0,0,0,0,0,0
2003,130060,1,1,18,18,18,18,18,18,18,18,18,18
2003,130061,1,1,0,0,0,0,0,0,0,0,0,0
2003,130062,1,1,0,0,0,0,0,0,16,0,0,0
2003,130062,2,1,0,0,0,0,0,0,0,0,0,0
2003,130062,3,1,0,0,0,0,0,0,0,0,0,0
2003,130063,1,1,0,0,0,0,0,0,0,0,0,0
2003,130063,2,1,0,0,0,0,0,0,0,0,0,0
2003,130064,1,1,21,21,21,21,21,21,21,21,21,21
2003,130065,1,1,0,0,0,0,0,0,0,0,0,0
2003,130065,2,1,0,0,0,0,0,0,0,0,0,0
2003,130066,1,1,14,14,14,14,14,14,14,14,14,14
2003,130067,1,1,0,0,0,0,0,0,0,0,0,0
2003,130068,0,1,0,0,0,0,0,0,0,0,0,0
2003,130068,1,1,0,0,0,0,0,0,0,0,0,0
2003,130069,1,1,0,0,0,0,0,0,0,0,0,0
2003,130069,2,1,0,0,0,0,0,0,0,0,0,0
2003,130069,3,1,0,0,0,0,0,0,0,0,0,0
2003,130069,4,1,0,0,0,0,0,0,0,0,0,0
2003,130070,1,1,0,0,0,0,0,0,0,0,0,0
2003,130070,2,1,0,0,0,0,0,0,0,0,0,0
2003,130071,0,1,0,0,0,0,0,0,0,0,0,0
2003,130071,1,1,0,0,0,0,0,0,0,0,0,0
2003,130072,1,1,0,0,0,0,0,0,0,0,0,0
2003,130073,1,1,0,0,0,0,0,0,0,0,0,0
2003,130074,1,1,18,18,18,18,18,18,18,18,18,18
2003,130075,0,1,32,32,32,32,32,32,32,32,32,32
2003,130075,1,1,15,15,15,15,15,15,15,15,15,15
2003,130076,1,1,0,0,0,0,0,0,0,0,0,0
2003,130077,1,1,26,0,0,0,0,0,27,0,0,12
2003,130078,1,1,11,11,11,11,11,11,11,11,11,11
2003,130079,1,1,0,0,0,0,0,0,0,0,0,0
2003,130079,2,1,0,0,0,0,0,0,0,0,0,0
2003,130080,1,1,0,0,0,0,0,0,0,0,0,0
2003,130081,1,1,0,0,0,0,0,0,0,0,0,0
2003,130082,1,1,0,0,0,0,0,0,0,0,0,0
2003,130083,1,1,0,0,0,0,0,0,0,0,0,0
2003,130084,1,1,22,22,22,22,22,22,22,22,22,22
2003,130085,0,1,0,0,0,0,0,0,0,0,0,0
2003,130085,1,1,0,33,23,29,0,0,0,0,0,11
2003,130086,1,1,0,0,0,0,0,0,0,0,0,0
2003,130086,2,1,0,0,0,0,0,0,0,0,0,0
2003,130087,1,1,0,0,0,0,0,0,0,0,0,0
2003,130087,2,1,0,0,0,0,0,0,0,0,0,0
2003,130088,1,1,11,11,11,11,11,11,11,11,11,11
2003,130089,0,1,0,0,0,0,0,0,0,0,0,0
2003,130089,1,1,0,0,0,0,0,0,0,0,0,0
2003,130090,1,1,0,0,0,0,0,0,0,0,0,0
2003,130090,2,1,0,0,0,0,0,0,0,0,0,0
2003,130091,1,1,0,0,0,0,0,0,0,0,0,0
2003,130091,2,1,0,0,0,0,0,0,0,0,0,0
2003,130092,1,1,0,0,0,0,0,0,0,0,0,0
2003,130092,2,1,0,0,0,0,0,0,0,0,0,0
2003,130093,1,1,0,0,0,0,0,0,0,0,0,0
2003,130093,2,1,17,17,17,17,17,17,17,17,17,17
2003,130094,1,1,23,23,23,23,23,23,23,23,23,23
2003,130095,1,1,0,0,0,0,0,0,0,0,0,0
2003,130095,2,1,0,0,0,0,0,0,0,0,0,0
2003,130096,1,1,0,0,0,0,0,0,0,0,0,0
2003,130097,1,1,0,0,0,0,0,0,0,0,0,0
2003,130097,2,1,0,0,0,0,0,0,0,0,0,0
2003,130098,1,1,0,0,0,0,0,0,0,0,0,0
2003,130099,1,1,0,0,0,0,0,0,0,0,0,0
2003,130099,2,1,0,0,0,0,0,0,0,0,0,0
2003,130099,3,1,0,0,0,17,0,0,0,0,0,0
2003,130100,1,1,0,0,0,0,0,0,0,0,0,0
2003,130100,2,1,0,0,0,0,0,0,0,0,0,0
2003,130101,1,1,0,0,0,0,0,0,0,0,0,0
2003,130101,2,1,0,0,0,0,0,0,0,0,0,0
2003,130101,3,1,0,0,0,0,0,0,0,0,0,0
2003,130101,4,1,0,0,0,0,0,0,0,0,0,0
2003,130102,1,1,0,0,0,0,0,0,0,0,0,0
2003,130103,1,1,0,0,0,0,0,0,0,0,0,0
2003,130104,1,1,0,0,0,0,0,0,0,0,0,0
2003,130104,2,1,0,0,0,0,0,0,0,0,0,0
2003,130105,1,1,0,0,0,0,0,0,0,0,0,0
2003,130106,0,1,6,23,0,0,0,12,13,0,2,25
2003,130106,1,1,0,0,0,0,0,0,0,0,0,0
2003,130107,1,1,0,0,0,0,0,0,0,0,0,0
2003,130107,2,1,0,0,0,0,0,0,0,0,0,0
2003,130107,3,1,0,0,0,0,0,0,0,0,0,0
2003,130108,1,1,0,0,9,0,0,0,14,0,0,0
2003,130108,2,1,0,0,0,0,0,0,0,0,0,0
2003,130109,1,1,0,0,0,0,0,0,0,0,0,0
2003,130110,0,1,24,24,24,24,24,24,24,24,24,24
2003,130110,1,1,0,0,0,0,0,0,0,0,0,0
2003,130111,1,1,0,0,0,0,0,0,0,0,0,0
2003,130111,2,1,0,0,0,0,0,0,0,0,0,0
2003,130111,3,1,0,0,0,0,0,0,0,0,0,0
2003,130111,4,1,0,0,0,0,0,0,0,0,0,0
2003,130112,0,1,0,0,0,0,0,0,0,0,0,0
2003,130112,1,1,0,0,0,0,0,0,0,0,0,0
2003,130113,1,1,21,21,21,21,21,21,21,21,21,21
2003,130113,2,1,0,0,0,0,0,0,0,0,0,0
2003,130114,1,1,0,0,0,0,0,0,0,0,0,0
2003,130114,2,1,0,0,0,0,0,0,0,0,0,0
2003,130115,1,1,0,0,0,0,0,0,0,0,0,0
2003,130115,2,1,0,0,0,0,0,0,0,0,0,0
2003,130115,3,1,9,9,9,9,9,9,9,9,9,9
2003,130116,0,1,0,0,12,0,0,4,0,0,0,0
2003,130116,1,1,0,0,0,0,0,0,0,0,0,0
2003,130117,0,1,0,0,0,0,0,0,0,0,0,0
2003,130117,1,1,0,0,0,0,0,0,0,0,0,0
2003,130118,0,1,26,26,26,26,26,26,26,26,26,26
2003,130118,1,1,0,0,0,0,0,0,0,0,0,0
2003,130119,1,1,0,0,0,0,0,0,0,0,0,0
2003,130119,2,1,0,0,0,0,0,0,0,0,0,0
2003,130120,1,1,0,0,0,0,0,0,0,0,0,0
2003,130121,1,1,0,0,0,0,0,0,0,0,0,0
2003,130121,2,1,0,0,0,0,0,0,0,0,0,0
2003,130122,2,1,0,0,0,0,0,0,0,0,0,0
2003,130123,1,1,0,0,0,0,0,0,0,0,0,0
2003,130123,2,1,0,0,0,0,0,0,0,0,0,0
2003,130124,0,1,0,0,0,0,0,0,0,0,0,0
2003,130124,1,1,0,0,0,0,0,0,0,0,0,0
2003,130125,1,1,0,0,0,0,0,0,0,0,0,0
2003,130126,1,1,0,0,0,0,0,0,0,0,0,0
2003,130126,2,1,0,0,0,0,0,0,0,0,0,0
2003,130127,1,1,0,0,0,0,0,0,0,0,0,0
2003,130127,2,1,0,0,0,0,0,0,0,0,0,0
2003,130128,1,1,0,0,0,0,0,0,0,0,0,0
2003,130129,1,1,0,0,0,0,0,0,0,0,0,0