YEAR,ST_CASE,veh_no,per_no,P1,P2,P3,P4,P5,P6,P7,P8,P9,P10
2003,130130,1,1,5,5,5,5,5,5,5,5,5,5
2003,130131,1,1,0,0,0,0,0,0,0,0,0,0
2003,130132,1,1,0,0,0,0,0,0,0,0,0,0
2003,130132,2,1,0,0,0,0,0,0,0,0,0,0
2003,130133,1,1,0,0,0,0,0,0,0,0,0,0
2003,130134,1,1,0,0,0,0,0,0,0,0,0,0
2003,130134,2,1,0,0,0,0,0,0,0,0,0,0
2003,130135,1,1,19,19,19,19,19,19,19,19,19,19
2003,130136,0,1,0,0,0,0,0,0,0,0,0,0
2003,130136,1,1,0,0,0,0,0,0,0,0,0,0
2003,130137,1,1,0,0,0,0,0,0,0,0,0,0
2003,130138,1,1,4,4,4,4,4,4,4,4,4,4
2003,130139,1,1,0,0,0,0,0,0,0,0,0,0
2003,130140,1,1,0,0,0,0,0,0,0,0,0,0
2003,130140,2,1,0,0,0,0,0,0,0,0,0,0
2003,130141,1,1,0,0,0,0,0,0,0,0,0,0
2003,130141,2,1,0,0,0,0,0,0,0,0,0,0
2003,130142,1,1,0,0,0,0,0,0,0,0,0,0
2003,130143,1,1,0,0,0,0,0,0,0,0,0,0
2003,130144,1,1,12,12,12,12,12,12,12,12,12,12
2003,130145,1,1,42,0,0,25,0,0,0,26,12,0
2003,130145,2,1,0,0,0,0,0,0,0,0,0,0
2003,130146,1,1,0,0,0,0,0,0,0,0,0,0
2003,130146,2,1,0,0,0,0,0,0,0,0,0,0
2003,130146,3,1,0,0,0,0,0,0,0,0,0,0
2003,130147,1,1,0,0,0,0,0,0,0,0,0,0
2003,130148,1,1,16,16,16,16,16,16,16,16,16,16
2003,130149,1,1,0,0,0,0,0,0,0,0,0,0
2003,130149,2,1,0,0,0,0,0,0,0,0,0,0
2003,130150,1,1,10,10,10,10,10,10,10,10,10,10
2003,130151,1,1,0,0,0,0,0,0,0,0,0,0
2003,130151,2,1,0,0,0,0,0,0,0,0,0,0
2003,130152,1,1,0,0,0,0,0,0,0,0,0,0
2003,130153,1,1,0,0,0,0,0,0,0,0,0,0
2003,130153,2,1,0,0,0,0,0,0,0,0,0,0
2003,130154,1,1,0,0,9,0,0,0,0,0,0,0
2003,130155,0,1,0,0,0,0,0,0,0,0,0,0
2003,130155,1,1,0,0,0,0,0,0,0,0,0,0
2003,130156,1,1,15,15,15,15,15,15,15,15,15,15
2003,130156,2,1,0,0,0,0,0,0,0,0,0,0
2003,130157,1,1,0,0,0,0,0,0,0,0,0,0
2003,130158,1,1,0,14,18,11,0,8,0,21,0,0
2003,130159,1,1,0,0,0,0,0,0,0,0,0,0
2003,130159,2,1,0,0,0,0,0,0,0,0,0,0
2003,130159,3,1,0,0,0,0,0,0,0,0,0,0
2003,130160,1,3,0,0,0,16,0,0,0,0,15,0
2003,130161,1,1,0,0,0,0,0,0,0,0,0,0
2003,130162,1,1,17,13,24,0,0,0,28,20,0,15
2003,130163,1,1,0,0,25,14,0,13,0,0,0,19
2003,130164,1,1,0,0,0,0,0,0,0,0,0,0
2003,130164,2,1,0,0,0,0,0,0,0,0,0,0
2003,130165,1,1,0,0,0,0,0,0,0,0,0,0
2003,130166,1,1,0,0,0,0,0,0,0,0,0,0
2003,130166,2,1,0,0,0,0,0,0,0,0,0,0
2003,130166,3,1,0,0,0,0,0,0,0,0,0,0
2003,130167,1,1,18,0,17,29,0,0,0,27,24,22
2003,130168,1,1,0,0,0,0,0,0,0,0,0,0
2003,130168,2,1,0,0,0,0,0,0,0,0,0,0
2003,130169,1,1,0,0,0,0,0,0,0,0,0,0
2003,130169,2,1,0,0,0,0,9,0,0,11,14,0
2003,130170,1,1,0,0,0,0,0,0,0,0,0,0
2003,130170,2,1,0,0,0,0,0,0,0,0,0,0
2003,130171,1,1,0,0,0,0,0,0,0,0,0,0
2003,130172,1,1,0,0,0,0,0,0,0,0,0,0
2003,130173,1,1,0,0,0,0,0,0,0,0,0,0
2003,130173,2,1,0,0,0,0,0,0,0,0,0,0
2003,130174,1,1,24,24,24,24,24,24,24,24,24,24
2003,130175,1,1,18,18,18,18,18,18,18,18,18,18
2003,130175,2,1,0,0,0,0,0,0,0,0,0,0
2003,130176,1,1,0,0,0,0,0,0,0,0,0,0
2003,130176,2,1,0,0,0,0,0,0,0,0,0,0
2003,130177,1,1,0,0,0,0,0,0,0,0,0,0
2003,130177,2,1,0,0,0,0,0,0,0,0,0,0
2003,130178,1,1,0,0,0,0,0,0,0,0,0,0
2003,130179,1,1,0,0,0,0,0,0,0,0,0,0
2003,130179,2,1,0,0,0,0,0,0,0,0,0,0
2003,130180,0,1,8,8,8,8,8,8,8,8,8,8
2003,130180,1,1,0,0,0,0,0,0,0,0,0,0
2003,130181,1,1,0,0,0,0,0,0,0,0,0,0
2003,130181,2,1,0,0,0,0,0,0,0,0,0,0
2003,130182,1,1,0,0,0,0,0,0,0,0,0,0
2003,130182,2,1,0,0,0,0,0,0,0,0,0,0
2003,130183,1,1,16,16,16,16,16,16,16,16,16,16
2003,130183,2,1,0,0,0,0,0,0,0,0,0,0
2003,130184,0,1,34,34,34,34,34,34,34,34,34,34
2003,130184,1,1,0,0,0,0,0,0,0,0,0,0
2003,130185,0,1,20,20,20,20,20,20,20,20,20,20
2003,130185,1,1,0,0,0,0,0,0,0,0,0,0
2003,130186,1,1,0,0,0,0,0,0,0,0,0,0
2003,130186,2,1,0,0,0,0,0,0,0,0,0,0
2003,130187,1,1,11,11,11,11,11,11,11,11,11,11
2003,130187,2,1,0,0,0,0,0,0,0,0,0,0
2003,130188,0,1,15,0,0,0,0,9,0,0,11,0
2003,130188,0,2,0,0,0,0,0,25,0,0,0,0
2003,130188,1,1,0,0,0,0,0,0,0,0,0,0
2003,130188,3,1,0,0,0,0,0,0,0,10,0,0
2003,130189,1,1,0,0,0,0,0,0,0,0,0,0
2003,130189,2,1,0,0,0,0,0,0,0,0,0,0
2003,130189,3,1,0,0,0,0,0,0,0,0,0,0
2003,130189,4,1,0,0,0,0,0,0,0,0,0,0
2003,130190,1,1,24,24,24,24,24,24,24,24,24,24
2003,130190,2,1,0,0,0,0,0,0,0,0,0,0
2003,130191,1,1,0,0,0,0,0,0,0,0,0,0
2003,130191,2,1,0,0,0,0,0,0,0,0,0,0
2003,130192,1,1,17,0,24,19,19,4,27,0,9,16
2003,130193,1,1,24,0,0,8,0,0,29,12,0,0
2003,130194,1,1,0,0,0,0,0,0,0,0,0,0
2003,130194,2,1,0,0,0,0,0,0,0,0,0,0
2003,130195,1,1,0,0,0,0,0,0,0,0,0,0
2003,130195,2,1,0,0,0,0,0,0,0,0,0,0
2003,130196,1,1,0,0,0,0,0,0,0,0,0,0
2003,130196,2,1,0,0,0,0,0,0,0,0,0,0
2003,130197,1,1,0,0,0,0,0,0,0,0,0,0
2003,130197,2,1,0,0,0,0,0,0,0,0,0,0
2003,130198,1,1,0,0,0,0,0,0,0,0,0,0
2003,130199,1,1,0,0,0,0,0,0,0,0,0,0
2003,130199,2,1,0,0,0,0,0,0,0,0,0,0
2003,130200,1,1,0,0,0,0,0,0,0,0,0,0
2003,130200,2,1,0,0,0,0,0,0,0,0,0,0
2003,130201,1,1,0,0,0,0,0,0,0,0,0,0
2003,130201,2,1,0,0,0,0,0,0,0,0,0,0
2003,130201,3,1,0,0,0,0,0,0,0,0,0,0
2003,130202,1,1,3,3,3,3,3,3,3,3,3,3
2003,130203,1,1,0,0,0,0,0,0,0,0,0,0
2003,130204,1,1,0,0,0,0,0,0,0,0,0,0
2003,130204,2,1,0,0,0,0,0,0,0,0,0,0
2003,130205,1,1,0,0,0,0,0,0,0,0,0,0
2003,130206,1,1,0,0,0,0,0,0,0,0,0,0
2003,130206,2,1,0,0,0,0,0,0,0,0,0,0
2003,130207,1,1,21,21,21,21,21,21,21,21,21,21
2003,130208,1,1,0,0,0,0,0,0,0,0,0,0
2003,130208,2,1,0,0,0,0,0,0,0,0,0,0
2003,130209,1,1,0,0,0,0,0,0,0,0,0,0
2003,130209,2,1,0,0,0,0,0,0,0,0,0,0
2003,130210,1,1,0,0,0,0,0,0,0,0,0,0
2003,130210,2,1,0,0,0,0,0,0,0,0,0,0
2003,130211,1,1,0,0,0,0,0,0,0,0,0,0
2003,130211,2,1,0,0,7,0,0,0,0,0,0,0
2003,130211,3,1,0,0,0,0,0,0,0,0,0,0
2003,130212,1,1,24,24,24,24,24,24,24,24,24,24
2003,130213,0,1,0,0,0,0,0,0,0,0,0,0
2003,130213,1,1,0,0,0,0,0,0,0,0,0,0
2003,130213,2,1,0,0,0,0,0,0,0,0,0,0
2003,130214,1,1,0,0,0,0,0,0,0,0,0,0
2003,130215,0,1,0,0,0,0,0,0,0,0,0,0
2003,130215,1,1,0,0,0,0,0,0,0,0,0,0
2003,130216,1,1,0,0,0,0,0,0,0,0,0,0
2003,130216,2,1,0,0,0,0,0,0,0,0,0,0
2003,130216,3,1,0,0,0,0,0,0,0,0,0,0
2003,130216,4,1,0,0,0,0,0,0,0,0,0,0
2003,130217,1,1,0,0,0,0,0,0,0,0,0,0
2003,130217,2,1,0,0,0,0,0,0,0,0,0,0
2003,130218,1,1,0,0,0,0,0,0,0,0,0,0
2003,130219,1,1,21,21,21,21,21,21,21,21,21,21
2003,130220,1,1,36,36,36,36,36,36,36,36,36,36
2003,130221,0,1,0,0,0,0,0,0,0,0,0,0
2003,130221,1,1,0,0,0,0,0,0,0,0,0,0
2003,130222,1,1,12,12,12,12,12,12,12,12,12,12
2003,130223,1,1,0,0,0,0,0,0,0,0,0,0
2003,130224,1,1,15,15,15,15,15,15,15,15,15,15
2003,130224,2,1,0,0,0,0,0,0,0,0,0,0
2003,130225,1,1,24,24,24,24,24,24,24,24,24,24
2003,130226,1,1,0,0,0,0,0,0,0,0,0,0
2003,130227,1,1,0,0,0,0,0,0,0,0,0,0
2003,130228,1,1,14,14,14,14,14,14,14,14,14,14
2003,130228,2,1,0,0,0,0,0,0,0,0,0,0
2003,130228,3,1,0,0,0,0,0,0,0,0,0,0
2003,130229,0,1,0,0,0,0,0,0,0,0,0,0
2003,130229,2,1,0,0,0,0,0,0,0,0,0,0
2003,130230,1,1,25,25,25,25,25,25,25,25,25,25
2003,130231,1,1,0,0,0,0,0,0,0,0,0,0
2003,130231,2,1,0,0,0,0,0,0,0,0,0,0
2003,130232,1,1,0,0,0,0,0,0,0,0,0,0
2003,130232,2,1,0,0,0,0,0,0,0,0,0,0
2003,130233,1,1,25,25,25,25,25,25,25,25,25,25
2003,130234,1,1,0,0,0,0,0,0,0,0,0,0
2003,130235,1,1,0,0,0,0,0,0,0,0,0,0
2003,130235,2,1,0,0,0,0,0,0,0,0,0,0
2003,130236,1,1,0,0,0,0,0,0,0,0,0,0
2003,130236,2,1,0,0,0,0,0,0,0,0,0,0
2003,130237,1,1,0,0,0,0,0,0,0,0,0,0
2003,130237,2,1,0,0,0,0,0,0,0,0,0,0
2003,130238,1,1,0,0,0,0,0,0,0,0,0,0
2003,130238,2,1,0,0,0,0,0,0,0,0,0,0
2003,130239,1,1,0,0,0,0,0,0,0,0,0,0
2003,130239,2,1,0,0,0,0,0,0,0,0,0,0
2003,130240,1,1,0,0,0,0,0,0,0,0,0,0
2003,130241,1,1,0,0,0,0,0,0,0,0,0,0
2003,130242,1,1,0,0,0,0,0,0,0,0,0,0
2003,130242,2,1,0,0,0,0,0,0,0,0,0,0
2003,130243,1,1,0,0,0,0,0,0,0,0,0,0
2003,130243,2,1,0,0,0,0,0,0,0,0,0,0
2003,130244,1,1,0,0,0,0,0,0,0,0,0,0
2003,130244,2,1,0,0,0,0,0,0,0,0,0,0
2003,130245,1,1,0,0,0,0,0,0,0,0,0,0
2003,130246,1,1,0,0,0,0,0,0,0,0,0,0
2003,130247,1,1,2,2,2,2,2,2,2,2,2,2
2003,130247,2,1,0,0,0,0,0,0,0,0,0,0
2003,130248,0,1,16,0,0,16,21,0,0,0,25,0
2003,130248,1,1,0,0,0,0,0,0,0,0,0,0
2003,130249,1,1,0,0,0,0,0,0,0,0,0,0
2003,130249,2,1,0,0,0,0,0,0,0,0,0,0
2003,130249,3,1,0,0,0,0,0,0,0,0,0,0
2003,130250,1,2,0,0,0,0,0,0,0,0,12,0
2003,130251,1,1,0,0,0,0,16,0,0,0,0,0
2003,130251,2,1,0,0,0,0,0,0,0,0,0,0
2003,130252,1,1,0,0,0,0,0,0,0,0,0,0
2003,130252,2,1,0,0,0,0,0,0,0,0,0,0
2003,130253,0,1,0,0,0,0,0,0,0,0,0,0
2003,130253,1,1,0,0,0,0,0,0,0,0,0,0
2003,130254,0,1,24,0,21,25,40,0,13,0,0,0
2003,130254,1,1,15,0,0,0,0,0,0,4,0,3
2003,130255,0,1,0,0,0,0,0,0,0,0,0,0
2003,130255,1,1,0,0,0,0,0,0,0,0,0,0
2003,130256,1,1,0,0,0,0,0,0,0,0,0,0
2003,130256,2,1,0,0,0,0,0,0,0,0,0,0
2003,130257,1,1,0,0,0,0,0,0,0,0,0,0
2003,130257,2,1,0,0,0,0,0,0,0,0,0,0
2003,130258,1,1,0,0,0,0,0,0,0,0,0,0
2003,130258,2,1,0,0,0,0,0,0,0,0,0,0
2003,130259,1,1,0,0,0,0,19,0,0,0,0,0
2003,130260,1,1,0,0,0,0,0,0,2,0,0,0
2003,130261,1,1,21,21,21,21,21,21,21,21,21,21
2003,130262,1,1,16,16,16,16,16,16,16,16,16,16
2003,130263,1,1,14,14,14,14,14,14,14,14,14,14
2003,130264,1,1,15,10,0,0,20,12,0,24,39,23
2003,130265,1,1,0,0,17,0,0,0,0,0,0,0
2003,130266,1,1,0,0,0,0,0,0,0,0,0,0
2003,130266,2,1,0,0,0,0,0,0,0,0,0,0
2003,130266,3,1,0,0,0,0,0,0,0,0,0,0
2003,130267,1,1,0,0,0,0,0,0,0,0,0,0
2003,130267,2,1,0,0,0,0,0,0,0,0,0,0
2003,130268,1,1,21,21,21,21,21,21,21,21,21,21
2003,130268,2,1,0,0,0,0,0,0,0,0,0,0
2003,130269,1,1,0,0,0,0,0,0,0,0,0,0
2003,130270,1,1,0,0,0,0,0,0,0,0,0,0
2003,130270,2,1,0,0,0,0,0,0,0,0,0,0
2003,130271,1,1,0,0,0,0,0,0,0,0,0,0
2003,130271,2,1,0,0,0,0,0,0,0,0,0,0
2003,130272,1,1,19,19,19,19,19,19,19,19,19,19
2003,130272,2,1,24,24,24,24,24,24,24,24,24,24
2003,130273,1,1,15,15,15,15,15,15,15,15,15,15
2003,130274,1,1,0,0,0,0,0,0,0,0,0,0
2003,130274,2,1,0,0,0,0,0,0,0,0,0,0
2003,130275,1,1,0,0,0,0,0,0,0,0,0,0
2003,130275,2,1,0,0,0,0,0,0,0,0,0,0
2003,130276,0,1,37,37,37,37,37,37,37,37,37,37
2003,130276,1,1,0,0,0,0,0,0,0,0,0,0
2003,130277,1,1,32,32,32,32,32,32,32,32,32,32
2003,130278,1,1,0,0,0,0,0,0,0,0,0,0
2003,130279,0,1,0,35,70,29,9,11,0,27,32,0
2003,130279,1,1,0,0,0,0,0,0,0,0,0,0
2003,130280,1,1,0,0,0,0,0,0,0,0,0,0
2003,130280,2,1,0,0,0,0,0,0,0,0,0,0
2003,130280,3,1,0,0,0,0,0,0,0,0,0,0
2003,130281,1,1,0,0,0,0,0,0,0,0,0,0
2003,130281,2,1,0,0,0,0,0,0,0,0,0,0
2003,130282,1,1,0,0,0,0,0,0,0,0,0,0
2003,130282,2,1,0,0,0,0,0,0,0,0,0,0
2003,130283,1,1,9,9,9,9,9,9,9,9,9,9
2003,130283,2,1,0,0,0,0,0,0,0,0,0,0
2003,130284,1,1,0,0,0,0,0,0,0,0,0,0
2003,130284,2,1,0,0,0,0,0,0,0,0,0,0
2003,130285,0,1,18,0,0,9,0,0,0,26,43,23
2003,130285,0,2,25,35,0,15,16,19,0,0,0,31
2003,130285,0,3,13,0,16,15,37,20,30,0,0,13
2003,130285,0,4,0,0,21,32,0,22,0,0,0,26
2003,130285,3,1,0,0,0,0,0,0,0,0,0,18
2003,130286,1,1,0,0,0,0,0,0,0,0,0,0
2003,130286,2,1,0,0,0,0,0,0,0,0,0,0
2003,130287,1,1,0,14,0,0,15,0,0,0,29,0
2003,130288,1,1,0,0,0,0,0,0,0,0,0,0
2003,130288,2,1,0,0,0,0,0,0,0,0,0,0
2003,130289,1,1,0,0,0,0,0,0,0,0,0,0
2003,130289,2,1,11,11,11,11,11,11,11,11,11,11
2003,130290,1,1,0,0,0,0,0,0,0,0,0,0
2003,130291,1,1,25,25,25,25,25,25,25,25,25,25
2003,130292,1,1,0,0,0,0,0,0,0,0,0,0
2003,130292,2,1,0,0,0,0,0,0,0,0,0,0
2003,130293,1,1,5,5,5,5,5,5,5,5,5,5
2003,130293,2,1,0,0,0,0,0,0,0,0,0,0
2003,130294,1,1,27,27,27,27,27,27,27,27,27,27
2003,130295,1,1,0,0,0,0,0,0,0,0,0,0
2003,130295,2,1,0,0,0,0,0,0,0,0,0,0
2003,130296,1,1,0,0,0,0,0,0,0,0,0,0
2003,130296,2,1,0,0,0,0,0,0,0,0,0,0
2003,130297,1,1,0,0,0,0,0,0,0,0,0,0
2003,130298,1,1,18,18,18,18,18,18,18,18,18,18
2003,130298,2,1,0,0,0,0,0,0,0,0,0,0
2003,130299,1,1,0,0,0,0,0,0,0,0,0,0
2003,130299,2,1,0,0,0,0,0,0,0,0,0,0
2003,130300,1,1,0,0,0,0,11,28,0,0,0,16
2003,130301,1,1,0,0,0,0,0,0,0,0,0,0
2003,130301,2,1,0,0,0,0,0,0,0,0,0,0
2003,130302,1,1,0,0,0,0,0,0,0,0,0,0
2003,130302,2,1,0,0,0,0,0,0,0,0,0,0
2003,130302,3,1,0,0,0,0,0,0,0,0,0,0
2003,130303,1,1,0,0,0,0,0,0,0,0,0,0
2003,130304,1,1,0,0,0,0,0,0,0,0,0,0
2003,130304,2,1,0,0,0,9,0,0,7,0,0,0
2003,130305,1,1,0,0,0,0,0,0,0,0,0,0
2003,130305,2,1,0,0,0,0,0,0,21,0,0,0
2003,130306,1,1,0,0,0,0,0,0,0,0,0,0
2003,130307,1,1,7,7,7,7,7,7,7,7,7,7
2003,130307,2,1,0,0,0,0,0,0,0,0,0,0
2003,130308,1,1,0,0,0,0,0,0,0,0,0,0
2003,130308,2,1,0,0,0,0,0,0,0,0,0,0
2003,130308,3,1,0,0,0,0,0,0,0,0,0,0
2003,130309,1,1,21,21,21,21,21,21,21,21,21,21
2003,130309,2,1,7,0,8,0,0,0,32,0,0,0
2003,130310,1,1,0,0,0,0,0,0,0,0,0,26
2003,130311,1,1,9,12,11,0,13,6,23,0,10,19
2003,130312,1,1,0,0,0,0,0,0,0,0,13,0
2003,130313,1,1,22,22,22,22,22,22,22,22,22,22
2003,130314,1,1,0,0,0,0,0,0,0,0,0,0
2003,130315,0,1,17,17,17,17,17,17,17,17,17,17
2003,130315,1,1,0,0,0,0,0,0,0,0,0,0
2003,130316,1,1,0,0,0,0,0,0,0,0,0,0
2003,130316,2,1,0,0,0,0,0,0,0,0,0,0
2003,130316,3,1,0,0,0,0,0,0,0,0,0,0
2003,130317,1,1,0,0,0,0,0,0,0,0,0,0
2003,130317,2,1,0,0,0,0,0,0,0,0,0,0
2003,130318,1,1,0,0,0,0,0,0,0,0,0,0
2003,130319,1,1,0,0,0,0,0,0,0,0,0,0
2003,130319,2,1,0,0,0,0,0,0,0,0,0,0
2003,130320,1,1,0,0,0,0,0,0,10,9,0,0
2003,130320,2,1,0,0,0,0,0,0,0,0,0,0
2003,130321,1,1,0,0,0,0,22,0,0,0,0,18
2003,130322,1,1,25,0,19,24,17,0,11,17,24,24
2003,130323,1,1,0,0,0,0,0,0,0,0,0,0
2003,130323,2,1,0,0,0,0,0,0,0,0,0,0
2003,130323,3,1,0,0,0,0,0,0,0,0,0,0
2003,130324,1,1,0,0,0,0,0,0,0,0,0,0
2003,130325,1,1,0,0,0,0,0,0,0,0,0,0
2003,130326,1,1,0,0,0,0,0,0,0,0,0,0
2003,130327,1,1,22,22,22,22,22,22,22,22,22,22
2003,130327,2,1,0,0,0,0,0,0,0,0,0,0
2003,130328,1,1,5,5,5,5,5,5,5,5,5,5
2003,130328,2,1,0,0,0,0,0,0,0,0,0,0
2003,130329,1,1,0,0,0,0,0,0,0,0,0,0
2003,130329,2,1,0,0,0,0,0,0,0,0,0,0
2003,130330,1,1,0,0,0,0,0,0,0,0,0,0
2003,130330,2,1,0,0,0,0,0,0,0,0,0,0
2003,130331,1,1,0,0,0,0,0,0,0,0,0,0
2003,130332,1,1,0,0,0,0,0,0,0,0,0,0
2003,130333,1,1,0,0,0,0,0,0,0,0,0,0
2003,130334,1,1,0,0,0,0,0,0,0,0,0,0
2003,130335,1,1,0,0,0,0,0,0,0,0,0,0
2003,130335,2,1,0,0,0,0,0,0,0,0,0,0
2003,130336,1,1,0,0,0,0,0,0,0,0,0,0
2003,130336,2,1,0,0,0,0,0,0,0,0,0,0
2003,130338,0,1,0,0,0,0,0,0,0,0,0,0
2003,130338,1,1,0,0,0,0,0,0,0,0,0,0
2003,130339,1,1,0,0,0,0,0,0,0,0,0,0
2003,130339,2,1,0,0,0,0,0,0,0,0,0,0
2003,130340,1,1,0,0,0,0,0,0,0,0,0,0
2003,130341,1,1,23,23,23,23,23,23,23,23,23,23
2003,130342,1,1,0,0,0,0,0,0,0,0,0,0
2003,130342,2,1,0,0,0,0,0,0,0,0,0,0
2003,130343,0,1,0,0,0,0,0,0,0,0,0,0
2003,130343,1,1,0,0,0,0,0,0,0,0,0,0
2003,130344,0,1,16,16,16,16,16,16,16,16,16,16
2003,130344,1,1,0,0,0,0,0,0,0,0,0,0
2003,130345,1,1,0,0,0,0,0,0,0,0,0,0
2003,130346,1,1,22,22,22,22,22,22,22,22,22,22
2003,130347,0,1,0,0,61,17,0,29,18,15,19,11
2003,130347,1,1,0,0,0,0,0,0,0,0,0,0
2003,130347,2,1,0,0,0,0,0,0,0,0,0,0
2003,130348,1,1,0,0,0,0,0,0,0,0,0,0
2003,130349,0,1,0,0,0,0,0,0,0,0,0,0
2003,130349,1,1,0,0,0,0,0,0,0,0,0,0
2003,130350,1,1,0,0,0,0,0,0,0,0,0,0
2003,130350,2,1,0,0,0,0,0,0,0,0,0,0
2003,130351,1,1,0,44,0,0,0,0,0,0,0,0
2003,130352,1,1,0,0,0,0,0,0,0,0,0,0
2003,130352,2,1,0,0,0,0,0,0,0,0,0,0
2003,130353,1,1,20,20,20,20,20,20,20,20,20,20
2003,130353,2,1,0,0,0,0,0,0,0,0,0,0
2003,130353,3,1,0,0,0,0,0,0,0,0,0,0
2003,130354,1,1,0,0,0,0,0,0,0,0,0,0
2003,130355,1,1,19,19,19,19,19,19,19,19,19,19
2003,130356,1,1,0,0,0,0,0,0,0,0,0,0
2003,130356,2,1,0,0,0,0,0,0,0,0,0,0
2003,130357,1,1,11,0,0,0,0,15,0,0,5,0
2003,130358,1,1,0,0,0,0,0,0,0,0,0,0
2003,130359,1,1,29,0,0,0,0,0,0,0,4,0
2003,130360,1,1,0,0,0,0,0,0,0,0,0,0
2003,130360,2,1,0,0,0,0,0,0,0,0,0,0
2003,130361,1,1,0,0,0,0,0,0,0,0,0,0
2003,130361,2,1,0,0,0,0,0,0,0,0,0,0
2003,130362,1,1,0,0,0,0,0,0,0,0,0,0
2003,130362,2,1,0,0,0,0,0,0,0,0,0,0
2003,130363,1,1,0,0,0,0,0,0,0,0,0,0
2003,130363,2,1,7,7,7,7,7,7,7,7,7,7
2003,130364,0,1,28,28,28,28,28,28,28,28,28,28
2003,130364,1,1,0,0,0,0,0,0,0,0,0,0
2003,130365,1,1,0,0,0,0,0,0,0,0,0,0
2003,130366,1,1,0,0,0,9,7,0,14,0,21,11
2003,130366,2,1,0,0,0,0,4,0,0,0,15,0
2003,130367,0,1,24,24,24,24,24,24,24,24,24,24
2003,130367,1,1,17,17,17,17,17,17,17,17,17,17
2003,130368,1,1,0,0,0,0,0,0,0,0,0,19
2003,130369,1,1,0,0,0,0,0,0,0,0,0,0
2003,130370,1,1,0,0,0,0,0,0,0,0,0,0
2003,130370,2,1,0,0,0,0,0,0,0,0,0,0
2003,130371,1,1,0,0,0,0,0,0,0,0,0,0
2003,130371,2,1,0,0,0,0,0,0,0,0,0,0
2003,130372,1,1,0,0,0,0,0,0,0,0,0,0
2003,130372,2,1,0,0,0,0,0,0,0,0,0,0
2003,130373,1,1,0,0,0,0,0,0,0,0,0,0
2003,130374,1,1,18,18,18,18,18,18,18,18,18,18
2003,130375,1,1,15,15,15,15,15,15,15,15,15,15
2003,130375,2,1,7,7,7,7,7,7,7,7,7,7
2003,130376,1,1,0,0,0,0,0,0,0,0,0,0
2003,130376,2,1,0,0,0,0,0,0,0,0,0,0
2003,130377,1,1,0,0,0,0,0,0,0,0,0,0
2003,130378,1,1,0,0,0,0,0,0,0,0,0,0
2003,130378,2,1,0,0,0,0,0,0,0,0,0,0
2003,130379,1,1,0,0,0,0,0,0,0,0,0,0
2003,130379,2,1,0,0,0,0,0,0,0,0,0,0
2003,130380,1,1,0,0,0,0,0,0,0,0,0,0
2003,130381,1,1,0,0,0,0,0,0,0,0,0,0
2003,130382,1,1,0,0,0,0,0,5,0,0,0,0
2003,130382,2,1,0,0,0,0,0,0,0,0,0,0
2003,130383,0,1,0,24,9,11,0,0,19,0,0,21
2003,130383,1,1,0,0,0,0,0,0,0,0,0,0
2003,130384,0,1,28,0,0,0,0,0,0,10,0,21
2003,130384,1,1,0,0,0,0,0,16,0,0,0,0
2003,130385,0,1,29,29,29,29,29,29,29,29,29,29
2003,130385,1,1,0,0,0,0,0,0,0,0,0,0
2003,130385,2,1,0,15,0,0,0,0,0,0,0,0
2003,130385,3,1,0,0,0,11,0,0,0,0,0,0
2003,130386,1,1,0,13,10,0,7,0,4,0,0,0
2003,130386,2,1,0,0,0,0,0,0,0,0,0,0
2003,130386,3,1,0,0,0,0,0,0,0,0,0,0
2003,130386,4,1,0,0,0,0,0,0,0,0,0,0
2003,130387,1,1,0,0,0,0,0,0,0,0,0,0
2003,130387,2,1,0,0,0,0,0,0,0,0,0,0
2003,130388,1,1,0,0,0,0,0,0,0,0,0,0
2003,130388,2,1,0,0,0,0,0,0,0,0,0,0
2003,130389,0,1,0,0,0,0,0,0,0,0,0,0
2003,130389,0,2,0,0,0,0,0,0,0,0,0,0
2003,130389,1,1,8,8,8,8,8,8,8,8,8,8
2003,130390,1,1,0,0,0,0,0,0,0,0,0,0
2003,130390,2,1,0,0,0,0,0,0,0,0,0,0
2003,130390,3,1,0,0,0,0,0,0,0,0,0,0
2003,130391,1,1,0,0,0,0,0,0,0,0,0,0
2003,130392,1,1,0,0,0,0,0,0,0,0,0,0
2003,130392,2,1,0,0,0,0,0,0,0,0,0,0
2003,130393,0,1,0,19,19,0,0,0,0,10,0,0
2003,130393,1,1,7,19,0,0,0,0,0,0,0,0
2003,130393,2,1,0,0,0,0,0,0,0,0,0,0
2003,130394,1,1,0,0,0,0,0,0,0,0,0,0
2003,130395,1,1,0,0,0,0,0,0,0,0,0,0
2003,130396,1,1,0,0,0,0,0,0,0,0,0,0
2003,130397,1,1,0,0,0,0,0,0,0,0,0,0
2003,130397,2,1,0,0,0,0,0,0,0,0,0,0
2003,130398,1,1,0,0,0,0,0,0,0,0,0,0
2003,130399,1,1,0,0,0,0,0,0,0,0,0,0
2003,130400,1,1,16,0,0,0,0,0,0,0,5,0
2003,130400,2,1,0,0,0,0,0,0,0,0,0,0
2003,130400,3,1,0,0,0,0,0,0,0,0,0,0
2003,130401,1,1,0,0,0,0,0,0,0,0,0,0
2003,130402,1,1,0,0,0,0,0,0,0,0,0,0
2003,130402,2,1,0,0,0,0,0,0,0,0,0,0
2003,130403,1,1,0,0,0,0,0,0,0,0,0,0
2003,130404,1,1,0,0,0,0,0,0,0,0,0,0