YEAR,ST_CASE,veh_no,per_no,P1,P2,P3,P4,P5,P6,P7,P8,P9,P10
2003,130405,1,1,0,22,15,0,23,13,0,0,0,18
2003,130406,1,1,0,0,0,0,0,0,0,0,0,0
2003,130407,0,1,9,9,9,9,9,9,9,9,9,9
2003,130407,1,1,0,0,0,0,0,0,0,0,0,0
2003,130408,1,1,4,23,30,0,0,0,8,0,0,0
2003,130409,1,1,6,6,6,6,6,6,6,6,6,6
2003,130410,1,1,0,0,0,0,0,0,0,0,0,0
2003,130411,0,1,23,23,23,23,23,23,23,23,23,23
2003,130411,1,1,10,10,10,10,10,10,10,10,10,10
2003,130412,1,1,18,16,28,41,25,11,7,0,26,24
2003,130413,1,1,22,22,22,22,22,22,22,22,22,22
2003,130414,1,1,0,0,0,11,17,0,0,0,0,3
2003,130415,1,1,4,4,4,4,4,4,4,4,4,4
2003,130416,1,1,0,0,0,0,0,0,0,0,0,0
2003,130417,1,1,27,27,27,27,27,27,27,27,27,27
2003,130418,1,1,0,0,0,0,0,0,0,0,0,0
2003,130418,2,1,0,0,0,0,0,0,0,0,0,0
2003,130419,1,1,0,0,19,0,0,0,0,0,9,0
2003,130419,2,1,0,0,0,0,0,0,0,0,0,0
2003,130420,0,1,0,0,0,0,0,0,0,0,0,0
2003,130420,1,1,0,0,0,0,0,0,0,0,0,0
2003,130421,1,1,0,12,0,0,15,0,28,15,0,0
2003,130422,1,1,0,0,0,0,0,0,0,0,0,0
2003,130422,2,1,0,0,0,0,0,0,0,0,0,0
2003,130423,1,1,0,0,0,0,0,0,0,0,0,0
2003,130423,2,1,0,0,0,0,0,0,0,0,0,0
2003,130424,1,1,0,0,0,0,0,0,0,0,0,0
2003,130424,2,1,0,0,0,0,0,0,0,0,0,0
2003,130425,1,1,0,0,0,0,0,0,0,0,0,0
2003,130425,2,1,0,0,0,0,0,0,0,0,0,0
2003,130426,1,1,0,0,0,0,0,0,0,0,0,0
2003,130426,2,1,0,0,0,0,0,0,0,0,0,0
2003,130427,1,1,2,22,0,7,20,6,16,6,9,31
2003,130427,2,1,0,24,10,12,0,10,17,18,26,0
2003,130428,1,1,0,0,0,0,0,0,0,0,0,0
2003,130429,1,1,21,21,21,21,21,21,21,21,21,21
2003,130429,2,1,0,0,0,0,0,0,0,0,0,0
2003,130430,1,1,21,21,21,21,21,21,21,21,21,21
2003,130431,1,1,21,21,21,21,21,21,21,21,21,21
2003,130432,1,1,0,0,0,0,0,0,0,0,0,0
2003,130433,1,1,0,0,0,0,0,0,0,0,0,0
2003,130433,2,1,0,0,0,0,0,0,0,0,0,0
2003,130434,1,1,0,0,0,0,0,0,0,0,0,0
2003,130434,2,1,0,0,0,0,0,0,0,0,0,0
2003,130434,3,1,0,0,0,0,0,0,0,0,0,0
2003,130435,1,1,0,0,0,0,0,0,0,0,0,0
2003,130436,0,1,21,13,6,13,18,26,19,12,34,14
2003,130436,1,1,0,0,0,7,0,0,0,0,0,0
2003,130437,1,1,21,21,21,21,21,21,21,21,21,21
2003,130437,2,1,0,0,0,0,0,0,0,0,0,0
2003,130438,1,1,23,23,23,23,23,23,23,23,23,23
2003,130438,2,1,0,0,0,0,0,0,0,0,0,0
2003,130439,0,1,36,36,36,36,36,36,36,36,36,36
2003,130439,1,1,0,0,0,0,0,0,0,0,0,0
2003,130440,1,1,15,15,15,15,15,15,15,15,15,15
2003,130441,1,1,0,0,0,0,0,0,0,0,0,0
2003,130441,2,1,11,11,11,11,11,11,11,11,11,11
2003,130442,1,1,25,25,25,25,25,25,25,25,25,25
2003,130443,1,1,0,0,0,0,0,0,0,0,0,0
2003,130444,1,1,0,0,0,0,0,0,0,0,0,0
2003,130444,2,1,0,0,0,0,0,0,0,0,0,0
2003,130445,0,1,0,0,0,0,0,0,0,0,0,0
2003,130445,1,1,0,0,0,0,0,0,0,0,0,0
2003,130446,1,1,0,0,0,0,0,0,0,0,0,0
2003,130446,2,1,0,0,0,0,0,0,0,0,0,0
2003,130446,3,1,0,0,0,0,0,0,0,0,0,0
2003,130447,1,1,7,7,7,7,7,7,7,7,7,7
2003,130447,2,1,0,0,0,0,0,0,0,0,0,0
2003,130448,1,1,0,0,0,0,0,0,0,0,0,0
2003,130448,2,1,0,0,0,0,0,0,0,0,0,0
2003,130448,3,1,0,0,0,0,0,0,0,0,0,0
2003,130449,1,1,17,24,20,22,7,26,11,13,21,15
2003,130450,1,1,14,0,0,0,0,0,15,0,0,0
2003,130451,1,1,0,0,0,0,0,0,0,0,0,0
2003,130451,2,1,0,0,0,0,0,0,0,0,0,0
2003,130452,1,1,6,6,6,6,6,6,6,6,6,6
2003,130453,1,1,0,0,0,0,0,0,0,0,0,0
2003,130454,1,1,16,16,16,16,16,16,16,16,16,16
2003,130455,1,1,15,23,14,10,20,12,15,7,24,15
2003,130456,0,1,0,0,0,0,0,0,0,0,0,0
2003,130456,1,1,0,0,0,0,0,0,0,0,0,0
2003,130457,1,1,0,0,0,0,0,0,0,0,0,0
2003,130457,2,1,0,0,0,0,0,0,0,0,0,0
2003,130458,1,1,0,0,0,0,0,0,0,0,0,0
2003,130458,2,1,0,0,0,0,0,0,0,0,0,0
2003,130459,1,1,0,0,0,0,7,0,17,0,0,0
2003,130460,1,1,0,0,0,0,0,0,0,0,0,0
2003,130461,1,1,14,9,17,0,0,0,13,0,0,16
2003,130461,2,1,0,0,0,0,0,0,0,0,0,0
2003,130462,1,1,24,0,10,0,0,0,0,6,0,0
2003,130462,2,1,11,0,0,32,15,0,0,0,0,0
2003,130463,1,1,11,11,11,11,11,11,11,11,11,11
2003,130464,1,1,0,0,0,0,0,0,0,0,0,0
2003,130465,1,1,22,22,22,22,22,22,22,22,22,22
2003,130466,1,1,16,0,0,0,0,0,0,13,0,0
2003,130466,2,1,15,10,7,20,0,0,0,0,0,23
2003,130467,1,1,2,2,2,2,2,2,2,2,2,2
2003,130468,1,1,14,14,14,14,14,14,14,14,14,14
2003,130468,2,1,12,12,12,12,12,12,12,12,12,12
2003,130469,1,1,0,0,0,0,0,0,0,0,0,0
2003,130469,2,1,0,8,0,0,0,0,0,0,0,0
2003,130469,3,1,0,0,0,0,0,0,0,0,0,0
2003,130469,4,1,0,0,0,0,0,0,0,0,0,0
2003,130470,1,1,0,0,0,0,0,0,0,0,0,0
2003,130471,1,1,0,0,0,0,0,0,0,0,0,0
2003,130472,1,1,0,0,0,0,0,0,0,0,0,0
2003,130473,1,1,0,0,0,0,0,0,0,0,0,0
2003,130473,2,1,0,0,0,0,0,0,0,0,0,0
2003,130474,1,1,0,0,0,0,0,0,0,0,0,0
2003,130475,1,1,0,0,0,0,0,0,0,0,0,0
2003,130476,1,1,15,12,0,20,6,8,12,23,15,37
2003,130477,1,1,13,13,13,13,13,13,13,13,13,13
2003,130478,1,1,0,0,0,0,0,0,0,0,0,0
2003,130479,1,1,0,0,0,0,0,0,0,0,0,0
2003,130480,1,1,0,0,0,0,0,0,0,0,0,0
2003,130481,1,1,0,0,0,0,0,0,0,0,0,0
2003,130482,1,1,0,0,0,0,0,0,0,0,0,0
2003,130483,1,1,0,0,0,0,0,0,0,0,0,0
2003,130483,2,1,0,0,0,0,0,0,0,0,0,0
2003,130484,1,1,0,0,0,0,0,0,0,0,0,0
2003,130485,0,1,0,0,0,0,0,0,0,0,0,0
2003,130485,1,1,0,0,0,0,0,0,0,0,0,0
2003,130486,1,1,14,14,14,14,14,14,14,14,14,14
2003,130487,1,1,0,0,0,0,0,0,0,0,0,0
2003,130487,2,1,0,0,0,0,0,0,0,0,0,0
2003,130487,3,1,0,0,0,0,0,0,0,0,0,0
2003,130488,1,1,21,21,21,21,21,21,21,21,21,21
2003,130488,2,1,0,0,0,0,0,0,0,0,0,0
2003,130489,1,1,16,16,16,16,16,16,16,16,16,16
2003,130490,1,1,20,20,20,20,20,20,20,20,20,20
2003,130491,1,1,10,10,10,10,10,10,10,10,10,10
2003,130492,1,1,0,0,0,0,0,0,0,0,0,0
2003,130492,2,1,0,0,0,0,0,0,0,0,0,0
2003,130493,1,1,0,0,0,0,0,0,0,0,0,0
2003,130493,2,1,0,0,0,0,0,0,0,0,0,0
2003,130494,0,1,0,0,0,0,0,0,0,0,0,0
2003,130494,1,1,0,0,0,0,0,0,0,0,0,0
2003,130495,1,1,0,0,0,0,0,0,0,0,0,0
2003,130495,2,1,0,0,0,0,0,0,0,0,0,0
2003,130496,1,1,12,12,12,12,12,12,12,12,12,12
2003,130497,1,1,0,0,0,0,0,0,0,0,0,0
2003,130497,2,1,0,0,0,0,0,0,0,0,0,0
2003,130497,3,1,0,0,42,21,0,0,14,0,0,0
2003,130498,1,1,0,0,0,0,0,0,0,0,0,0
2003,130499,1,1,0,0,0,0,0,0,0,0,0,0
2003,130499,2,1,0,0,0,0,0,0,0,0,0,0
2003,130500,1,1,0,0,0,0,0,0,0,0,0,0
2003,130500,2,1,0,0,0,0,0,0,0,0,0,0
2003,130501,1,1,0,0,0,0,0,0,0,0,0,0
2003,130501,2,1,0,0,0,0,0,0,0,0,0,0
2003,130501,3,1,0,0,0,0,0,0,0,0,0,6
2003,130501,4,1,0,0,0,0,0,0,0,0,0,0
2003,130502,1,1,0,0,0,0,0,0,0,0,0,0
2003,130502,2,1,0,0,0,0,0,0,0,0,0,0
2003,130503,1,1,0,0,0,0,0,0,0,0,0,0
2003,130504,1,1,10,10,10,10,10,10,10,10,10,10
2003,130505,1,1,0,0,0,0,0,0,0,0,0,0
2003,130505,2,1,0,0,0,0,0,0,0,0,0,0
2003,130505,3,1,0,0,0,0,0,0,0,0,0,0
2003,130506,1,1,0,0,0,0,0,0,0,0,0,0
2003,130507,1,1,12,12,12,12,12,12,12,12,12,12
2003,130508,1,1,27,27,27,27,27,27,27,27,27,27
2003,130508,2,1,0,0,0,0,0,0,0,0,0,0
2003,130509,1,1,0,0,0,0,0,0,0,0,0,0
2003,130509,2,1,0,0,0,0,0,0,0,0,0,0
2003,130509,3,1,0,0,0,0,0,0,0,0,0,0
2003,130509,4,1,0,0,0,0,21,0,0,0,0,0
2003,130510,1,1,0,0,0,0,0,0,0,0,0,0
2003,130510,2,1,0,0,0,0,0,0,0,0,0,0
2003,130511,1,1,29,16,0,16,8,0,0,15,0,10
2003,130511,2,1,0,0,0,0,0,0,0,0,0,0
2003,130512,1,1,25,15,27,16,26,18,7,4,13,10
2003,130513,1,1,24,24,24,24,24,24,24,24,24,24
2003,130513,2,1,0,0,0,0,0,0,0,0,0,0
2003,130514,0,1,8,8,23,12,0,0,0,0,0,0
2003,130514,1,1,0,0,0,0,0,0,0,0,0,0
2003,130515,1,1,10,0,0,0,0,0,0,0,27,0
2003,130516,1,1,0,13,9,28,11,18,13,13,21,11
2003,130516,2,1,0,0,0,0,0,0,0,0,0,0
2003,130517,1,1,0,0,0,16,0,0,0,0,0,0
2003,130518,1,1,0,0,0,0,0,0,0,0,0,0
2003,130519,1,1,1,1,1,1,1,1,1,1,1,1
2003,130519,2,1,0,0,0,0,0,0,0,0,0,0
2003,130520,1,1,0,0,0,0,0,0,0,0,0,0
2003,130520,2,1,0,0,0,0,0,0,0,0,0,0
2003,130521,1,1,0,0,0,0,0,0,0,0,0,0
2003,130522,1,1,0,0,0,0,0,0,0,0,0,0
2003,130522,2,1,0,0,0,0,0,0,0,0,0,0
2003,130523,1,1,0,0,0,0,0,0,0,0,0,0
2003,130524,1,1,0,0,0,0,0,0,0,0,0,0
2003,130524,2,1,0,0,0,0,0,0,0,0,0,0
2003,130525,1,1,2,2,2,2,2,2,2,2,2,2
2003,130526,1,1,0,0,0,0,0,0,0,0,0,0
2003,130527,0,1,0,0,0,0,0,0,0,0,0,0
2003,130527,1,1,0,0,0,0,0,0,0,0,0,0
2003,130528,1,1,9,0,14,0,0,0,0,0,0,0
2003,130529,1,1,0,0,0,0,0,0,0,0,0,0
2003,130529,2,1,0,0,0,0,0,0,0,0,0,0
2003,130530,1,1,15,15,15,15,15,15,15,15,15,15
2003,130531,1,1,0,0,0,0,0,0,0,0,0,0
2003,130531,2,1,0,0,0,0,0,0,0,0,0,0
2003,130532,1,1,0,0,0,0,0,0,0,0,0,0
2003,130532,2,1,0,0,0,0,0,0,0,0,0,0
2003,130533,0,1,0,0,0,0,0,0,0,0,0,0
2003,130533,0,2,0,0,23,0,0,12,0,0,32,7
2003,130533,1,1,0,0,0,0,0,0,0,0,0,0
2003,130533,2,1,0,0,0,0,0,0,0,0,0,0
2003,130534,1,1,0,0,0,0,0,0,0,0,0,0
2003,130536,1,1,0,0,0,0,0,0,0,0,0,0
2003,130537,1,1,0,0,0,0,0,0,0,0,0,11
2003,130537,2,1,0,0,0,0,0,0,0,0,0,0
2003,130538,0,1,0,0,44,0,24,13,0,18,0,17
2003,130538,1,1,0,0,0,0,0,0,0,0,0,0
2003,130539,1,1,0,0,0,0,0,0,0,0,0,0
2003,130540,1,1,0,0,0,0,0,0,0,0,0,0
2003,130540,2,1,0,0,0,0,0,0,0,0,0,0
2003,130541,1,1,0,0,0,0,0,0,0,0,0,0
2003,130542,1,1,0,0,0,0,0,0,0,0,0,0
2003,130542,2,1,0,0,0,0,0,0,0,0,0,0
2003,130543,1,1,0,0,0,0,0,0,0,0,0,0
2003,130543,2,1,0,0,0,0,0,0,0,0,0,0
2003,130544,1,1,0,0,0,0,0,0,0,0,0,0
2003,130544,2,1,6,0,0,0,0,0,0,0,0,0
2003,130545,1,1,0,0,0,0,0,0,0,0,0,0
2003,130545,2,1,0,0,0,0,0,0,0,0,0,0
2003,130546,1,1,8,8,8,8,8,8,8,8,8,8
2003,130546,2,1,0,0,0,0,0,0,0,0,0,0
2003,130546,3,1,0,0,0,0,0,0,0,0,0,0
2003,130547,1,1,0,0,0,0,0,0,0,0,0,0
2003,130547,2,1,0,0,0,0,0,0,0,0,0,0
2003,130548,0,1,5,5,5,5,5,5,5,5,5,5
2003,130548,1,1,12,12,12,12,12,12,12,12,12,12
2003,130549,1,1,15,0,0,0,0,0,0,6,0,0
2003,130550,1,1,0,0,0,0,0,0,0,0,0,0
2003,130550,2,1,0,0,0,0,0,0,0,0,0,0
2003,130551,1,1,12,12,12,12,12,12,12,12,12,12
2003,130552,1,1,0,0,0,0,0,0,0,0,0,0
2003,130552,2,1,0,0,0,0,0,0,0,0,0,0
2003,130553,1,1,22,7,0,0,10,32,0,21,0,0
2003,130553,2,1,0,0,0,0,0,0,0,0,0,0
2003,130554,1,1,14,14,14,14,14,14,14,14,14,14
2003,130554,2,1,0,0,0,0,0,0,0,0,0,0
2003,130555,0,1,24,24,24,24,24,24,24,24,24,24
2003,130555,1,1,0,0,0,0,0,0,0,0,0,0
2003,130556,1,1,0,0,0,0,0,0,0,0,0,0
2003,130556,2,1,0,0,0,0,0,0,0,0,0,0
2003,130557,1,1,0,0,0,0,0,0,0,0,0,0
2003,130558,1,1,23,23,23,23,23,23,23,23,23,23
2003,130559,1,1,0,0,0,0,0,0,0,0,0,0
2003,130559,2,1,0,0,0,0,0,0,0,0,0,0
2003,130560,1,1,0,0,0,0,0,0,0,0,0,0
2003,130560,2,1,0,0,0,0,0,0,0,0,0,0
2003,130561,1,1,14,14,14,14,14,14,14,14,14,14
2003,130562,1,1,0,0,0,0,0,0,0,0,0,0
2003,130563,1,1,34,34,34,34,34,34,34,34,34,34
2003,130564,0,1,0,0,0,0,0,0,0,0,0,0
2003,130564,1,1,0,0,0,0,0,0,0,0,0,0
2003,130565,1,1,0,0,0,0,0,0,0,0,0,0
2003,130566,1,1,0,0,0,0,0,0,0,0,0,0
2003,130566,2,1,0,0,0,0,0,0,0,0,0,0
2003,130566,3,1,0,0,0,0,0,0,0,0,0,0
2003,130567,1,1,0,0,0,0,0,0,0,0,0,0
2003,130568,1,1,5,5,5,5,5,5,5,5,5,5
2003,130568,2,1,0,0,0,0,0,0,0,0,0,0
2003,130569,1,1,0,0,0,0,0,0,0,0,0,0
2003,130570,0,1,0,0,0,0,0,0,0,0,0,0
2003,130570,0,2,0,0,0,0,0,0,39,12,12,14
2003,130570,1,1,0,19,0,18,0,0,0,24,15,16
2003,130571,0,1,0,0,0,0,0,0,0,0,0,0
2003,130571,1,1,0,0,0,0,0,0,0,0,0,0
2003,130572,1,1,16,16,16,16,16,16,16,16,16,16
2003,130573,1,1,8,23,0,0,0,0,6,0,0,11
2003,130574,1,1,0,0,0,0,0,0,0,0,0,0
2003,130575,1,1,0,0,0,0,0,0,0,0,0,0
2003,130576,0,1,0,0,0,0,0,0,0,0,0,0
2003,130576,1,1,0,0,12,0,0,0,0,0,0,0
2003,130576,2,1,0,0,9,0,0,0,0,0,0,0
2003,130577,1,1,15,15,15,15,15,15,15,15,15,15
2003,130578,1,1,0,0,0,0,0,0,0,0,0,0
2003,130578,2,1,0,0,0,0,0,0,0,0,0,0
2003,130579,1,1,0,0,0,0,0,0,0,0,0,0
2003,130579,2,1,0,0,0,0,0,0,0,0,0,0
2003,130580,1,1,8,8,8,8,8,8,8,8,8,8
2003,130581,1,1,6,6,6,6,6,6,6,6,6,6
2003,130581,2,1,0,0,0,0,0,0,0,0,0,0
2003,130582,1,1,0,0,0,0,0,0,0,0,0,0
2003,130582,2,1,0,0,0,0,0,0,0,0,0,0
2003,130582,3,1,0,0,0,0,0,0,0,0,0,0
2003,130582,4,1,0,0,0,0,0,0,0,0,0,0
2003,130583,1,1,41,41,41,41,41,41,41,41,41,41
2003,130584,1,1,0,0,0,0,0,0,0,0,0,0
2003,130584,2,1,0,0,0,0,20,0,34,29,3,0
2003,130585,0,1,0,0,0,0,0,0,0,0,0,0
2003,130585,1,1,0,0,0,0,0,0,0,0,0,0
2003,130586,1,1,0,0,0,0,0,0,0,0,0,0
2003,130586,2,1,0,0,0,0,0,0,0,0,0,0
2003,130587,1,1,0,0,0,0,0,0,0,0,0,0
2003,130587,2,1,0,0,0,0,0,0,0,0,0,0
2003,130587,3,1,0,0,0,0,0,0,0,0,0,0
2003,130588,1,1,0,0,0,0,0,0,0,0,0,0
2003,130588,2,1,0,0,0,0,0,0,0,0,0,0
2003,130588,3,1,0,0,0,0,0,0,0,0,0,0
2003,130589,0,1,0,0,0,0,0,0,0,0,0,0
2003,130589,1,1,0,0,0,0,0,0,0,0,0,0
2003,130590,1,1,0,0,14,13,9,21,0,0,0,17
2003,130591,1,1,0,0,0,0,0,0,0,0,0,0
2003,130591,2,1,0,0,0,0,0,0,0,0,0,0
2003,130592,1,1,0,0,0,0,0,0,0,0,0,0
2003,130593,1,1,0,0,0,0,0,0,0,0,0,0
2003,130593,2,1,0,0,0,0,0,0,0,0,0,0
2003,130594,1,1,0,0,0,0,0,0,0,0,0,0
2003,130595,0,1,26,26,26,26,26,26,26,26,26,26
2003,130595,1,1,0,0,0,0,0,0,0,0,0,0
2003,130596,1,1,15,15,15,15,15,15,15,15,15,15
2003,130597,1,1,0,0,0,0,0,0,0,0,0,0
2003,130597,2,1,0,0,0,0,0,0,0,0,0,0
2003,130598,1,1,13,13,13,13,13,13,13,13,13,13
2003,130599,1,1,0,0,0,0,0,0,0,0,0,0
2003,130599,2,1,0,0,0,0,0,0,0,0,0,0
2003,130599,3,1,0,0,0,0,0,0,0,0,0,0
2003,130600,1,1,0,0,0,0,0,0,0,0,0,0
2003,130600,2,1,0,0,0,0,0,0,0,0,0,0
2003,130601,1,1,0,0,0,0,0,0,0,0,0,0
2003,130601,2,1,0,0,0,0,0,0,0,0,0,0
2003,130601,3,1,0,0,0,0,0,0,0,0,0,0
2003,130601,4,1,0,0,0,0,0,0,0,0,0,0
2003,130602,1,1,0,0,0,0,0,0,0,0,0,0
2003,130602,2,1,0,0,0,0,0,0,0,0,0,0
2003,130603,1,1,19,0,9,0,12,16,0,11,0,0
2003,130604,1,1,0,0,0,0,0,0,0,0,0,0
2003,130605,0,1,28,28,28,28,28,28,28,28,28,28
2003,130605,1,1,0,0,0,0,0,0,0,0,0,0
2003,130606,1,1,25,25,25,25,25,25,25,25,25,25
2003,130607,1,1,0,0,0,0,0,0,0,0,0,0
2003,130608,1,1,0,0,0,0,0,0,0,0,0,0
2003,130608,2,1,0,0,0,0,0,0,0,0,0,0
2003,130609,1,1,0,0,0,0,0,0,0,0,0,0
2003,130609,2,1,0,0,0,0,0,0,0,0,0,0
2003,130610,1,1,15,15,15,15,15,15,15,15,15,15
2003,130611,1,1,0,0,0,0,0,0,0,0,0,0
2003,130611,2,1,0,0,0,0,0,0,0,0,0,0
2003,130612,1,1,0,0,0,0,0,0,0,0,0,0
2003,130613,1,1,22,22,22,22,22,22,22,22,22,22
2003,130614,1,1,0,0,13,0,0,0,0,0,8,0
2003,130614,2,1,0,0,0,0,0,0,0,0,0,0
2003,130615,1,1,0,0,0,0,0,0,0,0,0,0
2003,130616,0,1,0,0,0,0,0,0,0,0,0,0
2003,130616,1,1,0,0,0,0,0,0,0,0,0,0
2003,130617,1,1,0,0,0,0,0,0,0,0,0,0
2003,130617,2,1,0,0,0,0,0,0,0,0,0,0
2003,130618,1,1,0,0,0,0,0,0,0,0,0,0
2003,130619,0,1,20,8,34,45,32,16,12,20,16,34
2003,130619,1,1,0,0,0,0,0,0,0,0,0,0
2003,130620,0,1,7,7,7,7,7,7,7,7,7,7
2003,130620,1,1,0,17,0,18,0,7,0,0,0,0
2003,130621,1,1,0,0,0,0,0,0,0,0,0,0
2003,130621,2,1,0,0,0,0,0,0,0,0,0,0
2003,130622,1,1,0,0,0,0,0,0,0,0,0,0
2003,130623,1,1,0,0,0,0,0,0,0,0,0,0
2003,130624,0,1,29,29,29,29,29,29,29,29,29,29
2003,130624,1,1,0,0,0,0,0,0,0,0,0,0
2003,130625,0,1,0,0,0,0,0,0,0,0,0,0
2003,130625,1,1,0,0,0,0,0,0,0,0,0,0
2003,130626,0,1,0,0,0,0,0,0,0,0,0,0
2003,130626,1,1,0,0,0,0,0,0,0,0,0,0
2003,130627,1,1,3,3,3,3,3,3,3,3,3,3
2003,130627,2,1,0,0,0,0,0,0,0,0,0,0
2003,130628,0,1,0,20,17,0,0,0,0,0,0,0
2003,130628,1,1,0,0,0,0,0,0,0,0,0,0
2003,130629,1,1,29,29,29,29,29,29,29,29,29,29
2003,130629,2,1,0,0,0,0,0,0,0,0,0,0
2003,130630,1,1,8,8,8,8,8,8,8,8,8,8
2003,130631,1,1,0,0,0,0,0,0,0,0,0,0
2003,130632,1,1,8,8,8,8,8,8,8,8,8,8
2003,130632,2,1,0,0,0,0,0,0,0,0,0,0
2003,130633,1,1,0,0,0,0,0,0,0,0,0,0
2003,130633,2,1,0,0,0,0,0,0,0,0,0,0
2003,130634,1,1,0,0,0,0,0,0,0,0,0,0
2003,130635,0,1,0,20,16,33,13,0,14,0,32,0
2003,130635,1,1,0,0,0,0,0,0,0,0,0,0
2003,130635,2,1,0,0,0,0,0,0,0,0,0,0
2003,130635,3,1,0,0,0,0,0,0,0,0,0,0
2003,130636,1,1,33,0,0,0,0,0,0,0,0,16
2003,130637,1,1,0,0,0,0,0,0,0,0,0,0
2003,130638,1,1,0,0,0,0,0,0,0,0,0,0
2003,130639,1,1,0,0,0,0,0,0,0,0,0,0
2003,130639,2,1,0,0,0,0,0,0,0,0,0,0
2003,130640,1,1,0,0,0,0,0,0,0,0,0,0
2003,130641,1,1,0,0,0,0,0,0,0,0,0,0
2003,130641,2,1,0,0,0,0,0,0,0,0,0,0
2003,130641,3,1,0,0,0,0,0,0,0,0,0,0
2003,130642,1,1,0,0,0,0,0,0,0,0,0,0
2003,130643,1,1,0,0,0,0,0,0,0,0,0,0
2003,130643,2,1,0,0,0,0,0,0,0,0,0,0
2003,130644,0,1,4,4,4,4,4,4,4,4,4,4
2003,130644,1,1,3,3,3,3,3,3,3,3,3,3
2003,130645,1,1,0,0,0,0,0,0,0,0,0,0
2003,130646,1,1,0,0,0,0,0,0,0,0,0,0
2003,130646,2,1,0,0,0,0,0,0,0,0,0,0
2003,130647,1,1,20,20,20,20,20,20,20,20,20,20
2003,130648,1,1,17,17,17,17,17,17,17,17,17,17
2003,130648,2,1,0,0,0,0,0,0,0,0,0,0
2003,130648,3,1,0,0,0,0,0,0,0,0,0,0
2003,130649,1,1,0,0,0,0,0,0,0,0,0,0
2003,130649,2,1,0,0,0,0,0,0,0,0,0,0
2003,130650,1,1,0,0,0,0,0,0,0,0,0,0
2003,130650,2,1,0,0,0,0,0,0,0,0,0,0
2003,130651,1,1,8,8,8,8,8,8,8,8,8,8
2003,130652,1,1,0,0,0,0,0,0,0,0,0,0
2003,130652,2,1,0,0,0,0,0,0,0,0,0,0
2003,130653,1,1,0,0,0,0,0,0,0,0,0,0
2003,130653,2,1,0,0,0,0,0,0,0,0,0,0
2003,130654,1,1,0,0,0,0,0,0,0,0,0,0
2003,130654,2,1,0,0,0,0,0,0,0,0,0,0
2003,130655,1,1,8,8,8,8,8,8,8,8,8,8
2003,130655,2,1,0,0,0,0,0,0,0,0,0,0
2003,130656,1,1,0,0,0,0,0,0,0,0,0,0
2003,130657,1,1,0,0,0,0,0,0,0,0,0,0
2003,130658,0,1,0,0,0,0,0,0,0,0,0,0
2003,130658,1,1,0,0,0,0,0,0,0,0,0,0
2003,130659,0,1,33,33,33,33,33,33,33,33,33,33
2003,130659,1,1,0,0,0,0,0,0,0,0,0,0
2003,130660,1,1,13,13,13,13,13,13,13,13,13,13
2003,130661,0,1,0,0,0,0,0,0,0,0,0,0
2003,130661,1,1,0,0,0,0,0,0,0,0,0,0
2003,130662,1,1,0,0,0,0,0,0,0,0,0,0
2003,130663,1,1,0,0,0,0,0,0,0,0,0,0
2003,130663,2,1,0,0,0,0,0,0,0,0,0,0
2003,130664,1,1,26,26,26,26,26,26,26,26,26,26
2003,130665,1,1,0,0,0,0,0,0,0,0,0,0
2003,130665,2,1,0,0,0,0,0,0,0,0,0,0
2003,130666,1,1,0,0,0,0,0,0,0,0,0,0
2003,130667,1,1,0,0,0,0,0,0,0,0,0,0
2003,130668,0,1,4,4,4,4,4,4,4,4,4,4
2003,130668,1,1,0,0,0,0,0,0,0,0,0,0
2003,130669,1,1,0,0,0,0,0,0,0,0,0,0
2003,130669,2,1,0,0,0,0,0,0,0,0,0,0
2003,130669,3,1,0,0,0,0,0,0,0,0,0,0
2003,130670,1,1,0,0,0,0,0,0,0,0,0,0
2003,130671,1,1,0,0,0,0,0,0,0,0,0,0
2003,130672,1,1,0,0,0,0,0,0,0,0,0,0
2003,130672,2,1,0,0,0,0,0,0,0,0,0,0
2003,130673,1,1,0,0,0,0,0,0,0,0,0,0
2003,130673,2,1,0,0,0,0,0,0,0,0,0,0
2003,130674,1,1,0,0,0,0,0,0,0,0,0,0
2003,130675,1,1,9,9,9,9,9,9,9,9,9,9
2003,130676,1,1,0,0,0,0,0,0,0,0,0,0
2003,130676,2,1,0,0,0,0,0,0,0,0,0,0
2003,130677,1,1,0,0,0,0,0,0,0,0,0,0
2003,130677,2,1,0,0,0,0,0,0,0,0,0,0
2003,130678,1,1,7,7,7,7,7,7,7,7,7,7
2003,130679,1,1,8,8,8,8,8,8,8,8,8,8
2003,130680,1,1,16,16,16,16,16,16,16,16,16,16
2003,130681,1,1,24,24,24,24,24,24,24,24,24,24
2003,130682,1,1,19,0,29,0,0,19,0,10,0,12
2003,130683,1,1,0,0,0,0,0,0,0,0,0,0
2003,130684,1,1,0,0,0,0,0,0,0,0,0,0
2003,130684,2,1,0,0,0,0,0,0,0,0,0,0
2003,130685,1,1,17,17,17,17,17,17,17,17,17,17
2003,130686,1,1,0,0,0,0,0,0,0,0,0,0
2003,130687,1,1,5,5,5,5,5,5,5,5,5,5
2003,130687,2,1,0,0,0,0,0,0,0,0,0,0
2003,130688,1,1,0,0,0,0,0,0,0,0,0,0