YEAR,ST_CASE,veh_no,per_no,P1,P2,P3,P4,P5,P6,P7,P8,P9,P10
2003,130688,2,1,0,0,0,0,0,0,0,0,0,0
2003,130689,0,1,0,0,0,0,0,0,0,0,0,0
2003,130689,1,1,0,0,0,0,0,0,0,0,0,0
2003,130689,2,1,0,0,0,0,0,0,0,0,0,0
2003,130690,1,1,12,12,12,12,12,12,12,12,12,12
2003,130691,1,1,11,11,11,11,11,11,11,11,11,11
2003,130692,1,1,0,0,0,0,0,0,0,0,0,0
2003,130692,2,1,0,0,0,0,0,0,0,0,0,0
2003,130693,1,1,0,0,0,0,0,0,0,0,0,0
2003,130694,1,1,0,0,0,0,0,0,0,0,0,0
2003,130694,2,1,0,0,0,0,0,0,0,0,0,0
2003,130695,1,1,0,0,0,0,0,0,0,0,0,0
2003,130695,2,1,0,0,0,0,0,0,0,0,0,0
2003,130696,1,1,0,0,0,0,0,0,0,4,0,0
2003,130697,1,1,28,28,28,28,28,28,28,28,28,28
2003,130697,2,1,0,0,0,0,0,0,0,0,0,0
2003,130697,3,1,0,0,0,0,0,0,0,0,0,0
2003,130698,1,1,0,0,0,0,0,0,0,0,0,0
2003,130698,2,1,0,0,0,0,0,0,0,0,0,0
2003,130699,0,1,29,29,29,29,29,29,29,29,29,29
2003,130699,1,1,0,0,0,0,0,0,0,0,0,0
2003,130700,1,1,18,18,18,18,18,18,18,18,18,18
2003,130701,1,1,0,0,0,0,0,0,0,0,0,0
2003,130702,0,1,0,0,0,0,0,0,0,0,0,0
2003,130702,1,1,14,14,14,14,14,14,14,14,14,14
2003,130703,1,1,0,0,0,0,0,0,0,0,0,0
2003,130703,2,1,0,0,0,0,0,0,0,0,0,0
2003,130704,1,1,0,0,0,0,0,0,0,0,0,0
2003,130705,1,1,19,19,19,19,19,19,19,19,19,19
2003,130706,1,1,0,0,0,0,0,0,0,0,0,0
2003,130707,1,1,0,0,0,0,0,0,0,0,0,0
2003,130708,0,1,0,0,0,0,24,11,0,0,0,13
2003,130708,1,1,0,0,0,0,0,0,0,0,0,0
2003,130709,1,1,0,0,0,0,0,0,0,0,0,0
2003,130709,2,1,0,0,0,0,0,0,0,0,0,0
2003,130710,1,1,0,0,0,0,0,0,0,0,0,0
2003,130710,2,1,0,0,0,0,0,0,0,0,0,0
2003,130711,1,1,0,0,0,19,8,0,0,0,0,0
2003,130712,1,1,18,18,18,18,18,18,18,18,18,18
2003,130712,2,1,0,0,0,0,0,0,0,0,0,0
2003,130713,0,1,22,22,22,22,22,22,22,22,22,22
2003,130714,1,1,0,0,0,0,0,0,0,0,0,0
2003,130714,2,1,0,0,0,0,0,0,0,0,0,0
2003,130714,3,1,0,0,0,0,0,0,0,0,0,0
2003,130715,1,1,0,0,0,0,0,0,0,0,0,0
2003,130716,1,1,0,0,0,0,0,0,0,0,0,0
2003,130717,0,1,0,0,22,6,12,0,0,30,0,0
2003,130717,1,1,4,4,4,4,4,4,4,4,4,4
2003,130717,2,1,0,0,0,0,0,0,0,0,0,0
2003,130717,3,1,0,0,0,0,0,0,0,0,0,0
2003,130718,1,1,14,14,14,14,14,14,14,14,14,14
2003,130718,2,1,0,0,0,0,0,0,0,0,0,0
2003,130719,0,1,0,0,0,0,0,0,0,0,0,0
2003,130719,1,1,0,0,0,0,0,0,0,0,0,0
2003,130720,1,1,0,0,0,0,0,0,0,0,0,0
2003,130720,2,1,0,0,0,0,0,0,0,0,0,0
2003,130721,1,1,0,0,0,0,0,0,0,0,0,0
2003,130721,2,1,0,0,0,0,0,0,0,0,0,0
2003,130722,1,1,0,0,0,0,0,0,0,0,0,0
2003,130723,1,1,0,0,0,0,0,0,0,0,0,0
2003,130724,1,1,0,0,0,0,0,0,0,0,0,0
2003,130725,1,1,0,0,0,0,0,0,0,0,0,0
2003,130725,2,1,0,0,0,0,0,0,0,0,0,0
2003,130726,0,1,0,0,0,0,0,0,0,0,15,0
2003,130726,1,1,0,0,0,0,0,0,0,0,0,0
2003,130727,0,1,20,20,20,20,20,20,20,20,20,20
2003,130727,1,1,7,16,0,16,19,0,17,0,0,25
2003,130728,1,1,0,0,0,0,0,0,0,0,0,0
2003,130729,1,1,22,22,22,22,22,22,22,22,22,22
2003,130730,1,1,8,8,8,8,8,8,8,8,8,8
2003,130731,1,1,0,0,0,0,0,0,0,0,0,0
2003,130731,2,1,0,0,0,0,0,0,0,0,0,0
2003,130731,3,1,0,0,0,0,0,0,0,0,0,0
2003,130732,1,1,0,0,0,0,0,0,0,0,0,0
2003,130732,2,1,0,0,0,0,0,0,0,0,0,0
2003,130733,1,1,0,0,0,0,0,0,0,0,0,0
2003,130733,2,1,0,0,0,0,0,11,0,0,9,0
2003,130734,1,1,1,1,1,1,1,1,1,1,1,1
2003,130734,2,1,0,0,0,0,0,0,0,0,0,0
2003,130735,1,1,0,0,0,0,0,0,0,0,0,0
2003,130736,1,1,0,0,0,0,0,0,0,0,0,0
2003,130736,2,1,0,0,0,0,0,0,0,0,0,0
2003,130737,1,1,0,0,0,0,0,0,0,0,0,0
2003,130738,1,1,24,24,24,24,24,24,24,24,24,24
2003,130739,1,1,0,0,0,0,0,0,0,0,0,0
2003,130740,0,1,0,0,0,0,0,0,0,0,0,0
2003,130740,1,1,0,0,0,0,0,0,0,0,0,0
2003,130741,0,1,0,0,0,0,0,0,0,0,0,0
2003,130741,0,2,0,0,0,0,0,0,0,0,0,0
2003,130741,1,1,18,0,0,0,0,7,16,0,15,9
2003,130742,0,1,0,0,0,16,0,0,19,12,0,14
2003,130742,1,1,0,0,0,0,0,0,0,0,0,0
2003,130743,1,1,0,0,0,0,0,0,0,0,0,0
2003,130743,2,1,0,0,0,0,0,0,0,0,0,0
2003,130744,0,1,0,0,0,0,0,0,0,0,0,0
2003,130744,1,1,0,0,0,0,0,0,0,0,0,0
2003,130745,0,1,0,0,0,0,0,0,0,0,0,0
2003,130745,1,1,15,15,15,15,15,15,15,15,15,15
2003,130746,0,1,19,19,19,19,19,19,19,19,19,19
2003,130746,1,1,0,0,0,0,0,0,0,0,0,0
2003,130747,1,1,0,0,0,0,0,0,0,0,0,0
2003,130748,1,1,15,15,15,15,15,15,15,15,15,15
2003,130748,2,1,0,0,0,0,0,0,0,0,0,0
2003,130749,1,1,0,0,0,0,0,0,0,0,0,0
2003,130750,1,1,0,0,0,0,0,0,0,0,0,0
2003,130751,0,1,0,0,0,0,0,0,0,0,0,0
2003,130751,1,1,0,0,0,0,0,0,0,0,0,0
2003,130752,1,1,15,15,15,15,15,15,15,15,15,15
2003,130753,1,1,0,0,0,0,0,0,0,0,0,0
2003,130753,2,1,0,0,0,0,0,0,0,0,12,0
2003,130754,1,1,26,26,26,26,26,26,26,26,26,26
2003,130755,1,1,14,14,14,14,14,14,14,14,14,14
2003,130756,1,1,0,0,0,0,0,0,0,0,0,0
2003,130756,2,1,3,3,3,3,3,3,3,3,3,3
2003,130757,1,1,0,0,0,0,0,0,0,0,0,0
2003,130758,1,1,21,21,21,21,21,21,21,21,21,21
2003,130759,1,1,0,0,0,0,0,0,0,0,0,0
2003,130759,2,1,0,0,0,0,0,0,0,0,0,0
2003,130760,1,1,17,17,17,17,17,17,17,17,17,17
2003,130761,1,1,0,0,0,0,0,0,0,0,0,0
2003,130761,2,1,20,20,20,20,20,20,20,20,20,20
2003,130761,3,1,0,0,0,0,0,0,0,0,0,0
2003,130761,4,1,0,0,0,0,0,0,0,0,0,0
2003,130762,1,1,0,0,0,0,0,0,0,0,0,0
2003,130762,2,1,0,0,0,0,0,0,0,0,0,0
2003,130762,3,1,0,0,0,0,0,0,0,0,0,0
2003,130763,1,1,0,0,0,0,0,0,0,0,0,0
2003,130763,2,1,0,0,0,0,0,0,0,0,0,0
2003,130764,1,1,0,0,0,0,0,0,0,0,0,0
2003,130764,2,1,0,0,0,0,9,0,0,0,0,0
2003,130765,1,1,0,0,0,0,0,0,0,0,0,0
2003,130765,2,1,0,0,0,0,0,0,0,0,0,0
2003,130765,3,1,0,0,0,0,0,0,0,0,0,0
2003,130766,1,1,0,0,0,0,0,0,0,0,0,0
2003,130767,0,1,0,0,0,0,0,0,0,0,0,0
2003,130767,1,1,0,0,0,0,0,0,0,0,0,0
2003,130768,1,1,0,0,0,0,0,0,0,0,0,0
2003,130769,1,1,0,0,0,0,0,0,0,0,0,0
2003,130769,2,1,0,0,0,0,0,0,0,0,0,0
2003,130770,1,1,0,0,0,0,0,0,0,0,0,0
2003,130771,1,1,0,0,0,0,0,0,0,0,0,0
2003,130772,1,1,0,0,0,0,0,0,0,0,0,0
2003,130772,2,1,0,0,0,0,0,0,0,0,0,0
2003,130773,1,1,0,0,0,0,0,0,0,0,0,0
2003,130774,1,1,0,0,0,0,0,0,0,0,11,0
2003,130775,1,1,0,0,0,0,0,0,0,0,0,0
2003,130775,2,1,0,0,0,0,0,0,0,0,0,0
2003,130776,1,1,14,14,14,14,14,14,14,14,14,14
2003,130777,1,1,0,0,0,0,0,0,0,0,0,0
2003,130777,2,1,0,0,0,0,0,0,0,0,0,0
2003,130777,3,1,0,0,0,0,0,0,0,0,0,0
2003,130778,1,1,0,0,0,0,0,0,0,0,0,0
2003,130779,1,1,0,0,0,0,0,0,0,0,0,0
2003,130780,1,1,0,5,18,25,27,46,19,0,24,0
2003,130781,1,1,18,18,18,18,18,18,18,18,18,18
2003,130781,2,1,0,0,0,0,0,0,0,0,0,0
2003,130782,1,1,20,20,20,20,20,20,20,20,20,20
2003,130782,2,1,0,0,0,0,0,0,0,0,0,0
2003,130783,1,1,0,0,0,0,0,0,0,0,0,0
2003,130783,2,1,0,0,0,0,0,0,0,0,0,0
2003,130783,3,1,0,0,0,0,0,0,0,0,0,0
2003,130784,1,1,10,10,10,10,10,10,10,10,10,10
2003,130784,2,1,14,14,14,14,14,14,14,14,14,14
2003,130784,3,1,0,0,0,0,0,0,0,0,0,0
2003,130785,0,1,12,12,12,12,12,12,12,12,12,12
2003,130785,1,1,0,0,0,0,0,0,0,0,0,0
2003,130786,1,1,0,0,0,0,0,0,0,0,0,0
2003,130787,1,1,21,7,6,8,6,8,10,6,19,29
2003,130788,1,1,0,0,0,0,0,0,0,0,0,0
2003,130789,1,1,0,0,0,0,0,0,0,0,0,0
2003,130790,0,1,0,0,0,0,0,0,0,0,0,0
2003,130790,1,1,0,0,0,0,0,0,0,0,0,0
2003,130791,1,1,6,6,6,6,6,6,6,6,6,6
2003,130792,1,1,0,0,0,0,0,0,0,0,0,0
2003,130793,1,1,1,1,1,1,1,1,1,1,1,1
2003,130794,1,1,0,0,0,0,0,0,0,23,27,34
2003,130794,2,1,0,0,0,0,0,0,0,0,0,0
2003,130794,3,1,0,0,0,0,0,0,0,0,0,0
2003,130795,1,1,0,0,26,0,0,0,0,0,0,0
2003,130795,2,1,0,0,0,0,0,0,0,0,0,0
2003,130795,3,1,0,0,0,0,0,0,0,0,0,0
2003,130796,1,1,26,26,26,26,26,26,26,26,26,26
2003,130796,2,1,0,0,0,0,0,0,0,0,0,0
2003,130797,1,1,0,0,0,0,0,0,0,0,0,0
2003,130797,2,1,0,0,0,0,0,0,0,0,0,0
2003,130797,3,1,0,0,0,0,0,0,0,0,0,0
2003,130798,1,1,0,0,0,0,0,0,0,0,0,0
2003,130798,2,1,0,0,0,0,0,0,0,0,0,0
2003,130799,1,1,0,0,0,0,0,0,0,0,0,0
2003,130799,2,1,0,0,0,0,0,0,0,0,0,0
2003,130800,1,1,18,18,18,18,18,18,18,18,18,18
2003,130801,1,1,0,0,0,0,0,0,0,0,0,0
2003,130802,1,1,0,0,0,0,0,0,0,0,0,0
2003,130803,1,1,0,0,0,0,0,0,0,0,0,0
2003,130803,2,1,0,0,0,0,0,0,0,0,0,0
2003,130804,1,1,0,0,0,0,0,0,0,0,0,0
2003,130805,1,1,0,0,0,17,0,0,0,0,0,0
2003,130806,1,1,0,0,0,0,0,0,0,0,0,0
2003,130806,2,1,0,0,0,0,0,0,0,0,0,0
2003,130806,3,1,0,0,0,0,0,0,0,0,0,0
2003,130807,1,1,0,0,0,0,0,0,0,0,0,0
2003,130807,2,1,0,0,0,0,0,0,0,0,0,0
2003,130808,1,1,0,0,0,0,0,0,0,0,0,0
2003,130808,2,1,0,0,0,0,0,0,0,0,0,0
2003,130809,1,1,9,9,9,9,9,9,9,9,9,9
2003,130810,1,1,0,0,0,0,0,0,0,0,0,0
2003,130810,2,1,0,0,0,0,0,0,0,0,0,0
2003,130811,1,1,21,21,21,21,21,21,21,21,21,21
2003,130812,1,1,19,19,19,19,19,19,19,19,19,19
2003,130813,1,1,0,0,0,0,0,0,0,0,0,0
2003,130813,2,1,0,0,0,0,0,0,0,0,0,0
2003,130814,1,1,0,0,0,0,0,0,0,0,0,0
2003,130815,1,1,10,10,10,10,10,10,10,10,10,10
2003,130815,2,1,0,0,0,0,0,0,0,0,0,0
2003,130816,1,1,0,16,0,0,30,0,0,4,0,0
2003,130817,1,1,0,0,0,0,0,0,0,0,0,0
2003,130817,2,1,0,0,0,0,0,0,0,0,0,0
2003,130818,1,1,0,0,11,0,0,0,0,0,0,0
2003,130818,2,1,0,0,0,0,0,0,0,0,0,0
2003,130819,1,1,22,0,14,0,19,0,11,20,0,0
2003,130820,1,1,11,18,8,6,7,7,4,8,11,13
2003,130821,1,1,0,0,0,0,0,0,0,0,0,0
2003,130821,2,1,9,9,9,9,9,9,9,9,9,9
2003,130822,1,1,0,0,0,0,0,0,0,0,0,0
2003,130822,2,1,0,0,0,0,0,0,0,0,0,0
2003,130823,1,1,7,7,7,7,7,7,7,7,7,7
2003,130823,2,1,0,0,0,0,0,0,0,0,0,0
2003,130824,1,1,0,0,0,0,0,0,0,0,0,0
2003,130825,1,1,0,0,15,0,0,0,0,15,0,0
2003,130825,2,1,0,0,0,0,0,0,0,0,0,0
2003,130826,1,1,0,0,0,0,0,0,0,0,0,0
2003,130826,2,1,0,0,0,0,0,0,0,0,0,0
2003,130827,1,1,21,21,21,21,21,21,21,21,21,21
2003,130827,2,1,0,0,0,0,0,0,0,0,25,0
2003,130828,1,1,0,0,20,0,0,29,26,0,0,0
2003,130829,1,1,0,0,0,0,0,0,0,0,0,0
2003,130830,1,1,0,0,0,0,0,0,0,0,0,0
2003,130830,2,1,0,0,0,0,0,0,0,0,0,0
2003,130830,3,1,0,0,0,0,0,0,0,0,0,0
2003,130830,4,1,0,0,0,0,0,0,0,0,0,0
2003,130830,5,1,0,0,0,0,0,0,0,0,0,0
2003,130831,1,1,0,0,0,0,0,17,0,0,0,0
2003,130831,2,1,0,0,0,0,0,0,0,0,0,0
2003,130832,1,1,41,17,18,18,0,26,0,0,18,0
2003,130833,1,1,0,0,0,0,0,0,0,0,0,0
2003,130834,1,1,9,22,12,6,7,11,44,19,24,16
2003,130835,1,1,0,0,0,0,0,0,0,0,0,0
2003,130836,1,1,22,22,22,22,22,22,22,22,22,22
2003,130837,1,1,9,9,9,9,9,9,9,9,9,9
2003,130837,2,1,0,0,0,0,0,21,0,0,0,0
2003,130838,1,1,16,16,16,16,16,16,16,16,16,16
2003,130839,1,1,0,0,0,0,0,0,0,0,0,0
2003,130839,2,1,22,22,22,22,22,22,22,22,22,22
2003,130840,1,1,0,0,0,0,0,0,0,0,0,0
2003,130840,2,1,0,0,0,0,0,0,0,0,0,0
2003,130841,1,1,0,0,0,0,0,0,0,0,0,0
2003,130841,2,1,0,0,0,0,0,0,0,0,0,0
2003,130842,1,1,0,0,0,0,0,0,0,0,0,0
2003,130843,1,1,0,0,0,0,0,0,0,0,0,0
2003,130843,2,1,0,0,0,0,0,0,0,0,0,0
2003,130844,1,1,0,0,0,0,0,0,0,0,0,0
2003,130844,2,1,0,0,0,0,0,0,0,0,0,0
2003,130845,1,1,7,7,7,7,7,7,7,7,7,7
2003,130845,2,1,0,0,0,0,0,0,0,0,0,0
2003,130847,0,1,8,0,0,0,9,16,0,14,0,0
2003,130847,1,1,16,16,16,16,16,16,16,16,16,16
2003,130848,1,1,0,0,0,0,0,0,0,0,0,0
2003,130848,2,1,0,0,0,0,0,0,0,0,0,0
2003,130849,1,1,25,25,25,25,25,25,25,25,25,25
2003,130850,1,1,0,0,0,0,0,0,0,0,0,0
2003,130851,1,1,4,4,4,4,4,4,4,4,4,4
2003,130852,1,1,0,0,0,0,0,0,0,0,0,0
2003,130852,2,1,0,0,0,0,0,0,0,0,0,0
2003,130853,1,1,37,37,37,37,37,37,37,37,37,37
2003,130854,0,1,31,31,31,31,31,31,31,31,31,31
2003,130854,1,1,0,0,0,0,0,0,0,0,0,0
2003,130855,1,1,14,14,14,14,14,14,14,14,14,14
2003,130856,1,1,23,23,23,23,23,23,23,23,23,23
2003,130857,1,1,0,0,0,0,0,0,0,0,0,0
2003,130858,1,1,0,0,0,0,0,0,0,0,0,0
2003,130858,2,1,0,0,0,0,0,0,0,0,0,0
2003,130859,1,1,0,0,0,0,0,0,0,0,0,19
2003,130860,0,1,0,0,0,0,0,0,0,0,0,0
2003,130860,1,1,0,0,0,0,0,0,0,0,3,0
2003,130861,1,1,0,0,0,0,0,0,0,0,0,0
2003,130862,1,1,0,0,0,0,0,0,0,0,0,0
2003,130862,2,1,0,0,0,0,0,0,0,0,0,0
2003,130863,1,1,25,25,25,25,25,25,25,25,25,25
2003,130864,1,1,25,25,25,25,25,25,25,25,25,25
2003,130865,1,1,12,7,21,12,10,22,19,16,28,10
2003,130866,0,1,0,0,0,0,0,0,0,0,0,0
2003,130866,1,1,0,0,0,0,0,0,0,0,0,0
2003,130867,1,1,0,0,0,0,0,0,0,0,0,0
2003,130868,1,1,0,0,0,0,0,0,0,0,0,0
2003,130869,1,1,0,0,0,0,0,0,0,0,0,0
2003,130869,2,1,0,0,0,0,0,0,0,0,0,0
2003,130870,1,1,0,0,0,0,0,0,0,0,0,0
2003,130871,1,1,0,0,0,0,0,0,0,0,0,0
2003,130871,2,1,0,0,0,0,0,0,0,0,0,0
2003,130872,1,1,12,12,12,12,12,12,12,12,12,12
2003,130873,0,1,0,0,0,0,0,0,0,0,0,0
2003,130873,1,1,0,0,0,0,0,0,0,0,0,0
2003,130874,1,1,0,0,0,0,0,0,0,0,0,0
2003,130875,1,1,9,9,9,9,9,9,9,9,9,9
2003,130876,1,1,0,0,0,0,0,0,0,0,0,0
2003,130877,1,1,0,0,0,0,0,0,0,0,0,0
2003,130877,2,1,0,15,0,0,9,21,9,15,20,20
2003,130877,3,1,0,0,0,0,0,0,0,0,0,0
2003,130878,1,1,16,16,16,16,16,16,16,16,16,16
2003,130878,2,1,0,0,0,0,0,0,0,0,0,0
2003,130879,1,1,0,18,0,0,0,0,0,0,0,0
2003,130879,2,1,0,0,0,0,0,0,0,0,0,0
2003,130880,1,1,12,14,24,0,15,24,11,0,0,0
2003,130881,1,1,25,25,25,25,25,25,25,25,25,25
2003,130882,0,1,0,0,0,0,0,0,0,0,0,0
2003,130882,1,1,0,0,0,0,0,0,0,0,0,0
2003,130883,1,1,0,0,0,14,0,8,0,9,0,0
2003,130884,1,1,19,19,19,19,19,19,19,19,19,19
2003,130885,1,1,15,15,15,15,15,15,15,15,15,15
2003,130886,1,1,0,0,0,0,0,0,0,0,0,0
2003,130887,1,1,11,11,11,11,11,11,11,11,11,11
2003,130888,1,1,0,0,0,0,0,0,0,5,0,13
2003,130888,2,1,0,0,0,0,0,0,0,0,0,0
2003,130889,1,1,15,15,15,15,15,15,15,15,15,15
2003,130890,1,1,0,0,0,0,0,0,0,0,0,0
2003,130891,1,1,0,0,0,0,0,0,0,0,0,0
2003,130892,1,1,0,0,0,0,0,0,0,0,0,0
2003,130892,2,1,0,0,0,0,0,0,0,0,0,0
2003,130893,1,1,0,0,0,0,0,0,0,0,11,0
2003,130893,2,1,0,0,0,0,0,0,0,0,0,0
2003,130893,3,1,0,0,0,0,0,0,0,0,0,0
2003,130894,1,1,0,0,0,0,0,0,0,0,0,0
2003,130895,1,1,20,20,20,20,20,20,20,20,20,20
2003,130896,1,1,0,0,0,0,0,0,0,0,0,0
2003,130897,1,1,25,0,8,0,0,0,12,17,0,13
2003,130897,2,1,0,0,0,0,0,0,0,0,0,0
2003,130898,1,1,0,0,0,0,0,0,0,0,0,0
2003,130898,2,1,0,0,0,0,0,0,0,0,0,0
2003,130899,1,1,0,0,0,0,0,0,0,0,0,0
2003,130900,1,1,15,15,15,15,15,15,15,15,15,15
2003,130900,2,1,0,0,0,0,0,0,0,0,0,0
2003,130901,1,1,20,15,13,22,18,24,6,10,10,16
2003,130901,2,1,0,0,0,0,0,0,0,0,0,0
2003,130902,1,1,18,18,18,18,18,18,18,18,18,18
2003,130903,1,1,17,17,17,17,17,17,17,17,17,17
2003,130904,1,1,19,19,19,19,19,19,19,19,19,19
2003,130904,2,1,0,0,0,0,0,0,0,0,0,0
2003,130905,1,1,0,0,0,0,0,0,0,0,0,0
2003,130906,0,1,16,16,16,16,16,16,16,16,16,16
2003,130906,1,1,0,0,0,0,0,0,0,0,0,0
2003,130907,1,1,26,26,26,26,26,26,26,26,26,26
2003,130908,1,1,2,2,2,2,2,2,2,2,2,2
2003,130908,2,1,0,0,0,0,0,0,0,0,0,0
2003,130908,3,1,0,0,0,0,0,0,0,0,0,0
2003,130908,4,1,0,0,0,0,0,0,0,0,0,0
2003,130909,1,1,0,0,0,0,0,0,0,0,0,0
2003,130909,2,1,0,0,0,0,0,0,0,0,0,0
2003,130909,3,1,0,0,0,0,0,0,0,0,0,0
2003,130909,4,1,0,0,0,0,0,0,0,0,0,0
2003,130910,1,1,0,0,0,0,0,0,0,0,0,0
2003,130910,2,1,0,0,0,0,0,0,0,0,0,0
2003,130911,1,1,26,26,26,26,26,26,26,26,26,26
2003,130911,2,1,0,0,0,0,0,0,0,0,0,0
2003,130912,1,1,29,29,29,29,29,29,29,29,29,29
2003,130912,2,1,0,0,0,0,0,0,0,0,0,0
2003,130913,0,1,0,0,0,0,0,0,0,0,0,0
2003,130913,1,1,0,0,0,0,0,0,0,0,0,0
2003,130914,1,1,0,0,0,0,0,0,0,0,0,0
2003,130915,1,1,0,0,0,0,0,0,0,0,0,0
2003,130915,2,1,0,0,0,0,0,0,0,0,0,0
2003,130915,3,1,0,0,0,0,0,0,0,0,0,0
2003,130916,1,1,0,0,0,0,0,0,0,0,0,0
2003,130916,2,1,0,0,0,0,0,0,0,0,0,0
2003,130917,1,1,10,10,10,10,10,10,10,10,10,10
2003,130917,2,1,0,0,0,0,0,0,0,0,0,0
2003,130918,1,1,0,0,0,0,0,0,0,0,0,0
2003,130919,1,1,0,0,0,0,0,0,0,0,0,0
2003,130920,1,1,17,17,17,17,17,17,17,17,17,17
2003,130922,0,1,25,25,25,25,25,25,25,25,25,25
2003,130922,1,1,0,0,0,0,0,0,0,0,0,0
2003,130923,0,1,0,0,0,0,0,0,0,0,0,0
2003,130923,1,1,0,0,0,0,0,0,0,0,0,0
2003,130924,1,1,0,0,0,0,0,0,0,0,0,0
2003,130924,2,1,0,0,0,0,0,0,0,0,0,0
2003,130925,1,1,0,0,0,0,0,0,0,0,0,0
2003,130925,2,1,0,0,0,0,0,0,0,0,0,0
2003,130926,1,1,16,16,16,16,16,16,16,16,16,16
2003,130927,1,1,0,0,0,0,0,0,0,0,0,0
2003,130927,2,1,0,0,0,0,0,0,0,0,0,0
2003,130928,1,1,0,0,0,0,0,0,0,0,0,0
2003,130929,1,1,0,0,0,0,0,0,0,0,0,0
2003,130929,2,1,0,0,0,0,0,0,0,0,0,0
2003,130929,3,1,0,0,0,0,0,0,0,0,0,0
2003,130930,1,1,0,0,0,0,0,0,0,0,0,0
2003,130931,1,1,2,2,2,2,2,2,2,2,2,2
2003,130932,1,1,6,6,6,6,6,6,6,6,6,6
2003,130933,1,1,0,0,0,0,0,0,0,0,0,0
2003,130933,2,1,0,0,0,0,0,0,0,0,0,0
2003,130934,1,1,0,0,0,0,0,0,0,0,0,0
2003,130935,1,1,0,0,0,0,0,0,0,0,0,0
2003,130935,2,1,0,0,0,0,0,0,0,0,0,0
2003,130935,3,1,0,0,0,0,0,0,0,0,0,0
2003,130936,1,1,0,0,0,0,0,0,0,0,0,0
2003,130936,2,1,0,0,0,0,8,0,0,0,0,0
2003,130936,3,1,0,0,0,0,0,0,0,0,0,0
2003,130936,4,1,0,0,0,0,0,0,0,0,0,0
2003,130936,5,1,0,0,0,0,0,0,0,0,0,0
2003,130937,1,1,0,0,0,0,0,0,0,0,0,0
2003,130938,1,1,16,10,8,25,0,11,12,15,14,22
2003,130939,1,1,0,0,0,0,0,0,0,0,0,0
2003,130940,1,1,0,0,0,0,0,0,0,0,0,0
2003,130940,2,1,0,0,0,0,0,0,0,0,0,0
2003,130941,1,1,23,0,63,0,25,8,0,13,10,0
2003,130942,0,1,0,0,0,0,0,0,0,0,0,0
2003,130942,1,1,0,0,0,0,0,0,0,0,0,0
2003,130943,1,1,0,0,0,0,0,0,0,0,0,0
2003,130943,2,1,0,0,0,0,0,0,0,0,0,0
2003,130944,1,1,0,0,0,0,0,0,0,0,0,0
2003,130944,2,1,0,0,0,0,0,0,0,0,0,0
2003,130945,0,1,24,24,24,24,24,24,24,24,24,24
2003,130945,1,1,0,0,0,0,0,0,0,0,0,0
2003,130946,1,1,0,0,0,0,0,0,0,0,0,0
2003,130946,2,1,0,0,0,0,0,0,0,0,0,0
2003,130947,1,1,0,0,17,19,7,30,0,17,0,9
2003,130948,1,1,16,0,0,0,0,0,0,0,0,0
2003,130949,0,1,0,20,0,8,0,30,0,13,9,38
2003,130949,1,1,18,21,0,0,13,10,0,0,0,0
2003,130950,1,1,0,0,24,20,0,16,0,0,0,0
2003,130951,1,1,0,0,0,16,0,3,20,0,0,0
2003,130951,2,1,0,0,0,0,0,0,0,0,0,0
2003,130952,1,1,0,0,0,0,0,0,0,0,0,0
2003,130952,2,1,24,21,20,17,22,22,25,10,29,25
2003,130953,1,1,0,0,0,0,0,0,0,0,0,0
2003,130954,1,1,0,0,0,0,0,0,0,0,0,0
2003,130954,2,1,0,0,0,0,0,0,0,0,0,0
2003,130955,1,1,22,22,22,22,22,22,22,22,22,22
2003,130955,2,1,0,0,0,0,0,0,0,0,0,0
2003,130956,1,1,0,0,0,0,0,0,0,0,0,0
2003,130956,2,1,0,0,0,0,0,0,0,0,0,0
2003,130956,3,1,0,0,0,0,0,0,0,0,0,0
2003,130956,4,1,0,0,0,0,0,0,0,0,0,0
2003,130956,5,1,0,0,0,0,0,0,0,0,0,0
2003,130957,1,1,5,5,5,5,5,5,5,5,5,5
2003,130958,1,1,0,0,0,0,0,0,0,0,0,0
2003,130959,1,1,0,0,0,0,0,0,0,0,0,0
2003,130960,1,1,0,0,0,0,0,0,0,0,0,0
2003,130960,2,1,0,0,0,0,0,0,0,0,0,0
2003,130961,1,1,26,25,0,0,0,11,15,0,0,0
2003,130962,0,1,0,0,0,0,0,0,0,0,0,0
2003,130962,1,1,22,8,11,14,13,16,22,12,0,6
2003,130963,1,1,0,0,20,0,0,0,0,0,8,0
2003,130963,2,1,0,0,0,0,0,0,0,0,0,0
2003,130964,1,1,0,0,0,0,0,0,0,0,0,0
2003,130965,1,1,0,0,0,0,0,0,0,0,0,0
2003,130965,2,1,0,0,0,0,0,0,0,0,0,0
2003,130966,1,1,0,0,0,0,0,0,0,0,0,0
2003,130966,2,1,0,0,0,0,0,0,0,0,0,0
2003,130967,1,1,1,1,1,1,1,1,1,1,1,1
2003,130967,2,1,0,0,0,0,0,0,0,0,0,0
2003,130968,1,1,16,16,16,16,16,16,16,16,16,16
2003,130968,2,1,0,0,0,0,0,0,0,0,0,0