YEAR,ST_CASE,veh_no,per_no,P1,P2,P3,P4,P5,P6,P7,P8,P9,P10
2003,130968,3,1,0,0,0,0,0,0,0,0,0,0
2003,130969,1,1,0,0,0,0,0,0,0,0,0,0
2003,130970,1,1,0,0,0,0,0,0,0,0,0,0
2003,130971,1,1,0,0,0,0,0,0,0,0,0,0
2003,130971,2,1,0,0,0,0,0,0,0,0,0,0
2003,130972,1,1,0,0,0,0,0,0,0,0,0,0
2003,130973,1,1,0,0,0,0,0,0,0,0,0,0
2003,130973,2,1,0,0,0,0,0,0,0,0,0,0
2003,130973,3,1,0,0,0,0,0,0,0,0,0,0
2003,130973,4,1,0,0,0,0,0,0,0,0,0,0
2003,130974,1,1,0,0,22,0,0,0,0,0,0,0
2003,130975,1,1,0,0,0,0,0,0,0,0,0,0
2003,130976,1,1,0,0,0,0,0,0,0,0,0,0
2003,130977,1,1,0,0,0,0,0,0,0,0,0,0
2003,130977,2,1,0,0,0,0,0,0,0,0,0,0
2003,130978,1,1,16,16,16,16,16,16,16,16,16,16
2003,130979,1,1,11,12,15,0,12,20,16,0,13,0
2003,130980,1,1,0,0,0,0,0,0,0,0,0,0
2003,130980,2,1,0,0,0,0,0,0,0,0,0,0
2003,130981,1,1,12,12,12,12,12,12,12,12,12,12
2003,130981,2,1,0,0,0,0,0,0,0,0,0,0
2003,130981,3,1,0,0,0,0,0,0,0,0,0,0
2003,130982,1,1,0,0,0,0,0,0,8,0,0,0
2003,130982,2,1,0,0,0,0,0,0,0,0,0,0
2003,130983,1,1,0,0,0,0,0,0,0,0,0,0
2003,130984,1,1,0,0,0,0,0,0,0,0,0,0
2003,130985,0,1,0,0,0,0,0,0,0,0,0,0
2003,130985,1,1,0,0,0,0,0,0,0,0,0,0
2003,130986,1,1,0,0,0,0,0,0,0,0,0,0
2003,130986,2,1,0,0,0,0,0,0,0,0,0,0
2003,130987,0,1,12,12,12,12,12,12,12,12,12,12
2003,130987,1,1,0,0,0,0,0,0,0,0,0,0
2003,130987,2,1,0,0,0,0,0,0,0,0,0,0
2003,130988,1,1,0,0,0,8,0,0,12,0,0,0
2003,130989,1,1,9,24,0,16,0,17,13,30,26,16
2003,130990,1,1,24,24,24,24,24,24,24,24,24,24
2003,130991,1,1,0,0,19,0,5,0,0,0,0,0
2003,130992,1,1,0,0,0,0,0,0,0,0,0,0
2003,130992,2,1,0,0,0,0,0,0,0,0,0,0
2003,130992,3,1,0,0,0,0,0,0,0,0,0,0
2003,130992,4,1,0,0,0,0,0,0,0,0,0,0
2003,130993,1,1,0,4,0,0,0,0,0,0,0,0
2003,130993,2,1,0,0,0,0,0,0,0,0,0,0
2003,130994,1,1,13,13,13,13,13,13,13,13,13,13
2003,130995,1,1,0,0,0,0,20,0,0,0,0,9
2003,130996,1,1,0,0,0,0,0,0,0,0,0,0
2003,130996,2,1,0,0,0,0,0,0,0,0,0,0
2003,130997,1,1,0,0,0,0,11,0,0,0,0,0
2003,130997,2,1,0,0,0,0,0,0,0,0,0,0
2003,130998,1,1,0,0,0,0,0,0,0,0,0,0
2003,130998,2,1,0,0,0,0,0,0,0,0,0,0
2003,131000,0,1,0,0,0,0,0,0,0,0,0,0
2003,131000,0,2,18,36,0,15,23,0,0,6,12,5
2003,131000,1,1,0,0,0,0,0,0,0,0,0,0
2003,131001,0,1,0,0,0,0,0,0,0,0,0,0
2003,131001,1,1,0,0,0,0,0,0,0,0,0,0
2003,131001,2,1,0,0,0,0,0,0,0,0,0,0
2003,131002,1,1,0,0,0,0,0,0,0,0,0,0
2003,131002,2,1,0,0,0,0,0,0,0,0,0,0
2003,131003,1,1,0,0,0,0,0,0,0,0,0,0
2003,131003,2,1,0,0,0,0,0,0,0,0,0,0
2003,131004,1,1,0,0,0,0,0,0,0,0,0,0
2003,131005,1,1,14,23,0,25,23,11,0,19,0,0
2003,131006,1,1,0,0,0,0,0,0,0,0,0,0
2003,131006,2,1,0,0,0,0,0,0,0,0,0,0
2003,131007,1,1,0,0,0,0,0,0,0,0,0,0
2003,131007,2,1,12,0,0,0,0,0,0,0,0,0
2003,131007,3,1,0,0,0,0,0,0,0,0,0,0
2003,131008,1,1,0,0,0,0,0,0,0,0,0,0
2003,131009,1,1,0,0,0,0,0,0,0,0,0,0
2003,131009,2,1,0,0,0,0,0,0,0,0,0,0
2003,131010,1,1,0,0,0,0,0,0,0,0,0,0
2003,131010,2,1,0,0,0,0,0,0,0,0,0,0
2003,131010,3,1,0,0,0,0,0,0,0,0,0,0
2003,131011,1,1,0,0,0,0,0,0,15,0,0,0
2003,131011,2,1,0,0,0,0,0,0,0,0,0,0
2003,131012,1,1,0,0,0,0,0,0,0,0,0,0
2003,131013,1,1,24,24,24,24,24,24,24,24,24,24
2003,131014,1,1,0,0,0,0,0,0,0,0,0,0
2003,131014,2,1,0,0,0,0,0,0,0,0,0,0
2003,131015,1,1,0,0,0,0,0,0,0,0,0,0
2003,131016,1,1,0,0,0,0,0,0,0,0,0,0
2003,131017,1,1,0,0,4,11,15,36,0,0,23,24
2003,131018,0,1,33,33,33,33,33,33,33,33,33,33
2003,131018,1,1,0,0,0,0,0,0,0,13,0,0
2003,131019,1,1,0,0,0,0,8,0,0,0,0,0
2003,131020,1,1,26,26,26,26,26,26,26,26,26,26
2003,131021,1,1,0,0,0,0,0,0,0,0,0,0
2003,131021,2,1,0,0,0,0,0,0,0,0,0,0
2003,131021,3,1,0,0,0,0,0,0,0,0,0,0
2003,131022,1,1,0,0,0,0,0,0,0,0,0,0
2003,131023,1,1,16,16,16,16,16,16,16,16,16,16
2003,131024,1,1,28,28,28,28,28,28,28,28,28,28
2003,131025,1,1,0,0,0,0,0,0,0,0,0,0
2003,131026,0,1,0,0,0,0,0,0,13,0,0,0
2003,131026,1,1,0,0,0,0,0,0,0,0,0,0
2003,131027,1,1,0,0,0,0,0,0,0,0,0,0
2003,131027,2,1,0,0,0,0,0,0,0,0,0,0
2003,131028,1,1,0,0,0,0,0,0,0,0,0,0
2003,131028,2,1,0,0,0,0,0,0,0,0,0,0
2003,131029,1,1,0,0,0,0,0,0,0,0,0,0
2003,131030,1,1,32,32,32,32,32,32,32,32,32,32
2003,131031,1,1,0,0,0,0,0,0,0,0,0,0
2003,131031,2,1,0,0,0,0,0,0,0,0,0,0
2003,131032,1,1,21,21,21,21,21,21,21,21,21,21
2003,131033,1,1,0,0,0,0,0,0,0,0,0,0
2003,131033,2,1,0,0,0,0,0,0,0,0,0,0
2003,131034,1,1,21,21,21,21,21,21,21,21,21,21
2003,131035,1,1,0,0,0,0,0,0,0,0,0,0
2003,131035,2,1,0,0,0,0,0,0,0,0,0,0
2003,131036,1,1,16,16,16,16,16,16,16,16,16,16
2003,131037,0,1,0,0,0,0,0,0,0,0,0,0
2003,131037,1,1,0,0,0,0,0,0,0,0,0,0
2003,131038,1,1,0,0,0,0,0,0,0,0,0,0
2003,131039,1,1,0,0,0,0,0,0,0,0,0,13
2003,131040,1,1,0,0,0,0,0,0,0,0,0,0
2003,131040,2,1,0,0,0,0,0,0,0,0,0,0
2003,131041,0,1,6,0,0,0,0,0,0,0,0,0
2003,131041,1,1,0,0,6,0,0,0,0,0,0,0
2003,131042,0,1,0,14,15,23,0,15,0,11,41,18
2003,131042,1,1,0,14,16,0,0,0,0,0,29,0
2003,131043,1,1,0,0,0,0,14,0,0,0,0,0
2003,131044,1,1,8,8,8,8,8,8,8,8,8,8
2003,131045,1,1,0,0,0,0,0,0,0,0,0,0
2003,131046,1,1,0,0,0,0,0,0,0,0,0,0
2003,131047,1,1,0,0,0,0,0,0,0,0,0,0
2003,131047,2,1,0,0,0,0,0,0,0,0,0,0
2003,131048,1,1,0,0,0,0,0,0,0,0,0,0
2003,131048,2,1,0,0,13,0,0,0,0,0,0,0
2003,131049,1,1,0,0,0,0,0,0,0,0,0,0
2003,131050,1,1,0,0,0,0,0,0,21,0,0,0
2003,131050,2,1,0,0,0,0,0,0,0,0,0,0
2003,131051,1,1,15,15,15,15,15,15,15,15,15,15
2003,131052,1,1,0,0,0,0,0,0,0,0,0,0
2003,131052,2,1,0,0,0,0,0,0,0,0,0,0
2003,131053,1,1,0,0,0,0,0,0,0,0,0,0
2003,131054,1,1,0,0,0,0,0,0,0,0,0,0
2003,131054,2,1,0,0,0,0,0,0,0,0,0,0
2003,131055,1,1,0,0,0,0,0,0,0,0,0,0
2003,131056,1,1,0,0,0,0,0,0,0,0,0,0
2003,131056,2,1,0,0,0,0,0,0,0,0,0,0
2003,131056,3,1,0,0,0,0,0,0,0,0,0,0
2003,131057,1,1,16,16,16,16,16,16,16,16,16,16
2003,131058,0,1,14,14,14,14,14,14,14,14,14,14
2003,131058,1,1,20,20,20,20,20,20,20,20,20,20
2003,131059,1,1,0,0,0,0,16,0,0,0,0,0
2003,131060,1,1,29,29,29,29,29,29,29,29,29,29
2003,131060,2,1,0,0,9,0,0,0,0,0,0,0
2003,131060,3,1,0,0,0,0,0,0,0,0,0,0
2003,131061,1,1,0,0,0,0,0,0,0,0,0,0
2003,131061,2,1,0,0,0,0,0,0,0,0,0,0
2003,131062,1,1,16,16,16,16,16,16,16,16,16,16
2003,131063,1,1,27,27,27,27,27,27,27,27,27,27
2003,131063,2,1,0,0,0,0,0,0,0,0,0,0
2003,131064,1,1,7,7,7,7,7,7,7,7,7,7
2003,131064,2,1,0,0,0,0,0,0,0,0,0,0
2003,131065,1,1,0,0,0,0,0,0,0,0,0,0
2003,131065,2,1,0,0,0,0,0,0,0,0,0,0
2003,131066,1,1,0,0,0,0,0,0,0,0,0,0
2003,131066,2,1,0,0,0,0,0,0,0,0,0,0
2003,131067,1,1,0,0,0,0,0,0,0,0,0,0
2003,131068,1,1,0,0,0,0,0,0,0,0,0,0
2003,131068,2,1,0,0,0,0,0,0,0,0,0,0
2003,131068,3,1,0,0,0,0,0,0,0,0,0,0
2003,131069,1,1,0,0,0,0,0,0,0,0,0,0
2003,131069,2,1,0,0,0,0,0,0,0,0,0,0
2003,131070,1,1,0,0,0,0,0,0,0,0,0,0
2003,131070,2,1,0,0,0,0,0,0,0,0,0,0
2003,131071,1,1,0,0,0,0,0,0,0,0,0,0
2003,131072,1,1,19,19,19,19,19,19,19,19,19,19
2003,131073,0,1,0,0,0,0,0,0,0,0,0,0
2003,131073,1,1,0,0,0,0,0,0,0,0,0,0
2003,131074,0,1,0,0,0,0,0,0,0,0,0,0
2003,131074,1,1,0,0,0,0,0,0,0,0,0,0
2003,131075,0,1,0,0,0,0,0,0,0,0,0,0
2003,131075,1,1,0,0,0,0,0,0,0,0,0,0
2003,131076,1,1,0,0,0,0,0,0,0,0,0,0
2003,131076,2,1,0,0,0,24,0,0,0,0,0,0
2003,131077,1,1,31,31,31,31,31,31,31,31,31,31
2003,131077,2,1,0,0,0,0,0,0,0,0,0,0
2003,131078,1,1,15,0,0,12,0,0,0,0,0,0
2003,131079,1,1,0,0,0,0,0,0,0,0,0,0
2003,131079,2,1,0,0,0,0,0,0,0,0,0,0
2003,131079,3,1,0,0,0,0,0,0,0,0,0,0
2003,131079,4,1,0,0,0,0,0,0,0,0,0,0
2003,131080,1,1,0,0,0,0,0,0,5,23,0,0
2003,131081,0,1,20,20,20,20,20,20,20,20,20,20
2003,131081,1,1,0,0,0,0,0,0,0,0,0,0
2003,131082,1,1,0,0,0,0,0,0,0,0,0,0
2003,131082,2,1,0,0,0,0,0,0,0,0,0,0
2003,131083,1,1,0,0,0,0,0,0,0,0,0,0
2003,131083,2,1,0,0,0,0,0,0,0,0,0,0
2003,131084,1,1,0,0,0,0,0,0,0,0,0,0
2003,131085,1,1,16,0,0,0,0,0,8,7,0,0
2003,131085,2,1,0,0,0,0,0,0,0,0,0,0
2003,131085,3,1,0,0,0,0,0,0,0,0,0,0
2003,131085,4,1,0,0,0,0,0,0,0,0,0,0
2003,131086,1,1,0,0,0,0,0,0,0,0,0,0
2003,131086,2,1,0,0,0,0,0,0,0,0,0,0
2003,131087,1,1,0,0,0,0,0,0,0,0,0,0
2003,131087,2,1,0,0,0,0,0,0,0,0,0,0
2003,131088,1,1,0,0,0,0,0,0,0,0,0,0
2003,131089,1,1,0,0,0,0,0,0,0,0,0,0
2003,131090,1,2,12,0,0,17,0,0,0,0,19,0
2003,131091,0,1,0,0,53,0,15,0,0,0,0,7
2003,131091,1,1,0,0,0,0,0,0,0,0,0,0
2003,131092,1,1,0,0,0,0,0,0,0,0,0,0
2003,131092,2,1,0,0,0,0,0,0,0,0,0,0
2003,131092,3,1,0,0,0,0,0,0,0,0,0,0
2003,131093,1,1,0,0,0,0,0,0,0,0,0,0
2003,131093,2,1,0,0,0,0,0,0,0,0,0,0
2003,131094,1,1,0,0,0,0,0,0,0,0,0,0
2003,131095,1,1,0,0,0,0,0,0,0,0,0,0
2003,131095,2,1,0,0,0,0,0,0,0,0,0,0
2003,131095,3,1,0,0,0,0,0,0,0,0,0,0
2003,131096,1,1,37,37,37,37,37,37,37,37,37,37
2003,131097,1,1,0,0,0,0,0,0,0,0,0,0
2003,131098,1,1,3,4,9,5,0,18,0,0,18,0
2003,131099,0,1,20,15,15,0,18,0,0,0,23,0
2003,131099,1,1,6,6,0,0,12,23,17,0,0,19
2003,131100,1,1,0,0,0,0,0,0,0,0,0,0
2003,131100,2,1,0,0,0,0,0,0,0,0,0,0
2003,131101,1,1,10,10,10,10,10,10,10,10,10,10
2003,131101,2,1,0,0,0,0,0,0,0,0,0,0
2003,131102,1,1,11,11,11,11,11,11,11,11,11,11
2003,131103,1,1,0,0,0,0,0,0,0,0,0,0
2003,131104,1,1,0,0,0,0,0,0,0,0,0,0
2003,131104,2,1,0,0,0,0,0,0,0,0,0,0
2003,131104,3,1,0,0,0,0,0,0,0,0,0,0
2003,131105,1,1,0,0,0,0,6,0,0,0,0,0
2003,131105,2,1,0,0,0,0,0,0,0,0,0,0
2003,131106,1,1,0,0,0,0,0,0,0,0,0,0
2003,131106,2,1,0,0,0,0,0,0,0,0,0,0
2003,131107,1,1,0,0,0,0,0,0,0,0,0,0
2003,131107,2,1,0,0,0,0,0,0,0,0,0,0
2003,131108,1,1,8,13,19,23,14,9,29,13,0,22
2003,131109,1,1,0,0,2,0,0,0,0,0,0,0
2003,131110,1,1,16,16,16,16,16,16,16,16,16,16
2003,131111,1,1,0,0,0,0,0,0,0,0,0,0
2003,131111,2,1,0,0,0,0,0,0,0,0,0,0
2003,131112,1,1,0,0,0,0,0,0,0,0,9,0
2003,131112,2,1,0,12,0,0,0,0,0,0,0,0
2003,131113,1,1,0,0,0,0,0,0,0,0,0,0
2003,131114,1,1,0,0,0,0,20,0,6,11,8,0
2003,131114,2,1,0,0,0,0,0,0,0,0,0,0
2003,131115,1,1,7,7,7,7,7,7,7,7,7,7
2003,131115,2,1,0,4,0,0,0,0,0,0,0,0
2003,131116,1,1,0,0,0,0,0,0,0,0,0,0
2003,131116,2,1,0,0,15,0,26,0,9,0,0,10
2003,131117,1,1,0,7,0,0,0,0,0,0,0,0
2003,131118,1,1,0,21,0,0,0,0,0,0,18,0
2003,131119,1,1,0,0,0,0,0,0,0,0,0,0
2003,131119,2,1,0,0,0,0,0,0,0,0,0,0
2003,131119,3,1,0,0,0,0,0,0,0,0,0,0
2003,131120,1,1,0,0,0,0,0,0,0,0,0,0
2003,131120,2,1,0,0,0,0,0,0,0,0,0,0
2003,131121,1,1,0,0,0,0,0,0,0,0,0,0
2003,131121,2,1,0,0,0,0,0,0,0,0,0,0
2003,131122,0,1,0,0,0,0,0,0,0,0,0,0
2003,131122,1,1,7,0,0,0,19,0,0,0,0,0
2003,131123,1,1,0,0,0,0,0,0,0,0,0,0
2003,131124,1,1,0,0,0,0,0,0,0,0,0,0
2003,131124,2,1,0,0,0,0,0,0,0,0,0,0
2003,131125,1,1,0,18,0,17,24,10,20,0,10,0
2003,131126,1,1,17,17,17,17,17,17,17,17,17,17
2003,131127,0,1,0,0,0,27,14,0,35,0,28,20
2003,131127,1,1,0,0,0,0,0,0,13,0,0,0
2003,131128,1,1,0,6,0,0,0,0,0,0,0,0
2003,131129,1,1,18,0,18,0,22,9,15,0,21,0
2003,131130,0,1,41,41,41,41,41,41,41,41,41,41
2003,131130,1,1,0,0,15,0,0,0,0,0,9,0
2003,131131,0,1,0,0,10,0,15,0,0,19,0,0
2003,131131,1,1,0,0,0,0,0,0,0,0,0,0
2003,131132,1,1,0,0,0,0,0,0,0,0,17,9
2003,131132,2,1,0,0,0,0,0,0,0,0,0,0
2003,131133,1,1,0,0,0,0,0,0,0,0,0,0
2003,131133,2,1,0,4,0,0,0,0,0,0,0,0
2003,131134,1,1,24,12,9,17,25,0,11,0,0,0
2003,131135,1,1,0,0,0,0,0,0,0,0,0,0
2003,131135,2,1,0,0,0,0,0,0,0,0,0,0
2003,131135,3,1,0,0,0,0,0,0,0,0,0,0
2003,131136,1,1,16,13,12,13,0,12,11,20,15,22
2003,131137,1,1,0,0,0,0,0,0,0,0,0,0
2003,131137,2,1,0,23,0,0,0,0,0,0,0,0
2003,131138,1,1,17,17,17,17,17,17,17,17,17,17
2003,131138,2,1,0,0,0,0,0,0,0,0,0,0
2003,131139,1,1,31,31,31,31,31,31,31,31,31,31
2003,131140,1,1,0,0,0,0,0,0,0,0,0,0
2003,131140,2,1,0,0,0,0,0,0,0,0,0,0
2003,131141,1,1,0,0,0,0,0,0,0,0,0,0
2003,131142,1,1,0,0,8,0,0,0,7,0,0,0
2003,131143,1,1,0,0,0,0,0,0,0,0,0,0
2003,131143,2,1,0,0,0,0,0,0,0,0,0,0
2003,131144,1,1,0,0,0,0,0,0,0,0,0,0
2003,131145,1,1,17,17,17,17,17,17,17,17,17,17
2003,131146,0,1,23,0,0,12,41,0,0,0,15,31
2003,131146,1,1,0,0,0,0,0,0,0,0,0,0
2003,131147,1,1,0,0,11,0,0,0,0,0,0,0
2003,131147,2,1,0,0,0,0,0,0,0,0,0,0
2003,131148,0,1,0,0,0,0,0,0,0,0,0,0
2003,131148,1,1,0,0,0,0,0,0,0,0,0,0
2003,131149,1,1,0,0,0,0,0,0,0,0,0,0
2003,131149,2,1,0,0,9,7,0,0,29,18,0,0
2003,131149,3,1,0,0,0,0,0,0,0,0,0,9
2003,131150,1,1,0,0,0,0,0,0,0,0,0,0
2003,131150,2,1,0,0,0,0,0,0,0,0,0,0
2003,131151,1,1,0,0,0,0,0,0,0,0,0,0
2003,131151,2,1,0,0,0,0,0,0,0,0,0,0
2003,131152,1,1,20,20,20,20,20,20,20,20,20,20
2003,131153,1,1,0,0,0,0,0,0,0,0,0,0
2003,131154,1,1,17,17,17,17,17,17,17,17,17,17
2003,131155,1,1,12,0,0,0,0,14,27,0,37,34
2003,131156,1,1,0,0,0,0,0,0,0,0,0,0
2003,131157,1,1,0,0,0,0,0,0,0,0,0,0
2003,131158,1,1,0,0,0,0,0,0,0,0,0,0
2003,131159,1,1,27,27,27,27,27,27,27,27,27,27
2003,131160,1,1,0,0,0,0,0,0,9,0,0,0
2003,131161,1,1,19,19,19,19,19,19,19,19,19,19
2003,131162,1,1,10,10,10,10,10,10,10,10,10,10
2003,131162,2,1,0,0,0,0,0,0,0,0,0,0
2003,131162,3,1,0,0,0,0,20,0,0,0,0,0
2003,131163,1,1,0,0,0,0,0,0,0,0,0,0
2003,131164,1,1,17,0,16,25,14,22,29,0,13,0
2003,131165,1,1,0,0,0,0,0,0,0,0,0,0
2003,131165,2,1,0,8,34,0,0,0,0,0,0,0
2003,131166,1,1,0,0,0,0,0,0,0,0,0,0
2003,131166,2,1,0,0,0,0,0,0,0,0,0,0
2003,131167,0,1,0,0,0,0,0,0,21,0,0,0
2003,131167,1,1,0,0,0,0,0,0,0,0,0,0
2003,131168,1,1,0,0,0,0,0,0,0,0,0,0
2003,131168,2,1,0,0,0,0,0,0,0,0,0,0
2003,131169,1,1,0,0,0,0,0,0,0,0,0,0
2003,131170,1,1,0,0,0,0,0,0,0,0,0,0
2003,131171,1,1,0,0,0,0,0,0,0,0,0,0
2003,131171,2,1,0,0,0,0,0,0,0,0,0,0
2003,131172,1,1,0,0,0,0,0,0,0,0,0,0
2003,131172,2,1,0,0,0,0,0,0,0,0,0,0
2003,131172,3,1,0,0,0,0,0,0,0,0,0,0
2003,131173,1,1,0,0,0,0,0,0,0,0,0,0
2003,131174,1,1,0,0,0,0,0,0,0,0,0,0
2003,131174,2,1,0,0,0,0,0,0,0,0,0,0
2003,131175,1,1,11,11,11,11,11,11,11,11,11,11
2003,131176,1,1,0,0,0,0,0,0,0,0,0,0
2003,131176,2,1,0,0,0,0,0,0,0,0,0,0
2003,131177,1,1,0,0,0,0,0,0,0,0,0,0
2003,131177,2,1,0,0,0,0,0,0,0,0,0,0
2003,131178,1,1,0,0,0,0,0,0,0,0,0,0
2003,131178,2,1,0,0,0,0,0,0,0,0,0,0
2003,131179,1,1,6,6,6,6,6,6,6,6,6,6
2003,131179,2,1,0,0,0,0,0,0,0,0,0,0
2003,131180,1,1,25,0,0,0,0,9,0,0,0,0
2003,131181,1,1,0,0,0,0,0,0,0,0,0,0
2003,131181,2,1,0,0,0,0,0,0,0,0,0,0
2003,131182,1,1,0,0,0,0,0,0,0,0,0,0
2003,131183,1,1,0,0,0,0,0,0,0,0,0,0
2003,131183,2,1,12,0,0,0,0,0,0,0,0,0
2003,131184,1,1,4,4,4,4,4,4,4,4,4,4
2003,131184,2,1,0,0,0,0,0,0,0,0,0,0
2003,131185,1,1,0,0,0,0,0,0,0,0,0,0
2003,131185,2,1,13,0,0,0,0,0,0,0,0,0
2003,131186,0,1,0,0,0,0,0,0,0,0,0,0
2003,131186,1,1,0,0,0,0,0,0,0,0,0,0
2003,131187,1,1,0,0,0,0,0,0,0,0,0,0
2003,131188,1,1,0,21,0,0,25,0,0,0,0,0
2003,131188,2,1,0,0,0,0,0,0,0,0,0,0
2003,131189,1,1,0,0,0,0,0,0,0,0,0,0
2003,131189,2,1,0,0,0,0,0,0,0,0,0,0
2003,131190,1,1,13,13,13,13,13,13,13,13,13,13
2003,131191,1,1,0,0,0,0,0,0,0,0,0,0
2003,131191,2,1,0,0,0,0,0,0,0,0,0,0
2003,131191,3,1,0,0,0,0,0,0,0,0,0,0
2003,131191,4,1,0,0,0,0,0,0,0,0,0,0
2003,131192,1,1,5,29,0,0,0,0,0,0,0,0
2003,131192,2,1,6,6,6,6,6,6,6,6,6,6
2003,131193,1,1,0,0,0,0,0,0,0,0,0,0
2003,131193,2,1,0,0,0,0,0,0,0,0,0,0
2003,131194,0,1,21,21,21,21,21,21,21,21,21,21
2003,131194,1,1,0,0,0,0,0,0,0,0,0,14
2003,131195,1,1,0,0,0,0,0,0,0,0,0,0
2003,131195,2,1,0,0,0,0,0,0,0,0,0,0
2003,131196,1,1,0,0,14,0,0,0,0,0,0,0
2003,131196,2,1,0,0,0,0,0,0,0,0,0,0
2003,131196,3,1,0,0,0,0,0,0,0,0,0,0
2003,131197,1,1,9,9,9,9,9,9,9,9,9,9
2003,131198,1,1,0,0,0,0,0,0,0,0,0,0
2003,131198,2,1,0,0,0,0,0,0,0,0,0,0
2003,131199,1,1,0,0,0,0,0,0,0,0,0,0
2003,131199,2,1,0,0,0,0,0,0,0,0,0,0
2003,131200,1,1,6,6,6,6,6,6,6,6,6,6
2003,131201,1,1,0,0,0,24,10,0,0,0,0,0
2003,131201,2,1,13,0,0,0,0,0,0,0,0,0
2003,131201,3,1,0,0,0,0,0,0,0,0,0,0
2003,131202,1,1,0,0,0,0,0,0,0,0,0,0
2003,131203,1,1,4,8,3,18,7,12,5,12,0,14
2003,131203,2,1,0,0,0,0,0,0,0,0,0,0
2003,131204,0,1,0,0,0,0,0,0,0,0,0,0
2003,131204,1,1,0,0,0,0,0,0,0,0,0,0
2003,131205,1,1,0,0,0,0,0,0,0,0,0,0
2003,131205,2,1,0,0,0,0,0,0,0,0,0,0
2003,131206,1,1,0,0,0,0,0,0,0,0,0,0
2003,131207,0,1,0,0,0,0,0,0,0,0,0,0
2003,131207,1,1,0,0,0,0,0,0,0,0,0,0
2003,131208,1,1,0,0,0,0,0,0,0,0,0,0
2003,131209,1,1,0,0,0,0,0,0,0,0,0,0
2003,131209,2,1,0,0,0,0,0,0,0,0,0,0
2003,131209,3,1,0,0,0,0,0,0,0,0,0,0
2003,131210,1,1,0,0,0,0,9,0,0,0,0,0
2003,131210,2,1,0,0,6,0,0,0,0,0,0,0
2003,131211,1,1,0,0,0,0,0,0,0,0,0,0
2003,131212,0,1,0,0,0,0,0,0,0,0,0,0
2003,131212,1,1,0,0,0,0,0,0,0,0,0,0
2003,131213,0,1,0,0,0,0,0,0,0,0,0,37
2003,131213,1,1,0,9,0,0,0,0,0,0,0,0
2003,131214,1,1,0,0,0,0,0,0,0,0,0,0
2003,131214,2,1,0,0,0,0,0,0,0,0,0,0
2003,131215,1,1,0,0,0,0,0,0,0,0,0,0
2003,131215,2,1,0,0,0,0,0,0,0,0,0,0
2003,131215,3,1,0,0,0,0,0,0,0,0,0,0
2003,131216,1,1,0,12,0,0,0,0,0,0,0,0
2003,131216,2,1,0,0,0,0,0,0,0,0,0,0
2003,131217,1,1,0,0,0,0,0,0,0,0,0,0
2003,131217,2,1,0,0,0,0,0,0,0,0,0,0
2003,131218,1,1,11,6,0,16,0,5,0,12,32,12
2003,131219,1,1,0,0,0,0,26,0,8,0,0,0
2003,131220,1,1,0,0,0,0,0,0,0,0,0,0
2003,131221,1,1,0,0,0,0,0,0,0,0,0,0
2003,131222,1,1,12,0,0,0,0,0,0,0,0,0
2003,131223,1,1,0,0,0,0,0,0,0,0,0,0
2003,131223,2,1,0,0,23,0,0,0,0,6,0,0
2003,131224,1,1,0,0,0,0,0,0,0,0,0,0
2003,131224,2,1,0,0,0,0,0,0,0,0,0,0
2003,131225,1,1,5,0,17,22,0,15,0,7,31,33
2003,131226,1,1,17,21,0,0,0,0,0,0,0,0
2003,131227,1,1,0,0,0,0,0,0,0,0,0,0
2003,131227,2,1,0,0,0,0,0,0,0,0,0,0
2003,131228,1,1,8,0,0,0,0,0,0,0,0,0
2003,131228,2,1,0,0,0,0,0,0,0,0,0,0
2003,131229,1,1,0,0,0,0,0,0,0,0,0,0
2003,131229,2,1,0,0,0,0,0,0,0,0,0,0
2003,131229,3,1,0,0,0,0,0,19,0,0,0,0
2003,131229,4,1,0,0,0,0,0,0,0,0,0,0
2003,131230,1,1,0,0,0,0,0,0,0,0,0,0
2003,131230,2,1,0,0,0,0,0,0,0,0,0,0
2003,131231,0,1,0,31,21,0,0,0,0,23,0,39
2003,131231,1,1,0,0,0,0,0,0,0,0,0,0
2003,131232,0,1,0,0,0,0,0,0,0,0,0,0
2003,131232,1,1,0,0,0,0,0,0,0,0,0,0
2003,131233,1,1,0,0,0,0,0,0,0,0,0,0
2003,131234,1,1,0,0,0,0,0,0,0,0,0,0
2003,131234,2,1,0,0,0,0,0,0,0,0,0,0
2003,131235,1,1,0,0,0,0,0,0,0,0,0,0
2003,131235,2,1,0,0,0,0,0,0,0,0,0,0
2003,131236,1,1,10,10,10,10,10,10,10,10,10,10
2003,131236,2,1,0,0,0,0,0,0,0,0,0,0
2003,131237,1,1,0,0,0,0,0,0,0,0,0,0
2003,131237,2,1,0,0,0,0,0,0,0,0,0,0
2003,131237,3,1,0,0,0,0,0,0,0,0,0,0
2003,131238,0,1,32,32,32,32,32,32,32,32,32,32
2003,131238,1,1,0,0,0,0,0,0,0,0,0,0
2003,131239,1,1,0,0,0,0,17,22,0,25,0,46
2003,131240,0,1,18,0,0,0,17,0,0,14,0,0
2003,131240,1,1,0,0,0,0,0,0,0,0,0,0
2003,131241,1,1,0,0,0,0,0,0,0,0,0,0
2003,131241,2,1,0,0,0,0,0,0,0,0,0,0
2003,131242,1,1,34,13,23,14,0,16,13,17,27,15
2003,131243,1,1,0,0,0,0,0,0,0,0,0,0
2003,131244,1,1,0,0,0,0,0,0,0,0,0,0