YEAR,ST_CASE,veh_no,per_no,P1,P2,P3,P4,P5,P6,P7,P8,P9,P10
2003,131245,1,1,0,0,0,0,0,0,0,0,0,0
2003,131246,1,1,0,0,0,0,11,0,0,0,0,0
2003,131246,2,1,0,0,0,0,0,0,0,0,0,0
2003,131247,1,1,0,0,0,0,0,0,0,0,0,0
2003,131247,2,1,0,0,0,0,0,0,0,0,0,0
2003,131247,3,1,0,0,0,0,0,0,0,33,0,0
2003,131247,4,1,0,0,0,0,0,0,0,0,0,0
2003,131248,1,1,0,0,0,0,0,0,0,0,0,0
2003,131249,1,1,0,0,0,0,0,0,0,0,0,0
2003,131249,2,1,0,0,0,0,0,0,0,0,0,0
2003,131250,0,1,11,11,11,11,11,11,11,11,11,11
2003,131250,1,1,0,0,0,0,0,11,0,0,12,0
2003,131251,1,1,0,34,0,28,23,23,10,24,0,0
2003,131252,1,1,0,0,0,0,0,0,0,0,0,0
2003,131252,2,1,0,0,0,0,0,0,0,0,0,0
2003,131253,1,1,14,14,14,14,14,14,14,14,14,14
2003,131254,1,1,0,0,0,0,0,0,0,0,0,0
2003,131254,2,1,0,0,0,0,0,0,0,0,0,0
2003,131255,1,1,0,0,0,0,0,0,0,0,0,0
2003,131255,2,1,0,0,0,0,0,0,0,0,0,0
2003,131256,1,1,0,0,0,0,22,15,0,0,0,0
2003,131257,1,1,0,0,0,0,0,0,0,0,0,0
2003,131257,2,1,0,0,0,0,0,0,0,0,0,0
2003,131258,1,1,20,20,20,20,20,20,20,20,20,20
2003,131258,2,1,0,0,0,0,0,0,0,0,0,0
2003,131259,1,1,25,25,25,25,25,25,25,25,25,25
2003,131260,1,1,9,37,0,0,11,26,16,0,0,0
2003,131261,1,1,3,9,0,0,2,0,0,0,11,0
2003,131261,2,1,9,0,0,0,0,0,0,0,0,0
2003,131262,0,1,16,0,0,0,0,0,0,0,0,0
2003,131262,1,1,0,0,0,0,0,0,0,0,0,0
2003,131263,0,1,0,0,0,0,0,0,0,0,0,0
2003,131263,1,1,0,0,0,0,0,0,0,0,0,0
2003,131264,1,1,0,0,0,0,0,0,0,0,0,0
2003,131264,2,1,14,14,14,14,14,14,14,14,14,14
2003,131265,1,1,0,6,9,0,20,0,0,0,0,38
2003,131266,1,1,0,0,0,0,11,0,0,0,0,0
2003,131266,2,1,0,0,0,0,0,0,0,0,0,0
2003,131267,1,1,0,0,0,0,0,0,0,14,0,0
2003,131267,2,1,0,0,0,0,0,0,0,0,0,0
2003,131268,1,1,0,0,0,0,0,0,0,0,0,0
2003,131269,1,1,0,0,0,0,0,0,0,0,0,0
2003,131269,2,1,0,0,0,0,0,0,0,0,0,0
2003,131270,1,1,15,10,0,0,15,0,14,0,0,0
2003,131271,1,1,0,0,0,0,0,0,0,0,0,0
2003,131271,2,1,0,0,0,14,0,23,11,12,3,0
2003,131272,1,1,0,0,0,0,0,0,0,0,0,0
2003,131272,2,1,0,0,0,0,0,0,0,0,0,0
2003,131273,0,1,3,3,3,3,3,3,3,3,3,3
2003,131273,1,1,0,0,0,0,0,0,0,0,0,0
2003,131274,1,1,0,0,0,0,4,13,10,0,0,0
2003,131275,0,1,0,0,0,31,30,19,6,0,18,0
2003,131275,1,1,0,0,0,0,0,0,0,0,0,0
2003,131276,1,1,26,0,0,0,0,0,0,0,12,9
2003,131276,2,1,0,0,0,0,0,0,0,0,0,0
2003,131277,1,1,0,14,0,0,26,0,0,0,0,0
2003,131277,2,1,0,0,0,0,0,0,0,0,0,0
2003,131278,1,1,0,15,0,13,0,21,23,0,12,0
2003,131278,2,1,0,0,0,0,0,0,0,0,0,0
2003,131279,1,1,0,0,0,0,0,24,0,0,0,0
2003,131279,2,1,0,0,0,0,0,0,0,0,0,0
2003,131280,1,1,0,0,0,0,0,0,0,0,0,0
2003,131280,2,1,0,0,0,0,0,0,0,0,0,0
2003,131281,1,1,0,0,0,0,0,0,0,0,0,0
2003,131281,2,1,0,0,0,0,0,0,0,0,0,0
2003,131282,1,1,0,0,0,0,0,0,0,0,0,0
2003,131282,2,1,0,0,0,0,0,0,0,0,0,0
2003,131283,1,1,0,0,0,0,0,0,0,0,0,0
2003,131283,2,1,0,0,0,0,0,0,0,0,0,0
2003,131284,1,1,22,22,22,22,22,22,22,22,22,22
2003,131284,2,1,0,0,0,0,0,0,0,0,0,0
2003,131285,1,1,4,0,0,0,0,0,0,0,0,19
2003,131286,1,1,0,0,0,0,0,0,0,0,0,0
2003,131286,2,1,0,0,0,0,0,0,0,0,0,0
2003,131286,3,1,0,0,0,0,0,0,0,0,0,0
2003,131286,4,1,0,0,0,0,0,0,0,0,0,0
2003,131287,1,1,0,0,0,0,0,8,0,0,0,0
2003,131288,0,1,29,29,29,29,29,29,29,29,29,29
2003,131288,1,1,0,0,0,0,0,0,0,0,0,0
2003,131289,1,1,0,0,22,0,17,0,0,12,0,0
2003,131290,1,1,0,0,0,0,0,0,0,0,0,0
2003,131291,1,1,0,0,0,0,0,0,0,0,0,0
2003,131291,2,1,0,0,0,0,0,0,0,0,0,0
2003,131292,1,1,0,0,0,0,0,15,0,0,20,0
2003,131292,2,1,0,0,0,13,0,0,0,0,0,0
2003,131293,1,1,0,0,0,0,0,0,0,0,0,0
2003,131293,2,1,0,0,0,0,0,0,0,0,0,0
2003,131294,1,1,18,18,18,18,18,18,18,18,18,18
2003,131294,2,1,0,0,0,0,0,0,0,0,0,0
2003,131295,1,1,0,13,42,17,15,33,0,15,20,19
2003,131296,1,1,0,0,0,0,0,0,0,0,0,0
2003,131297,1,1,0,0,0,0,0,0,0,0,0,0
2003,131298,1,1,0,0,0,0,0,0,0,0,0,0
2003,131298,2,1,0,0,0,0,0,0,0,0,0,0
2003,131299,1,1,0,0,0,0,0,0,0,0,0,0
2003,131300,1,1,0,0,0,0,0,0,0,0,0,0
2003,131300,2,1,0,0,0,0,0,0,0,0,0,0
2003,131301,1,1,0,0,0,0,0,0,12,0,0,0
2003,131301,2,1,0,0,0,0,0,0,0,0,0,0
2003,131302,1,1,0,0,0,0,0,0,0,0,0,0
2003,131303,1,1,0,0,0,0,0,0,0,0,0,0
2003,131303,2,1,0,0,0,0,0,0,0,0,0,0
2003,131304,1,1,0,0,0,19,0,0,0,0,0,0
2003,131304,2,1,0,0,0,0,0,0,0,0,0,0
2003,131305,1,1,0,0,0,0,0,0,0,0,0,0
2003,131306,1,1,0,0,0,0,0,0,0,0,0,0
2003,131307,1,1,0,0,0,0,0,0,0,0,0,0
2003,131308,1,1,0,0,0,0,0,0,0,0,0,0
2003,131308,2,1,0,0,0,0,0,0,0,0,0,0
2003,131309,1,1,0,0,0,0,10,0,0,0,0,0
2003,131310,1,1,0,0,0,0,0,0,0,0,0,0
2003,131310,2,1,0,0,0,0,0,0,0,0,0,0
2003,131311,1,1,0,0,15,0,0,21,0,0,15,0
2003,131312,1,1,0,0,0,0,0,0,0,0,0,0
2003,131312,2,1,0,0,0,0,0,0,0,0,0,0
2003,131313,1,1,0,0,0,0,0,0,0,0,0,0
2003,131313,2,1,0,0,0,0,7,0,0,0,0,0
2003,131313,3,1,27,0,0,0,0,0,0,0,0,0
2003,131314,1,1,0,0,0,0,0,0,0,0,0,0
2003,131314,2,1,0,0,0,0,0,0,0,0,0,0
2003,131315,1,1,0,0,0,0,0,0,0,0,0,0
2003,131315,2,1,0,0,0,0,0,0,0,0,0,0
2003,131316,1,1,0,0,0,0,0,0,0,0,0,0
2003,131316,2,1,15,15,15,15,15,15,15,15,15,15
2003,131317,1,1,0,0,0,0,0,0,0,0,0,0
2003,131317,2,1,0,0,0,0,0,0,0,0,0,0
2003,131318,1,1,0,0,0,0,0,0,0,0,0,0
2003,131318,2,1,0,0,0,0,0,0,0,0,0,0
2003,131319,1,1,0,0,0,0,0,0,0,0,0,0
2003,131319,2,1,0,0,0,0,0,0,0,0,0,0
2003,131320,1,1,15,0,0,0,0,0,0,0,0,23
2003,131321,1,1,0,0,0,0,0,0,5,0,11,0
2003,131321,2,1,0,0,0,0,14,0,0,0,0,0
2003,131322,1,1,10,10,10,10,10,10,10,10,10,10
2003,131323,0,1,8,8,8,8,8,8,8,8,8,8
2003,131323,1,1,2,2,2,2,2,2,2,2,2,2
2003,131324,1,1,0,15,0,0,0,0,12,0,27,0
2003,131324,2,1,0,0,0,0,0,0,0,0,0,0
2003,131325,1,1,0,0,0,0,0,0,0,0,0,0
2003,131325,2,1,0,5,0,0,0,0,0,0,0,0
2003,131326,1,1,0,0,0,0,0,0,0,0,0,0
2003,131326,2,1,0,0,0,0,0,0,0,0,0,0
2003,131326,3,1,0,0,0,0,0,0,0,0,0,0
2003,131327,0,1,0,0,0,0,0,0,0,0,0,0
2003,131327,1,1,0,0,0,0,0,0,0,0,0,0
2003,131328,1,1,0,0,0,0,0,0,0,0,0,0
2003,131329,0,1,0,0,0,0,0,0,0,0,0,0
2003,131329,1,1,0,0,0,0,0,0,0,0,0,0
2003,131330,1,1,0,44,29,0,0,0,11,9,0,28
2003,131331,1,1,0,0,0,0,0,0,0,0,0,0
2003,131331,2,1,0,0,0,0,0,11,0,0,0,0
2003,131332,1,1,0,0,0,0,0,0,0,0,0,0
2003,131333,1,1,0,9,0,0,0,0,0,0,0,0
2003,131333,2,1,0,0,0,0,0,0,0,0,0,0
2003,131334,1,1,0,0,18,13,0,0,4,12,12,0
2003,131335,1,1,0,0,0,0,0,0,0,0,0,0
2003,131335,2,1,0,0,0,0,0,0,0,0,0,0
2003,131336,0,1,24,24,24,24,24,24,24,24,24,24
2003,131336,1,1,0,0,0,0,0,0,0,0,0,0
2003,131337,0,1,0,0,0,0,0,0,0,0,0,0
2003,131337,1,1,0,0,0,0,0,0,0,0,0,0
2003,131338,0,1,18,24,0,0,17,35,16,21,38,27
2003,131338,1,1,0,0,0,0,0,0,0,0,0,0
2003,131339,1,1,0,0,0,0,0,0,0,0,0,0
2003,131339,2,1,0,0,0,0,0,0,0,0,0,0
2003,131340,1,1,0,0,0,0,0,0,0,0,0,0
2003,131341,1,1,0,0,0,0,0,0,0,0,0,0
2003,131342,1,1,0,0,0,0,0,0,0,0,0,0
2003,131343,1,1,30,30,30,30,30,30,30,30,30,30
2003,131343,2,1,0,0,0,0,0,0,0,0,0,0
2003,131344,1,1,0,0,0,0,29,0,0,0,0,0
2003,131344,2,1,0,0,0,0,0,0,0,0,0,0
2003,131345,1,1,0,0,0,0,0,0,0,0,0,0
2003,131346,1,1,7,29,0,0,0,30,17,21,0,14
2003,131347,1,1,0,0,0,0,0,0,0,0,0,0
2003,131348,1,1,0,0,0,0,3,0,0,0,0,0
2003,131349,1,1,0,0,10,21,12,9,0,4,0,29
2003,131350,1,1,4,0,18,20,0,0,0,0,30,33
2003,131351,1,1,0,12,0,0,0,0,0,0,0,0
2003,131352,0,1,0,0,18,0,0,0,0,0,0,0
2003,131352,1,1,0,0,0,0,0,0,0,0,0,0
2003,131353,0,1,19,9,33,34,25,0,50,0,7,25
2003,131353,0,2,15,23,14,27,22,19,12,20,18,27
2003,131353,1,1,0,0,0,0,0,0,0,0,0,0
2003,131353,2,1,0,0,0,0,0,0,0,0,0,0
2003,131354,1,1,0,0,0,24,0,0,0,0,0,0
2003,131355,1,1,0,0,0,0,0,0,0,0,0,0
2003,131355,2,1,0,0,0,0,0,0,0,0,0,0
2003,131356,0,1,20,12,0,0,7,0,8,0,0,18
2003,131356,1,1,0,0,0,0,0,0,0,0,0,0
2003,131357,1,1,10,10,10,10,10,10,10,10,10,10
2003,131358,1,1,0,20,0,0,0,21,0,0,23,0
2003,131359,1,1,12,10,0,15,7,24,14,13,0,0
2003,131359,2,1,7,0,0,0,0,0,0,0,0,0
2003,131360,0,1,22,0,0,0,28,0,0,0,12,28
2003,131360,1,1,0,0,0,0,0,0,0,0,0,0
2003,131360,2,1,0,0,0,0,0,0,0,0,0,0
2003,131361,0,1,20,0,24,0,30,18,0,0,16,29
2003,131361,1,1,0,0,0,0,0,0,0,0,0,0
2003,131362,0,1,0,0,0,0,0,0,0,0,0,0
2003,131362,1,1,0,0,0,0,0,0,0,0,0,0
2003,131363,1,1,0,0,8,0,0,0,0,0,0,0
2003,131364,0,1,0,0,0,0,0,0,0,0,0,0
2003,131364,1,1,0,0,0,0,0,0,0,0,0,0
2003,131365,1,1,14,28,15,24,30,9,0,28,29,24
2003,131366,1,1,0,0,0,0,0,3,0,0,13,0
2003,131366,2,1,0,0,5,0,0,0,0,0,0,0
2003,131367,0,1,0,0,0,0,0,32,0,0,0,25
2003,131367,1,1,0,0,0,0,0,0,0,0,0,0
2003,131368,0,1,32,32,32,32,32,32,32,32,32,32
2003,131368,1,1,0,0,0,0,0,0,0,0,0,0
2003,131369,1,1,0,0,0,0,0,0,7,10,0,0
2003,131370,1,1,0,0,0,0,0,0,0,0,0,0
2003,131371,1,1,0,0,0,0,0,0,0,0,0,0
2003,131371,2,1,0,0,0,0,0,0,0,0,0,0
2003,131372,1,1,0,0,0,0,0,0,0,0,0,0
2003,131372,2,1,0,0,0,0,0,0,0,0,0,0
2003,131373,1,1,0,0,0,0,0,0,0,0,0,0
2003,131373,2,1,10,10,10,10,10,10,10,10,10,10
2003,131373,3,1,0,0,0,0,0,0,0,0,0,0
2003,131374,1,1,30,30,30,30,30,30,30,30,30,30
2003,131374,2,1,0,0,0,0,0,9,0,0,0,0
2003,131375,1,1,0,0,0,0,0,0,0,14,0,0
2003,131375,2,1,0,0,0,0,0,0,0,0,0,0
2003,131376,1,1,0,0,0,0,0,20,0,0,0,0
2003,131376,2,1,0,0,0,0,0,0,0,0,0,0
2003,131377,1,1,0,0,0,0,0,0,0,0,0,0
2003,131377,2,1,0,0,0,0,0,0,0,0,0,0
2003,131378,0,1,15,15,15,15,15,15,15,15,15,15
2003,131378,1,1,0,0,0,13,0,0,0,0,0,0
2003,131379,1,1,0,0,0,0,0,0,6,0,0,0
2003,131379,2,1,0,0,0,0,0,0,0,0,0,0
2003,131380,1,1,0,0,0,0,0,0,0,0,0,0
2003,131380,2,1,0,0,0,0,0,0,0,0,0,0
2003,131380,3,1,0,0,0,0,0,0,0,0,0,0
2003,131381,1,1,17,17,17,17,17,17,17,17,17,17
2003,131382,1,1,0,8,0,0,0,0,18,45,0,0
2003,131383,1,1,0,0,0,0,0,0,0,0,0,0
2003,131383,2,1,0,0,0,0,0,0,0,0,0,0
2003,131384,1,1,0,0,0,0,0,0,0,0,0,0
2003,131384,2,1,0,0,0,0,0,0,0,0,0,0
2003,131385,1,1,0,0,0,0,0,0,0,0,0,0
2003,131386,1,1,0,0,0,0,0,0,0,0,0,0
2003,131387,1,1,27,27,27,27,27,27,27,27,27,27
2003,131388,1,1,13,13,13,13,13,13,13,13,13,13
2003,131389,0,1,13,13,13,13,13,13,13,13,13,13
2003,131389,1,1,0,0,0,0,0,0,0,0,0,0
2003,131390,1,1,0,0,0,0,0,0,0,0,0,0
2003,131390,2,1,0,0,0,0,0,0,0,6,0,0
2003,131391,1,1,21,14,29,0,40,31,20,18,35,21
2003,131392,1,1,0,0,0,0,0,0,0,0,0,20
2003,131392,2,1,0,0,0,0,0,0,0,0,0,0
2003,131393,1,1,0,11,0,0,0,0,0,26,10,20
2003,131394,1,1,0,0,0,0,0,0,0,0,0,0
2003,131394,2,1,0,0,0,0,0,0,0,0,0,0
2003,131395,1,1,23,12,29,17,0,0,16,11,33,14
2003,131396,1,1,0,0,0,0,0,0,0,0,0,0
2003,131397,1,1,0,0,0,0,0,0,0,0,0,0
2003,131398,1,1,8,0,18,16,8,36,15,0,14,5
2003,131399,1,1,0,0,0,0,0,0,0,0,0,0
2003,131399,2,1,0,0,0,0,0,0,0,0,0,0
2003,131399,3,1,0,0,0,0,0,0,0,0,0,0
2003,131401,1,1,0,0,0,0,0,0,0,0,0,0
2003,131401,2,1,0,0,0,0,0,0,0,0,0,0
2003,131402,0,1,0,0,0,0,0,0,0,0,0,0
2003,131403,1,1,0,0,0,0,0,0,0,0,0,0
2003,131403,2,1,0,0,0,0,0,0,0,0,0,0
2003,131404,1,1,0,0,0,0,0,0,0,0,0,0
2003,131404,2,1,0,0,0,0,0,0,0,0,0,0
2003,131405,1,1,0,0,0,0,0,0,0,0,0,0
2003,131405,2,1,0,0,0,0,0,0,0,0,0,0
2003,131406,1,1,0,0,0,0,0,0,0,0,0,0
2003,131406,2,1,0,0,0,0,0,0,0,0,0,0
2003,131407,1,1,0,0,0,0,0,0,0,0,0,0
2003,131407,2,1,0,0,0,0,0,0,0,0,0,0
2003,131407,3,1,0,0,0,0,0,0,0,0,0,0
2003,131408,1,1,0,0,0,0,0,0,0,0,0,0
2003,131408,2,1,0,0,0,0,0,0,0,0,0,0
2003,131409,1,1,19,0,33,0,8,0,15,0,0,0
2003,131410,1,1,0,0,0,0,0,0,0,0,0,0
2003,131410,2,1,0,0,0,0,0,0,0,0,0,0
2003,131411,1,1,0,0,0,0,0,0,0,0,0,0
2003,131411,2,1,0,0,0,0,0,0,0,0,0,0
2003,131412,1,1,0,0,0,0,0,0,0,0,0,0
2003,131412,2,1,25,36,24,17,32,23,49,9,7,35
2003,131413,1,1,0,0,0,0,0,0,0,0,0,0
2003,131414,1,1,0,0,0,0,0,0,0,0,0,0
2003,131414,2,1,0,0,0,0,0,0,0,0,0,0
2003,131415,1,1,4,12,16,14,18,20,12,0,15,0
2003,131416,0,1,37,30,25,28,53,26,19,0,10,13
2003,131416,1,1,0,0,0,0,0,0,0,0,0,0
2003,131417,1,1,0,0,0,0,0,0,0,0,0,0
2003,131417,2,1,0,0,0,0,0,0,8,0,0,0
2003,131418,1,1,0,0,0,0,0,0,0,0,0,0
2003,131419,1,1,0,0,0,0,0,0,0,0,0,0
2003,131420,1,1,6,6,6,6,6,6,6,6,6,6
2003,131420,2,1,0,0,0,0,0,0,0,0,0,0
2003,131421,1,1,0,0,0,0,0,0,0,0,0,0
2003,131422,1,1,0,0,0,0,0,0,14,0,0,0
2003,131423,1,1,0,0,0,0,0,0,0,0,0,0
2003,131423,2,1,0,0,0,0,0,0,0,0,0,0
2003,131424,1,1,0,0,0,0,0,0,0,0,0,0
2003,131424,2,1,0,0,0,0,0,0,0,0,0,0
2003,131425,1,1,0,0,0,0,0,0,0,0,0,0
2003,131426,1,1,4,4,4,4,4,4,4,4,4,4
2003,131427,1,1,0,0,0,0,0,0,0,0,0,0
2003,131428,1,1,16,16,16,16,16,16,16,16,16,16
2003,131429,1,1,0,0,0,0,0,0,0,0,0,0
2003,131429,2,1,25,0,0,0,0,0,0,22,0,12
2003,131430,1,1,0,0,0,0,0,0,0,0,0,0
2003,131431,1,1,0,0,0,0,0,0,0,0,0,0
2003,131432,1,1,0,0,0,0,0,0,0,0,0,0
2003,131433,1,1,0,0,0,0,0,0,0,0,0,0
2003,131434,1,1,0,0,0,0,0,0,0,0,0,0
2003,131435,1,1,0,0,0,0,0,0,0,0,0,0
2003,131435,2,1,0,0,0,0,0,0,0,0,0,0
2003,131435,3,1,0,0,0,0,0,0,0,0,0,0
2003,131436,1,1,0,0,0,0,0,0,0,0,0,0
2003,131436,2,1,0,0,0,0,0,0,0,0,0,0
2003,131437,1,1,0,0,0,0,17,0,0,0,0,0
2003,131438,1,1,0,0,0,6,0,0,0,0,0,0
2003,131438,2,1,0,8,0,0,0,0,0,0,0,0
2003,131438,3,1,0,0,0,0,0,0,0,0,0,0
2003,131440,0,1,14,0,0,0,25,0,0,0,12,0
2003,131440,1,1,0,0,0,0,0,0,0,0,0,0
2003,131440,2,1,0,0,0,0,0,0,0,0,0,0
2003,131440,3,1,0,0,0,0,0,12,0,0,0,0
2003,131441,1,1,0,0,0,0,0,0,0,0,0,0
2003,131441,2,1,0,0,0,0,0,0,0,0,0,0
2003,131442,1,1,0,0,0,0,0,15,8,0,0,0
2003,131443,1,1,4,0,0,0,0,0,11,0,0,0
2003,131443,2,1,0,0,0,0,0,0,0,0,0,0
2003,131444,1,1,0,16,0,0,0,0,0,0,0,0
2003,131444,2,1,0,0,0,0,0,0,0,0,0,0
2003,131445,1,1,10,0,0,0,19,19,0,0,0,0
2003,131445,2,1,0,0,0,0,0,0,0,0,0,0
2003,131446,0,1,0,0,0,0,0,0,0,0,0,0
2003,131446,1,1,0,0,0,0,0,0,0,0,0,0
2003,131447,1,1,0,0,0,0,0,0,0,0,0,0
2003,131448,1,1,0,0,0,0,0,0,0,0,0,0
2003,131448,2,1,9,7,15,0,0,20,0,0,0,25
2003,131449,1,1,0,0,0,0,14,0,9,0,0,0
2003,131450,1,1,0,0,10,29,0,0,0,0,0,6
2003,131451,1,1,0,0,0,0,0,0,0,0,0,0
2003,131451,2,1,0,0,0,0,0,0,0,0,0,0
2003,131452,1,1,0,0,0,0,7,0,18,8,0,0
2003,131452,2,1,0,0,0,0,0,22,0,0,0,0
2003,131453,0,1,0,0,0,0,0,0,0,0,0,0
2003,131453,1,1,0,0,0,0,0,0,0,0,0,0
2003,131454,1,1,0,13,11,0,0,0,29,0,0,0
2003,131454,2,1,0,0,0,0,0,0,0,0,0,0
2003,131455,1,1,18,10,0,8,0,0,0,9,8,25
2003,131455,2,1,0,0,0,0,0,0,0,0,0,0
2003,131455,3,1,0,0,0,0,0,0,0,0,0,0
2003,131455,4,1,0,0,4,0,14,0,0,0,0,0
2003,131456,1,1,0,0,0,0,0,0,0,0,0,0
2003,131456,2,1,0,0,0,0,0,0,0,0,0,0
2003,131457,1,1,0,0,0,0,0,0,0,0,0,0
2003,131458,1,1,0,0,0,10,0,19,0,21,30,6
2003,131459,1,1,28,28,28,28,28,28,28,28,28,28
2003,131459,2,1,0,0,7,0,0,0,0,0,0,0
2003,131460,1,1,0,0,0,0,0,0,0,0,0,0
2003,131460,2,1,0,0,0,0,0,0,0,0,0,0
2003,131461,1,1,0,0,0,0,0,0,0,0,0,0
2003,131461,2,1,0,0,0,0,0,0,10,0,0,25
2003,131462,1,1,9,0,0,33,9,0,0,0,0,0
2003,131462,2,1,0,0,0,0,0,0,0,0,0,0
2003,131463,1,1,0,0,0,0,0,0,0,0,0,0
2003,131463,2,1,0,0,16,8,0,0,0,0,0,0
2003,131464,1,1,0,0,0,0,0,0,29,0,0,0
2003,131464,2,1,0,0,0,0,0,3,0,0,0,0
2003,131465,1,1,0,0,0,0,0,0,0,0,0,0
2003,131465,2,1,0,0,0,0,0,0,0,0,0,0
2003,131466,1,1,0,0,0,0,20,0,0,0,0,0
2003,131467,1,1,0,0,0,0,0,0,0,0,0,0
2003,131468,1,1,0,0,0,0,0,0,0,0,0,0
2003,131469,1,1,0,0,0,0,0,0,0,0,0,0
2003,131469,2,1,0,0,0,0,0,0,0,0,0,0
2003,131470,1,1,0,0,0,0,0,0,0,0,0,0
2003,150001,1,2,13,13,13,13,13,13,13,13,13,13
2003,150002,0,1,0,0,0,0,0,0,0,0,0,0
2003,150002,1,1,21,0,0,0,0,0,0,0,0,0
2003,150003,1,1,26,26,26,26,26,26,26,26,26,26
2003,150004,1,1,0,0,0,0,0,0,0,0,0,0
2003,150005,1,1,0,0,0,0,0,0,0,0,0,0
2003,150005,2,1,0,0,0,0,0,0,0,0,0,0
2003,150006,1,1,0,0,0,0,0,0,0,0,0,0
2003,150006,2,1,0,0,0,0,0,0,0,0,0,0
2003,150007,0,1,0,0,0,0,0,0,0,0,0,0
2003,150007,1,1,0,0,3,0,0,4,0,0,0,0
2003,150008,0,1,0,0,0,0,0,0,0,0,0,0
2003,150008,1,1,0,0,0,0,0,0,0,0,0,0
2003,150009,1,1,15,15,15,15,15,15,15,15,15,15
2003,150010,1,1,3,3,3,3,3,3,3,3,3,3
2003,150011,0,1,0,0,0,0,0,0,0,0,0,0
2003,150011,1,1,0,0,0,0,0,0,0,0,0,0
2003,150012,1,1,0,0,0,0,0,0,0,0,0,0
2003,150012,2,1,0,0,0,0,0,0,0,0,0,0
2003,150013,1,1,6,6,6,6,6,6,6,6,6,6
2003,150013,2,1,0,0,0,0,0,0,0,0,0,0
2003,150013,3,1,0,14,10,0,0,0,17,0,0,0
2003,150014,1,1,26,26,26,26,26,26,26,26,26,26
2003,150015,1,1,0,0,0,0,0,0,0,0,0,0
2003,150015,2,1,0,0,0,0,0,0,0,0,0,0
2003,150016,1,1,0,0,0,0,0,0,0,0,0,0
2003,150017,1,1,15,15,15,15,15,15,15,15,15,15
2003,150017,2,1,0,0,0,0,0,0,0,0,0,0
2003,150017,3,1,0,0,16,0,0,0,0,0,0,17
2003,150018,1,1,0,0,0,0,0,0,0,0,0,0
2003,150018,2,1,0,0,0,0,0,0,0,0,0,0
2003,150019,1,1,14,14,14,14,14,14,14,14,14,14
2003,150020,1,1,18,18,18,18,18,18,18,18,18,18
2003,150020,2,1,0,0,0,0,0,0,0,0,0,0
2003,150021,0,1,19,0,19,0,0,0,0,0,0,0
2003,150021,1,1,0,0,0,0,0,9,10,0,0,15
2003,150022,1,1,28,9,0,20,9,7,18,18,20,9
2003,150023,1,1,15,15,15,15,15,15,15,15,15,15
2003,150024,1,1,0,0,0,0,0,0,0,0,0,0
2003,150026,0,1,0,0,0,0,0,0,0,0,0,0
2003,150026,1,1,9,9,9,9,9,9,9,9,9,9
2003,150027,1,1,7,7,7,7,7,7,7,7,7,7
2003,150027,2,1,0,0,0,0,0,0,0,0,0,0
2003,150027,3,1,0,0,0,0,0,0,0,0,0,0
2003,150028,1,1,0,0,0,0,0,0,0,0,0,0
2003,150029,0,1,7,7,7,7,7,7,7,7,7,7
2003,150029,1,1,0,0,0,0,0,0,0,0,0,0
2003,150030,1,1,0,0,0,0,0,5,0,0,0,0
2003,150030,2,1,0,0,0,0,0,0,0,0,0,0
2003,150031,0,1,0,0,0,0,0,0,0,0,0,0
2003,150031,1,1,12,12,12,12,12,12,12,12,12,12
2003,150032,1,1,0,0,0,0,0,0,0,0,0,0
2003,150032,2,1,4,4,4,4,4,4,4,4,4,4
2003,150033,1,1,0,0,0,0,0,16,0,12,0,13
2003,150034,1,1,16,16,16,16,16,16,16,16,16,16
2003,150035,1,1,20,20,20,20,20,20,20,20,20,20
2003,150036,1,1,0,0,0,0,0,0,0,0,0,0
2003,150036,2,1,0,0,0,0,0,0,0,0,0,0
2003,150037,0,1,0,0,0,0,0,0,0,0,0,0
2003,150037,1,1,0,0,0,0,0,0,0,0,0,0
2003,150038,1,1,0,0,0,0,0,0,0,0,0,0
2003,150038,2,1,0,0,0,0,0,0,0,0,0,0
2003,150039,1,1,19,19,19,19,19,19,19,19,19,19
2003,150039,2,1,0,0,0,0,0,0,0,0,0,0
2003,150040,0,1,0,0,0,0,0,0,0,0,0,0
2003,150040,1,1,0,0,21,0,0,0,0,0,0,0
2003,150041,0,1,0,0,0,0,0,0,0,0,0,0
2003,150041,1,1,0,0,0,0,0,0,0,0,0,0
2003,150042,1,1,17,15,13,0,21,21,11,17,18,13
2003,150043,1,1,16,16,16,16,16,16,16,16,16,16
2003,150044,1,1,16,16,16,16,16,16,16,16,16,16
2003,150046,1,1,7,7,7,7,7,7,7,7,7,7
2003,150047,1,1,3,3,3,3,3,3,3,3,3,3
2003,150048,1,1,9,9,9,9,9,9,9,9,9,9
2003,150049,1,1,0,0,0,0,0,0,0,0,0,0
2003,150049,2,1,0,0,0,0,0,0,0,0,0,0
2003,150050,1,1,10,10,10,10,10,10,10,10,10,10
2003,150051,1,1,20,20,20,20,20,20,20,20,20,20
2003,150051,2,1,0,0,0,0,0,0,0,0,0,0
2003,150052,0,1,0,0,0,0,0,0,0,0,0,0
2003,150052,0,2,0,0,0,0,0,0,0,0,0,0
2003,150052,1,1,14,0,0,0,0,0,0,0,0,0
2003,150053,1,1,12,19,20,11,21,10,9,33,5,9
2003,150053,2,1,14,11,0,16,19,10,4,18,24,14
2003,150054,0,1,0,0,0,0,0,0,0,0,0,0
2003,150054,1,1,0,0,0,0,0,18,13,0,21,0
2003,150055,0,1,0,0,0,0,0,0,0,0,0,0