YEAR,ST_CASE,veh_no,per_no,P1,P2,P3,P4,P5,P6,P7,P8,P9,P10
2003,150055,1,1,0,0,0,9,0,0,0,0,0,0
2003,150056,1,1,0,0,0,0,0,0,0,0,0,0
2003,150056,2,1,0,23,0,0,0,0,0,0,0,0
2003,150056,3,1,0,0,0,0,0,0,0,0,0,0
2003,150056,4,1,0,0,0,0,0,0,0,0,0,5
2003,150056,5,1,0,0,0,0,0,0,0,0,0,0
2003,150058,1,1,5,5,5,5,5,5,5,5,5,5
2003,150059,1,1,21,21,21,21,21,21,21,21,21,21
2003,150059,2,1,0,0,0,0,19,0,0,0,10,0
2003,150060,0,1,0,0,0,0,0,0,0,0,0,0
2003,150060,1,1,0,0,0,0,0,0,0,0,0,0
2003,150061,0,1,0,0,0,0,0,0,0,0,0,0
2003,150061,1,1,12,13,12,12,16,21,11,10,0,37
2003,150062,1,1,7,7,7,7,7,7,7,7,7,7
2003,150064,0,1,0,0,0,0,0,0,0,0,0,0
2003,150064,1,1,0,0,0,0,0,0,0,0,0,0
2003,150065,1,1,15,15,15,15,15,15,15,15,15,15
2003,150066,1,1,0,0,0,0,0,0,0,0,0,0
2003,150066,2,1,0,0,0,0,0,0,0,0,0,0
2003,150066,3,1,0,0,0,0,0,0,0,0,0,0
2003,150066,4,1,0,0,0,0,0,0,0,0,0,0
2003,150067,1,1,16,16,16,16,16,16,16,16,16,16
2003,150067,2,1,0,0,0,0,0,0,0,0,0,0
2003,150068,0,1,0,0,0,0,0,0,0,0,0,0
2003,150068,1,1,0,0,0,0,0,0,0,0,0,0
2003,150069,1,1,0,0,0,0,0,0,0,0,0,0
2003,150069,2,1,0,0,0,0,0,0,0,0,0,0
2003,150070,0,1,0,0,0,0,0,0,0,0,0,0
2003,150070,1,1,0,0,0,0,0,0,0,0,0,0
2003,150071,1,1,14,14,14,14,14,14,14,14,14,14
2003,150072,1,1,0,0,0,0,0,0,0,0,0,0
2003,150072,2,1,0,0,0,0,0,0,0,0,0,0
2003,150073,1,1,0,0,0,0,0,0,0,0,0,0
2003,150074,1,1,8,8,8,8,8,8,8,8,8,8
2003,150074,2,1,0,0,0,0,0,0,0,0,0,0
2003,150075,0,1,0,0,0,0,0,0,0,0,0,0
2003,150075,1,1,0,0,0,0,0,0,0,0,0,0
2003,150076,0,1,0,0,0,0,0,0,0,0,0,0
2003,150076,1,1,0,0,0,0,0,0,0,0,0,0
2003,150077,1,1,25,25,25,25,25,25,25,25,25,25
2003,150078,1,1,21,21,21,21,21,21,21,21,21,21
2003,150078,2,1,0,0,0,0,0,0,0,0,0,0
2003,150079,1,1,0,0,0,0,0,0,0,0,0,0
2003,150080,1,1,0,0,0,0,0,0,0,0,0,0
2003,150081,1,1,10,10,10,10,10,10,10,10,10,10
2003,150081,2,1,12,12,12,12,12,12,12,12,12,12
2003,150082,1,1,0,0,0,0,0,0,0,0,0,0
2003,150083,1,1,15,15,15,15,15,15,15,15,15,15
2003,150084,0,1,35,35,35,35,35,35,35,35,35,35
2003,150084,1,1,0,0,0,0,0,0,0,0,0,0
2003,150085,0,1,0,0,0,0,20,16,19,0,0,7
2003,150085,1,1,0,0,0,0,0,0,0,0,17,0
2003,150086,1,1,0,0,0,0,0,0,0,0,0,0
2003,150087,1,1,0,0,0,0,0,0,0,0,0,0
2003,150088,1,1,0,0,0,0,0,0,0,0,0,0
2003,150088,2,1,0,0,0,0,0,0,0,0,0,0
2003,150089,1,1,0,0,0,0,0,0,0,0,0,0
2003,150089,2,1,3,3,3,3,3,3,3,3,3,3
2003,150090,1,1,0,0,0,0,0,0,0,0,0,0
2003,150090,2,1,0,0,0,0,0,0,0,0,0,0
2003,150091,1,1,23,23,23,23,23,23,23,23,23,23
2003,150092,1,1,3,3,3,3,3,3,3,3,3,3
2003,150092,2,1,1,1,1,1,1,1,1,1,1,1
2003,150093,1,1,0,0,0,0,0,0,0,0,0,0
2003,150093,2,1,0,0,0,0,0,0,0,0,0,0
2003,150094,1,1,0,0,0,0,0,0,0,0,0,0
2003,150094,2,1,0,0,0,0,21,0,0,0,0,0
2003,150095,1,1,0,0,0,0,0,0,0,0,0,0
2003,150096,1,1,0,0,0,0,0,0,0,0,0,0
2003,150096,2,1,0,0,0,0,0,0,0,0,0,0
2003,150097,0,1,0,0,0,0,0,0,0,0,0,0
2003,150097,1,1,0,0,0,0,0,0,0,0,0,0
2003,150098,1,1,0,0,0,0,0,0,0,0,0,0
2003,150099,1,1,21,21,21,21,21,21,21,21,21,21
2003,150100,0,1,11,11,11,11,11,11,11,11,11,11
2003,150100,1,1,0,0,0,0,0,0,0,0,0,0
2003,150101,1,1,0,0,30,9,0,8,0,0,23,0
2003,150102,0,1,0,0,0,0,0,0,0,0,0,0
2003,150102,1,1,0,0,0,0,0,0,0,0,0,0
2003,150103,1,1,0,0,0,0,0,0,0,0,0,0
2003,150104,1,1,14,20,32,25,20,19,16,8,15,3
2003,150105,1,1,0,12,0,0,0,0,0,0,0,0
2003,150106,1,1,5,5,5,5,5,5,5,5,5,5
2003,150106,2,1,0,0,0,0,0,0,2,0,0,0
2003,150107,1,1,0,0,0,0,0,0,0,0,0,0
2003,150108,1,1,23,23,23,23,23,23,23,23,23,23
2003,150108,2,1,0,0,0,0,0,0,0,0,0,0
2003,150109,1,1,1,1,1,1,1,1,1,1,1,1
2003,150109,2,1,0,0,0,0,0,0,0,0,0,0
2003,150110,0,1,0,0,0,0,0,0,0,0,0,0
2003,150110,1,1,0,0,0,0,0,0,0,0,0,0
2003,150111,1,1,0,0,0,0,0,0,0,0,0,0
2003,150112,1,1,0,0,0,0,0,0,0,0,0,0
2003,150112,2,1,0,0,0,0,0,0,0,0,0,0
2003,150112,3,1,0,17,0,13,0,0,0,0,0,0
2003,150112,4,1,0,0,0,0,0,0,0,0,0,0
2003,150113,1,1,0,0,0,0,0,0,5,0,19,0
2003,150114,0,1,21,21,21,21,21,21,21,21,21,21
2003,150114,1,1,0,0,0,0,0,0,0,0,0,0
2003,150115,1,1,0,0,0,0,0,0,0,0,0,0
2003,150116,1,1,0,0,0,0,0,0,0,0,0,0
2003,150117,1,1,0,0,0,0,0,0,0,0,0,0
2003,150117,2,1,0,0,0,0,0,0,0,0,0,0
2003,150117,3,1,0,0,0,0,0,0,0,0,0,0
2003,150118,1,1,0,0,0,0,0,0,0,0,0,0
2003,150119,1,1,20,20,20,20,20,20,20,20,20,20
2003,160001,1,1,0,0,0,0,0,0,0,0,0,0
2003,160001,2,1,0,0,0,0,0,0,0,0,0,0
2003,160002,1,1,21,21,21,21,21,21,21,21,21,21
2003,160003,1,1,12,0,0,0,0,0,0,0,0,0
2003,160004,1,1,21,21,21,21,21,21,21,21,21,21
2003,160004,2,1,0,0,0,0,0,0,0,0,0,0
2003,160005,1,1,0,0,0,0,0,0,0,0,0,0
2003,160006,1,1,0,0,0,0,0,0,0,0,0,0
2003,160006,2,1,0,0,0,0,0,10,0,0,0,0
2003,160007,1,1,0,22,0,0,17,0,0,0,0,0
2003,160007,2,1,0,0,0,0,0,0,0,0,0,0
2003,160008,1,1,0,0,0,0,0,0,0,0,0,0
2003,160008,2,1,13,13,13,13,13,13,13,13,13,13
2003,160009,1,1,0,0,0,0,0,0,0,0,0,0
2003,160010,1,1,0,0,0,0,0,0,0,0,0,0
2003,160010,2,1,0,0,0,0,0,0,0,0,0,18
2003,160011,1,1,0,0,0,0,11,0,0,0,0,0
2003,160011,2,1,0,0,0,0,0,29,0,0,0,0
2003,160012,1,1,0,0,0,0,0,0,0,0,0,0
2003,160012,2,1,0,0,0,0,0,0,0,0,0,0
2003,160013,1,1,7,0,0,0,26,32,0,0,0,0
2003,160014,1,1,0,0,0,0,0,0,0,0,0,0
2003,160015,1,1,25,25,25,25,25,25,25,25,25,25
2003,160015,2,1,0,0,0,0,0,0,0,0,0,0
2003,160016,1,1,0,0,0,0,0,0,0,0,0,0
2003,160017,1,1,0,0,0,0,0,0,0,0,0,0
2003,160017,2,1,0,0,0,0,0,0,0,0,0,0
2003,160018,1,1,0,0,0,0,0,0,0,0,0,0
2003,160018,2,1,0,0,0,0,0,0,0,0,0,0
2003,160019,1,1,0,0,0,0,0,0,0,0,0,0
2003,160020,1,1,0,0,10,0,22,0,0,0,0,0
2003,160021,1,1,21,21,21,21,21,21,21,21,21,21
2003,160021,2,1,0,0,0,0,0,0,0,0,0,0
2003,160022,1,1,33,33,33,33,33,33,33,33,33,33
2003,160023,1,1,0,0,0,0,0,0,0,0,0,0
2003,160024,1,1,0,0,0,0,0,0,0,0,0,0
2003,160025,1,1,7,7,7,7,7,7,7,7,7,7
2003,160026,1,1,0,0,0,0,0,0,0,0,0,0
2003,160026,2,1,0,0,0,0,0,0,0,0,0,0
2003,160027,1,1,41,41,41,41,41,41,41,41,41,41
2003,160027,2,1,0,0,0,0,0,0,0,0,0,0
2003,160028,1,1,16,16,16,16,16,16,16,16,16,16
2003,160029,1,1,0,0,12,0,0,0,0,10,0,0
2003,160030,1,1,18,18,18,18,18,18,18,18,18,18
2003,160031,1,1,0,0,0,0,0,0,0,0,0,0
2003,160032,1,1,18,18,18,18,18,18,18,18,18,18
2003,160033,1,1,2,2,2,2,2,2,2,2,2,2
2003,160034,0,1,0,0,0,0,0,0,0,0,0,0
2003,160034,0,2,0,0,0,0,0,0,0,0,0,0
2003,160034,1,1,0,0,0,0,0,0,0,0,0,0
2003,160035,1,1,0,0,0,0,0,0,0,0,0,0
2003,160036,1,1,0,0,0,0,0,0,0,0,0,0
2003,160037,1,1,0,0,0,0,0,0,0,0,0,0
2003,160037,2,1,0,0,0,0,0,0,0,0,0,0
2003,160038,1,1,0,0,0,0,0,0,0,0,0,0
2003,160038,2,1,0,0,0,0,0,0,0,0,0,0
2003,160039,1,1,20,20,20,20,20,20,20,20,20,20
2003,160040,1,1,12,17,0,13,4,11,13,13,10,0
2003,160041,1,1,0,0,0,0,0,0,0,0,0,0
2003,160041,2,1,0,0,0,0,0,0,0,0,0,0
2003,160042,1,3,0,10,19,41,9,0,24,16,10,26
2003,160043,1,1,0,0,0,0,0,21,0,0,0,0
2003,160043,2,1,0,0,0,0,0,0,2,0,0,0
2003,160044,1,1,0,0,0,0,0,0,11,0,0,26
2003,160045,1,1,0,0,0,0,0,0,0,0,0,0
2003,160045,2,1,0,0,0,0,0,0,0,0,0,0
2003,160046,1,1,0,0,0,0,0,0,0,0,0,0
2003,160046,2,1,0,0,0,0,0,0,0,0,0,0
2003,160046,3,1,0,0,0,0,0,0,0,0,0,0
2003,160047,1,1,26,26,26,26,26,26,26,26,26,26
2003,160048,0,1,4,4,4,4,4,4,4,4,4,4
2003,160048,1,1,0,0,0,0,0,0,0,0,0,0
2003,160049,1,1,0,0,0,0,0,0,0,0,0,0
2003,160049,2,1,12,12,12,12,12,12,12,12,12,12
2003,160050,1,1,27,27,27,27,27,27,27,27,27,27
2003,160051,1,1,3,3,3,3,3,3,3,3,3,3
2003,160052,1,1,0,0,0,0,0,0,0,0,0,0
2003,160052,2,1,16,16,16,16,16,16,16,16,16,16
2003,160053,1,1,0,11,0,0,0,0,11,0,24,0
2003,160054,1,1,0,0,0,0,0,0,0,0,0,0
2003,160055,1,1,0,0,0,0,0,0,0,0,0,0
2003,160055,2,1,0,0,0,0,0,0,0,0,0,0
2003,160056,1,1,0,0,0,0,0,0,0,0,0,0
2003,160057,1,1,29,29,29,29,29,29,29,29,29,29
2003,160058,1,1,0,0,0,0,0,0,0,0,0,0
2003,160058,2,1,0,0,0,0,0,0,0,0,6,0
2003,160059,1,1,0,0,0,0,0,0,0,0,0,0
2003,160059,2,1,0,0,0,0,0,0,0,0,0,0
2003,160060,1,1,0,0,0,0,0,0,0,0,0,0
2003,160061,1,1,0,0,0,0,0,0,0,0,0,0
2003,160061,2,1,0,0,0,0,0,0,0,0,0,0
2003,160062,1,1,0,0,0,0,0,0,0,0,0,0
2003,160063,1,1,0,0,13,28,11,5,3,0,0,0
2003,160064,1,1,7,7,7,7,7,7,7,7,7,7
2003,160065,1,1,17,17,17,17,17,17,17,17,17,17
2003,160066,1,1,0,0,0,0,0,0,0,0,0,0
2003,160066,2,1,0,0,0,0,0,0,0,0,0,0
2003,160067,1,1,0,0,0,0,0,0,0,0,0,0
2003,160068,0,1,21,0,0,0,0,0,0,0,0,0
2003,160069,1,1,0,15,0,0,0,0,0,0,0,0
2003,160070,1,1,31,31,31,31,31,31,31,31,31,31
2003,160071,1,1,0,0,0,0,0,0,0,0,0,0
2003,160072,1,1,0,0,0,0,0,0,0,0,0,0
2003,160072,2,1,0,9,0,0,0,0,0,0,0,0
2003,160073,1,1,0,10,0,0,11,0,0,22,0,0
2003,160073,2,1,0,0,0,0,0,0,0,0,0,0
2003,160074,1,1,0,0,0,0,0,0,0,0,0,0
2003,160074,2,1,0,0,0,0,0,0,0,0,0,0
2003,160075,0,1,0,0,0,0,0,0,0,0,0,0
2003,160075,1,1,0,0,0,0,0,0,0,0,0,0
2003,160075,2,1,0,0,0,0,0,0,0,0,0,0
2003,160076,1,1,0,0,0,0,0,0,0,0,0,0
2003,160076,2,1,0,0,0,0,0,0,0,0,0,0
2003,160077,1,1,17,17,17,17,17,17,17,17,17,17
2003,160078,0,1,0,0,0,0,0,0,0,0,0,0
2003,160078,1,1,0,0,0,0,0,0,0,0,0,0
2003,160079,1,1,0,0,0,0,0,0,0,0,0,0
2003,160079,2,1,0,0,0,0,0,0,0,0,0,0
2003,160080,1,1,0,0,0,0,0,0,0,0,0,0
2003,160081,1,1,0,0,0,0,0,0,0,0,0,0
2003,160081,2,1,35,35,35,35,35,35,35,35,35,35
2003,160082,1,1,0,0,23,0,0,0,0,0,0,0
2003,160083,1,1,0,0,0,0,0,0,0,0,0,0
2003,160084,1,1,0,0,0,0,0,0,0,0,0,0
2003,160085,1,1,0,0,0,0,0,0,0,0,0,0
2003,160086,1,1,0,0,0,0,0,0,22,27,0,0
2003,160087,1,1,16,16,16,16,16,16,16,16,16,16
2003,160088,1,1,21,21,21,21,21,21,21,21,21,21
2003,160089,1,1,22,22,22,22,22,22,22,22,22,22
2003,160090,1,1,0,0,0,0,0,0,0,0,0,0
2003,160091,1,1,0,0,0,0,0,0,0,0,0,0
2003,160092,1,1,0,0,0,7,0,0,0,0,0,0
2003,160093,1,1,13,13,13,13,13,13,13,13,13,13
2003,160094,1,1,0,0,0,0,0,0,0,0,0,0
2003,160095,1,1,0,0,0,0,0,0,0,0,0,0
2003,160096,1,1,15,15,15,15,15,15,15,15,15,15
2003,160097,1,1,0,8,0,0,0,0,0,0,0,0
2003,160098,1,1,0,0,0,0,0,0,0,0,0,0
2003,160098,2,1,24,24,24,24,24,24,24,24,24,24
2003,160099,1,1,0,0,0,0,0,0,0,0,0,0
2003,160100,1,1,0,0,0,0,0,0,0,0,0,0
2003,160100,2,1,0,0,0,0,0,0,0,0,0,0
2003,160101,0,1,0,0,0,0,0,0,0,0,0,0
2003,160101,1,1,0,0,0,0,0,0,0,0,0,0
2003,160102,1,1,0,0,0,0,0,0,0,0,0,0
2003,160103,0,1,11,11,11,11,11,11,11,11,11,11
2003,160103,1,1,0,0,0,0,0,0,0,0,0,0
2003,160104,1,1,0,0,0,0,0,0,0,0,0,0
2003,160105,1,1,0,0,0,0,0,0,0,0,0,0
2003,160105,2,1,0,7,0,0,0,0,0,0,0,0
2003,160106,1,1,0,0,0,0,0,0,0,0,0,0
2003,160107,1,1,0,0,0,0,0,0,0,0,0,0
2003,160108,1,1,0,0,0,0,0,13,0,0,0,0
2003,160109,1,1,0,0,0,0,0,0,0,0,0,0
2003,160109,2,1,0,0,0,0,0,0,0,0,0,0
2003,160110,1,1,0,0,0,0,0,0,0,0,0,0
2003,160110,2,1,0,0,0,0,0,0,0,0,0,0
2003,160111,1,1,0,0,0,0,0,0,0,0,0,0
2003,160112,1,1,0,0,0,0,0,0,0,0,0,0
2003,160113,1,1,0,0,0,0,0,13,0,9,0,0
2003,160114,1,1,20,20,20,20,20,20,20,20,20,20
2003,160115,1,1,0,0,0,0,0,0,0,0,0,0
2003,160115,2,1,0,0,0,0,0,0,0,0,0,0
2003,160116,1,1,0,0,0,0,0,0,0,0,0,0
2003,160117,1,1,0,0,0,0,0,0,0,0,0,0
2003,160118,1,1,9,0,0,0,0,0,0,0,11,0
2003,160118,2,1,0,0,0,0,0,0,0,0,0,0
2003,160119,1,1,3,3,3,3,3,3,3,3,3,3
2003,160120,1,1,17,17,17,17,17,17,17,17,17,17
2003,160121,1,1,0,0,0,0,0,0,0,0,0,0
2003,160121,2,1,0,0,0,0,0,0,0,0,0,0
2003,160122,1,1,0,0,0,0,0,0,0,0,0,0
2003,160123,1,1,0,0,0,0,0,20,26,0,12,11
2003,160124,1,1,25,25,25,25,25,25,25,25,25,25
2003,160125,0,1,0,0,0,0,0,0,0,0,0,0
2003,160125,1,1,0,0,0,0,0,0,0,0,0,0
2003,160126,1,1,0,0,0,0,0,0,0,0,0,0
2003,160126,2,1,0,0,0,0,0,0,0,0,0,0
2003,160127,1,1,14,14,14,14,14,14,14,14,14,14
2003,160128,1,1,17,17,17,17,17,17,17,17,17,17
2003,160129,1,1,0,0,0,0,0,0,0,0,0,0
2003,160129,2,1,0,0,0,0,0,0,0,0,0,0
2003,160130,1,1,0,0,0,0,0,0,0,0,0,0
2003,160130,2,1,0,0,0,0,0,0,0,0,0,0
2003,160131,1,1,0,0,0,0,0,0,0,0,0,0
2003,160132,1,1,0,0,0,0,0,0,0,0,0,0
2003,160133,1,1,0,0,0,0,0,0,0,0,0,0
2003,160133,2,1,0,0,0,0,0,0,0,0,0,0
2003,160134,1,1,0,0,0,0,0,0,0,0,0,0
2003,160134,2,1,0,0,0,0,0,0,0,0,0,0
2003,160135,1,1,0,0,0,0,0,0,0,0,0,0
2003,160135,2,1,0,0,0,0,0,0,0,0,0,0
2003,160135,3,1,0,0,0,0,0,0,0,0,0,0
2003,160136,1,1,0,0,0,0,0,0,0,0,0,0
2003,160136,2,1,0,0,0,0,0,0,0,0,0,0
2003,160137,1,1,0,0,0,0,0,0,0,0,0,0
2003,160138,1,1,0,0,0,0,0,0,0,0,0,0
2003,160139,1,1,0,0,0,0,0,0,0,0,0,0
2003,160139,2,1,0,0,0,0,0,0,0,0,0,0
2003,160140,0,1,23,23,23,23,23,23,23,23,23,23
2003,160140,1,1,0,0,0,0,0,0,0,0,0,0
2003,160141,1,1,0,0,0,0,0,0,0,0,0,0
2003,160142,1,1,0,0,0,0,0,0,0,0,0,0
2003,160142,2,1,0,0,0,0,0,0,0,0,0,0
2003,160143,1,1,0,0,0,0,0,0,0,0,0,0
2003,160144,1,1,6,6,6,6,6,6,6,6,6,6
2003,160145,1,1,14,14,14,14,14,14,14,14,14,14
2003,160146,1,1,24,24,24,24,24,24,24,24,24,24
2003,160147,1,1,24,24,24,24,24,24,24,24,24,24
2003,160148,1,1,0,0,0,0,0,0,0,0,0,0
2003,160148,2,1,0,0,0,0,0,0,0,0,0,0
2003,160149,1,1,0,0,0,0,0,0,0,0,0,32
2003,160150,1,1,16,16,16,16,16,16,16,16,16,16
2003,160151,1,1,0,0,0,0,0,0,0,0,0,0
2003,160151,2,1,0,0,0,0,0,0,0,0,0,0
2003,160152,1,1,0,0,0,0,0,13,0,0,0,0
2003,160153,1,1,0,0,0,0,0,0,0,0,0,0
2003,160153,2,1,0,0,0,0,0,0,0,0,0,0
2003,160154,1,1,3,3,3,3,3,3,3,3,3,3
2003,160155,1,1,0,0,0,0,0,0,0,0,0,0
2003,160155,2,1,0,0,0,0,0,0,0,0,0,0
2003,160156,1,1,16,16,16,16,16,16,16,16,16,16
2003,160157,1,1,0,0,0,0,0,0,0,0,0,0
2003,160158,1,1,0,0,0,0,0,0,0,0,0,0
2003,160159,1,1,16,16,16,16,16,16,16,16,16,16
2003,160160,1,1,0,0,0,0,0,0,0,0,0,0
2003,160161,1,1,0,0,0,0,0,0,0,0,0,0
2003,160161,2,1,0,0,0,0,0,0,0,0,0,0
2003,160162,1,1,0,0,0,0,0,0,0,0,0,0
2003,160163,1,1,8,8,8,8,8,8,8,8,8,8
2003,160164,1,1,0,0,0,0,0,0,0,0,0,0
2003,160165,1,1,13,13,13,13,13,13,13,13,13,13
2003,160165,2,1,0,0,0,0,0,0,0,0,0,0
2003,160166,0,1,30,30,30,30,30,30,30,30,30,30
2003,160166,1,1,0,0,0,0,0,0,0,0,0,0
2003,160167,1,1,0,0,0,0,0,0,0,0,0,0
2003,160167,2,1,0,0,0,0,0,0,0,0,0,0
2003,160168,1,1,0,0,0,0,8,10,0,0,0,0
2003,160169,1,1,0,0,0,0,0,0,0,0,0,0
2003,160170,1,1,0,0,0,0,0,0,4,0,0,0
2003,160170,2,1,0,0,0,0,0,0,0,0,0,0
2003,160171,1,1,0,0,0,0,0,0,0,0,0,0
2003,160171,2,1,0,0,0,0,0,0,0,0,0,0
2003,160172,1,1,32,32,32,32,32,32,32,32,32,32
2003,160173,1,1,13,13,13,13,13,13,13,13,13,13
2003,160174,1,1,0,0,0,0,0,0,0,0,0,0
2003,160174,2,1,0,0,0,0,0,0,0,0,0,0
2003,160175,1,1,3,3,3,3,3,3,3,3,3,3
2003,160176,1,1,28,28,28,28,28,28,28,28,28,28
2003,160177,1,1,0,0,0,0,0,0,0,0,0,0
2003,160178,1,1,15,15,15,15,15,15,15,15,15,15
2003,160179,0,1,43,43,43,43,43,43,43,43,43,43
2003,160179,1,1,0,0,0,0,0,0,0,0,0,0
2003,160180,0,1,0,0,0,0,0,0,0,0,0,0
2003,160180,1,1,0,0,0,0,0,0,0,0,0,0
2003,160181,1,1,15,15,15,15,15,15,15,15,15,15
2003,160182,1,1,12,8,13,15,24,8,6,15,13,35
2003,160183,1,1,0,0,0,0,0,0,0,0,0,0
2003,160184,1,1,0,0,0,0,0,0,0,0,0,0
2003,160184,2,1,0,0,0,17,0,0,12,0,0,0
2003,160185,1,1,0,0,13,0,0,0,0,18,0,0
2003,160185,2,1,0,0,0,0,0,0,0,0,0,0
2003,160186,1,1,0,0,0,0,0,9,0,0,0,0
2003,160186,2,1,0,0,9,0,0,0,0,0,0,0
2003,160187,1,1,5,5,5,5,5,5,5,5,5,5
2003,160188,1,1,0,0,0,0,0,0,0,0,0,0
2003,160188,2,1,0,0,0,0,0,0,0,0,14,0
2003,160189,1,1,0,0,0,0,0,0,0,0,0,0
2003,160190,1,1,0,0,0,0,0,0,0,0,0,0
2003,160190,2,1,0,0,0,0,0,0,0,0,0,0
2003,160191,0,1,0,15,0,0,0,0,0,34,0,0
2003,160191,1,1,0,0,0,0,0,0,0,0,0,0
2003,160192,1,1,0,0,0,0,0,0,0,0,0,0
2003,160193,1,1,0,31,0,9,9,0,0,0,0,0
2003,160194,0,1,0,0,0,0,0,0,0,0,0,14
2003,160194,1,1,0,0,0,0,0,0,0,0,0,0
2003,160195,1,1,25,25,25,25,25,25,25,25,25,25
2003,160196,1,1,19,19,19,19,19,19,19,19,19,19
2003,160196,2,1,15,15,15,15,15,15,15,15,15,15
2003,160197,1,1,0,0,0,0,0,0,0,0,0,0
2003,160197,2,1,0,0,0,0,0,0,0,0,0,0
2003,160198,1,1,0,0,0,0,0,0,0,0,0,0
2003,160199,1,1,16,0,0,0,0,0,0,0,0,0
2003,160199,2,1,0,0,0,0,0,0,0,0,0,0
2003,160200,1,1,0,0,0,0,0,0,0,0,0,18
2003,160200,2,1,0,0,0,0,0,0,0,0,0,0
2003,160201,1,1,0,0,0,0,0,0,0,0,0,0
2003,160202,1,1,26,26,26,26,26,26,26,26,26,26
2003,160203,1,1,18,18,18,18,18,18,18,18,18,18
2003,160204,1,1,0,0,0,0,0,0,0,0,0,0
2003,160205,1,1,21,21,21,21,21,21,21,21,21,21
2003,160206,1,1,0,0,0,0,0,0,0,0,0,0
2003,160207,1,1,0,0,0,0,0,0,0,0,0,0
2003,160207,2,1,0,0,0,0,0,0,0,0,0,0
2003,160208,1,1,0,0,0,0,0,0,0,0,0,0
2003,160209,1,1,0,0,0,0,0,0,0,0,0,0
2003,160210,1,1,0,0,0,0,0,0,0,0,0,0
2003,160211,1,1,0,0,0,0,0,0,0,0,0,0
2003,160212,1,1,9,0,0,0,0,0,0,0,0,0
2003,160213,1,1,0,0,0,0,0,0,0,0,15,0
2003,160213,2,1,27,27,27,27,27,27,27,27,27,27
2003,160213,3,1,0,0,0,0,0,0,0,0,14,0
2003,160214,1,1,15,15,15,15,15,15,15,15,15,15
2003,160215,1,1,0,0,0,0,0,0,0,0,0,0
2003,160216,1,1,7,7,7,7,7,7,7,7,7,7
2003,160217,1,1,0,0,0,0,0,0,0,0,0,0
2003,160217,2,1,0,0,0,0,0,0,0,0,0,0
2003,160218,1,1,0,0,0,0,0,0,0,0,0,0
2003,160218,2,1,0,0,0,0,0,0,0,0,0,0
2003,160219,1,1,14,14,14,14,14,14,14,14,14,14
2003,160220,1,1,0,0,0,0,0,0,0,0,0,0
2003,160220,2,1,0,0,0,0,0,0,0,0,0,0
2003,160221,1,1,10,10,10,10,10,10,10,10,10,10
2003,160222,1,1,0,0,0,0,0,0,0,0,0,0
2003,160223,1,1,19,19,19,19,19,19,19,19,19,19
2003,160224,1,1,0,0,0,0,0,0,0,0,0,0
2003,160224,2,1,0,0,0,0,0,0,0,0,0,0
2003,160225,1,1,21,21,21,21,21,21,21,21,21,21
2003,160226,1,1,0,0,0,0,0,0,0,0,0,0
2003,160226,2,1,0,0,0,0,0,0,0,0,0,0
2003,160227,1,1,0,0,0,0,0,0,0,0,7,0
2003,160227,2,1,0,0,0,0,0,0,0,0,0,0
2003,160228,1,1,0,0,0,0,0,0,0,0,0,0
2003,160228,2,1,0,0,0,0,0,0,0,0,0,0
2003,160229,1,1,22,10,33,16,19,7,0,13,19,24
2003,160230,1,1,0,0,0,0,0,0,0,0,0,0
2003,160230,2,1,0,0,0,0,0,0,0,0,0,0
2003,160231,1,1,0,0,0,0,0,0,0,0,0,0
2003,160232,1,1,0,0,0,0,0,0,0,0,0,0
2003,160233,1,1,28,28,28,28,28,28,28,28,28,28
2003,160234,1,1,0,0,0,0,0,0,0,0,0,0
2003,160234,2,1,0,0,0,0,0,0,0,0,0,0
2003,160235,1,1,21,21,21,21,21,21,21,21,21,21
2003,160236,1,1,3,3,3,3,3,3,3,3,3,3
2003,160237,1,1,0,0,0,0,0,0,0,0,0,0
2003,160237,2,1,0,0,0,0,0,0,0,0,0,0
2003,160238,1,1,0,0,0,0,8,0,7,0,0,0
2003,160239,1,1,0,0,0,0,0,0,0,0,0,0
2003,160240,1,1,0,0,0,0,0,0,0,0,0,0
2003,160240,2,1,0,0,0,0,0,0,0,0,0,0
2003,160241,1,1,15,15,15,15,15,15,15,15,15,15
2003,160241,2,1,0,0,0,0,0,0,0,0,0,0
2003,160242,1,1,0,0,0,0,0,0,0,0,0,0
2003,160242,2,1,0,0,0,0,0,0,0,0,0,0
2003,160242,3,1,0,0,0,0,0,0,0,0,0,0
2003,160243,1,1,0,0,0,0,0,0,0,0,0,0
2003,160244,1,1,15,28,9,19,10,32,20,15,28,5
2003,160245,1,1,36,36,36,36,36,36,36,36,36,36
2003,160245,2,1,0,0,0,0,0,0,0,0,0,0
2003,160246,1,1,0,0,0,0,0,0,0,0,0,0
2003,160246,2,1,0,0,0,0,0,0,0,0,0,0
2003,160247,1,1,0,0,0,0,0,0,0,0,0,0
2003,160247,2,1,0,0,0,0,0,0,0,0,0,0