YEAR,ST_CASE,veh_no,per_no,P1,P2,P3,P4,P5,P6,P7,P8,P9,P10
2003,160248,1,1,17,17,17,17,17,17,17,17,17,17
2003,160249,1,1,0,0,0,0,0,0,0,0,0,0
2003,160249,2,1,0,0,0,0,0,0,0,0,0,0
2003,160250,1,1,0,0,0,0,0,0,0,0,0,0
2003,160251,1,1,0,0,0,0,0,0,0,0,0,0
2003,160251,2,1,0,0,0,0,0,0,0,0,0,0
2003,160252,1,1,0,0,0,0,0,0,0,0,0,0
2003,160253,1,1,28,28,28,28,28,28,28,28,28,28
2003,160254,1,1,25,25,25,25,25,25,25,25,25,25
2003,160255,0,1,0,0,0,0,0,0,0,0,0,0
2003,160255,1,1,0,0,0,0,0,0,0,0,0,20
2003,160256,1,1,0,0,0,0,0,0,0,0,0,0
2003,160256,2,1,0,0,0,0,0,0,0,0,0,0
2003,160256,3,1,0,0,0,0,0,0,0,0,0,0
2003,160257,1,1,10,10,10,10,10,10,10,10,10,10
2003,160258,1,1,36,36,36,36,36,36,36,36,36,36
2003,160259,1,1,0,0,0,0,0,0,0,0,0,0
2003,160260,1,1,0,0,0,10,0,0,0,0,0,0
2003,160261,1,1,0,0,0,0,0,0,0,0,0,0
2003,170001,1,1,6,6,6,6,6,6,6,6,6,6
2003,170002,0,1,20,20,20,20,20,20,20,20,20,20
2003,170002,1,1,0,0,0,0,0,0,0,0,0,0
2003,170003,1,1,0,0,0,0,0,0,0,0,0,0
2003,170004,1,1,11,11,11,11,11,11,11,11,11,11
2003,170004,2,1,5,5,5,5,5,5,5,5,5,5
2003,170005,1,1,10,10,10,10,10,10,10,10,10,10
2003,170005,2,1,0,0,0,0,0,0,0,0,0,0
2003,170006,1,1,15,15,15,15,15,15,15,15,15,15
2003,170006,2,1,0,0,0,0,14,0,0,0,0,0
2003,170006,3,1,0,0,0,0,0,0,0,0,0,0
2003,170007,1,1,0,0,0,0,0,0,0,0,0,0
2003,170007,2,1,0,0,0,0,0,0,0,0,0,0
2003,170008,1,1,0,0,0,0,0,0,0,0,0,0
2003,170008,2,1,0,0,0,0,0,0,0,0,0,0
2003,170009,0,1,0,0,0,0,0,0,0,0,0,0
2003,170009,1,1,0,0,0,0,0,0,0,0,0,0
2003,170009,2,1,0,0,0,0,0,0,0,0,0,0
2003,170010,1,1,0,0,0,0,0,0,0,0,0,0
2003,170010,2,1,0,0,0,0,0,0,0,0,0,0
2003,170011,0,1,0,0,0,0,0,0,0,0,0,0
2003,170011,1,1,0,0,0,0,0,0,0,0,0,0
2003,170012,1,1,0,0,0,0,0,0,0,0,0,0
2003,170013,1,1,17,17,17,17,17,17,17,17,17,17
2003,170014,1,1,26,26,26,26,26,26,26,26,26,26
2003,170015,1,1,19,19,19,19,19,19,19,19,19,19
2003,170016,1,1,0,0,0,0,0,0,0,0,0,0
2003,170017,1,1,0,0,0,0,0,0,0,0,0,0
2003,170018,1,1,20,20,20,20,20,20,20,20,20,20
2003,170018,2,1,21,21,21,21,21,21,21,21,21,21
2003,170019,1,1,8,8,8,8,8,8,8,8,8,8
2003,170020,1,1,20,20,20,20,20,20,20,20,20,20
2003,170021,1,1,4,4,4,4,4,4,4,4,4,4
2003,170022,0,1,0,0,0,0,0,0,0,0,0,0
2003,170022,1,1,0,0,0,32,0,17,0,0,0,0
2003,170023,1,1,0,0,0,0,0,0,0,0,0,0
2003,170023,2,1,0,0,0,0,0,0,0,0,0,0
2003,170024,1,1,0,0,0,0,0,0,0,0,0,0
2003,170025,1,1,0,0,0,0,0,0,0,0,0,0
2003,170025,2,1,0,0,0,0,0,0,0,0,0,0
2003,170026,1,1,0,0,0,0,0,0,0,0,0,0
2003,170027,1,1,21,21,21,21,21,21,21,21,21,21
2003,170028,1,1,0,0,0,0,0,0,0,0,0,0
2003,170028,2,1,9,9,9,9,9,9,9,9,9,9
2003,170029,1,1,0,0,0,0,0,0,0,0,0,0
2003,170029,2,1,0,0,6,0,0,0,0,0,0,0
2003,170030,1,1,0,0,0,0,0,0,0,0,0,0
2003,170031,1,1,20,20,20,20,20,20,20,20,20,20
2003,170032,1,1,0,0,0,0,0,0,0,0,0,0
2003,170032,2,1,0,0,13,0,0,0,0,6,0,0
2003,170033,1,1,0,0,0,0,0,0,0,0,0,0
2003,170033,2,1,0,0,0,0,0,0,0,0,0,0
2003,170034,1,1,11,11,11,11,11,11,11,11,11,11
2003,170035,1,1,0,0,0,0,0,0,0,0,0,0
2003,170035,2,1,0,0,0,0,0,0,0,0,0,0
2003,170036,0,1,0,0,0,0,0,0,0,0,0,0
2003,170036,1,1,0,0,0,0,0,0,0,0,0,0
2003,170037,1,1,0,0,0,0,0,0,0,0,0,0
2003,170038,1,1,27,27,27,27,27,27,27,27,27,27
2003,170039,1,1,0,0,0,0,0,0,0,0,0,0
2003,170040,0,1,0,0,0,0,19,0,0,0,0,0
2003,170040,1,1,0,0,0,0,0,0,0,0,0,0
2003,170041,1,1,2,2,2,2,2,2,2,2,2,2
2003,170042,0,1,0,0,0,0,0,0,0,0,0,0
2003,170042,1,1,10,21,20,11,22,13,11,28,17,13
2003,170043,1,1,17,17,17,17,17,17,17,17,17,17
2003,170044,1,1,19,19,19,19,19,19,19,19,19,19
2003,170045,1,1,0,0,0,0,0,0,0,0,0,0
2003,170045,2,1,0,0,0,0,0,0,0,0,0,0
2003,170045,3,1,0,0,0,0,0,0,0,0,0,0
2003,170046,1,1,14,20,12,17,22,10,19,25,25,5
2003,170047,1,1,0,0,0,0,0,0,0,0,0,0
2003,170047,2,1,0,0,0,0,0,0,0,0,0,0
2003,170048,1,1,0,0,0,0,0,0,0,0,0,0
2003,170048,2,1,0,0,0,0,0,0,0,0,0,0
2003,170049,1,1,0,0,0,0,0,0,0,0,0,0
2003,170049,2,1,0,0,0,0,0,0,0,0,0,0
2003,170049,3,1,0,0,0,0,0,0,0,0,0,0
2003,170050,1,1,0,0,0,0,0,0,0,0,0,0
2003,170051,1,1,0,0,0,0,0,0,0,0,0,0
2003,170051,2,1,0,0,0,0,0,0,0,0,0,0
2003,170052,1,1,0,0,0,0,0,0,0,0,0,0
2003,170053,0,1,28,28,28,28,28,28,28,28,28,28
2003,170053,1,1,0,0,0,0,0,0,0,0,0,0
2003,170054,1,1,32,32,32,32,32,32,32,32,32,32
2003,170055,1,1,0,0,0,0,0,0,0,0,0,0
2003,170056,1,1,17,17,17,17,17,17,17,17,17,17
2003,170056,2,1,7,0,0,0,23,3,0,0,0,0
2003,170057,0,1,25,25,25,25,25,25,25,25,25,25
2003,170057,1,1,8,21,0,0,0,0,0,0,0,0
2003,170057,2,1,0,0,0,0,0,0,0,0,0,0
2003,170058,1,1,19,19,19,19,19,19,19,19,19,19
2003,170059,1,1,20,20,20,20,20,20,20,20,20,20
2003,170060,1,1,13,13,13,13,13,13,13,13,13,13
2003,170060,2,1,0,0,0,0,0,0,0,0,0,0
2003,170061,1,1,10,10,10,10,10,10,10,10,10,10
2003,170062,1,1,0,0,0,0,0,0,0,0,0,0
2003,170063,1,1,0,0,0,0,0,0,0,0,0,0
2003,170064,1,1,10,10,10,10,10,10,10,10,10,10
2003,170065,1,1,0,0,0,0,0,0,0,0,0,0
2003,170066,1,1,14,14,14,14,14,14,14,14,14,14
2003,170067,0,1,0,0,0,0,0,0,0,0,0,0
2003,170067,1,1,20,0,20,0,0,0,0,0,0,0
2003,170068,1,1,0,0,0,0,0,0,0,0,0,0
2003,170069,1,1,21,21,21,21,21,21,21,21,21,21
2003,170070,0,1,0,0,0,0,0,0,0,0,0,0
2003,170070,1,1,0,0,0,0,0,0,0,0,0,0
2003,170071,1,1,0,0,0,0,12,0,0,0,0,0
2003,170071,2,1,0,0,0,0,0,0,0,0,0,0
2003,170072,1,1,21,21,21,21,21,21,21,21,21,21
2003,170073,1,1,14,14,14,14,14,14,14,14,14,14
2003,170074,1,1,0,0,0,0,0,0,0,0,0,0
2003,170074,2,1,0,0,0,0,0,0,0,0,0,0
2003,170075,1,1,0,0,0,0,0,0,0,0,0,0
2003,170076,1,1,0,0,0,0,0,0,0,0,0,0
2003,170076,2,1,0,0,0,0,0,0,0,0,0,0
2003,170077,0,1,0,0,0,0,0,0,0,0,0,0
2003,170077,1,1,0,0,0,0,0,0,0,0,0,0
2003,170078,1,1,14,14,14,14,14,14,14,14,14,14
2003,170078,2,1,0,0,0,0,0,0,0,0,0,0
2003,170079,1,1,19,19,19,19,19,19,19,19,19,19
2003,170080,1,1,0,0,0,0,0,0,0,0,0,0
2003,170080,2,1,0,0,0,0,0,0,0,0,0,0
2003,170081,1,1,0,0,0,0,0,0,0,0,0,0
2003,170082,1,1,0,0,0,0,0,0,0,0,0,0
2003,170082,2,1,0,0,0,0,0,0,0,0,0,0
2003,170083,1,1,0,0,0,0,0,0,0,0,0,0
2003,170083,2,1,0,0,0,0,0,0,0,0,0,0
2003,170084,1,1,20,20,20,20,20,20,20,20,20,20
2003,170084,2,1,0,0,0,0,0,0,0,0,0,0
2003,170085,1,1,0,0,0,0,0,0,0,0,0,0
2003,170085,2,1,0,0,0,0,0,0,0,0,0,0
2003,170086,1,1,0,0,0,0,0,0,0,0,0,0
2003,170087,1,1,22,22,22,22,22,22,22,22,22,22
2003,170088,1,1,0,0,0,0,0,0,0,0,0,0
2003,170088,2,1,0,0,0,0,0,0,0,0,0,0
2003,170089,1,1,22,22,22,22,22,22,22,22,22,22
2003,170091,1,1,0,0,0,0,0,0,0,0,0,0
2003,170091,2,1,0,0,0,0,0,0,0,0,0,0
2003,170092,1,1,0,0,0,0,0,0,0,0,0,0
2003,170092,2,1,0,0,0,0,0,0,0,0,0,0
2003,170093,1,1,11,11,11,11,11,11,11,11,11,11
2003,170094,0,1,0,0,0,0,0,0,0,0,0,0
2003,170094,1,1,4,0,0,0,0,0,12,7,18,0
2003,170095,1,1,11,11,11,11,11,11,11,11,11,11
2003,170096,1,1,0,0,0,0,0,0,0,0,0,0
2003,170097,1,1,25,25,25,25,25,25,25,25,25,25
2003,170098,1,1,0,0,0,0,0,0,0,0,0,0
2003,170098,2,1,0,0,0,0,0,0,0,0,0,0
2003,170099,1,1,15,15,15,15,15,15,15,15,15,15
2003,170099,2,1,0,0,0,0,0,0,0,0,0,0
2003,170100,1,1,0,0,0,0,0,0,0,0,0,0
2003,170101,1,1,0,0,0,0,0,0,0,0,0,0
2003,170101,2,1,0,0,0,0,0,0,0,0,0,0
2003,170101,3,1,0,0,0,0,0,0,0,0,0,0
2003,170102,1,1,0,0,0,0,0,0,0,0,0,0
2003,170102,2,1,0,0,0,0,0,0,0,0,0,0
2003,170103,1,1,21,0,0,0,11,0,0,0,0,0
2003,170104,1,1,17,17,17,17,17,17,17,17,17,17
2003,170105,1,1,22,22,22,22,22,22,22,22,22,22
2003,170106,1,1,0,0,0,0,12,0,0,0,0,0
2003,170107,1,1,0,0,0,0,0,0,0,0,0,0
2003,170107,2,1,0,0,0,0,0,0,0,0,0,0
2003,170108,1,1,1,1,1,1,1,1,1,1,1,1
2003,170109,1,1,10,10,10,10,10,10,10,10,10,10
2003,170109,2,1,0,0,0,0,0,0,0,0,0,0
2003,170110,0,1,20,20,20,20,20,20,20,20,20,20
2003,170110,1,1,0,0,0,0,0,0,0,19,0,0
2003,170111,1,1,4,4,4,4,4,4,4,4,4,4
2003,170112,1,1,17,17,17,17,17,17,17,17,17,17
2003,170113,1,1,23,23,23,23,23,23,23,23,23,23
2003,170114,1,1,0,0,0,0,0,0,0,0,0,0
2003,170114,2,1,0,0,0,0,0,0,0,0,0,0
2003,170115,1,1,0,0,0,0,0,0,0,0,0,0
2003,170115,2,1,0,0,0,0,0,0,0,0,0,0
2003,170116,1,1,0,0,0,0,0,0,0,0,0,0
2003,170116,2,1,0,0,0,0,0,0,0,0,0,0
2003,170117,1,1,0,0,0,0,0,0,0,0,0,0
2003,170117,2,1,0,0,12,0,0,0,0,0,0,0
2003,170118,1,1,15,15,15,15,15,15,15,15,15,15
2003,170119,1,1,0,0,0,0,0,0,0,0,0,0
2003,170119,2,1,0,0,0,0,0,9,0,0,0,0
2003,170120,1,1,0,0,0,0,0,0,0,0,0,0
2003,170120,2,1,0,0,0,0,0,0,0,0,0,0
2003,170121,1,1,0,0,0,0,0,0,0,0,0,0
2003,170121,2,1,0,0,0,0,0,0,0,0,0,0
2003,170122,1,1,9,9,9,9,9,9,9,9,9,9
2003,170123,1,1,0,0,4,0,0,0,0,0,0,0
2003,170124,1,1,26,26,26,26,26,26,26,26,26,26
2003,170125,1,1,0,0,0,0,0,0,0,0,0,0
2003,170126,1,1,14,14,14,14,14,14,14,14,14,14
2003,170126,2,1,0,0,0,0,0,0,0,0,0,0
2003,170127,1,1,0,0,0,0,0,0,0,0,0,0
2003,170128,1,1,34,12,0,0,0,0,0,0,0,0
2003,170129,1,1,23,23,23,23,23,23,23,23,23,23
2003,170129,2,1,8,8,8,8,8,8,8,8,8,8
2003,170130,1,1,0,0,0,0,0,0,0,0,0,0
2003,170131,1,1,0,0,0,0,0,0,0,0,0,0
2003,170131,2,1,0,0,0,0,0,0,0,0,0,0
2003,170132,1,1,0,0,0,0,0,0,0,0,0,0
2003,170132,2,1,0,0,0,0,0,0,0,0,0,0
2003,170133,1,1,0,0,0,0,0,0,0,0,0,0
2003,170134,1,1,0,0,0,0,0,0,0,0,0,0
2003,170134,2,1,0,0,0,0,0,0,0,0,0,0
2003,170135,0,1,0,0,0,0,0,0,0,0,0,0
2003,170135,1,1,0,0,0,0,0,0,0,0,0,0
2003,170136,1,1,0,0,0,0,0,0,0,0,0,0
2003,170136,2,1,0,0,0,0,0,0,0,0,0,0
2003,170137,1,1,0,0,0,0,0,0,0,0,0,0
2003,170137,2,1,0,0,0,0,0,0,0,0,0,0
2003,170138,1,1,0,0,0,0,0,0,0,0,0,0
2003,170138,2,1,0,0,0,0,0,0,0,0,0,0
2003,170139,0,1,7,7,7,7,7,7,7,7,7,7
2003,170139,1,1,0,22,0,10,0,0,13,14,0,20
2003,170140,1,1,0,0,0,0,0,0,0,0,0,0
2003,170141,1,1,0,0,0,0,0,0,0,0,0,0
2003,170141,2,1,0,0,0,0,0,0,0,0,0,0
2003,170142,1,1,44,44,44,44,44,44,44,44,44,44
2003,170143,1,1,0,0,0,0,0,0,0,0,0,0
2003,170143,2,1,0,0,0,0,0,0,0,0,0,0
2003,170143,3,1,0,0,0,0,0,0,0,0,0,0
2003,170144,1,1,0,0,0,0,0,0,0,0,0,0
2003,170144,2,1,0,0,0,0,0,0,0,0,0,0
2003,170145,1,1,0,0,0,0,0,0,0,0,0,0
2003,170146,1,1,18,18,18,18,18,18,18,18,18,18
2003,170147,1,1,0,0,0,0,9,14,0,0,0,0
2003,170147,2,1,0,0,0,0,0,0,0,0,0,0
2003,170148,1,1,0,0,0,0,0,0,0,0,0,0
2003,170149,0,1,20,20,20,20,20,20,20,20,20,20
2003,170149,1,1,0,0,8,0,0,0,0,0,0,0
2003,170150,1,1,0,0,0,0,0,0,0,0,0,0
2003,170150,2,1,0,0,0,0,0,0,0,0,0,0
2003,170151,1,1,0,0,0,0,0,0,0,0,0,0
2003,170152,1,1,0,0,0,0,0,0,0,0,0,0
2003,170152,2,1,0,0,0,11,0,0,0,0,0,0
2003,170152,3,1,0,0,0,0,0,0,0,0,0,0
2003,170153,1,1,7,7,7,7,7,7,7,7,7,7
2003,170154,1,1,0,0,0,0,0,0,0,0,0,0
2003,170154,2,1,0,0,0,0,0,0,0,0,0,0
2003,170155,1,1,0,0,0,0,0,0,0,0,0,0
2003,170155,2,1,0,0,0,0,0,0,0,0,0,0
2003,170156,1,1,15,15,15,15,15,15,15,15,15,15
2003,170157,1,1,3,3,3,3,3,3,3,3,3,3
2003,170157,2,1,0,0,0,0,0,0,0,0,0,0
2003,170158,1,1,0,0,0,0,0,0,0,0,0,0
2003,170158,2,1,0,0,0,0,0,0,0,0,0,0
2003,170158,3,1,0,0,0,0,0,0,0,0,0,0
2003,170159,1,1,0,0,0,0,0,0,0,0,0,0
2003,170160,0,1,0,15,0,0,8,18,12,32,7,26
2003,170160,0,2,19,19,19,19,19,19,19,19,19,19
2003,170160,0,3,14,14,14,14,14,14,14,14,14,14
2003,170160,1,1,0,9,0,0,0,0,20,15,0,0
2003,170160,3,1,0,0,18,5,0,0,0,0,0,0
2003,170161,1,1,0,0,0,0,0,0,0,0,0,0
2003,170162,1,1,0,0,0,0,0,0,0,0,0,0
2003,170162,2,1,0,0,0,0,0,0,0,0,0,0
2003,170163,1,1,0,0,0,0,0,0,0,0,0,0
2003,170164,1,1,16,16,16,16,16,16,16,16,16,16
2003,170165,1,1,0,0,0,0,0,0,0,0,0,0
2003,170166,1,1,14,14,14,14,14,14,14,14,14,14
2003,170167,1,1,27,27,27,27,27,27,27,27,27,27
2003,170168,1,1,15,15,15,15,15,15,15,15,15,15
2003,170169,1,1,18,18,18,18,18,18,18,18,18,18
2003,170170,1,1,0,0,0,0,0,0,0,0,0,0
2003,170170,2,1,0,0,0,0,0,0,0,0,0,0
2003,170171,1,1,10,10,10,10,10,10,10,10,10,10
2003,170172,1,1,24,24,24,24,24,24,24,24,24,24
2003,170173,1,1,0,0,0,0,0,0,0,0,0,0
2003,170173,2,1,0,0,0,0,0,0,0,0,0,0
2003,170174,1,1,0,0,0,0,0,0,0,0,0,0
2003,170175,1,1,10,10,10,10,10,10,10,10,10,10
2003,170176,1,1,0,0,0,0,0,0,0,0,0,0
2003,170176,2,1,0,0,0,0,0,0,0,0,0,0
2003,170177,1,1,0,0,0,0,0,0,0,0,0,0
2003,170177,2,1,0,0,0,0,0,0,0,0,0,0
2003,170179,1,1,10,10,10,10,10,10,10,10,10,10
2003,170179,2,1,0,0,0,0,25,0,0,0,0,11
2003,170180,1,1,25,25,25,25,25,25,25,25,25,25
2003,170181,1,1,0,0,0,0,0,0,0,0,0,0
2003,170181,2,1,0,0,0,0,0,0,0,0,0,0
2003,170182,1,1,17,0,0,0,0,0,0,0,0,6
2003,170183,1,1,12,0,6,5,15,7,8,20,32,13
2003,170184,1,1,0,0,0,0,0,0,0,0,0,0
2003,170184,2,1,19,19,19,19,19,19,19,19,19,19
2003,170185,1,1,0,0,0,0,0,0,0,0,0,0
2003,170185,2,1,0,0,0,0,0,0,0,0,0,0
2003,170186,0,1,14,14,14,14,14,14,14,14,14,14
2003,170186,1,1,0,0,0,0,0,0,0,0,0,0
2003,170187,1,1,0,0,0,0,0,0,0,0,0,0
2003,170187,2,1,0,0,0,0,0,0,0,0,0,0
2003,170188,0,1,0,14,0,23,0,0,0,0,19,21
2003,170188,1,1,14,0,0,0,0,0,0,0,0,0
2003,170189,1,1,0,0,0,0,0,0,0,0,0,0
2003,170190,0,1,0,0,0,0,0,0,0,0,0,0
2003,170190,1,1,0,0,0,0,0,0,0,0,0,0
2003,170191,1,1,0,0,0,0,0,0,0,0,0,0
2003,170191,2,1,0,0,0,0,0,0,0,0,0,0
2003,170192,0,1,8,8,8,8,8,8,8,8,8,8
2003,170192,1,1,0,0,0,0,0,0,0,0,0,0
2003,170193,1,1,11,11,11,11,11,11,11,11,11,11
2003,170194,1,1,37,29,0,10,22,20,0,27,27,6
2003,170195,1,1,18,0,15,14,12,0,0,25,0,4
2003,170196,0,1,0,0,0,0,0,0,0,0,0,0
2003,170196,1,1,0,0,0,0,0,0,0,0,0,0
2003,170196,2,1,0,0,0,0,0,0,0,0,0,0
2003,170196,3,1,0,0,0,0,0,0,0,0,0,0
2003,170197,0,1,0,0,0,0,0,0,0,0,0,0
2003,170197,1,1,0,0,0,0,0,0,0,0,0,0
2003,170198,1,1,17,17,17,17,17,17,17,17,17,17
2003,170199,1,1,0,0,0,0,0,0,0,0,0,0
2003,170200,0,1,25,25,25,25,25,25,25,25,25,25
2003,170200,1,1,0,0,0,0,0,0,0,0,0,0
2003,170201,1,1,0,0,0,0,0,0,0,0,0,0
2003,170202,1,1,0,0,0,0,0,0,0,0,0,0
2003,170202,2,1,0,0,0,0,0,0,0,0,0,0
2003,170203,1,1,0,0,0,0,0,0,0,0,0,0
2003,170203,2,1,0,0,0,0,0,0,0,0,0,0
2003,170203,3,1,0,0,0,0,0,0,0,0,0,0
2003,170204,1,1,7,7,7,7,7,7,7,7,7,7
2003,170205,1,1,0,0,0,0,0,0,0,0,0,0
2003,170206,1,1,0,0,0,0,0,0,0,0,0,0
2003,170207,1,1,0,0,0,0,0,0,0,0,0,0
2003,170207,2,1,0,0,0,0,0,0,0,0,0,0
2003,170208,1,1,0,0,0,0,0,0,0,0,0,0
2003,170209,1,1,0,0,0,0,0,0,0,0,0,0
2003,170209,2,1,0,0,0,0,0,0,0,0,0,0
2003,170210,1,1,0,0,0,0,0,0,0,0,0,0
2003,170211,1,1,0,0,24,0,0,0,0,0,0,0
2003,170211,2,1,0,0,0,0,0,0,0,0,0,0
2003,170211,3,1,0,0,0,0,0,0,0,0,0,0
2003,170212,1,1,12,12,12,12,12,12,12,12,12,12
2003,170213,1,1,0,0,0,0,0,0,0,0,0,0
2003,170213,2,1,0,0,0,0,0,0,0,0,0,0
2003,170214,1,1,0,0,0,0,0,0,0,0,0,0
2003,170214,2,1,0,0,0,0,0,0,0,0,0,0
2003,170215,1,1,0,0,0,0,0,0,0,0,0,0
2003,170215,2,1,0,0,0,0,0,0,0,0,0,0
2003,170215,3,1,0,0,0,0,0,0,0,0,0,0
2003,170216,1,1,0,11,0,15,4,0,0,11,0,0
2003,170216,2,1,0,0,2,0,0,0,0,0,0,0
2003,170217,1,1,0,0,0,0,0,0,0,0,0,0
2003,170218,1,1,0,0,0,0,0,0,0,0,0,0
2003,170218,2,1,0,0,0,0,0,0,0,0,0,0
2003,170219,1,1,0,0,0,0,0,0,0,0,0,0
2003,170219,2,1,0,0,0,0,0,0,0,0,0,0
2003,170220,1,1,0,0,0,0,0,0,0,0,0,0
2003,170221,1,1,18,18,18,18,18,18,18,18,18,18
2003,170222,1,1,0,0,0,0,0,0,0,0,18,0
2003,170222,2,1,0,0,0,0,0,0,0,0,0,0
2003,170222,3,1,0,0,0,0,0,0,0,0,0,0
2003,170223,1,1,20,20,20,20,20,20,20,20,20,20
2003,170223,2,1,0,0,0,0,0,0,0,0,0,0
2003,170224,1,1,0,0,0,0,0,0,0,0,0,0
2003,170224,2,1,0,0,0,0,0,0,0,0,0,0
2003,170224,3,1,0,0,0,0,0,0,0,0,0,0
2003,170224,4,1,0,0,0,0,0,0,0,0,0,0
2003,170225,1,1,0,0,0,19,0,0,0,0,0,0
2003,170226,1,1,0,0,0,0,0,0,0,0,0,0
2003,170226,2,1,0,0,0,0,0,0,0,0,0,0
2003,170226,3,1,0,0,0,0,0,0,0,0,0,0
2003,170226,4,1,0,0,0,0,0,0,0,0,0,0
2003,170226,5,1,0,0,0,0,0,0,0,0,0,0
2003,170227,1,1,0,0,0,0,0,0,0,0,0,0
2003,170227,2,1,0,0,0,0,0,14,0,0,0,0
2003,170229,1,1,0,0,0,0,0,0,0,0,0,0
2003,170229,2,1,0,0,0,0,0,0,0,2,0,0
2003,170230,0,1,32,11,0,18,35,0,0,0,25,19
2003,170230,1,1,0,0,0,0,12,0,0,0,0,0
2003,170231,1,1,9,9,9,9,9,9,9,9,9,9
2003,170231,2,1,0,0,0,0,0,0,0,0,0,0
2003,170232,1,1,0,0,0,10,0,0,0,0,0,0
2003,170232,2,1,0,0,0,0,0,0,0,0,0,0
2003,170233,1,1,14,14,14,14,14,14,14,14,14,14
2003,170234,1,1,0,0,0,0,0,0,0,0,0,0
2003,170234,2,1,0,0,0,0,0,0,0,0,0,0
2003,170235,1,1,26,26,26,26,26,26,26,26,26,26
2003,170235,2,1,0,0,0,0,0,0,0,0,0,0
2003,170236,1,1,0,0,0,0,0,0,0,0,0,0
2003,170236,2,1,0,0,0,0,0,0,0,0,0,0
2003,170237,1,1,7,7,7,7,7,7,7,7,7,7
2003,170238,1,1,5,5,5,5,5,5,5,5,5,5
2003,170238,2,1,0,0,0,0,0,0,0,0,0,0
2003,170239,1,1,0,0,0,0,0,0,0,0,0,0
2003,170240,1,1,12,12,12,12,12,12,12,12,12,12
2003,170241,0,1,0,0,0,0,0,0,0,0,0,0
2003,170241,0,2,0,0,37,0,0,0,0,0,0,20
2003,170241,1,1,25,0,0,0,0,0,0,0,0,0
2003,170242,1,1,12,12,12,12,12,12,12,12,12,12
2003,170243,1,1,0,0,0,0,0,30,0,0,10,0
2003,170244,0,1,0,0,0,0,0,0,0,0,0,0
2003,170244,1,1,0,8,0,0,0,0,0,0,0,0
2003,170245,1,1,17,17,17,17,17,17,17,17,17,17
2003,170246,1,1,0,0,0,0,0,0,0,0,0,0
2003,170247,1,1,7,7,7,7,7,7,7,7,7,7
2003,170248,1,1,0,0,0,0,0,0,0,0,0,0
2003,170248,2,1,0,0,0,0,0,0,0,0,0,0
2003,170249,1,1,0,0,0,0,0,0,0,0,0,0
2003,170249,2,1,0,0,0,0,0,0,0,0,0,0
2003,170250,1,1,0,0,0,0,0,0,0,0,0,0
2003,170250,2,1,0,0,0,0,0,0,0,0,0,0
2003,170251,1,1,0,0,0,0,0,0,0,0,0,0
2003,170252,1,1,13,13,13,13,13,13,13,13,13,13
2003,170253,0,1,0,0,0,0,0,0,0,0,0,0
2003,170253,1,1,0,0,0,0,0,0,0,0,0,0
2003,170254,1,1,0,0,0,0,0,0,0,0,0,0
2003,170255,1,1,0,0,0,0,0,0,0,0,0,0
2003,170256,1,1,14,14,14,14,14,14,14,14,14,14
2003,170256,2,1,0,0,0,0,0,0,0,0,0,0
2003,170257,1,1,0,0,0,0,0,0,0,0,0,0
2003,170257,2,1,0,0,0,0,0,0,0,0,0,0
2003,170258,0,1,0,0,0,0,0,0,0,0,0,0
2003,170258,1,1,0,0,0,0,0,0,0,0,0,0
2003,170259,1,1,0,0,0,0,0,0,0,0,0,0
2003,170259,2,1,0,0,0,12,0,0,0,0,0,0
2003,170259,3,1,0,0,0,0,0,0,0,0,0,0
2003,170260,1,1,0,0,0,0,0,0,0,0,0,0
2003,170260,2,1,0,0,0,0,0,0,0,0,0,0
2003,170261,1,1,0,0,0,0,0,0,0,0,0,0
2003,170261,2,1,0,0,0,0,0,0,0,0,0,0
2003,170262,1,1,22,22,22,22,22,22,22,22,22,22
2003,170262,2,1,0,0,0,0,0,0,0,0,0,0
2003,170262,3,1,0,0,0,0,0,0,0,5,0,0
2003,170263,1,1,33,33,33,33,33,33,33,33,33,33
2003,170264,1,1,0,0,0,0,0,0,0,0,0,0
2003,170264,2,1,0,0,0,0,0,0,0,0,0,12
2003,170265,1,1,0,0,0,0,0,0,0,0,0,0
2003,170266,1,1,24,24,24,24,24,24,24,24,24,24
2003,170267,1,1,0,0,0,0,0,0,0,0,0,0
2003,170267,2,1,0,0,0,0,0,0,0,0,0,0
2003,170268,1,1,11,11,11,11,11,11,11,11,11,11
2003,170269,1,1,4,0,0,0,0,0,0,0,0,0
2003,170270,1,1,0,0,0,0,0,0,0,0,0,0
2003,170270,2,1,0,0,0,0,0,0,0,0,0,0
2003,170271,1,1,17,17,17,17,17,17,17,17,17,17
2003,170272,1,1,0,0,0,0,0,0,0,0,0,0
2003,170273,1,1,0,0,0,0,0,0,0,0,0,0
2003,170273,2,1,0,0,0,0,0,0,0,0,0,0
2003,170274,0,1,0,0,0,0,0,0,0,0,0,0