YEAR,ST_CASE,veh_no,per_no,P1,P2,P3,P4,P5,P6,P7,P8,P9,P10
2003,170274,1,1,0,0,0,0,0,0,0,0,0,0
2003,170274,2,1,0,0,0,0,0,0,9,0,0,0
2003,170274,3,1,0,0,0,0,0,0,0,0,0,0
2003,170275,0,1,6,6,6,6,6,6,6,6,6,6
2003,170275,1,1,0,0,16,0,0,6,0,0,0,0
2003,170276,1,1,25,25,25,25,25,25,25,25,25,25
2003,170277,1,1,21,21,21,21,21,21,21,21,21,21
2003,170278,1,1,16,16,16,16,16,16,16,16,16,16
2003,170278,2,1,23,0,0,20,0,0,0,0,0,5
2003,170279,0,1,28,28,28,28,28,28,28,28,28,28
2003,170279,1,1,12,0,7,0,0,19,18,0,0,0
2003,170280,1,1,27,27,27,27,27,27,27,27,27,27
2003,170281,1,1,10,10,10,10,10,10,10,10,10,10
2003,170282,1,1,28,28,28,28,28,28,28,28,28,28
2003,170283,1,1,8,8,8,8,8,8,8,8,8,8
2003,170284,0,1,0,0,0,0,0,0,0,0,0,0
2003,170284,1,1,0,0,0,0,0,0,0,0,0,0
2003,170285,1,1,0,0,0,0,0,0,0,0,0,0
2003,170286,1,1,0,0,0,0,0,0,0,0,0,0
2003,170286,2,1,0,0,0,0,0,0,0,0,0,0
2003,170287,0,1,0,0,0,0,0,0,0,0,0,0
2003,170287,1,1,0,0,0,0,0,0,0,0,0,0
2003,170288,1,1,19,19,19,19,19,19,19,19,19,19
2003,170289,1,1,2,2,2,2,2,2,2,2,2,2
2003,170289,2,1,0,0,0,0,0,0,0,0,8,0
2003,170290,1,1,0,0,0,0,0,0,0,0,0,0
2003,170290,2,1,0,0,0,0,0,0,0,0,0,0
2003,170291,1,1,0,0,0,0,0,0,0,0,0,0
2003,170292,1,1,0,0,0,0,0,0,0,0,0,0
2003,170292,2,1,0,0,0,0,0,0,0,0,0,0
2003,170293,1,1,20,20,20,20,20,20,20,20,20,20
2003,170294,1,1,27,27,27,27,27,27,27,27,27,27
2003,170294,2,1,0,0,0,0,0,0,0,0,0,0
2003,170295,1,1,25,25,25,25,25,25,25,25,25,25
2003,170295,2,1,0,0,0,0,0,0,0,0,0,0
2003,170296,1,1,0,0,0,7,0,0,0,0,0,0
2003,170296,2,1,0,0,0,0,0,0,0,0,0,0
2003,170297,1,1,0,0,0,0,0,0,0,0,0,0
2003,170297,2,1,0,0,0,0,0,0,0,0,0,0
2003,170298,1,1,0,0,0,0,0,0,0,0,0,0
2003,170298,2,1,0,0,0,0,0,0,0,0,0,0
2003,170299,1,1,0,0,0,0,0,0,0,0,0,0
2003,170299,2,1,0,0,0,0,0,0,0,0,0,0
2003,170300,1,1,17,17,17,17,17,17,17,17,17,17
2003,170300,2,1,0,0,0,0,0,0,0,0,0,0
2003,170301,1,1,1,1,1,1,1,1,1,1,1,1
2003,170301,2,1,0,0,0,0,0,0,0,0,0,0
2003,170301,3,1,0,0,0,0,0,0,0,0,0,0
2003,170302,1,1,0,0,0,0,0,0,0,0,0,0
2003,170303,1,1,0,0,0,0,0,0,0,0,0,0
2003,170303,2,1,0,0,0,0,0,0,0,0,0,0
2003,170304,1,1,0,0,0,0,0,0,0,0,0,0
2003,170304,2,1,0,0,0,0,0,0,0,0,0,0
2003,170305,1,1,27,27,27,27,27,27,27,27,27,27
2003,170306,0,1,0,0,0,0,0,0,0,0,0,15
2003,170306,0,2,0,0,0,0,0,0,0,0,0,0
2003,170306,1,1,0,0,15,0,0,8,0,0,0,0
2003,170307,1,1,22,22,22,22,22,22,22,22,22,22
2003,170308,1,1,0,0,0,0,0,0,0,0,0,0
2003,170309,1,1,0,0,0,0,0,0,0,0,0,0
2003,170309,2,1,0,0,0,0,0,0,0,0,0,0
2003,170310,1,1,0,0,0,0,0,0,0,0,0,0
2003,170310,2,1,0,0,0,0,0,0,0,0,0,16
2003,170311,1,1,0,0,0,0,0,0,0,0,0,0
2003,170311,2,1,0,0,0,0,0,0,0,0,0,0
2003,170312,1,1,0,0,0,0,0,0,0,0,0,0
2003,170312,2,1,0,0,0,0,0,0,0,0,0,0
2003,170312,3,1,0,0,0,0,0,0,0,0,0,0
2003,170312,4,1,0,0,0,0,0,0,0,0,0,0
2003,170313,1,1,0,0,0,29,0,12,0,0,0,0
2003,170314,1,1,0,0,0,0,0,0,0,0,0,0
2003,170315,1,1,0,0,0,0,0,0,0,0,0,0
2003,170315,2,1,0,0,0,0,0,0,0,0,0,0
2003,170316,1,1,3,3,3,3,3,3,3,3,3,3
2003,170316,2,1,0,0,0,0,0,0,0,0,0,0
2003,170317,1,1,14,14,14,14,14,14,14,14,14,14
2003,170318,1,1,0,0,0,0,0,0,0,0,0,0
2003,170318,2,1,0,0,0,0,0,0,0,0,0,0
2003,170318,3,1,0,0,0,0,0,0,0,0,0,0
2003,170319,0,1,19,0,25,13,9,22,17,22,0,0
2003,170319,1,1,0,0,0,0,0,0,0,0,0,0
2003,170320,1,1,0,0,0,0,0,0,0,10,14,0
2003,170320,2,1,0,0,0,0,0,0,0,0,0,0
2003,170321,1,1,0,0,0,0,0,0,0,0,0,0
2003,170321,2,1,0,0,0,0,0,0,0,0,0,0
2003,170322,1,1,13,13,13,13,13,13,13,13,13,13
2003,170322,2,1,0,0,0,0,0,0,0,0,0,0
2003,170323,1,1,0,0,0,0,0,0,0,0,0,0
2003,170323,2,1,0,0,0,0,0,0,0,0,0,0
2003,170324,0,1,0,0,0,0,0,0,0,0,0,0
2003,170324,1,1,0,0,0,0,0,0,0,0,0,0
2003,170325,1,1,21,21,21,21,21,21,21,21,21,21
2003,170326,1,1,0,0,0,0,0,0,0,0,0,0
2003,170326,2,1,0,0,0,0,0,0,0,0,0,0
2003,170327,1,1,20,20,20,20,20,20,20,20,20,20
2003,170328,1,1,20,20,20,20,20,20,20,20,20,20
2003,170329,0,5,0,0,0,0,0,0,0,0,0,0
2003,170329,1,1,17,17,17,17,17,17,17,17,17,17
2003,170330,1,1,0,0,0,0,0,0,0,0,0,0
2003,170330,2,1,0,0,0,0,0,0,0,0,0,0
2003,170331,1,1,11,11,11,11,11,11,11,11,11,11
2003,170332,1,1,0,0,0,0,0,0,0,0,0,0
2003,170332,2,1,0,0,0,0,0,0,0,0,0,0
2003,170333,1,1,7,0,0,12,0,0,0,17,0,0
2003,170333,2,1,0,0,0,0,0,0,0,0,0,0
2003,170333,3,1,0,0,0,0,0,0,0,0,0,0
2003,170334,0,1,34,34,34,34,34,34,34,34,34,34
2003,170334,1,1,0,0,3,0,0,0,0,0,0,0
2003,170335,1,1,0,0,0,0,0,0,0,0,0,0
2003,170335,2,1,21,21,21,21,21,21,21,21,21,21
2003,170336,1,1,0,0,0,0,0,0,0,0,0,0
2003,170336,2,1,11,11,11,11,11,11,11,11,11,11
2003,170337,1,1,32,32,32,32,32,32,32,32,32,32
2003,170338,1,1,21,21,21,21,21,21,21,21,21,21
2003,170338,2,1,0,0,0,0,0,0,0,0,0,0
2003,170339,0,1,0,0,0,0,0,0,0,0,0,0
2003,170339,1,1,0,0,25,0,0,0,0,0,0,0
2003,170340,0,1,26,26,26,26,26,26,26,26,26,26
2003,170340,1,1,0,0,0,0,0,0,0,0,0,0
2003,170341,1,1,0,0,0,0,0,0,0,0,0,0
2003,170342,1,1,0,0,0,0,0,0,0,0,0,0
2003,170342,2,1,0,0,0,0,0,0,0,0,0,0
2003,170342,3,1,0,0,0,0,0,0,0,0,0,0
2003,170343,1,1,23,23,23,23,23,23,23,23,23,23
2003,170343,2,1,0,0,0,0,0,0,0,0,0,0
2003,170343,3,1,0,0,0,0,0,0,0,0,0,0
2003,170344,1,1,0,0,0,0,0,0,0,0,0,0
2003,170344,2,1,0,0,0,0,0,0,0,0,0,0
2003,170345,1,1,19,19,19,19,19,19,19,19,19,19
2003,170345,2,1,0,0,0,0,0,0,0,0,0,0
2003,170346,0,1,17,17,17,17,17,17,17,17,17,17
2003,170346,1,1,0,0,0,0,0,0,0,0,0,0
2003,170347,1,1,19,19,19,19,19,19,19,19,19,19
2003,170347,2,1,0,0,0,0,0,0,0,0,18,0
2003,170348,0,1,0,0,0,0,0,0,0,0,0,0
2003,170348,1,1,0,0,0,0,0,0,0,0,0,0
2003,170349,1,1,0,0,0,0,0,0,0,0,0,0
2003,170349,2,1,0,0,0,0,0,0,0,0,0,0
2003,170350,1,1,22,22,22,22,22,22,22,22,22,22
2003,170351,1,1,0,0,0,0,0,0,0,0,0,0
2003,170352,1,1,18,18,18,18,18,18,18,18,18,18
2003,170352,2,1,0,2,0,0,0,0,0,0,0,0
2003,170353,0,1,0,0,0,0,0,0,0,0,0,0
2003,170353,1,1,0,0,0,21,0,0,0,0,0,0
2003,170354,1,1,22,22,22,22,22,22,22,22,22,22
2003,170355,1,1,0,0,0,0,0,0,0,0,0,0
2003,170356,1,1,0,0,0,0,0,0,0,0,0,0
2003,170357,1,1,15,15,15,15,15,15,15,15,15,15
2003,170358,1,1,0,0,0,0,0,0,0,0,0,0
2003,170358,2,1,0,0,0,0,0,0,0,0,0,0
2003,170359,1,1,0,0,0,0,0,13,0,0,0,0
2003,170359,2,1,0,0,0,0,0,0,0,0,0,0
2003,170360,1,1,0,0,0,0,0,0,0,0,0,0
2003,170360,2,1,0,0,0,0,0,0,0,0,0,0
2003,170361,1,1,14,14,14,14,14,14,14,14,14,14
2003,170361,2,1,0,0,0,0,0,0,0,0,0,0
2003,170362,1,1,29,29,29,29,29,29,29,29,29,29
2003,170363,1,1,0,0,0,0,0,0,0,0,0,0
2003,170364,1,1,25,25,25,25,25,25,25,25,25,25
2003,170365,1,1,20,20,20,20,20,20,20,20,20,20
2003,170366,1,1,19,19,19,19,19,19,19,19,19,19
2003,170367,1,1,0,0,0,0,0,0,0,0,0,0
2003,170368,1,1,16,16,16,16,16,16,16,16,16,16
2003,170369,1,1,12,12,12,12,12,12,12,12,12,12
2003,170369,2,1,0,0,0,0,0,0,0,0,0,0
2003,170370,1,1,0,0,0,0,0,0,0,0,0,0
2003,170370,2,1,6,6,6,6,6,6,6,6,6,6
2003,170371,1,1,0,0,0,0,0,0,0,0,0,0
2003,170371,2,1,0,0,0,0,0,0,0,0,0,0
2003,170372,1,1,0,0,0,0,0,0,0,0,0,0
2003,170372,2,1,0,0,0,0,0,0,0,0,0,0
2003,170373,1,1,0,32,0,0,0,0,0,0,0,0
2003,170373,2,1,0,0,0,0,0,0,0,0,0,0
2003,170374,1,1,0,0,0,0,0,0,0,0,0,0
2003,170374,2,1,0,0,0,0,0,0,0,0,0,0
2003,170375,1,1,0,0,0,0,0,0,0,0,0,0
2003,170375,2,1,0,0,0,0,0,0,0,0,0,0
2003,170376,1,1,0,0,0,0,0,0,0,0,0,0
2003,170376,2,1,0,0,0,0,0,0,0,15,0,0
2003,170377,1,1,0,0,0,0,0,0,0,0,0,0
2003,170377,2,1,0,0,0,0,0,0,0,0,0,0
2003,170378,1,1,26,26,26,26,26,26,26,26,26,26
2003,170379,1,1,12,12,12,12,12,12,12,12,12,12
2003,170380,1,1,0,0,0,0,0,0,0,0,0,0
2003,170381,1,1,0,0,0,0,0,0,0,0,0,0
2003,170381,2,1,0,0,0,0,0,0,0,0,0,0
2003,170382,1,1,0,0,0,0,0,0,0,0,0,0
2003,170382,2,1,0,0,0,0,0,0,0,0,0,0
2003,170383,0,1,31,31,31,31,31,31,31,31,31,31
2003,170383,1,1,0,0,0,0,14,0,0,0,0,0
2003,170384,1,1,0,0,18,0,0,0,0,0,0,0
2003,170385,1,1,0,0,0,0,0,0,0,0,0,0
2003,170386,1,1,23,23,23,23,23,23,23,23,23,23
2003,170387,1,1,0,0,11,0,16,19,0,0,0,0
2003,170388,1,1,20,20,20,20,20,20,20,20,20,20
2003,170388,2,1,0,0,0,16,0,0,0,0,0,0
2003,170389,1,1,24,24,24,24,24,24,24,24,24,24
2003,170389,2,1,0,0,0,0,0,0,0,0,0,0
2003,170389,3,1,0,0,0,0,0,0,0,0,0,0
2003,170390,1,1,24,21,0,21,31,17,4,17,11,22
2003,170391,0,1,3,3,3,3,3,3,3,3,3,3
2003,170391,0,2,0,0,6,0,0,0,0,0,0,16
2003,170391,1,1,0,0,0,0,0,0,0,0,0,0
2003,170391,2,1,0,0,0,0,0,0,0,0,0,0
2003,170392,0,1,0,0,0,0,0,0,0,0,0,0
2003,170392,1,1,0,0,0,0,0,0,0,0,0,0
2003,170393,0,1,20,0,27,20,23,0,0,26,27,13
2003,170393,1,1,0,0,0,0,0,0,0,0,0,0
2003,170394,1,1,0,0,0,0,0,0,0,0,0,0
2003,170394,2,1,0,0,0,0,0,0,0,0,0,0
2003,170394,3,1,0,0,0,0,0,0,0,0,0,0
2003,170395,0,1,0,0,0,0,0,0,8,0,0,0
2003,170395,1,1,0,0,0,0,0,0,0,0,0,0
2003,170396,1,1,18,18,18,18,18,18,18,18,18,18
2003,170396,2,1,0,0,0,0,0,0,0,0,0,0
2003,170397,1,1,0,0,0,0,0,0,0,0,0,0
2003,170397,2,1,0,0,0,0,0,0,0,0,0,0
2003,170398,1,1,16,16,16,16,16,16,16,16,16,16
2003,170399,1,1,39,39,39,39,39,39,39,39,39,39
2003,170400,1,1,0,0,0,0,0,0,0,0,0,0
2003,170400,2,1,0,0,0,0,0,0,0,0,0,0
2003,170401,1,1,0,0,0,0,0,0,0,0,0,0
2003,170402,1,1,0,0,0,0,0,0,0,0,0,0
2003,170402,2,1,0,0,0,0,0,0,0,0,0,0
2003,170403,1,1,0,0,0,0,0,0,0,0,0,0
2003,170404,1,1,23,23,23,23,23,23,23,23,23,23
2003,170405,1,1,3,3,3,3,3,3,3,3,3,3
2003,170406,1,1,17,17,17,17,17,17,17,17,17,17
2003,170407,1,1,5,5,5,5,5,5,5,5,5,5
2003,170407,2,1,0,0,0,0,0,0,0,0,0,0
2003,170408,1,1,0,0,0,0,0,0,0,0,0,0
2003,170408,2,1,0,0,0,0,0,0,0,0,0,0
2003,170409,1,1,0,0,0,0,0,0,0,0,0,0
2003,170409,2,1,0,0,0,0,0,0,0,0,0,0
2003,170410,1,1,0,0,0,0,0,0,0,0,0,0
2003,170410,2,1,0,0,0,0,0,0,0,0,0,0
2003,170411,0,1,0,5,0,0,0,22,0,13,0,0
2003,170411,1,1,0,0,7,0,0,0,0,11,0,19
2003,170412,1,1,0,0,0,0,0,0,0,0,0,0
2003,170412,2,1,0,0,0,0,0,0,0,0,0,0
2003,170413,1,1,17,17,17,17,17,17,17,17,17,17
2003,170414,1,1,0,0,0,0,0,0,0,0,0,0
2003,170415,1,1,0,11,0,0,0,0,0,0,0,0
2003,170416,1,1,0,0,27,0,21,0,0,0,0,0
2003,170416,2,1,0,0,0,0,0,0,0,0,0,0
2003,170417,1,1,17,0,25,0,13,7,0,0,0,0
2003,170418,1,1,0,0,0,0,0,0,0,0,0,0
2003,170418,2,1,0,0,0,0,0,0,0,0,0,0
2003,170419,1,1,0,0,0,0,0,0,0,0,0,0
2003,170419,2,1,0,0,0,0,0,0,0,0,0,0
2003,170420,1,1,0,0,0,0,0,0,0,0,0,0
2003,170420,2,1,0,0,0,0,0,0,0,0,0,0
2003,170421,1,1,25,25,25,25,25,25,25,25,25,25
2003,170422,1,1,0,0,0,0,0,0,0,0,0,0
2003,170422,2,1,0,0,0,0,0,0,0,0,0,0
2003,170423,1,1,0,0,0,0,0,0,0,0,0,0
2003,170423,2,1,0,0,0,0,0,0,0,0,0,0
2003,170424,1,1,0,0,0,0,0,0,0,0,0,0
2003,170424,2,1,0,0,0,0,0,0,0,0,0,0
2003,170425,1,1,0,0,0,0,0,0,0,0,0,0
2003,170426,1,1,22,17,7,23,32,9,21,10,9,11
2003,170427,1,1,0,0,0,0,0,0,0,0,0,0
2003,170427,2,1,0,0,0,0,0,0,0,0,0,0
2003,170428,1,1,6,6,6,6,6,6,6,6,6,6
2003,170429,1,1,0,0,0,0,0,0,0,0,0,0
2003,170429,2,1,0,0,0,0,0,0,0,0,0,0
2003,170430,1,1,14,14,14,14,14,14,14,14,14,14
2003,170431,1,1,14,14,14,14,14,14,14,14,14,14
2003,170432,1,1,23,23,23,23,23,23,23,23,23,23
2003,170433,1,1,8,8,8,8,8,8,8,8,8,8
2003,170433,2,1,0,0,0,0,0,0,0,0,0,0
2003,170434,0,1,33,33,33,33,33,33,33,33,33,33
2003,170434,1,1,0,0,0,0,0,0,0,0,0,29
2003,170435,1,1,0,0,0,0,0,0,11,0,0,0
2003,170435,2,1,0,0,0,0,0,0,0,0,0,0
2003,170436,1,1,0,0,0,0,0,0,0,0,0,0
2003,170437,1,1,0,27,0,0,0,0,0,0,0,0
2003,170437,2,1,0,0,0,0,0,0,0,0,0,0
2003,170438,1,1,20,20,20,20,20,20,20,20,20,20
2003,170438,2,1,0,0,0,0,0,0,0,0,0,0
2003,170439,1,1,15,15,15,15,15,15,15,15,15,15
2003,170440,1,1,0,0,0,0,0,0,0,0,0,0
2003,170440,2,1,0,0,0,0,0,0,0,25,0,0
2003,170441,1,1,24,24,24,24,24,24,24,24,24,24
2003,170442,1,1,0,0,0,0,0,0,0,0,0,0
2003,170442,2,1,0,0,0,0,0,0,0,0,0,0
2003,170443,1,1,0,0,0,0,0,0,0,0,0,0
2003,170444,1,1,9,9,9,9,9,9,9,9,9,9
2003,170445,0,1,22,22,22,22,22,22,22,22,22,22
2003,170445,1,1,0,0,0,16,0,0,0,0,0,0
2003,170446,0,1,0,0,0,0,0,0,0,0,0,0
2003,170446,1,1,24,24,24,24,24,24,24,24,24,24
2003,170446,2,1,0,0,0,0,0,0,0,0,0,0
2003,170446,3,1,0,0,0,0,0,0,0,0,0,0
2003,170447,1,1,9,9,9,9,9,9,9,9,9,9
2003,170447,2,1,0,0,0,0,0,0,0,0,0,0
2003,170448,1,1,0,0,0,0,0,0,0,0,0,0
2003,170448,2,1,0,0,0,0,0,0,0,0,0,0
2003,170448,3,1,0,0,0,0,0,0,0,0,0,0
2003,170449,1,1,0,0,0,0,0,0,0,0,0,0
2003,170449,2,1,0,0,0,0,0,0,0,0,0,0
2003,170450,1,1,20,20,20,20,20,20,20,20,20,20
2003,170451,1,1,13,13,13,13,13,13,13,13,13,13
2003,170451,2,1,0,0,0,0,0,0,0,0,15,0
2003,170452,1,1,0,0,0,0,0,0,0,0,0,0
2003,170452,2,1,4,4,4,4,4,4,4,4,4,4
2003,170453,0,1,18,18,18,18,18,18,18,18,18,18
2003,170453,1,1,7,7,7,7,7,7,7,7,7,7
2003,170454,1,1,16,16,16,16,16,16,16,16,16,16
2003,170455,1,1,0,0,0,0,0,0,0,0,0,0
2003,170456,1,1,0,0,0,0,0,0,0,0,0,0
2003,170456,2,1,0,0,0,9,0,0,0,0,0,0
2003,170457,1,1,0,0,0,0,0,0,0,0,0,0
2003,170458,0,1,0,0,0,0,0,0,0,0,0,0
2003,170458,1,1,0,0,19,0,0,0,0,0,0,0
2003,170459,1,1,20,20,20,20,20,20,20,20,20,20
2003,170460,1,1,10,10,10,10,10,10,10,10,10,10
2003,170461,1,1,0,0,0,0,0,0,0,0,0,0
2003,170462,0,1,0,0,0,0,0,0,0,0,0,0
2003,170462,0,2,0,13,21,9,0,14,0,0,0,0
2003,170462,0,3,0,0,18,0,6,12,0,0,0,0
2003,170462,0,4,0,0,24,24,13,29,0,0,33,8
2003,170462,0,5,0,22,22,0,19,10,0,0,21,8
2003,170462,1,1,0,0,0,0,0,0,0,0,0,0
2003,170463,1,1,19,19,19,19,19,19,19,19,19,19
2003,170464,1,1,19,19,19,19,19,19,19,19,19,19
2003,170465,1,1,8,8,8,8,8,8,8,8,8,8
2003,170466,1,1,0,0,0,0,0,0,0,0,0,0
2003,170467,1,1,0,0,0,0,0,5,2,0,0,0
2003,170468,1,1,0,0,0,0,0,0,0,0,0,0
2003,170469,1,1,0,0,0,0,0,0,14,7,0,0
2003,170470,1,1,0,0,0,0,0,0,0,0,0,0
2003,170471,1,1,18,33,0,9,0,8,20,0,37,0
2003,170472,1,1,0,0,0,0,0,0,0,0,0,0
2003,170472,2,1,0,0,0,0,0,0,0,0,0,0
2003,170473,1,1,0,0,0,0,0,0,0,0,0,0
2003,170473,2,1,0,0,0,0,0,0,0,0,0,0
2003,170474,1,1,12,12,12,12,12,12,12,12,12,12
2003,170475,1,1,0,0,0,0,0,0,0,0,0,0
2003,170476,1,1,12,12,12,12,12,12,12,12,12,12
2003,170477,1,1,0,0,0,0,0,0,0,0,0,0
2003,170477,2,1,0,0,0,0,0,0,0,0,0,0
2003,170478,1,1,0,0,0,0,0,0,0,0,0,0
2003,170478,2,1,0,12,0,0,0,0,0,0,0,0
2003,170479,1,1,11,11,11,11,11,11,11,11,11,11
2003,170480,1,1,19,19,19,19,19,19,19,19,19,19
2003,170481,1,1,0,0,0,0,0,0,0,0,0,0
2003,170481,2,1,0,4,0,9,6,8,0,0,0,0
2003,170482,1,1,0,0,0,0,0,0,0,0,0,0
2003,170483,0,1,0,0,0,0,0,0,0,0,0,0
2003,170483,1,1,0,0,0,0,0,0,0,0,0,0
2003,170484,1,1,0,0,0,0,0,0,0,0,0,0
2003,170484,2,1,0,0,0,0,0,0,0,0,0,0
2003,170485,1,1,0,0,0,0,0,0,0,0,0,0
2003,170485,2,1,0,0,0,0,0,0,0,0,0,0
2003,170486,1,1,0,0,0,0,0,0,0,0,0,0
2003,170486,2,1,0,0,0,0,0,0,0,0,0,0
2003,170487,0,1,0,0,0,0,0,0,0,0,0,0
2003,170487,1,1,0,0,0,0,31,0,0,0,0,0
2003,170488,1,1,0,0,0,0,0,0,0,0,0,0
2003,170488,2,1,23,23,23,23,23,23,23,23,23,23
2003,170489,1,1,0,0,0,0,0,0,0,0,0,0
2003,170489,2,1,0,0,0,0,0,0,0,0,0,0
2003,170490,1,1,0,0,0,0,0,0,0,0,0,0
2003,170490,2,1,0,0,0,0,0,0,0,0,0,0
2003,170491,1,1,10,10,10,10,10,10,10,10,10,10
2003,170491,2,1,0,0,0,0,0,12,0,0,0,0
2003,170492,1,1,0,0,0,0,0,0,0,0,0,0
2003,170492,2,1,8,0,0,0,0,0,13,0,0,0
2003,170492,3,1,0,0,0,10,0,24,0,0,0,0
2003,170493,1,1,11,11,11,11,11,11,11,11,11,11
2003,170494,1,1,9,9,9,9,9,9,9,9,9,9
2003,170494,2,1,7,0,0,0,0,0,0,0,0,15
2003,170495,1,1,20,20,20,20,20,20,20,20,20,20
2003,170495,2,1,0,0,0,0,0,0,0,0,0,0
2003,170496,1,1,0,0,0,0,0,0,0,0,0,0
2003,170496,2,1,2,2,2,2,2,2,2,2,2,2
2003,170497,1,1,14,14,14,14,14,14,14,14,14,14
2003,170498,0,1,31,31,31,31,31,31,31,31,31,31
2003,170498,1,1,0,0,0,0,0,0,0,0,0,0
2003,170499,1,1,0,24,17,0,0,0,0,21,19,0
2003,170499,2,1,0,0,21,12,12,0,0,0,0,0
2003,170499,3,1,0,0,0,0,0,0,0,0,0,0
2003,170500,1,1,9,9,9,9,9,9,9,9,9,9
2003,170501,1,1,0,0,0,0,0,0,0,0,0,0
2003,170502,1,1,0,0,0,18,5,23,0,0,0,8
2003,170502,2,1,0,0,0,0,0,0,0,0,0,0
2003,170503,0,1,0,0,0,0,0,0,0,0,0,0
2003,170503,1,1,0,0,0,0,0,0,0,0,0,0
2003,170504,1,1,21,21,21,21,21,21,21,21,21,21
2003,170505,0,1,0,0,0,0,0,0,0,0,0,0
2003,170505,1,1,0,0,0,0,0,0,0,0,0,0
2003,170506,1,1,0,0,0,0,0,0,0,0,0,0
2003,170507,1,1,18,18,18,18,18,18,18,18,18,18
2003,170508,1,1,0,0,0,0,0,0,0,0,0,0
2003,170508,2,1,16,16,16,16,16,16,16,16,16,16
2003,170509,0,1,0,0,0,0,0,0,0,0,0,0
2003,170509,1,1,0,0,0,0,0,0,0,0,0,0
2003,170510,1,1,15,15,15,15,15,15,15,15,15,15
2003,170511,0,1,0,0,0,0,0,0,0,0,12,0
2003,170511,0,2,0,0,0,0,0,0,0,0,0,0
2003,170511,1,1,0,15,0,12,0,0,12,0,5,0
2003,170512,0,1,0,0,0,0,0,0,0,0,0,0
2003,170512,1,1,0,0,0,0,0,0,0,0,0,0
2003,170513,0,1,26,26,26,26,26,26,26,26,26,26
2003,170513,1,1,0,0,0,0,0,8,0,0,0,0
2003,170514,1,1,0,0,0,0,0,0,0,0,0,0
2003,170514,2,1,0,0,0,0,0,0,0,0,0,0
2003,170514,3,1,0,0,0,0,0,0,0,0,0,0
2003,170515,1,1,0,0,0,0,0,0,0,0,0,0
2003,170516,1,1,0,13,14,0,0,8,0,0,0,9
2003,170517,1,1,7,7,7,7,7,7,7,7,7,7
2003,170517,2,1,0,0,0,0,0,0,0,0,0,0
2003,170518,1,1,4,4,4,4,4,4,4,4,4,4
2003,170519,1,1,0,0,0,0,0,0,0,0,0,0
2003,170520,0,1,0,0,0,0,0,0,0,0,0,0
2003,170520,1,1,0,0,0,0,0,0,0,0,0,0
2003,170521,0,1,13,13,13,13,13,13,13,13,13,13
2003,170521,1,1,0,0,0,0,0,0,0,21,9,0
2003,170522,1,1,21,21,21,21,21,21,21,21,21,21
2003,170523,1,1,24,24,24,24,24,24,24,24,24,24
2003,170523,2,1,0,0,0,0,0,0,0,0,0,0
2003,170525,1,1,0,0,0,0,11,12,6,0,0,0
2003,170525,2,1,0,0,0,0,0,0,0,0,0,0
2003,170526,1,1,0,0,0,0,0,0,0,0,0,0
2003,170527,1,1,21,21,21,21,21,21,21,21,21,21
2003,170527,2,1,0,0,0,0,0,0,0,0,0,0
2003,170527,3,1,0,0,0,0,0,0,0,0,0,0
2003,170528,1,1,19,19,19,19,19,19,19,19,19,19
2003,170529,1,1,0,28,0,0,0,19,17,17,0,0
2003,170529,2,1,21,0,0,0,0,0,0,0,0,0
2003,170530,1,1,0,0,0,0,0,0,0,0,0,0
2003,170531,1,1,0,0,0,0,0,0,0,0,0,0
2003,170531,2,1,0,0,0,0,0,0,0,0,0,0
2003,170532,1,1,0,0,0,0,0,0,0,0,0,0
2003,170532,2,1,0,0,0,0,0,0,0,0,0,0
2003,170533,1,1,13,13,13,13,13,13,13,13,13,13
2003,170533,2,1,0,0,0,0,0,0,0,0,0,0
2003,170534,1,1,0,0,0,0,0,0,0,0,0,0
2003,170534,2,1,0,0,0,0,0,0,0,0,0,0
2003,170535,1,1,0,0,0,0,0,0,0,0,0,0
2003,170536,1,1,0,0,0,0,0,0,0,0,0,0
2003,170536,2,1,0,0,0,17,0,0,0,0,0,0
2003,170536,3,1,0,0,0,0,0,0,0,0,0,0
2003,170537,1,1,0,0,0,0,14,0,0,0,0,0
2003,170538,1,1,0,0,0,0,0,0,0,0,0,0
2003,170538,2,1,0,0,0,0,0,0,0,0,0,0
2003,170539,1,1,13,13,13,13,13,13,13,13,13,13
2003,170539,2,1,0,0,0,0,0,0,0,0,0,0
2003,170540,0,1,0,0,0,0,0,0,0,0,0,0
2003,170540,1,1,0,0,0,0,0,0,0,0,0,0
2003,170541,1,1,0,0,0,0,0,0,0,0,0,0
2003,170541,2,1,0,0,0,0,0,0,0,0,0,0
2003,170542,1,1,0,0,0,20,0,0,0,0,0,0
2003,170542,2,1,0,0,0,0,0,0,0,0,0,0