YEAR,ST_CASE,veh_no,per_no,P1,P2,P3,P4,P5,P6,P7,P8,P9,P10
2003,170543,1,1,27,27,27,27,27,27,27,27,27,27
2003,170544,0,1,0,0,0,0,0,0,0,0,0,0
2003,170544,1,1,20,0,0,0,0,0,0,9,14,9
2003,170545,1,1,0,0,0,0,0,0,21,0,0,0
2003,170545,2,1,0,0,0,0,0,0,0,0,0,0
2003,170546,1,1,18,18,18,18,18,18,18,18,18,18
2003,170547,0,1,0,0,0,0,0,0,0,0,0,0
2003,170547,0,2,0,0,0,0,0,0,0,0,0,0
2003,170547,1,1,0,0,0,0,0,0,0,0,0,0
2003,170548,1,1,0,0,0,0,0,0,0,0,0,0
2003,170548,2,1,0,0,0,0,0,0,0,0,0,0
2003,170549,1,1,0,0,0,0,0,0,0,0,0,0
2003,170549,2,1,0,0,0,0,0,0,0,0,0,0
2003,170551,1,1,6,6,6,6,6,6,6,6,6,6
2003,170551,2,1,0,0,0,0,0,0,0,0,0,0
2003,170552,1,1,0,0,0,0,0,0,0,0,0,0
2003,170552,2,1,0,0,0,0,0,0,0,0,0,0
2003,170553,1,1,20,20,20,20,20,20,20,20,20,20
2003,170554,0,1,0,0,19,0,0,0,0,0,0,0
2003,170554,1,1,0,0,0,0,0,0,0,0,0,0
2003,170555,1,1,43,43,43,43,43,43,43,43,43,43
2003,170556,1,1,0,0,0,0,0,0,0,0,0,0
2003,170557,1,1,0,0,0,0,0,0,0,0,0,0
2003,170558,1,1,0,0,0,0,0,0,0,0,0,0
2003,170559,1,1,19,19,19,19,19,19,19,19,19,19
2003,170560,1,1,22,22,22,22,22,22,22,22,22,22
2003,170561,1,1,0,0,0,0,0,0,0,0,0,0
2003,170561,2,1,0,0,0,0,0,0,0,0,0,0
2003,170561,3,1,0,0,0,0,0,0,0,0,0,0
2003,170562,1,1,0,0,0,0,0,6,0,0,0,0
2003,170562,2,1,0,0,0,0,0,0,0,0,0,0
2003,170563,1,1,14,14,14,14,14,14,14,14,14,14
2003,170564,1,1,9,0,0,0,0,0,0,0,0,0
2003,170564,2,1,4,4,4,4,4,4,4,4,4,4
2003,170565,1,1,22,22,22,22,22,22,22,22,22,22
2003,170566,1,1,0,0,0,0,0,0,0,0,0,0
2003,170567,1,1,0,0,0,0,0,0,0,0,0,0
2003,170568,1,1,0,0,0,0,0,0,0,0,0,0
2003,170569,1,1,28,28,28,28,28,28,28,28,28,28
2003,170570,0,1,0,0,0,0,0,0,0,0,0,0
2003,170570,1,1,0,0,0,0,5,0,0,0,0,0
2003,170570,2,1,0,0,0,0,0,0,0,0,0,0
2003,170571,1,1,30,30,30,30,30,30,30,30,30,30
2003,170572,0,1,11,11,11,11,11,11,11,11,11,11
2003,170572,1,1,0,0,0,0,0,0,0,0,0,0
2003,170573,1,1,0,0,0,0,0,0,0,0,0,0
2003,170574,1,1,0,0,11,0,20,0,0,0,4,0
2003,170575,1,1,0,0,0,0,0,0,0,0,0,0
2003,170575,2,1,0,0,0,0,0,0,0,0,0,0
2003,170576,1,1,0,0,0,0,0,0,0,0,0,0
2003,170577,1,1,0,0,0,0,0,0,0,0,0,0
2003,170578,0,1,0,0,0,0,0,0,0,0,0,0
2003,170578,1,1,0,0,0,0,0,0,0,0,0,0
2003,170579,1,1,10,10,10,10,10,10,10,10,10,10
2003,170580,1,1,0,0,0,0,0,0,0,0,0,0
2003,170581,1,1,0,0,0,0,0,0,0,0,0,0
2003,170582,1,1,0,0,0,0,0,0,0,0,0,0
2003,170582,2,1,0,0,0,0,0,0,0,0,0,0
2003,170584,1,1,0,0,0,0,0,0,0,0,0,0
2003,170585,1,1,0,0,0,0,0,0,0,0,0,0
2003,170585,2,1,0,0,0,0,0,0,0,0,0,0
2003,170586,1,1,29,29,29,29,29,29,29,29,29,29
2003,170587,1,1,7,7,7,7,7,7,7,7,7,7
2003,170588,1,1,26,26,26,26,26,26,26,26,26,26
2003,170589,1,1,0,0,0,0,0,0,0,0,0,0
2003,170589,2,1,0,0,0,0,0,0,0,0,0,0
2003,170589,3,1,0,0,0,0,0,0,0,0,0,0
2003,170589,4,1,0,0,0,0,0,0,0,0,0,0
2003,170589,5,1,0,0,0,0,0,0,0,0,0,0
2003,170590,1,1,18,18,18,18,18,18,18,18,18,18
2003,170591,0,1,26,26,26,26,26,26,26,26,26,26
2003,170591,1,1,0,0,0,0,0,0,0,0,0,0
2003,170592,1,1,24,24,24,24,24,24,24,24,24,24
2003,170593,1,1,7,7,7,7,7,7,7,7,7,7
2003,170594,1,1,0,0,0,0,0,0,0,0,0,0
2003,170594,2,1,0,0,0,0,0,0,0,0,0,0
2003,170595,0,1,19,19,19,19,19,19,19,19,19,19
2003,170595,1,1,0,0,0,0,0,0,0,0,0,0
2003,170596,1,1,0,0,0,0,0,0,0,0,0,0
2003,170597,1,1,0,0,0,0,0,0,0,0,0,0
2003,170597,2,1,0,0,0,0,0,0,0,0,0,0
2003,170598,0,1,0,0,0,0,0,0,0,0,0,0
2003,170598,1,1,0,0,0,0,0,0,0,0,0,0
2003,170599,1,1,22,22,22,22,22,22,22,22,22,22
2003,170600,0,1,0,0,0,0,0,0,0,0,0,0
2003,170600,1,1,0,0,0,0,0,0,0,0,0,0
2003,170601,1,1,27,27,27,27,27,27,27,27,27,27
2003,170602,0,1,0,0,0,0,0,0,0,0,0,0
2003,170602,1,1,0,0,0,0,0,0,0,0,0,0
2003,170602,2,1,0,0,0,0,0,0,0,0,0,0
2003,170603,1,1,0,0,0,0,0,0,0,0,0,0
2003,170603,2,1,0,0,0,0,0,0,0,0,0,0
2003,170604,1,1,2,2,2,2,2,2,2,2,2,2
2003,170605,1,1,0,0,0,0,0,0,0,0,0,0
2003,170605,2,1,0,0,0,0,0,0,0,0,0,0
2003,170605,3,1,0,0,0,0,0,0,0,0,0,0
2003,170605,4,1,0,0,11,0,0,0,0,0,0,0
2003,170606,1,1,0,0,0,0,0,0,0,0,0,0
2003,170606,2,1,0,0,0,0,0,0,0,0,0,0
2003,170606,3,1,0,0,0,0,0,0,0,0,0,0
2003,170607,1,1,0,0,0,0,0,0,0,0,0,0
2003,170607,2,1,0,0,0,0,0,0,0,13,0,0
2003,170608,1,1,0,0,0,0,0,0,0,0,0,0
2003,170609,1,1,0,0,0,0,0,0,0,0,0,0
2003,170609,2,1,0,0,0,0,0,0,0,0,0,0
2003,170610,1,1,0,0,0,0,0,0,0,0,0,0
2003,170611,1,1,0,0,0,0,0,0,0,0,0,0
2003,170611,2,1,17,0,0,0,0,0,0,0,0,0
2003,170611,3,1,0,0,0,0,0,0,0,0,0,0
2003,170611,4,1,0,0,0,0,0,0,0,0,0,0
2003,170612,1,1,0,0,0,0,0,0,0,0,0,0
2003,170613,0,1,0,0,0,0,0,0,0,0,0,0
2003,170613,1,1,0,0,0,0,6,0,0,0,0,0
2003,170614,1,1,12,12,12,12,12,12,12,12,12,12
2003,170614,2,1,0,0,0,0,0,0,0,0,0,0
2003,170615,1,1,0,0,0,0,0,0,0,0,0,0
2003,170616,0,1,0,0,0,0,0,0,0,0,0,0
2003,170616,1,1,0,0,0,0,0,0,0,0,0,0
2003,170617,1,1,0,0,0,0,0,0,0,0,0,0
2003,170617,2,1,0,0,0,0,0,0,0,0,0,0
2003,170618,1,1,0,0,0,0,0,0,0,0,0,0
2003,170618,2,1,0,0,0,0,0,0,0,0,0,0
2003,170619,0,1,0,0,0,0,0,0,0,0,0,0
2003,170619,0,2,0,0,0,0,0,0,0,0,0,0
2003,170619,0,3,0,0,0,0,0,0,0,0,0,0
2003,170619,0,4,8,8,8,8,8,8,8,8,8,8
2003,170619,0,5,0,10,0,8,0,30,12,0,0,26
2003,170619,1,1,27,27,27,27,27,27,27,27,27,27
2003,170620,1,1,0,0,0,0,0,0,0,0,0,0
2003,170620,2,1,0,0,0,0,0,0,0,0,0,0
2003,170621,1,1,0,0,0,0,0,0,0,0,0,0
2003,170621,2,1,0,0,0,0,0,0,0,0,0,0
2003,170622,1,1,0,0,11,0,0,0,20,0,0,0
2003,170622,2,1,0,0,0,0,0,0,0,0,0,0
2003,170623,1,1,0,0,0,0,0,0,0,0,0,0
2003,170624,1,1,0,0,0,0,0,0,0,0,0,0
2003,170624,2,1,0,0,0,0,0,0,0,0,0,0
2003,170625,0,1,18,0,24,0,0,27,0,24,25,18
2003,170625,1,1,10,10,10,10,10,10,10,10,10,10
2003,170625,2,1,0,0,0,0,0,0,0,0,0,0
2003,170626,1,1,0,0,0,0,0,0,0,0,0,0
2003,170626,2,1,0,0,0,0,0,0,0,0,0,0
2003,170627,1,1,26,26,26,26,26,26,26,26,26,26
2003,170628,0,1,21,21,21,21,21,21,21,21,21,21
2003,170628,1,1,0,0,0,9,0,0,0,0,0,0
2003,170629,1,1,0,0,0,0,0,0,0,0,0,0
2003,170629,2,1,3,0,0,0,0,21,0,0,0,0
2003,170630,1,1,0,0,0,0,0,0,0,0,0,0
2003,170630,2,1,0,0,0,0,0,0,0,0,0,0
2003,170630,3,1,0,0,0,0,0,0,0,0,0,0
2003,170631,1,1,13,13,13,13,13,13,13,13,13,13
2003,170632,1,1,13,13,13,13,13,13,13,13,13,13
2003,170633,0,1,6,36,24,0,14,31,36,29,0,4
2003,170633,1,1,14,14,14,14,14,14,14,14,14,14
2003,170634,1,1,5,5,5,5,5,5,5,5,5,5
2003,170634,2,1,0,0,0,0,0,0,0,0,0,0
2003,170635,1,1,13,13,13,13,13,13,13,13,13,13
2003,170636,1,1,12,12,12,12,12,12,12,12,12,12
2003,170637,1,1,9,9,9,9,9,9,9,9,9,9
2003,170638,1,1,0,0,0,0,0,0,0,0,0,0
2003,170638,2,1,30,0,0,0,0,0,0,0,0,0
2003,170639,0,1,8,8,8,8,8,8,8,8,8,8
2003,170639,1,1,0,0,0,0,0,0,0,0,13,0
2003,170640,1,1,0,0,0,0,0,0,0,0,0,0
2003,170640,2,1,0,0,0,0,0,0,0,0,0,0
2003,170641,1,1,5,5,5,5,5,5,5,5,5,5
2003,170642,0,1,31,0,27,39,20,14,24,0,28,13
2003,170642,0,2,17,17,17,17,17,17,17,17,17,17
2003,170642,1,1,0,0,0,0,0,0,0,0,0,0
2003,170643,1,1,0,0,0,0,0,0,0,0,0,0
2003,170643,2,1,0,0,0,0,0,0,0,0,0,0
2003,170643,3,1,0,0,0,0,0,0,0,0,0,0
2003,170643,4,1,0,0,0,0,0,0,0,0,0,0
2003,170644,1,1,4,4,4,4,4,4,4,4,4,4
2003,170645,1,1,0,0,0,0,0,0,13,0,0,0
2003,170646,1,1,0,0,0,0,0,0,0,0,0,0
2003,170647,0,1,0,0,0,0,0,0,0,0,0,0
2003,170647,1,1,0,0,0,0,0,0,0,0,0,0
2003,170648,1,1,0,0,0,0,0,0,15,0,0,0
2003,170648,2,1,0,0,0,0,0,0,0,0,0,0
2003,170649,1,1,0,0,0,0,37,0,0,0,11,0
2003,170649,2,1,0,0,0,0,0,0,0,0,0,0
2003,170650,1,1,7,7,7,7,7,7,7,7,7,7
2003,170650,2,1,0,0,0,0,0,0,0,0,0,0
2003,170651,0,1,0,0,0,0,0,0,0,0,0,0
2003,170651,1,1,0,0,0,0,0,0,6,0,3,0
2003,170652,0,1,20,20,20,20,20,20,20,20,20,20
2003,170652,1,1,0,0,0,0,0,0,0,0,0,0
2003,170652,2,1,0,0,0,0,14,0,0,0,0,0
2003,170653,0,1,0,0,0,0,0,0,0,0,0,0
2003,170653,1,1,5,27,6,22,0,4,10,13,0,12
2003,170654,1,1,0,0,0,0,0,0,0,0,0,0
2003,170654,2,1,0,0,0,0,0,0,0,0,0,17
2003,170655,1,1,14,14,14,14,14,14,14,14,14,14
2003,170655,2,1,0,0,0,0,0,0,0,0,0,0
2003,170656,1,1,0,0,0,0,0,0,0,0,0,0
2003,170656,2,1,0,0,0,0,0,0,0,0,0,0
2003,170656,3,1,0,0,0,0,0,0,0,0,0,0
2003,170657,1,1,0,0,0,0,0,0,0,0,0,0
2003,170657,2,1,0,0,0,0,0,0,0,0,0,0
2003,170658,1,1,0,0,0,0,0,0,0,0,0,0
2003,170659,1,1,0,0,0,0,0,0,0,0,0,0
2003,170659,2,1,1,1,1,1,1,1,1,1,1,1
2003,170660,1,1,0,0,0,0,0,0,0,0,0,0
2003,170660,2,1,12,12,12,12,12,12,12,12,12,12
2003,170661,1,1,0,0,0,0,0,0,0,0,0,0
2003,170661,2,1,0,0,0,0,0,0,0,0,0,0
2003,170662,0,1,0,0,0,0,0,0,0,0,0,0
2003,170662,1,1,20,0,0,14,0,2,8,3,0,19
2003,170663,1,1,0,0,0,0,0,0,0,0,0,0
2003,170664,1,1,0,0,0,0,0,0,0,0,0,0
2003,170664,2,1,0,0,0,0,0,0,0,0,0,0
2003,170665,1,1,28,28,28,28,28,28,28,28,28,28
2003,170666,1,1,0,0,0,0,0,0,0,0,0,0
2003,170667,1,1,0,0,0,10,0,12,0,0,1,0
2003,170668,1,1,0,0,0,0,0,0,0,0,0,0
2003,170668,2,1,0,0,0,0,0,0,0,0,4,0
2003,170669,1,1,0,0,0,0,0,0,0,0,0,0
2003,170670,1,1,0,0,0,0,0,0,0,0,0,0
2003,170670,2,1,0,0,5,0,0,22,0,0,0,0
2003,170671,1,1,0,0,0,0,0,0,9,0,0,0
2003,170671,2,1,0,24,11,0,0,0,0,0,0,0
2003,170672,1,1,0,0,0,0,0,0,0,0,0,0
2003,170672,2,1,0,0,0,0,0,0,0,0,0,0
2003,170673,1,1,26,26,26,26,26,26,26,26,26,26
2003,170674,0,1,0,0,0,0,0,0,0,0,0,0
2003,170674,1,1,0,0,0,0,0,0,0,0,0,0
2003,170675,1,1,10,10,10,10,10,10,10,10,10,10
2003,170676,0,1,0,0,0,0,0,0,0,0,0,0
2003,170676,1,1,0,0,0,0,0,0,0,22,0,0
2003,170677,1,1,0,0,0,0,0,0,0,0,0,0
2003,170677,2,1,0,0,0,0,0,0,0,0,0,0
2003,170678,1,1,20,20,20,20,20,20,20,20,20,20
2003,170678,2,1,0,0,0,0,15,0,0,0,0,0
2003,170679,1,1,1,1,1,1,1,1,1,1,1,1
2003,170679,2,1,0,0,0,0,0,0,0,0,0,0
2003,170680,1,1,0,0,0,0,0,0,0,0,0,0
2003,170680,2,1,0,0,0,0,0,0,0,0,0,0
2003,170680,3,1,0,0,0,0,0,0,0,0,0,0
2003,170681,1,1,17,17,17,17,17,17,17,17,17,17
2003,170682,1,1,26,19,22,9,12,0,17,18,13,0
2003,170683,1,1,0,0,0,0,0,0,0,0,0,0
2003,170684,1,1,0,0,0,0,0,0,0,0,0,0
2003,170684,2,1,0,0,0,0,0,0,0,0,0,0
2003,170685,0,1,0,0,0,0,0,0,0,0,0,0
2003,170685,1,1,0,0,0,0,0,0,0,3,0,0
2003,170686,1,1,0,0,0,0,0,0,0,0,0,0
2003,170687,1,1,0,0,0,5,0,0,13,23,0,12
2003,170687,2,1,0,0,0,0,0,0,0,0,13,0
2003,170687,3,1,0,0,0,0,0,0,0,0,0,0
2003,170687,4,1,0,0,0,0,0,0,0,0,0,5
2003,170688,1,1,22,22,22,22,22,22,22,22,22,22
2003,170689,1,1,27,27,27,27,27,27,27,27,27,27
2003,170690,1,1,0,0,0,0,0,0,0,0,0,0
2003,170691,1,1,0,0,0,0,0,0,0,0,0,0
2003,170691,2,1,0,0,0,0,0,0,0,0,0,0
2003,170692,1,1,16,16,16,16,16,16,16,16,16,16
2003,170692,2,1,0,0,0,0,0,0,0,0,0,0
2003,170693,1,1,26,26,26,26,26,26,26,26,26,26
2003,170694,1,1,0,0,0,0,0,0,0,0,0,0
2003,170695,1,1,0,0,0,0,0,0,0,0,0,0
2003,170696,1,1,0,0,0,0,0,0,0,0,0,0
2003,170697,1,1,0,0,0,0,0,0,0,0,0,0
2003,170698,1,1,4,4,4,4,4,4,4,4,4,4
2003,170699,1,1,11,11,11,11,11,11,11,11,11,11
2003,170699,2,1,0,0,0,0,0,0,0,0,0,0
2003,170700,1,1,0,0,0,0,0,0,0,0,0,0
2003,170700,2,1,0,0,0,0,0,0,0,0,0,0
2003,170700,3,1,0,0,0,0,0,0,0,0,0,0
2003,170700,4,1,3,0,2,0,0,0,0,0,0,0
2003,170701,1,1,15,10,18,8,0,15,14,8,3,10
2003,170701,2,1,0,0,0,0,0,0,0,0,0,0
2003,170701,3,1,0,0,0,0,0,0,0,0,0,0
2003,170702,1,1,0,0,0,0,0,0,0,0,0,0
2003,170702,2,1,0,0,0,0,0,0,0,0,0,0
2003,170703,1,1,0,0,0,0,0,0,0,0,0,0
2003,170703,2,1,0,0,0,0,0,0,0,0,0,0
2003,170704,1,1,1,1,1,1,1,1,1,1,1,1
2003,170705,1,1,0,0,0,0,0,0,0,0,0,0
2003,170705,2,1,0,0,0,0,0,0,0,0,0,0
2003,170706,1,1,0,0,0,0,0,0,0,0,0,0
2003,170707,1,1,0,0,0,0,0,12,6,0,0,0
2003,170708,1,1,0,0,0,0,0,0,0,0,0,0
2003,170708,2,1,0,0,0,0,0,0,0,0,0,0
2003,170709,1,1,0,0,0,0,0,0,0,0,0,0
2003,170709,2,1,0,0,0,0,0,0,0,0,0,0
2003,170710,1,1,12,12,12,12,12,12,12,12,12,12
2003,170710,2,1,0,0,0,0,0,0,0,0,0,0
2003,170710,3,1,0,0,0,0,0,0,0,0,0,0
2003,170711,1,1,10,10,10,10,10,10,10,10,10,10
2003,170712,1,1,0,0,0,0,0,0,0,0,0,0
2003,170712,2,1,0,0,0,0,0,0,0,0,0,0
2003,170713,1,1,12,12,12,12,12,12,12,12,12,12
2003,170714,1,1,18,18,18,18,18,18,18,18,18,18
2003,170715,1,1,0,0,0,0,0,0,0,0,0,0
2003,170715,2,1,0,0,0,0,0,0,0,0,0,0
2003,170716,1,1,0,0,0,0,0,0,0,0,0,0
2003,170717,1,1,0,0,0,0,0,0,0,0,0,0
2003,170717,2,1,0,0,0,0,0,0,0,0,0,0
2003,170718,1,1,0,0,0,0,0,0,0,0,0,0
2003,170718,2,1,0,0,0,0,0,0,0,20,0,0
2003,170719,1,1,19,16,16,0,21,19,23,0,31,42
2003,170720,1,1,9,9,9,9,9,9,9,9,9,9
2003,170720,2,1,0,0,0,16,0,0,0,0,0,0
2003,170721,1,1,14,14,14,14,14,14,14,14,14,14
2003,170722,0,1,24,24,24,24,24,24,24,24,24,24
2003,170722,1,1,0,0,0,0,0,0,0,0,0,0
2003,170723,1,1,11,16,14,30,12,28,21,41,10,17
2003,170724,1,1,23,23,23,23,23,23,23,23,23,23
2003,170725,1,1,7,7,7,7,7,7,7,7,7,7
2003,170726,1,1,27,27,27,27,27,27,27,27,27,27
2003,170727,1,1,10,10,10,10,10,10,10,10,10,10
2003,170727,2,1,0,0,0,0,0,0,0,0,0,0
2003,170727,3,1,0,0,0,0,0,0,0,3,0,0
2003,170727,4,1,0,0,0,0,0,0,0,0,0,0
2003,170728,1,1,1,1,1,1,1,1,1,1,1,1
2003,170729,0,1,21,21,21,21,21,21,21,21,21,21
2003,170729,1,1,0,0,0,4,28,12,0,0,16,20
2003,170730,1,1,0,0,0,0,0,0,0,0,0,0
2003,170730,2,1,0,0,0,0,0,0,0,0,0,0
2003,170730,3,1,0,0,0,0,0,0,0,0,0,0
2003,170731,1,1,17,17,17,17,17,17,17,17,17,17
2003,170732,1,1,0,0,0,0,0,0,0,0,0,0
2003,170732,2,1,10,10,10,10,10,10,10,10,10,10
2003,170732,3,1,0,0,0,0,0,0,0,0,0,0
2003,170733,1,1,28,28,28,28,28,28,28,28,28,28
2003,170734,1,1,0,0,0,0,0,0,0,0,0,0
2003,170734,2,1,0,0,0,0,0,0,0,0,0,0
2003,170735,0,1,0,0,0,0,0,0,0,0,0,0
2003,170735,1,1,0,0,0,0,0,0,0,0,0,0
2003,170736,1,1,0,0,0,0,0,0,0,0,0,0
2003,170736,2,1,0,0,0,0,0,0,0,0,0,0
2003,170736,3,1,0,0,0,0,0,0,0,0,0,0
2003,170737,1,1,0,0,0,0,0,0,0,0,0,0
2003,170737,2,1,0,0,0,0,0,0,0,0,0,15
2003,170738,1,1,1,1,1,1,1,1,1,1,1,1
2003,170739,0,1,0,0,0,0,0,0,0,0,0,0
2003,170739,1,1,27,27,27,27,27,27,27,27,27,27
2003,170740,1,1,0,0,0,0,0,0,0,0,0,0
2003,170741,0,1,0,0,0,0,0,0,0,0,13,0
2003,170741,0,2,0,0,0,0,0,0,0,0,0,0
2003,170741,1,1,0,0,0,0,0,0,0,0,0,0
2003,170742,1,1,17,17,17,17,17,17,17,17,17,17
2003,170743,1,1,0,0,0,0,0,0,0,0,0,0
2003,170744,1,1,0,0,0,0,0,0,0,0,0,0
2003,170744,2,1,0,0,0,0,0,0,0,0,0,0
2003,170745,0,1,16,16,16,16,16,16,16,16,16,16
2003,170745,1,1,0,0,0,0,0,0,0,0,0,0
2003,170746,1,1,0,0,0,0,0,0,0,0,0,0
2003,170747,1,1,0,0,0,0,0,0,0,0,0,0
2003,170747,2,1,0,0,0,0,0,0,0,0,0,0
2003,170748,1,1,0,0,26,0,0,7,2,0,14,12
2003,170748,2,1,0,0,0,0,17,0,0,0,0,0
2003,170749,0,1,47,47,47,47,47,47,47,47,47,47
2003,170749,1,1,0,0,0,0,0,18,0,0,11,7
2003,170750,1,1,0,0,0,0,0,0,0,0,0,0
2003,170750,2,1,0,0,0,0,0,0,0,0,0,0
2003,170750,3,1,0,0,0,0,0,0,0,0,0,0
2003,170751,1,1,0,0,0,0,0,0,0,0,0,0
2003,170752,1,1,0,0,0,0,0,0,0,0,0,0
2003,170752,2,1,0,0,0,0,0,0,0,0,0,0
2003,170753,1,1,0,0,0,0,0,0,0,0,0,0
2003,170753,2,1,0,0,0,0,0,0,0,0,0,0
2003,170754,1,1,16,16,16,16,16,16,16,16,16,16
2003,170754,2,1,0,0,0,0,0,0,0,0,0,0
2003,170755,1,1,14,14,14,14,14,14,14,14,14,14
2003,170756,1,1,20,20,20,20,20,20,20,20,20,20
2003,170757,0,1,18,18,18,18,18,18,18,18,18,18
2003,170757,1,1,0,4,0,0,0,0,0,0,0,0
2003,170758,1,1,0,0,0,0,0,0,0,0,0,0
2003,170758,2,1,0,0,0,0,0,0,0,0,0,0
2003,170759,1,1,0,0,0,0,0,0,0,0,0,0
2003,170759,2,1,0,0,0,0,0,0,0,0,0,0
2003,170760,0,1,16,16,16,16,16,16,16,16,16,16
2003,170760,1,1,0,0,0,0,8,0,0,0,17,5
2003,170761,1,1,19,19,19,19,19,19,19,19,19,19
2003,170762,0,1,24,24,24,24,24,24,24,24,24,24
2003,170762,1,1,11,0,22,0,0,0,24,0,0,0
2003,170763,1,1,1,1,1,1,1,1,1,1,1,1
2003,170763,2,1,0,0,0,0,0,0,0,0,0,0
2003,170764,1,1,0,0,0,0,0,0,0,0,0,0
2003,170765,0,1,25,25,25,25,25,25,25,25,25,25
2003,170765,1,1,0,0,0,20,0,0,15,0,0,0
2003,170766,1,1,0,0,0,25,0,0,0,0,0,0
2003,170766,2,1,0,0,0,0,0,0,0,0,0,0
2003,170767,1,1,16,16,16,16,16,16,16,16,16,16
2003,170768,1,1,0,0,0,36,0,11,0,0,0,0
2003,170769,1,1,0,0,0,0,0,0,0,0,0,0
2003,170769,2,1,0,0,0,15,0,0,0,0,0,0
2003,170770,1,1,0,0,0,0,0,0,0,0,0,0
2003,170770,2,1,0,0,0,0,0,0,0,0,0,0
2003,170771,1,1,0,0,10,0,0,0,10,0,7,0
2003,170772,1,1,0,0,0,0,0,0,0,0,0,0
2003,170773,1,1,2,2,2,2,2,2,2,2,2,2
2003,170774,1,1,0,0,0,0,0,0,0,0,0,0
2003,170774,2,1,0,0,0,0,0,0,0,0,0,0
2003,170775,1,1,0,0,0,0,0,0,0,0,0,0
2003,170775,2,1,0,0,0,0,0,0,0,0,0,0
2003,170776,1,1,0,0,0,0,0,0,0,0,0,0
2003,170776,2,1,0,0,0,0,0,0,0,0,0,0
2003,170776,3,1,0,0,0,0,0,0,0,0,0,0
2003,170776,4,1,0,0,0,0,0,0,0,0,0,0
2003,170777,1,1,0,0,0,0,0,0,0,0,0,0
2003,170777,2,1,0,0,0,0,0,0,0,0,0,0
2003,170778,1,1,0,0,0,0,0,0,0,0,0,0
2003,170778,2,1,0,0,0,0,0,0,0,0,0,0
2003,170779,1,1,1,1,1,1,1,1,1,1,1,1
2003,170780,1,1,0,0,0,0,0,0,0,0,0,0
2003,170780,2,1,0,0,0,0,0,0,0,0,0,0
2003,170780,3,1,0,0,0,8,9,0,0,0,12,0
2003,170781,1,1,0,0,0,0,0,0,0,0,0,0
2003,170782,1,1,15,33,8,32,19,19,18,22,27,23
2003,170783,1,1,0,0,0,0,0,0,0,0,0,0
2003,170783,2,1,0,0,0,0,0,0,0,0,0,0
2003,170784,1,1,28,28,28,28,28,28,28,28,28,28
2003,170785,1,1,38,4,22,9,12,3,5,27,22,0
2003,170786,1,1,0,0,25,0,0,19,0,0,0,0
2003,170786,2,1,0,0,6,0,0,0,0,0,0,0
2003,170787,0,1,0,0,0,0,0,0,0,0,0,0
2003,170787,1,1,17,0,15,7,0,15,0,0,25,25
2003,170788,1,1,0,0,0,0,0,0,0,0,0,0
2003,170788,2,1,0,0,13,0,0,0,0,0,0,0
2003,170789,1,1,0,0,0,0,0,0,0,0,0,0
2003,170789,2,1,0,0,0,0,0,0,0,0,0,0
2003,170790,1,1,0,0,0,0,0,0,0,0,0,0
2003,170791,1,1,11,11,11,11,11,11,11,11,11,11
2003,170792,0,1,0,0,0,0,0,0,0,0,0,0
2003,170792,1,1,0,0,0,0,0,10,22,0,0,0
2003,170793,0,1,0,0,0,0,0,0,0,0,0,0
2003,170793,1,1,14,14,14,14,14,14,14,14,14,14
2003,170794,0,1,0,0,0,0,0,0,0,0,0,0
2003,170794,1,1,10,14,18,8,17,13,16,11,15,14
2003,170795,0,1,0,0,0,0,0,0,0,0,0,0
2003,170795,1,1,0,0,0,0,0,0,0,0,0,0
2003,170796,1,1,0,25,0,0,0,0,0,13,0,0
2003,170796,2,1,0,0,0,14,8,0,11,0,0,0
2003,170797,1,1,0,0,0,0,0,0,0,0,0,0
2003,170797,2,1,0,0,0,0,0,0,0,0,0,0
2003,170798,1,1,0,0,0,0,0,0,0,0,0,0
2003,170799,1,1,0,0,0,0,0,0,0,0,0,0
2003,170801,1,1,0,0,0,0,0,0,0,0,0,0
2003,170801,2,1,0,0,0,0,0,0,0,0,0,0
2003,170802,1,1,6,6,6,6,6,6,6,6,6,6
2003,170803,1,1,0,0,0,0,0,0,0,0,0,0
2003,170803,2,1,0,0,0,0,0,0,0,0,0,0
2003,170804,1,1,12,12,12,12,12,12,12,12,12,12
2003,170805,1,1,20,20,20,20,20,20,20,20,20,20
2003,170806,1,1,0,0,0,0,0,0,0,0,0,0
2003,170806,2,1,0,0,0,0,0,0,0,0,0,0
2003,170806,3,1,0,0,0,0,0,0,0,0,0,0
2003,170807,1,1,13,13,13,13,13,13,13,13,13,13
2003,170808,1,1,0,0,8,10,0,0,0,0,0,0
2003,170808,2,1,0,0,0,0,0,0,0,0,0,0
2003,170809,0,1,0,0,0,0,0,0,0,0,0,0
2003,170809,1,1,8,8,8,8,8,8,8,8,8,8
2003,170810,1,1,0,0,0,0,0,0,0,0,0,0
2003,170810,2,1,0,0,0,0,0,0,0,0,0,0
2003,170811,1,1,0,0,0,0,0,0,0,0,0,0
2003,170811,2,1,0,0,0,0,0,0,0,0,0,0