YEAR,ST_CASE,veh_no,per_no,P1,P2,P3,P4,P5,P6,P7,P8,P9,P10
2003,170812,1,1,0,0,0,0,0,0,0,0,0,0
2003,170812,2,1,0,0,0,0,0,0,0,0,0,0
2003,170813,1,1,0,0,0,0,0,0,0,0,0,0
2003,170814,0,1,0,0,27,0,0,0,0,0,0,0
2003,170814,2,1,0,0,0,0,0,0,0,0,0,0
2003,170815,1,1,0,0,0,0,0,0,0,0,0,0
2003,170815,2,1,0,0,0,10,0,0,11,0,17,0
2003,170815,3,1,0,0,0,0,0,0,0,0,0,0
2003,170816,1,1,1,1,1,1,1,1,1,1,1,1
2003,170816,2,1,0,0,0,0,0,0,0,0,0,0
2003,170816,3,1,0,0,0,0,0,0,0,0,0,0
2003,170817,1,1,22,22,22,22,22,22,22,22,22,22
2003,170818,0,1,0,0,0,0,0,0,0,0,0,0
2003,170818,1,1,0,11,14,0,0,0,3,0,0,0
2003,170819,1,1,0,0,0,0,0,0,0,0,0,0
2003,170819,2,1,0,0,0,0,0,0,0,0,0,0
2003,170820,1,1,14,0,0,9,0,0,0,13,0,0
2003,170820,2,1,0,0,0,0,0,0,0,0,0,0
2003,170821,1,1,25,25,25,25,25,25,25,25,25,25
2003,170822,0,1,1,1,1,1,1,1,1,1,1,1
2003,170822,1,1,0,0,0,0,0,0,0,0,0,0
2003,170823,1,1,0,0,0,0,0,0,0,0,0,0
2003,170823,2,1,0,0,0,0,0,0,0,0,0,0
2003,170824,1,1,14,14,14,14,14,14,14,14,14,14
2003,170825,1,1,0,0,0,0,0,0,0,0,16,9
2003,170825,2,1,0,0,0,0,0,0,0,0,0,0
2003,170825,3,1,0,0,0,0,0,0,0,0,11,0
2003,170826,1,1,0,0,0,0,0,0,0,0,0,0
2003,170827,1,1,0,0,16,0,0,0,20,0,0,0
2003,170827,2,1,0,0,0,0,0,0,0,0,0,0
2003,170828,1,1,0,0,16,0,10,0,0,0,0,0
2003,170829,0,1,19,19,19,19,19,19,19,19,19,19
2003,170829,1,1,0,31,10,0,20,0,3,0,14,0
2003,170830,1,1,0,0,0,0,0,0,0,0,0,0
2003,170831,1,1,0,0,0,0,0,0,0,0,0,0
2003,170831,2,1,0,0,0,0,0,0,0,0,0,0
2003,170832,0,1,0,0,0,0,0,0,0,0,0,0
2003,170832,1,1,0,0,0,0,0,0,0,0,0,0
2003,170833,0,1,0,0,0,0,0,0,0,0,0,0
2003,170833,1,1,0,0,0,0,0,0,0,0,0,0
2003,170834,1,1,0,0,0,0,0,0,0,0,0,0
2003,170834,2,1,0,0,0,0,0,0,0,0,0,0
2003,170835,1,1,0,0,0,0,0,0,0,0,0,0
2003,170835,2,1,0,0,0,0,0,0,0,0,0,0
2003,170836,1,1,0,0,0,0,0,0,0,0,0,0
2003,170837,1,1,0,0,0,0,0,0,0,0,0,0
2003,170837,2,1,0,0,0,0,0,0,0,0,0,0
2003,170838,1,1,20,20,20,20,20,20,20,20,20,20
2003,170839,1,1,0,18,0,0,24,0,7,0,22,0
2003,170839,2,1,12,12,12,12,12,12,12,12,12,12
2003,170840,1,1,27,27,27,27,27,27,27,27,27,27
2003,170841,1,1,11,11,11,11,11,11,11,11,11,11
2003,170842,1,1,0,0,0,0,0,0,0,0,0,0
2003,170842,2,1,0,0,0,0,0,0,0,0,0,0
2003,170843,1,1,0,0,0,0,0,0,0,0,0,0
2003,170843,2,1,0,0,0,0,0,0,0,0,0,0
2003,170844,1,1,0,0,0,0,0,0,0,0,0,0
2003,170844,2,1,14,14,14,14,14,14,14,14,14,14
2003,170845,1,1,0,0,0,0,0,21,0,16,0,0
2003,170845,2,1,0,0,0,0,0,0,0,0,0,0
2003,170846,1,1,0,0,0,0,0,0,0,0,0,0
2003,170847,1,1,14,14,14,14,14,14,14,14,14,14
2003,170848,1,1,0,0,0,0,0,13,0,0,0,0
2003,170849,1,1,0,0,0,0,0,0,0,0,0,0
2003,170850,1,1,0,0,0,0,0,0,0,0,0,0
2003,170850,2,1,0,0,0,0,0,0,0,0,0,0
2003,170851,1,1,15,15,15,15,15,15,15,15,15,15
2003,170852,1,1,24,24,24,24,24,24,24,24,24,24
2003,170853,1,1,6,6,6,6,6,6,6,6,6,6
2003,170854,1,1,3,3,3,3,3,3,3,3,3,3
2003,170854,2,1,0,0,0,0,0,0,0,0,0,0
2003,170855,1,1,0,0,0,0,0,0,0,0,0,0
2003,170856,0,1,0,0,0,0,0,0,0,0,0,0
2003,170856,1,1,0,0,0,0,0,6,0,0,0,0
2003,170857,0,1,0,0,0,0,0,0,0,0,0,0
2003,170857,1,1,0,0,0,0,0,0,0,0,0,0
2003,170858,1,1,14,14,14,14,14,14,14,14,14,14
2003,170859,1,1,0,0,0,15,0,0,0,0,23,0
2003,170860,1,1,23,23,23,23,23,23,23,23,23,23
2003,170860,2,1,0,0,0,0,0,0,0,0,0,0
2003,170861,1,1,8,8,8,8,8,8,8,8,8,8
2003,170862,1,1,0,0,0,0,0,0,0,0,0,0
2003,170862,2,1,0,0,0,0,0,0,0,0,0,0
2003,170863,1,1,15,15,15,15,15,15,15,15,15,15
2003,170863,2,1,0,0,0,0,0,0,0,0,0,0
2003,170864,1,1,0,0,0,0,0,0,0,0,0,0
2003,170864,2,1,0,0,0,0,0,0,0,0,0,0
2003,170865,0,1,0,0,0,0,0,0,0,0,0,0
2003,170865,1,1,0,0,0,0,0,0,0,0,0,0
2003,170866,1,1,0,0,0,0,0,0,0,22,0,0
2003,170866,2,1,0,0,0,0,0,0,0,0,0,0
2003,170866,3,1,0,0,0,0,0,0,0,0,0,0
2003,170866,4,1,0,0,0,0,0,0,0,0,0,0
2003,170867,1,1,0,0,0,0,0,0,0,0,0,0
2003,170868,1,1,0,0,0,0,0,0,0,0,0,0
2003,170869,1,1,23,23,23,23,23,23,23,23,23,23
2003,170869,2,1,5,0,0,0,0,0,0,0,0,0
2003,170870,1,1,0,12,0,0,0,12,22,6,0,23
2003,170870,2,1,0,0,0,0,0,0,0,0,0,0
2003,170871,1,1,0,0,0,0,0,0,0,0,8,0
2003,170872,0,1,0,0,0,0,0,0,0,0,0,0
2003,170872,1,1,0,0,0,0,0,0,0,0,0,0
2003,170873,1,1,0,0,0,0,0,0,0,0,0,0
2003,170873,2,1,0,0,0,0,0,0,0,0,0,0
2003,170873,3,1,0,0,0,0,0,0,0,0,0,0
2003,170873,4,1,0,0,0,0,0,0,0,0,0,0
2003,170874,1,1,25,25,25,25,25,25,25,25,25,25
2003,170875,1,1,20,20,20,20,20,20,20,20,20,20
2003,170876,1,1,0,0,0,0,0,0,0,0,5,0
2003,170876,2,1,0,0,0,0,0,0,0,0,0,0
2003,170877,0,1,0,0,0,0,0,0,0,0,0,0
2003,170877,1,1,0,0,0,0,0,0,0,0,0,0
2003,170878,1,1,0,0,0,0,0,0,0,0,0,0
2003,170878,2,1,0,0,0,0,0,0,0,0,0,0
2003,170879,1,1,0,0,0,0,0,0,0,0,0,0
2003,170879,2,1,0,0,0,0,0,0,0,0,0,0
2003,170880,1,1,0,0,0,0,0,0,0,0,0,0
2003,170880,2,1,0,0,0,0,0,0,0,0,0,0
2003,170881,1,1,0,0,0,0,0,0,0,0,0,0
2003,170882,0,1,10,10,10,10,10,10,10,10,10,10
2003,170882,1,1,0,25,0,0,0,0,0,0,0,0
2003,170883,1,1,11,11,11,11,11,11,11,11,11,11
2003,170884,0,1,0,0,0,0,0,0,0,0,0,0
2003,170884,1,1,0,0,0,30,0,19,0,0,0,5
2003,170885,0,1,0,0,0,0,0,0,0,0,0,0
2003,170885,1,1,0,0,0,0,0,0,0,0,0,0
2003,170886,1,1,30,17,12,7,30,0,8,21,2,7
2003,170887,1,1,13,13,13,13,13,13,13,13,13,13
2003,170887,2,1,0,0,0,0,0,0,0,0,0,0
2003,170887,3,1,0,0,0,0,0,0,0,0,0,0
2003,170888,1,1,31,31,31,31,31,31,31,31,31,31
2003,170889,1,1,22,22,22,22,22,22,22,22,22,22
2003,170890,1,1,17,17,17,17,17,17,17,17,17,17
2003,170891,1,1,5,5,5,5,5,5,5,5,5,5
2003,170892,1,1,18,18,18,18,18,18,18,18,18,18
2003,170893,1,1,38,38,38,38,38,38,38,38,38,38
2003,170894,1,1,19,19,19,19,19,19,19,19,19,19
2003,170894,2,1,0,0,0,0,0,0,0,0,0,0
2003,170895,0,1,19,19,19,19,19,19,19,19,19,19
2003,170895,1,1,0,0,0,0,0,5,0,0,0,0
2003,170895,2,1,0,0,0,29,0,0,0,0,0,0
2003,170896,0,1,0,0,0,0,0,0,0,0,0,0
2003,170896,1,1,0,0,0,0,0,0,0,0,0,0
2003,170897,1,1,22,20,10,13,32,22,8,12,26,10
2003,170897,2,1,0,0,0,0,0,0,0,0,0,0
2003,170898,1,1,24,24,24,24,24,24,24,24,24,24
2003,170899,1,1,0,0,0,0,23,0,0,0,0,0
2003,170899,2,1,0,0,0,0,0,0,0,0,0,0
2003,170900,0,1,29,29,29,29,29,29,29,29,29,29
2003,170900,1,1,0,0,0,0,0,0,0,0,0,0
2003,170901,1,1,0,20,14,13,18,21,11,16,29,27
2003,170902,1,1,0,0,0,0,0,0,0,0,0,0
2003,170902,2,1,0,0,0,0,0,0,0,0,0,0
2003,170903,0,1,0,7,0,0,18,0,0,0,0,23
2003,170903,1,1,0,0,0,0,0,0,0,0,0,0
2003,170904,1,1,0,0,0,0,0,0,0,0,0,0
2003,170904,2,1,0,0,0,0,0,0,0,0,0,0
2003,170905,1,1,0,0,0,0,0,0,0,0,0,0
2003,170905,2,1,17,17,17,17,17,17,17,17,17,17
2003,170906,1,1,11,11,11,11,11,11,11,11,11,11
2003,170907,1,1,0,0,0,0,0,0,0,0,0,0
2003,170907,2,1,0,0,0,0,0,0,0,0,0,0
2003,170908,1,1,6,21,0,26,0,18,0,0,0,0
2003,170909,1,1,0,0,0,0,0,0,0,0,0,0
2003,170909,2,1,0,0,0,0,0,0,0,0,0,0
2003,170910,1,1,0,0,0,0,0,0,0,0,0,0
2003,170910,2,1,0,0,0,0,0,0,0,0,0,0
2003,170911,1,1,0,0,0,0,0,0,0,0,0,0
2003,170911,2,1,0,0,0,0,0,0,0,0,0,0
2003,170912,1,1,0,0,0,0,0,0,0,0,0,0
2003,170912,2,1,0,0,0,0,0,0,0,0,0,0
2003,170913,1,1,22,22,22,22,22,22,22,22,22,22
2003,170913,2,1,0,0,0,0,0,0,0,0,0,0
2003,170914,1,1,18,18,18,18,18,18,18,18,18,18
2003,170915,1,1,0,0,0,0,0,0,0,0,0,0
2003,170916,1,1,17,17,17,17,17,17,17,17,17,17
2003,170917,1,1,13,13,13,13,13,13,13,13,13,13
2003,170918,1,1,21,21,21,21,21,21,21,21,21,21
2003,170919,1,1,14,14,14,14,14,14,14,14,14,14
2003,170919,2,1,0,0,0,0,0,0,0,0,0,0
2003,170920,1,1,17,17,17,17,17,17,17,17,17,17
2003,170921,1,1,7,16,0,17,13,19,12,21,12,6
2003,170921,2,1,19,19,19,19,19,19,19,19,19,19
2003,170922,1,1,16,16,16,16,16,16,16,16,16,16
2003,170923,1,1,23,23,23,23,23,23,23,23,23,23
2003,170924,1,1,0,0,0,0,0,0,0,0,0,0
2003,170924,2,1,0,0,0,0,0,18,0,0,0,0
2003,170925,0,1,0,0,0,0,0,0,0,0,0,0
2003,170925,1,1,0,0,0,0,0,0,0,0,0,0
2003,170926,1,1,16,16,16,16,16,16,16,16,16,16
2003,170927,1,1,0,0,0,0,0,0,0,0,0,0
2003,170927,2,1,0,0,0,0,0,0,0,0,0,0
2003,170928,0,1,0,0,0,0,11,0,39,21,0,0
2003,170928,1,1,0,0,0,0,0,0,0,23,0,0
2003,170929,0,1,0,0,0,0,0,0,0,0,0,0
2003,170929,1,1,0,0,0,0,0,0,0,0,0,0
2003,170930,0,1,0,0,0,0,0,0,0,0,0,0
2003,170930,1,1,0,0,0,0,0,0,0,0,21,0
2003,170931,0,1,0,0,0,0,0,1,23,0,0,25
2003,170931,0,2,0,0,0,0,0,6,0,0,0,0
2003,170931,0,3,0,0,0,0,0,0,0,0,0,0
2003,170931,1,1,0,0,0,0,0,0,0,0,0,0
2003,170932,0,1,0,0,0,0,0,0,0,0,0,0
2003,170932,1,1,0,0,0,0,0,0,0,0,0,0
2003,170933,1,1,26,26,26,26,26,26,26,26,26,26
2003,170934,1,1,0,0,0,0,0,0,0,0,0,0
2003,170934,2,1,0,0,0,0,0,0,0,0,0,0
2003,170935,1,1,20,20,20,20,20,20,20,20,20,20
2003,170936,0,1,11,0,32,0,9,10,17,0,31,21
2003,170936,1,1,1,1,1,1,1,1,1,1,1,1
2003,170937,1,1,0,0,0,0,0,0,0,0,0,0
2003,170938,1,1,14,0,0,0,0,0,0,0,0,0
2003,170939,1,1,0,0,0,0,0,0,0,0,0,0
2003,170939,2,1,15,15,15,15,15,15,15,15,15,15
2003,170940,1,1,0,0,0,0,0,0,0,0,0,0
2003,170941,1,1,16,16,16,16,16,16,16,16,16,16
2003,170942,0,1,0,0,0,0,0,0,0,0,0,0
2003,170942,1,1,0,0,0,0,0,34,0,0,0,0
2003,170943,0,1,0,0,0,0,0,0,0,0,0,0
2003,170943,0,2,0,0,0,0,0,0,0,0,0,0
2003,170943,1,1,0,0,0,0,0,0,0,0,0,0
2003,170944,0,1,0,0,0,0,0,0,0,0,0,0
2003,170944,1,1,15,15,15,15,15,15,15,15,15,15
2003,170945,1,1,5,5,5,5,5,5,5,5,5,5
2003,170946,0,1,0,0,5,0,0,0,0,0,0,0
2003,170946,1,1,0,0,0,0,0,0,0,0,0,0
2003,170947,1,1,19,19,19,19,19,19,19,19,19,19
2003,170948,1,1,9,9,9,9,9,9,9,9,9,9
2003,170948,2,1,0,0,0,0,0,0,0,0,0,0
2003,170949,1,1,0,0,0,0,0,0,0,0,0,0
2003,170949,2,1,0,0,0,0,0,0,0,0,0,0
2003,170950,0,1,0,0,0,0,0,0,0,0,0,0
2003,170950,1,1,0,0,0,0,0,0,0,0,0,0
2003,170951,0,1,0,0,0,0,0,0,0,0,0,0
2003,170951,1,1,0,0,0,0,0,0,0,0,0,0
2003,170952,1,1,19,19,19,19,19,19,19,19,19,19
2003,170952,2,1,0,0,0,0,0,0,0,0,0,0
2003,170953,1,1,0,0,0,0,0,0,0,0,0,0
2003,170953,2,1,0,0,0,0,0,0,0,0,0,0
2003,170953,3,1,0,0,0,0,0,0,0,0,4,0
2003,170954,1,1,0,0,0,0,0,0,0,0,0,0
2003,170954,2,1,0,0,0,0,0,0,0,0,0,0
2003,170955,0,1,0,8,0,0,13,10,7,19,0,0
2003,170955,1,1,9,0,21,5,0,6,6,8,15,10
2003,170956,1,1,0,0,0,0,0,0,0,0,0,0
2003,170956,2,1,0,0,0,0,0,0,0,0,0,15
2003,170957,1,1,0,0,0,0,0,0,0,0,0,0
2003,170957,2,1,0,0,0,0,0,0,0,0,0,0
2003,170958,1,1,21,21,21,21,21,21,21,21,21,21
2003,170959,0,1,0,0,0,0,0,0,0,0,0,0
2003,170959,1,1,0,0,0,0,0,0,0,0,0,0
2003,170960,1,1,0,0,0,0,0,0,0,0,0,0
2003,170961,1,1,17,17,17,17,17,17,17,17,17,17
2003,170962,1,1,0,0,0,0,0,0,0,0,0,0
2003,170963,1,1,0,0,0,0,0,0,0,0,0,0
2003,170964,1,1,0,0,0,0,0,0,0,0,0,0
2003,170964,2,1,20,20,20,20,20,20,20,20,20,20
2003,170965,1,1,16,16,16,16,16,16,16,16,16,16
2003,170966,1,1,9,9,9,9,9,9,9,9,9,9
2003,170966,2,1,0,0,0,0,0,0,0,0,0,0
2003,170967,1,1,14,14,14,14,14,14,14,14,14,14
2003,170967,2,1,18,18,18,18,18,18,18,18,18,18
2003,170968,1,1,0,0,0,0,0,0,0,0,0,0
2003,170968,2,1,0,0,0,0,0,0,0,0,0,0
2003,170969,1,1,0,0,0,0,0,0,0,0,0,0
2003,170969,2,1,0,0,0,0,0,0,0,0,0,0
2003,170969,3,1,0,0,0,0,0,0,0,0,0,0
2003,170970,1,1,28,28,28,28,28,28,28,28,28,28
2003,170971,1,1,0,0,0,0,0,0,0,0,0,0
2003,170972,1,1,16,16,16,16,16,16,16,16,16,16
2003,170972,2,1,0,0,0,6,0,0,0,0,0,0
2003,170972,3,1,0,0,0,0,0,0,0,0,0,0
2003,170973,1,1,17,17,17,17,17,17,17,17,17,17
2003,170974,1,1,0,0,0,0,0,0,0,0,0,0
2003,170974,2,1,0,0,0,0,0,0,0,0,0,0
2003,170974,3,1,0,0,0,0,0,0,0,0,0,0
2003,170975,1,1,15,15,15,15,15,15,15,15,15,15
2003,170975,2,1,0,0,0,0,0,0,0,0,0,0
2003,170976,1,1,0,0,0,0,0,0,0,0,0,0
2003,170976,2,1,0,0,0,0,0,0,0,0,0,0
2003,170977,1,1,0,0,0,0,0,0,0,0,0,0
2003,170978,0,1,0,0,0,0,0,0,0,0,0,0
2003,170978,0,2,0,0,0,0,26,0,0,0,0,6
2003,170978,1,1,0,0,0,0,0,0,0,0,0,0
2003,170979,1,1,0,0,0,0,0,0,0,0,0,0
2003,170979,2,1,0,0,0,0,0,0,0,0,0,0
2003,170980,1,1,13,13,13,13,13,13,13,13,13,13
2003,170981,0,1,0,0,0,0,0,0,0,0,0,0
2003,170981,1,1,0,0,0,0,0,0,0,0,0,0
2003,170982,1,1,0,0,0,5,0,7,0,0,0,25
2003,170983,1,1,0,28,0,0,0,0,0,0,0,0
2003,170983,2,1,0,0,0,0,0,0,0,0,0,0
2003,170983,3,1,0,0,0,0,0,0,0,0,0,0
2003,170984,1,1,7,25,13,24,20,30,10,23,17,22
2003,170985,0,1,0,0,0,0,0,0,0,0,0,0
2003,170985,1,1,0,0,0,0,0,0,0,0,0,0
2003,170986,1,1,0,0,0,0,0,0,0,14,0,0
2003,170987,0,1,25,25,25,25,25,25,25,25,25,25
2003,170987,1,1,0,0,0,0,0,0,0,0,0,0
2003,170988,1,1,0,0,0,0,0,0,0,0,0,0
2003,170989,1,1,0,22,12,0,0,0,0,24,0,0
2003,170990,1,1,6,6,6,6,6,6,6,6,6,6
2003,170991,1,1,0,0,0,0,0,0,0,0,0,0
2003,170991,2,1,0,0,0,0,0,0,0,0,0,0
2003,170992,0,1,0,0,0,0,0,0,0,0,0,0
2003,170992,1,1,0,0,0,0,0,16,0,0,0,6
2003,170993,1,1,0,0,0,0,0,0,0,0,0,0
2003,170993,2,1,0,0,0,0,0,0,0,0,0,0
2003,170994,1,1,0,0,0,0,0,0,0,0,0,0
2003,170995,0,1,13,13,13,13,13,13,13,13,13,13
2003,170995,1,1,0,0,0,0,0,0,0,0,0,0
2003,170996,1,1,20,20,20,20,20,20,20,20,20,20
2003,170997,1,1,10,10,10,10,10,10,10,10,10,10
2003,170997,2,1,13,13,13,13,13,13,13,13,13,13
2003,170998,1,1,8,0,0,0,0,0,0,0,0,0
2003,170998,2,1,0,0,0,0,0,0,0,0,0,0
2003,170999,1,1,0,0,0,0,0,0,0,0,0,0
2003,171000,1,1,0,0,0,0,0,0,0,0,0,0
2003,171000,2,1,0,0,0,0,0,0,0,0,0,0
2003,171000,3,1,0,0,0,0,0,0,0,0,0,0
2003,171001,0,1,0,0,0,0,0,0,0,0,0,0
2003,171001,1,1,0,0,0,0,0,0,0,0,0,0
2003,171002,1,1,14,14,14,14,14,14,14,14,14,14
2003,171003,1,1,0,17,0,0,9,0,0,11,0,0
2003,171004,1,1,0,0,0,0,0,0,0,0,0,0
2003,171005,0,1,0,0,0,0,0,0,0,0,0,0
2003,171005,0,2,0,0,12,0,0,22,0,0,0,0
2003,171005,1,1,0,0,0,0,0,0,0,0,0,0
2003,171005,2,1,0,0,0,0,0,0,0,0,0,0
2003,171006,1,1,0,0,0,0,0,0,0,0,0,0
2003,171006,2,1,0,0,0,0,0,0,0,0,0,0
2003,171006,3,1,0,0,0,0,0,0,0,0,0,0
2003,171006,4,1,0,0,0,0,0,0,0,0,0,0
2003,171006,5,1,0,0,0,0,0,0,0,0,0,0
2003,171007,1,1,19,19,19,19,19,19,19,19,19,19
2003,171008,1,1,2,2,2,2,2,2,2,2,2,2
2003,171009,1,1,0,0,0,0,0,0,0,0,0,0
2003,171009,2,1,0,0,0,0,0,0,0,0,0,0
2003,171010,1,1,0,0,0,0,10,0,0,0,0,0
2003,171010,2,1,0,0,0,0,0,0,0,0,12,0
2003,171011,1,1,0,0,0,0,0,0,0,0,0,0
2003,171011,2,1,0,0,0,0,0,0,0,0,0,0
2003,171012,1,1,3,3,3,3,3,3,3,3,3,3
2003,171012,2,1,0,0,0,0,0,0,0,0,0,0
2003,171013,1,1,14,14,14,14,14,14,14,14,14,14
2003,171014,1,1,28,28,28,28,28,28,28,28,28,28
2003,171015,1,1,0,0,0,0,0,0,0,0,0,0
2003,171015,2,1,0,0,0,0,0,0,0,0,0,0
2003,171015,3,1,0,0,0,0,0,0,0,0,0,0
2003,171016,1,1,0,0,0,0,0,0,0,0,0,0
2003,171016,2,1,0,0,0,0,0,0,0,0,0,0
2003,171017,1,1,0,0,0,0,0,0,0,0,0,0
2003,171018,1,1,0,0,0,0,0,11,0,0,0,0
2003,171018,2,1,0,0,0,0,0,0,0,0,0,0
2003,171019,0,1,0,0,0,0,0,0,0,0,0,0
2003,171019,1,1,0,0,0,0,0,0,0,0,0,0
2003,171020,1,1,24,24,24,24,24,24,24,24,24,24
2003,171021,1,1,0,11,14,23,0,17,0,0,21,0
2003,171022,1,1,0,0,0,0,0,0,0,0,0,0
2003,171023,1,1,42,42,42,42,42,42,42,42,42,42
2003,171024,0,1,0,0,0,0,0,0,0,0,0,0
2003,171024,1,1,0,12,0,0,0,0,0,0,0,0
2003,171025,0,1,23,23,23,23,23,23,23,23,23,23
2003,171025,1,1,0,0,0,0,0,0,0,0,0,0
2003,171026,1,1,20,20,20,20,20,20,20,20,20,20
2003,171027,1,1,21,21,21,21,21,21,21,21,21,21
2003,171028,0,1,0,0,22,12,21,0,0,10,12,0
2003,171028,1,1,0,0,0,0,0,0,0,0,0,0
2003,171028,2,1,0,0,0,0,11,0,0,0,0,0
2003,171029,1,1,0,0,0,0,0,0,0,0,0,0
2003,171030,1,1,0,0,0,0,0,0,0,0,0,0
2003,171030,2,1,0,0,0,0,0,0,0,0,0,0
2003,171031,1,1,14,14,14,14,14,14,14,14,14,14
2003,171032,1,1,0,0,0,0,0,0,0,0,0,0
2003,171032,2,1,0,0,0,0,0,0,0,0,0,0
2003,171033,0,1,0,0,0,0,0,18,0,0,13,0
2003,171033,1,1,0,0,0,0,0,0,0,0,0,0
2003,171034,1,1,0,0,0,0,0,0,0,0,0,0
2003,171034,2,1,0,0,0,0,0,0,0,0,0,0
2003,171034,3,1,0,0,0,0,0,0,0,0,0,0
2003,171035,1,1,5,5,5,5,5,5,5,5,5,5
2003,171035,2,1,0,0,0,0,0,0,0,0,0,0
2003,171036,1,1,10,10,10,10,10,10,10,10,10,10
2003,171036,2,1,0,0,0,11,0,0,0,0,0,0
2003,171036,3,1,0,0,0,0,0,0,0,0,0,0
2003,171037,1,1,0,0,0,0,0,0,0,0,0,0
2003,171038,0,1,0,0,0,0,0,0,0,0,0,0
2003,171038,1,1,4,36,0,0,0,0,0,0,0,15
2003,171038,2,1,0,0,0,10,0,0,14,0,23,0
2003,171039,1,1,0,0,0,0,14,0,0,0,0,0
2003,171039,2,1,7,0,0,16,20,0,6,0,5,10
2003,171039,3,1,0,0,0,0,0,0,0,0,0,0
2003,171040,1,1,0,0,0,0,0,0,0,0,0,0
2003,171040,2,1,5,5,5,5,5,5,5,5,5,5
2003,171041,1,1,16,16,16,16,16,16,16,16,16,16
2003,171042,1,1,5,0,0,0,0,0,0,3,0,0
2003,171042,2,1,0,0,0,0,0,23,0,0,0,0
2003,171043,0,1,0,0,0,0,0,0,0,0,0,0
2003,171043,2,1,0,0,0,0,0,0,0,0,0,0
2003,171044,1,1,0,0,0,0,0,0,0,0,0,0
2003,171044,2,1,23,0,0,0,0,0,0,0,0,0
2003,171045,1,1,4,9,0,18,18,13,18,11,22,9
2003,171045,2,1,0,0,0,0,0,0,0,0,0,0
2003,171046,1,1,15,15,15,15,15,15,15,15,15,15
2003,171047,1,1,0,0,0,0,0,0,0,0,0,0
2003,171047,2,1,0,0,0,0,0,0,0,0,0,0
2003,171048,0,1,0,0,0,0,0,0,0,0,0,0
2003,171048,1,1,0,9,0,18,0,0,0,0,0,0
2003,171049,1,1,0,0,0,0,0,0,0,0,0,0
2003,171049,2,1,0,0,0,0,0,0,0,0,0,0
2003,171050,1,1,0,0,0,0,0,0,0,0,0,0
2003,171050,2,1,0,0,0,0,0,0,0,0,0,0
2003,171051,0,1,0,0,0,0,0,0,0,0,0,0
2003,171051,1,1,0,0,0,0,0,0,0,0,0,0
2003,171052,1,1,0,0,0,0,0,0,0,0,0,0
2003,171052,2,1,0,0,0,0,0,0,0,0,0,0
2003,171053,0,1,0,0,0,0,0,0,0,0,0,0
2003,171053,1,1,0,0,0,0,0,0,0,0,0,0
2003,171053,3,1,0,0,0,0,0,0,0,0,0,0
2003,171054,1,1,0,0,0,0,0,0,0,0,0,0
2003,171055,1,1,0,0,0,0,0,0,0,0,0,0
2003,171055,2,1,0,0,0,0,0,0,0,0,0,0
2003,171055,3,1,0,0,0,0,0,0,0,0,0,0
2003,171056,1,1,0,0,0,0,0,0,0,0,0,0
2003,171056,2,1,0,0,0,0,0,0,0,0,0,0
2003,171056,3,1,0,0,0,0,0,0,0,0,0,0
2003,171057,1,1,0,0,0,23,0,0,0,0,0,0
2003,171058,1,1,0,0,0,0,0,0,0,0,0,0
2003,171058,2,1,0,0,0,0,0,0,0,0,0,0
2003,171059,1,1,0,0,0,0,0,0,0,0,0,0
2003,171059,2,1,0,0,0,0,0,0,0,0,0,0
2003,171060,1,1,28,28,28,28,28,28,28,28,28,28
2003,171060,2,1,0,0,0,0,0,0,0,0,0,0
2003,171061,0,1,0,0,0,0,0,0,0,0,0,0
2003,171061,1,1,0,0,0,0,0,0,0,0,0,0
2003,171062,1,1,0,0,0,0,0,0,0,0,7,0
2003,171063,1,1,0,0,0,0,0,0,0,0,0,0
2003,171063,2,1,0,0,0,0,0,0,0,0,0,0
2003,171063,3,1,0,0,0,0,0,0,0,0,0,0
2003,171064,1,1,0,0,0,0,0,0,0,0,0,0
2003,171065,1,2,20,20,20,20,20,20,20,20,20,20
2003,171065,2,1,0,0,0,0,0,0,0,0,5,0
2003,171066,1,1,0,0,0,0,0,0,0,0,0,0
2003,171066,2,1,0,0,0,0,0,0,0,0,0,0
2003,171067,1,1,0,0,0,0,0,0,0,0,0,0
2003,171067,2,1,0,0,0,0,0,0,0,0,0,0
2003,171068,1,1,19,19,19,19,19,19,19,19,19,19
2003,171069,0,1,28,20,0,0,0,0,0,17,0,0
2003,171069,1,1,0,0,0,0,0,0,0,0,0,0
2003,171070,1,1,0,0,0,0,0,0,0,0,0,0
2003,171070,2,1,0,0,0,0,0,0,0,0,14,0
2003,171071,1,1,12,12,12,12,12,12,12,12,12,12
2003,171072,1,1,0,0,0,0,0,0,0,0,0,0
2003,171072,2,1,0,0,0,0,0,0,0,0,0,0
2003,171073,1,1,10,10,10,10,10,10,10,10,10,10
2003,171074,1,1,8,8,8,8,8,8,8,8,8,8
2003,171075,1,1,14,14,14,14,14,14,14,14,14,14