YEAR,ST_CASE,veh_no,per_no,P1,P2,P3,P4,P5,P6,P7,P8,P9,P10
2003,171076,1,1,14,14,14,14,14,14,14,14,14,14
2003,171077,1,1,26,26,26,26,26,26,26,26,26,26
2003,171078,1,1,12,12,12,12,12,12,12,12,12,12
2003,171079,1,1,0,0,0,0,0,0,0,0,0,0
2003,171080,0,1,5,5,5,5,5,5,5,5,5,5
2003,171080,1,1,0,0,0,0,0,0,0,0,0,0
2003,171081,1,1,0,0,0,0,0,0,0,0,0,0
2003,171081,2,1,4,4,4,4,4,4,4,4,4,4
2003,171082,0,1,37,37,37,37,37,37,37,37,37,37
2003,171082,1,1,0,0,0,0,0,0,0,0,0,0
2003,171083,1,1,0,0,0,0,0,0,0,0,0,0
2003,171083,2,1,0,0,0,0,0,0,0,0,0,0
2003,171084,1,1,20,0,0,0,0,0,0,0,0,0
2003,171084,2,1,0,0,0,0,0,0,0,0,0,0
2003,171084,3,1,0,0,0,0,0,0,0,0,0,0
2003,171085,0,1,0,0,0,0,0,0,0,0,0,0
2003,171085,1,1,0,19,0,0,0,0,0,0,0,0
2003,171086,1,1,0,0,0,0,0,0,12,0,0,0
2003,171086,2,1,0,0,0,0,0,0,0,0,0,0
2003,171087,1,1,8,8,8,8,8,8,8,8,8,8
2003,171088,1,1,22,22,22,22,22,22,22,22,22,22
2003,171089,1,1,1,1,1,1,1,1,1,1,1,1
2003,171090,1,1,0,0,0,0,0,0,0,0,0,0
2003,171091,0,1,23,23,23,23,23,23,23,23,23,23
2003,171091,1,1,0,0,0,0,0,0,0,0,0,0
2003,171092,1,1,13,13,13,13,13,13,13,13,13,13
2003,171093,1,1,0,0,0,0,0,0,0,0,0,0
2003,171093,2,1,0,0,0,0,0,0,0,0,0,0
2003,171094,1,1,0,0,0,0,0,0,0,0,0,0
2003,171095,1,1,0,0,0,0,0,0,0,0,0,0
2003,171095,2,1,0,0,0,0,0,0,0,0,0,0
2003,171096,1,1,0,0,0,0,0,0,0,0,0,0
2003,171096,2,1,0,0,0,0,0,0,0,0,0,0
2003,171097,1,1,11,0,0,0,0,0,0,0,0,0
2003,171097,2,1,0,0,0,0,0,0,0,0,0,0
2003,171098,1,1,23,23,23,23,23,23,23,23,23,23
2003,171098,2,1,0,0,0,0,0,0,0,0,0,0
2003,171099,1,1,0,0,0,0,0,0,0,0,0,0
2003,171099,2,1,0,0,0,0,0,0,0,16,0,0
2003,171100,0,1,0,0,0,0,0,0,0,0,0,0
2003,171100,1,1,0,0,3,0,0,0,0,0,0,0
2003,171101,1,1,0,0,0,0,0,0,10,0,0,0
2003,171102,1,1,0,0,0,0,10,0,0,0,0,0
2003,171103,1,1,0,0,0,0,0,0,0,0,0,0
2003,171104,1,1,0,0,0,0,0,0,0,0,0,0
2003,171104,2,1,0,0,0,0,0,0,0,0,0,0
2003,171105,0,1,0,0,0,0,0,0,0,0,0,0
2003,171105,1,1,0,0,0,0,0,0,0,0,0,0
2003,171106,0,1,0,0,0,0,0,0,0,0,0,0
2003,171106,1,1,0,0,0,0,0,0,35,0,0,0
2003,171107,1,1,0,0,0,0,0,0,0,0,0,0
2003,171108,1,1,0,0,0,0,0,0,0,0,0,0
2003,171108,2,1,0,0,0,33,0,0,0,0,31,0
2003,171109,1,1,0,0,0,0,0,0,0,0,0,0
2003,171109,2,1,2,2,2,2,2,2,2,2,2,2
2003,171110,0,1,0,0,0,0,0,0,0,0,0,0
2003,171110,1,1,0,9,0,0,0,0,0,0,0,0
2003,171111,1,1,15,15,15,15,15,15,15,15,15,15
2003,171112,1,1,0,0,0,0,0,0,0,22,0,0
2003,171112,2,1,0,0,0,0,0,0,0,0,0,0
2003,171112,3,1,0,0,0,0,0,0,0,0,0,0
2003,171113,0,1,27,30,0,28,16,0,25,11,0,31
2003,171113,0,2,25,39,12,0,0,30,0,0,29,26
2003,171113,0,3,7,7,7,7,7,7,7,7,7,7
2003,171113,1,1,22,22,22,22,22,22,22,22,22,22
2003,171113,2,1,0,0,0,0,6,0,3,0,11,3
2003,171114,1,1,0,0,0,0,0,0,0,0,0,0
2003,171114,2,1,0,0,0,0,0,0,0,0,0,0
2003,171115,1,1,0,9,0,0,12,0,0,0,0,21
2003,171115,2,1,0,0,0,0,14,0,0,0,0,0
2003,171116,1,1,0,0,0,0,0,0,0,0,0,0
2003,171116,2,1,6,6,6,6,6,6,6,6,6,6
2003,171117,1,1,15,15,15,15,15,15,15,15,15,15
2003,171117,2,1,0,0,0,0,0,0,0,0,0,0
2003,171118,1,1,0,0,0,0,0,17,0,17,0,0
2003,171118,2,1,0,0,0,0,6,0,0,0,0,0
2003,171119,0,1,0,0,0,0,0,0,0,0,0,0
2003,171119,1,1,0,0,0,0,0,0,0,0,0,0
2003,171120,1,1,0,0,0,0,0,0,0,0,0,0
2003,171120,2,1,0,0,0,0,0,0,0,0,0,0
2003,171121,1,1,0,0,0,0,0,0,0,0,0,0
2003,171121,2,1,0,0,0,0,0,0,0,0,0,0
2003,171121,3,1,0,0,0,0,0,0,0,0,0,0
2003,171122,0,1,0,0,0,0,0,0,0,0,0,0
2003,171122,1,1,0,0,0,0,0,0,0,0,0,0
2003,171123,1,1,26,26,26,26,26,26,26,26,26,26
2003,171123,2,1,0,0,0,0,0,0,0,0,0,0
2003,171124,1,1,0,0,0,0,0,0,0,0,0,0
2003,171125,1,1,0,0,0,0,0,0,0,0,0,0
2003,171126,1,1,0,0,9,0,0,8,0,0,0,0
2003,171126,2,1,0,0,0,0,0,0,0,0,0,0
2003,171127,1,1,0,0,0,0,0,0,0,0,0,0
2003,171128,1,1,0,0,0,0,0,0,0,0,0,0
2003,171129,1,1,0,0,0,0,0,0,0,0,0,0
2003,171129,2,1,0,0,0,0,0,0,0,0,0,0
2003,171130,0,1,0,0,0,0,0,0,0,0,0,0
2003,171130,1,1,0,0,0,0,0,0,0,0,0,0
2003,171131,1,1,18,18,18,18,18,18,18,18,18,18
2003,171131,2,1,11,11,11,11,11,11,11,11,11,11
2003,171132,1,1,24,24,24,24,24,24,24,24,24,24
2003,171132,2,1,16,0,0,10,21,0,0,0,0,0
2003,171132,3,1,0,0,0,0,0,0,0,0,0,0
2003,171133,1,1,19,10,0,12,0,8,0,9,11,0
2003,171134,1,1,0,0,0,0,0,0,0,0,0,0
2003,171134,2,1,13,13,13,13,13,13,13,13,13,13
2003,171135,0,1,22,22,22,22,22,22,22,22,22,22
2003,171135,1,1,0,0,0,18,0,17,0,0,0,0
2003,171135,2,1,0,0,0,0,0,0,0,0,13,0
2003,171136,1,1,0,0,0,0,0,0,0,0,0,0
2003,171136,2,1,0,0,0,0,0,0,0,0,0,0
2003,171136,3,1,0,0,0,0,0,0,0,0,0,0
2003,171137,1,1,0,0,0,0,0,0,0,0,0,0
2003,171137,2,1,0,0,0,0,0,0,0,0,0,0
2003,171138,0,1,21,21,21,21,21,21,21,21,21,21
2003,171138,1,1,0,0,0,0,0,0,0,0,0,0
2003,171139,0,1,0,0,0,0,0,0,0,0,0,0
2003,171139,1,1,12,12,12,12,12,12,12,12,12,12
2003,171140,1,1,18,18,18,18,18,18,18,18,18,18
2003,171141,1,1,0,0,0,0,0,0,0,0,0,0
2003,171141,2,1,0,0,0,0,0,0,0,0,0,0
2003,171142,1,1,0,0,0,0,0,0,0,0,0,0
2003,171143,0,1,0,0,0,0,0,0,0,0,0,0
2003,171143,1,1,0,0,0,0,0,0,0,0,0,0
2003,171143,2,1,0,0,0,0,0,0,0,0,0,0
2003,171144,1,1,0,0,0,0,0,0,0,0,0,0
2003,171144,2,1,0,0,0,0,0,0,0,0,0,0
2003,171144,3,1,0,0,0,9,0,0,0,0,0,0
2003,171145,1,1,0,0,0,0,0,20,7,0,0,0
2003,171146,1,1,0,0,0,0,0,0,0,0,0,0
2003,171146,2,1,0,0,0,0,0,0,0,0,0,0
2003,171147,1,1,5,5,5,5,5,5,5,5,5,5
2003,171148,1,1,9,9,9,9,9,9,9,9,9,9
2003,171149,1,1,13,23,0,21,22,18,3,0,0,17
2003,171150,1,1,37,37,37,37,37,37,37,37,37,37
2003,171151,1,1,9,9,9,9,9,9,9,9,9,9
2003,171152,1,1,20,20,20,20,20,20,20,20,20,20
2003,171153,1,1,17,17,17,17,17,17,17,17,17,17
2003,171154,1,1,0,0,0,0,0,0,0,0,0,0
2003,171154,2,1,0,0,0,0,0,0,0,0,0,0
2003,171155,1,1,0,0,0,0,0,0,0,0,0,0
2003,171155,2,1,0,0,0,0,0,0,0,0,0,26
2003,171156,0,1,0,0,0,0,0,0,0,0,0,0
2003,171156,1,1,0,0,0,0,0,0,0,0,0,0
2003,171157,1,1,0,0,0,0,0,0,0,0,0,0
2003,171158,1,1,0,0,0,0,0,0,0,0,0,0
2003,171158,2,1,0,0,0,0,0,0,0,0,0,0
2003,171159,1,1,0,0,0,0,0,0,0,0,0,0
2003,171159,2,1,0,0,0,0,0,0,0,0,0,0
2003,171159,3,1,0,0,0,0,0,0,0,0,0,0
2003,171160,1,1,4,4,4,4,4,4,4,4,4,4
2003,171161,1,1,0,0,0,0,0,0,0,0,0,0
2003,171161,2,1,0,0,0,0,0,0,0,0,0,0
2003,171161,3,1,0,0,6,7,0,17,0,0,0,0
2003,171162,1,1,0,0,0,0,0,0,0,0,0,0
2003,171163,1,1,0,0,0,0,0,0,0,0,0,0
2003,171164,1,1,0,11,8,28,7,0,0,9,23,0
2003,171164,2,1,0,0,0,0,0,0,0,0,0,0
2003,171165,0,1,0,0,0,0,0,0,0,0,0,0
2003,171165,1,1,15,15,15,15,15,15,15,15,15,15
2003,171165,3,1,0,0,0,0,0,0,0,0,0,0
2003,171166,1,1,0,0,0,0,0,0,0,0,0,0
2003,171166,2,1,0,0,0,0,0,0,0,0,0,0
2003,171167,1,1,20,20,20,20,20,20,20,20,20,20
2003,171168,1,1,21,21,21,21,21,21,21,21,21,21
2003,171169,0,1,0,0,0,0,0,0,0,0,0,0
2003,171169,1,1,0,0,0,0,0,0,0,0,0,0
2003,171170,1,1,0,0,0,0,0,0,0,0,0,0
2003,171171,1,1,17,17,17,17,17,17,17,17,17,17
2003,171171,2,1,0,0,0,0,0,0,0,0,0,0
2003,171172,1,1,10,10,10,10,10,10,10,10,10,10
2003,171173,1,1,0,0,0,0,12,0,0,22,0,0
2003,171173,2,1,0,0,0,0,0,0,0,0,0,0
2003,171174,1,1,0,28,0,19,36,21,0,16,14,12
2003,171175,1,1,0,0,0,0,0,0,0,0,0,0
2003,171175,2,1,0,0,0,0,0,0,0,0,0,0
2003,171176,1,1,29,29,29,29,29,29,29,29,29,29
2003,171176,2,1,0,0,0,0,0,0,0,0,0,0
2003,171177,1,1,0,0,0,0,0,0,0,0,0,0
2003,171177,2,1,0,0,0,0,0,0,0,0,0,0
2003,171178,0,1,0,0,0,0,0,0,0,0,0,0
2003,171178,1,1,0,0,4,0,0,0,0,0,0,0
2003,171178,2,1,0,13,0,0,13,0,0,0,0,0
2003,171179,1,1,0,0,0,0,0,0,0,0,0,0
2003,171179,2,1,0,0,0,0,0,0,0,0,0,0
2003,171180,0,1,13,0,0,22,0,11,0,0,0,0
2003,171180,1,1,0,0,0,0,0,0,0,0,0,0
2003,171181,0,1,0,0,0,0,0,0,0,0,0,0
2003,171181,1,1,0,0,0,0,0,0,0,0,0,0
2003,171182,1,1,0,0,0,0,0,0,0,0,0,0
2003,171182,2,1,0,0,0,0,0,0,0,0,0,0
2003,171183,1,1,0,0,0,0,0,0,0,0,0,0
2003,171184,0,1,0,0,0,0,0,0,14,0,0,0
2003,171184,1,1,0,0,0,0,0,0,0,0,0,0
2003,171185,1,1,15,15,15,15,15,15,15,15,15,15
2003,171186,1,1,0,0,0,0,0,0,0,0,0,0
2003,171186,2,1,0,0,0,0,0,0,0,0,0,0
2003,171186,3,1,0,0,0,13,0,0,0,0,0,0
2003,171186,4,1,0,0,0,0,0,16,0,0,0,0
2003,171187,1,1,24,24,24,24,24,24,24,24,24,24
2003,171188,1,1,0,0,0,0,0,0,0,0,0,0
2003,171188,2,1,0,5,0,0,0,0,0,0,0,0
2003,171188,3,1,0,0,0,0,0,0,0,0,0,0
2003,171189,1,1,20,0,13,23,11,31,18,45,0,13
2003,171190,1,1,0,0,0,0,0,0,0,0,0,0
2003,171191,1,1,20,20,20,20,20,20,20,20,20,20
2003,171192,1,1,0,12,0,7,10,0,0,14,0,0
2003,171193,1,1,0,0,0,0,0,0,0,0,0,0
2003,171193,2,1,0,0,0,0,0,0,0,0,0,0
2003,171194,1,1,14,14,14,14,14,14,14,14,14,14
2003,171194,2,1,0,0,18,0,20,0,12,14,0,0
2003,171194,3,1,0,0,14,0,14,3,13,8,9,0
2003,171195,0,1,0,0,0,0,0,0,0,0,0,0
2003,171195,1,1,0,19,21,0,0,0,0,0,4,0
2003,171196,1,1,5,5,5,5,5,5,5,5,5,5
2003,171197,1,1,19,19,19,19,19,19,19,19,19,19
2003,171197,2,1,0,0,0,0,0,0,0,0,0,0
2003,171198,1,1,0,0,0,0,0,0,0,0,0,0
2003,171199,1,1,18,18,18,18,18,18,18,18,18,18
2003,171200,1,1,0,0,0,0,0,0,0,0,0,0
2003,171201,1,1,0,0,0,0,0,0,0,0,0,0
2003,171201,2,1,0,0,0,0,0,0,0,0,0,0
2003,171202,1,1,0,0,0,0,0,0,0,0,0,0
2003,171203,1,1,0,0,0,0,0,0,0,0,16,0
2003,171203,2,1,0,0,0,0,0,0,0,0,0,0
2003,171204,1,1,17,17,17,17,17,17,17,17,17,17
2003,171205,1,1,0,0,0,0,0,0,0,0,0,0
2003,171205,2,1,0,0,0,0,0,0,0,0,12,0
2003,171205,3,1,0,0,0,0,0,0,0,0,0,0
2003,171206,0,1,7,7,7,7,7,7,7,7,7,7
2003,171206,1,1,0,0,0,0,0,0,0,0,0,0
2003,171207,1,1,3,0,0,0,0,0,0,13,0,0
2003,171207,2,1,0,0,0,0,0,0,0,0,0,0
2003,171208,1,1,0,0,0,0,0,0,0,0,0,0
2003,171209,1,1,0,0,0,0,0,0,0,0,0,0
2003,171209,2,1,0,0,0,0,0,0,0,0,0,0
2003,171210,1,1,0,0,0,0,0,0,0,0,0,0
2003,171210,2,1,9,0,0,0,0,0,0,0,0,0
2003,171210,3,1,0,0,3,22,0,0,0,0,0,0
2003,171211,1,1,25,25,25,25,25,25,25,25,25,25
2003,171212,1,1,0,0,0,0,0,0,0,0,0,0
2003,171212,2,1,13,0,0,0,0,0,11,0,0,0
2003,171213,1,1,0,0,0,0,0,0,0,0,0,0
2003,171214,1,1,0,0,0,0,0,0,0,0,0,0
2003,171214,2,1,0,0,0,0,0,0,0,12,0,0
2003,171214,3,1,0,0,0,0,0,0,0,0,6,0
2003,171215,1,1,0,0,0,0,0,0,0,0,0,0
2003,171216,1,1,0,0,0,0,0,0,0,0,0,0
2003,171216,2,1,0,0,0,0,0,0,0,0,0,0
2003,171217,1,2,3,3,3,3,3,3,3,3,3,3
2003,171218,0,1,0,0,0,0,0,0,0,0,0,0
2003,171218,1,1,0,0,0,14,19,7,0,0,0,0
2003,171219,1,1,1,1,1,1,1,1,1,1,1,1
2003,171219,2,1,0,0,0,0,0,0,0,0,0,0
2003,171219,3,1,0,0,0,0,0,0,0,0,0,0
2003,171220,1,1,25,25,25,25,25,25,25,25,25,25
2003,171221,1,1,16,16,16,16,16,16,16,16,16,16
2003,171221,2,1,4,4,4,4,4,4,4,4,4,4
2003,171222,1,1,13,13,13,13,13,13,13,13,13,13
2003,171223,1,1,15,15,15,15,15,15,15,15,15,15
2003,171224,1,1,0,12,0,0,26,0,0,0,0,0
2003,171224,2,1,0,0,0,0,0,0,0,0,0,0
2003,171225,1,1,0,0,0,0,0,0,0,0,0,0
2003,171225,2,1,0,0,0,0,0,0,0,0,0,0
2003,171226,1,1,0,0,0,0,0,0,0,0,0,0
2003,171227,1,1,0,0,0,0,0,0,0,0,0,0
2003,171227,2,1,0,0,0,0,0,0,0,0,0,0
2003,171228,1,1,0,0,0,0,0,0,0,0,0,0
2003,171228,2,1,0,0,0,0,0,0,0,0,0,0
2003,171229,1,1,0,0,0,0,0,0,0,0,0,0
2003,171230,1,1,9,9,9,9,9,9,9,9,9,9
2003,171230,2,1,0,0,0,0,0,0,0,0,0,10
2003,171231,1,1,23,23,23,23,23,23,23,23,23,23
2003,171231,2,1,0,0,0,0,0,0,0,0,0,0
2003,171231,3,1,0,0,0,0,0,12,0,0,0,0
2003,171232,1,1,19,19,19,19,19,19,19,19,19,19
2003,171233,1,1,14,14,14,14,14,14,14,14,14,14
2003,171233,2,1,0,0,0,0,0,0,0,0,0,0
2003,171234,0,1,27,27,27,27,27,27,27,27,27,27
2003,171234,1,1,0,0,0,0,0,0,0,0,0,0
2003,171235,0,1,0,0,0,0,0,0,0,0,0,0
2003,171235,1,1,0,0,0,0,0,0,0,0,0,0
2003,171236,0,1,2,2,2,2,2,2,2,2,2,2
2003,171236,1,1,0,0,0,0,0,0,0,0,0,0
2003,171236,2,1,0,0,0,0,0,0,0,0,0,0
2003,171237,1,1,0,0,0,0,0,0,0,0,0,0
2003,171237,2,1,0,0,14,0,0,0,0,0,0,0
2003,171238,1,1,0,0,0,0,0,0,0,0,0,0
2003,171238,2,1,0,0,0,0,0,0,0,0,0,0
2003,171238,3,1,0,0,0,0,0,0,0,0,0,0
2003,171238,4,1,0,0,0,0,0,0,0,0,0,0
2003,171239,1,1,0,0,0,0,0,0,0,0,0,0
2003,171239,2,1,0,0,15,0,0,10,0,0,0,0
2003,171240,1,1,18,18,18,18,18,18,18,18,18,18
2003,171240,2,1,12,12,12,12,12,12,12,12,12,12
2003,171241,1,1,22,34,13,11,7,0,21,17,15,4
2003,171241,2,1,0,0,0,0,0,0,0,0,0,0
2003,171242,1,1,0,0,13,0,0,0,0,0,0,9
2003,171242,2,1,0,0,0,0,0,0,0,0,0,0
2003,171242,3,1,0,0,0,0,0,0,0,0,0,0
2003,171243,1,1,19,19,19,19,19,19,19,19,19,19
2003,171244,1,1,0,0,0,0,0,0,0,0,0,0
2003,171245,1,1,16,16,16,16,16,16,16,16,16,16
2003,171245,2,1,0,0,0,0,0,0,0,0,0,0
2003,171246,1,1,0,0,0,0,0,0,0,0,0,0
2003,171246,2,1,0,0,0,0,0,0,0,0,0,0
2003,171247,1,1,0,0,0,0,0,0,0,0,0,0
2003,171247,2,1,0,0,0,0,0,0,0,0,0,0
2003,171248,0,1,0,0,0,0,0,0,0,0,0,0
2003,171248,1,1,23,17,6,14,24,14,14,1,3,10
2003,171249,0,1,0,0,0,0,0,0,0,0,0,0
2003,171249,1,1,0,0,0,0,0,0,0,0,0,0
2003,171250,0,1,0,0,0,0,0,0,0,0,0,0
2003,171250,1,1,0,0,0,0,0,0,0,0,0,0
2003,171251,0,1,0,0,0,0,29,0,0,0,0,0
2003,171251,1,1,0,0,0,0,0,0,0,0,0,0
2003,171252,1,1,0,0,0,10,0,0,0,0,0,0
2003,171253,1,1,0,0,0,0,0,0,0,0,0,0
2003,171254,1,1,0,0,0,0,0,0,0,0,0,0
2003,171254,2,1,0,0,0,0,0,0,0,0,0,0
2003,171254,3,1,0,0,0,0,0,0,0,0,0,0
2003,171255,1,1,0,0,0,0,0,0,0,0,0,0
2003,171256,1,1,15,15,15,15,15,15,15,15,15,15
2003,171256,2,1,0,0,0,0,0,0,0,0,0,0
2003,171257,0,1,0,0,0,0,0,0,0,0,0,0
2003,171257,1,1,0,0,0,0,0,0,0,0,0,0
2003,171257,2,1,0,0,0,0,0,0,0,0,0,0
2003,171257,3,1,0,0,0,0,0,0,0,0,17,0
2003,171258,1,1,21,21,21,21,21,21,21,21,21,21
2003,171258,2,1,0,0,0,0,0,0,0,0,0,0
2003,171259,0,1,0,0,0,0,0,0,0,0,0,0
2003,171259,0,2,12,0,0,0,0,0,0,0,0,0
2003,171259,1,1,0,0,0,0,0,0,0,0,0,0
2003,171260,1,1,0,0,0,0,0,0,0,0,0,0
2003,171260,2,1,0,0,0,0,0,0,0,0,0,0
2003,171261,1,1,0,0,0,0,0,0,0,0,0,0
2003,171261,2,1,0,0,0,0,0,0,0,0,0,0
2003,171262,1,1,0,0,13,0,0,11,0,0,0,0
2003,171263,1,1,28,0,17,20,19,21,9,24,6,20
2003,171263,2,1,0,0,0,0,0,12,0,0,0,0
2003,171264,1,1,0,0,0,0,0,0,0,0,0,0
2003,171264,2,1,0,0,0,0,0,0,0,0,0,0
2003,171265,0,1,0,0,0,0,0,0,0,0,0,0
2003,171265,1,1,16,0,0,0,0,0,0,0,0,0
2003,171266,1,1,0,0,0,0,0,0,0,0,0,0
2003,171266,2,1,37,7,0,0,0,0,0,0,0,0
2003,171266,3,1,0,0,0,0,0,0,0,0,0,0
2003,171267,1,1,0,0,0,0,0,0,0,0,0,0
2003,171267,2,1,0,0,0,0,0,0,0,0,0,0
2003,171269,1,1,0,0,0,0,0,0,31,0,0,0
2003,171269,2,1,0,0,0,0,0,0,0,0,25,10
2003,171270,1,1,8,8,8,8,8,8,8,8,8,8
2003,171271,0,1,12,0,16,27,0,15,21,0,12,0
2003,171271,1,1,0,0,0,0,0,0,0,0,0,0
2003,171272,1,1,0,0,0,0,0,0,0,0,0,0
2003,171272,2,1,0,0,0,0,0,0,0,0,0,0
2003,171273,1,1,0,0,0,0,0,0,0,0,0,0
2003,171273,2,1,0,0,0,0,0,0,0,0,0,0
2003,171274,0,1,2,2,2,2,2,2,2,2,2,2
2003,171274,1,1,0,0,0,0,0,0,0,0,0,0
2003,171275,1,1,0,0,0,0,0,0,0,0,0,0
2003,171275,2,1,0,0,0,0,0,0,0,6,18,0
2003,171276,0,1,0,0,0,0,0,0,0,0,0,0
2003,171276,1,1,0,0,0,0,0,0,0,0,0,0
2003,171277,1,1,0,0,0,0,0,0,0,0,0,0
2003,171277,2,1,0,0,0,0,0,0,0,0,0,0
2003,171278,1,1,0,0,0,0,0,0,0,0,0,0
2003,171278,2,1,0,3,5,0,0,0,0,0,0,0
2003,171279,1,1,21,21,21,21,21,21,21,21,21,21
2003,171280,1,1,26,26,26,26,26,26,26,26,26,26
2003,171281,1,1,0,0,0,0,0,0,0,0,0,0
2003,171281,2,1,0,0,0,0,0,0,0,0,0,0
2003,171282,1,1,33,33,33,33,33,33,33,33,33,33
2003,171283,1,1,0,0,0,0,0,0,0,0,0,0
2003,171284,0,1,0,0,0,0,0,0,0,0,0,0
2003,171284,1,1,0,0,0,0,0,0,0,0,0,0
2003,171285,1,1,7,0,0,24,0,6,0,11,11,0
2003,171286,1,1,0,0,0,0,0,0,0,0,0,0
2003,171287,1,1,0,0,0,0,0,0,0,0,0,0
2003,171287,2,1,0,0,0,0,0,0,0,0,0,0
2003,171288,1,1,0,0,0,0,0,0,0,0,0,0
2003,171288,2,1,0,0,0,0,6,0,0,0,0,0
2003,171288,3,1,0,0,0,0,0,0,0,0,0,0
2003,171289,0,1,0,0,0,0,0,0,0,0,0,0
2003,171289,1,1,0,0,0,6,0,0,0,0,0,0
2003,171290,1,1,8,19,8,0,23,0,17,4,12,15
2003,171290,2,1,0,0,0,0,0,0,0,0,0,0
2003,171291,1,1,16,16,16,16,16,16,16,16,16,16
2003,171291,2,1,0,0,0,0,0,0,0,0,0,0
2003,171292,1,1,25,25,25,25,25,25,25,25,25,25
2003,171292,2,1,0,0,0,0,0,0,0,0,0,0
2003,171293,1,1,0,0,0,0,0,0,0,0,0,0
2003,171293,2,1,0,0,0,0,0,0,0,0,0,0
2003,171294,0,1,0,0,0,0,0,0,0,0,0,0
2003,171294,1,1,0,0,0,0,0,0,0,0,0,0
2003,171294,2,1,0,0,0,0,0,0,0,0,0,0
2003,171295,1,1,14,14,14,14,14,14,14,14,14,14
2003,171296,1,1,0,0,0,0,0,0,0,0,0,0
2003,171297,1,1,0,0,0,0,0,0,0,0,0,0
2003,171297,2,1,0,0,0,0,0,0,0,0,0,0
2003,171298,1,1,0,0,0,0,0,0,0,0,0,0
2003,171299,1,1,0,0,0,0,0,0,0,0,0,0
2003,171300,1,1,15,15,15,15,15,15,15,15,15,15
2003,171301,1,1,14,14,14,14,14,14,14,14,14,14
2003,171302,1,1,0,0,0,0,0,0,0,0,0,0
2003,171303,1,1,15,15,15,15,15,15,15,15,15,15
2003,171304,1,1,12,16,21,15,17,8,0,0,9,5
2003,171304,2,1,0,0,0,0,0,0,0,0,0,0
2003,171305,1,1,22,22,22,22,22,22,22,22,22,22
2003,171305,2,1,19,0,5,16,0,0,7,0,0,0
2003,171305,3,1,0,0,0,0,26,0,0,0,0,0
2003,171306,1,1,12,12,12,12,12,12,12,12,12,12
2003,171307,1,1,0,0,0,0,0,0,0,0,0,0
2003,171307,2,1,0,0,0,0,0,0,0,0,0,0
2003,171308,1,1,0,0,0,0,0,0,0,0,0,0
2003,171308,2,1,0,0,0,0,0,0,0,0,0,0
2003,171309,1,1,0,0,0,0,0,0,0,0,0,0
2003,171309,2,1,0,0,0,0,0,0,0,0,0,0
2003,171310,1,1,0,0,6,14,0,0,13,0,0,0
2003,171311,1,1,0,0,0,0,0,0,0,0,0,0
2003,171312,0,1,0,0,0,0,0,0,0,0,0,0
2003,171312,1,1,0,0,0,0,0,0,0,0,0,0
2003,171314,1,1,0,0,0,0,0,27,19,0,12,0
2003,171315,1,1,25,0,0,6,0,23,15,0,20,0
2003,171316,1,1,4,17,38,10,0,0,11,0,17,0
2003,171316,2,1,0,0,0,0,17,0,0,0,0,0
2003,171317,0,1,0,0,0,0,0,0,0,0,0,0
2003,171317,1,1,0,0,0,0,0,0,0,0,0,0
2003,171317,2,1,0,0,9,15,0,0,0,0,0,0
2003,180001,1,1,3,3,3,3,3,3,3,3,3,3
2003,180001,2,1,13,13,13,13,13,13,13,13,13,13
2003,180002,1,1,0,0,0,0,0,0,0,0,0,0
2003,180002,2,1,0,0,0,0,0,0,0,0,0,0
2003,180003,1,1,12,12,12,12,12,12,12,12,12,12
2003,180004,1,1,0,21,0,0,0,0,0,0,0,0
2003,180005,1,1,0,0,0,0,0,0,0,0,0,0
2003,180006,1,1,0,0,0,0,0,0,0,0,0,0
2003,180007,1,1,16,22,12,0,20,25,0,0,14,13
2003,180007,2,1,0,0,0,0,0,0,0,0,0,0
2003,180008,0,1,0,0,0,0,0,0,0,0,0,0
2003,180008,1,1,0,0,0,0,0,0,0,0,0,0
2003,180009,1,1,0,0,0,0,0,0,0,0,0,0
2003,180009,2,1,0,0,0,0,0,0,0,0,0,0
2003,180010,1,1,0,0,0,0,0,0,0,9,0,0
2003,180011,1,1,17,17,17,17,17,17,17,17,17,17
2003,180012,1,1,0,0,0,0,0,0,0,0,0,0
2003,180013,1,1,11,11,11,11,11,11,11,11,11,11
2003,180014,0,1,0,0,0,0,0,31,0,0,0,12
2003,180014,0,2,0,0,0,0,0,0,0,4,0,0
2003,180014,0,3,17,0,0,0,0,0,0,24,0,0
2003,180014,1,1,0,0,0,0,0,0,0,0,0,0
2003,180015,1,1,0,0,0,0,0,0,0,0,0,0
2003,180016,1,1,0,0,0,0,0,0,0,0,0,0
2003,180016,2,1,0,0,0,0,0,0,0,0,0,0
2003,180016,3,1,0,0,0,0,0,0,0,0,0,0
2003,180017,1,1,0,0,0,0,0,0,0,0,0,0
2003,180017,2,1,0,0,0,0,0,0,0,0,0,0
2003,180017,3,1,0,0,0,0,0,0,0,0,0,0
2003,180018,1,1,0,0,0,0,0,0,0,0,0,0
2003,180018,2,1,0,0,0,0,0,0,0,0,0,0
2003,180018,3,1,0,0,0,0,0,0,0,0,0,0