YEAR,ST_CASE,veh_no,per_no,P1,P2,P3,P4,P5,P6,P7,P8,P9,P10
2003,180019,1,1,0,0,0,0,0,0,0,0,0,0
2003,180019,2,1,0,0,0,0,0,0,0,0,0,0
2003,180020,1,1,0,0,0,0,0,0,0,0,0,0
2003,180020,2,1,0,0,0,0,0,0,0,0,0,0
2003,180020,3,1,0,0,0,0,0,0,0,0,0,0
2003,180020,4,1,0,0,0,0,0,0,0,0,0,0
2003,180021,0,1,0,0,0,0,0,0,0,0,0,0
2003,180021,1,1,0,0,0,0,0,0,0,0,0,0
2003,180022,1,1,0,0,0,0,0,0,0,0,12,0
2003,180022,2,1,0,0,0,0,0,0,0,0,0,0
2003,180023,1,1,0,0,0,0,0,0,0,0,0,0
2003,180024,1,1,17,17,17,17,17,17,17,17,17,17
2003,180025,1,1,0,0,0,0,0,0,0,0,0,0
2003,180025,2,1,4,4,4,4,4,4,4,4,4,4
2003,180026,1,1,23,23,23,23,23,23,23,23,23,23
2003,180027,1,1,16,16,16,16,16,16,16,16,16,16
2003,180028,1,1,24,24,24,24,24,24,24,24,24,24
2003,180030,1,1,0,0,0,0,0,0,0,0,0,0
2003,180030,2,1,0,0,0,0,0,0,0,0,0,0
2003,180031,1,1,0,0,0,0,0,0,0,0,0,0
2003,180031,2,1,0,0,0,0,0,0,0,0,0,0
2003,180031,3,1,0,0,0,16,0,13,0,0,0,0
2003,180031,4,1,7,0,0,0,0,0,0,0,0,0
2003,180031,5,1,0,0,0,0,0,0,0,0,0,0
2003,180032,1,1,0,0,0,0,0,7,0,0,0,0
2003,180032,2,1,0,0,0,0,0,0,0,0,0,0
2003,180033,1,1,0,0,0,0,0,0,0,0,0,0
2003,180033,2,1,0,0,0,0,0,0,0,0,0,0
2003,180034,1,1,0,0,0,0,0,0,0,0,0,0
2003,180035,1,1,0,0,0,0,0,0,0,0,0,0
2003,180035,2,1,0,0,0,0,0,0,0,0,0,0
2003,180036,1,1,0,0,0,0,0,0,0,0,0,0
2003,180037,1,1,0,0,0,0,0,0,0,0,0,0
2003,180038,1,1,0,0,0,0,0,0,0,7,0,0
2003,180038,2,1,0,0,0,0,0,0,0,0,0,0
2003,180038,3,1,0,0,0,0,0,0,0,0,0,0
2003,180038,4,1,0,0,0,0,0,0,0,0,0,0
2003,180039,0,1,0,0,0,0,0,0,0,0,0,0
2003,180039,1,1,0,0,0,0,0,0,0,0,0,0
2003,180040,1,1,0,0,0,0,0,0,0,0,0,0
2003,180041,1,1,0,0,0,0,0,18,0,0,5,0
2003,180041,2,1,0,0,0,0,0,0,0,0,0,0
2003,180041,3,1,0,0,0,0,0,0,0,0,0,0
2003,180042,1,1,16,16,16,16,16,16,16,16,16,16
2003,180042,2,1,0,0,0,0,0,0,0,0,0,0
2003,180042,3,1,0,0,0,0,0,0,0,0,0,0
2003,180043,1,1,0,0,0,0,0,0,0,0,0,0
2003,180044,1,1,16,16,16,16,16,16,16,16,16,16
2003,180045,1,1,18,0,0,0,0,0,0,0,15,0
2003,180046,1,1,0,0,0,0,0,0,0,0,0,0
2003,180046,2,1,0,17,0,0,0,0,0,20,0,0
2003,180046,3,1,0,0,0,0,0,0,0,0,0,0
2003,180046,4,1,0,0,0,0,0,0,0,0,0,0
2003,180047,1,1,0,0,0,0,0,0,0,0,0,0
2003,180047,2,1,0,0,0,0,0,0,0,0,0,0
2003,180048,1,1,0,0,0,25,0,0,0,0,0,0
2003,180048,2,1,0,0,0,0,0,0,0,0,0,0
2003,180048,3,1,0,0,0,0,0,0,0,0,0,0
2003,180049,1,1,12,12,12,12,12,12,12,12,12,12
2003,180050,1,1,18,0,0,17,0,0,0,16,0,0
2003,180051,1,1,0,0,0,0,0,0,0,0,0,0
2003,180052,1,1,0,0,0,0,0,0,0,0,0,0
2003,180052,2,1,0,0,0,0,0,0,0,0,0,0
2003,180053,1,1,14,0,14,17,15,14,0,11,0,0
2003,180054,1,1,19,19,19,19,19,19,19,19,19,19
2003,180054,2,1,0,0,0,0,14,0,0,0,0,0
2003,180055,1,1,0,0,0,0,0,0,0,27,0,0
2003,180056,1,1,0,0,0,0,0,0,0,0,0,0
2003,180056,2,1,0,0,0,0,0,0,0,0,0,0
2003,180057,1,1,0,0,0,0,0,0,0,0,0,0
2003,180057,2,1,0,0,0,0,0,0,0,0,0,0
2003,180058,1,1,11,11,11,11,11,11,11,11,11,11
2003,180059,1,1,0,0,0,0,0,0,0,0,0,0
2003,180059,2,1,0,0,0,0,0,0,0,0,0,0
2003,180060,1,1,0,0,0,0,0,0,0,0,0,0
2003,180061,1,1,0,0,0,0,0,0,0,0,0,0
2003,180061,2,1,0,0,0,0,0,0,0,0,0,0
2003,180062,1,1,0,0,0,0,0,0,0,0,0,0
2003,180062,2,1,0,0,0,0,0,0,0,0,0,0
2003,180063,1,1,0,0,0,0,0,0,0,0,0,0
2003,180063,2,1,0,0,0,0,0,0,0,0,0,0
2003,180064,1,1,0,0,0,0,0,0,0,0,0,0
2003,180065,1,1,0,0,0,0,0,0,0,0,0,0
2003,180066,1,1,0,0,0,0,0,0,0,0,5,0
2003,180067,1,1,0,0,0,0,0,0,0,0,0,0
2003,180067,2,1,0,0,0,0,0,0,0,0,0,0
2003,180068,1,1,0,0,0,0,0,0,0,0,0,0
2003,180069,1,1,0,0,0,0,0,0,0,0,0,0
2003,180069,2,1,0,0,4,0,0,0,0,0,0,0
2003,180070,1,1,0,0,0,0,0,0,0,0,0,0
2003,180071,1,1,10,10,10,10,10,10,10,10,10,10
2003,180072,1,1,0,0,0,0,0,11,0,25,0,0
2003,180073,1,1,0,0,0,0,0,0,0,0,0,0
2003,180073,2,1,0,0,0,0,0,0,0,0,0,0
2003,180073,3,1,0,0,0,0,0,0,0,0,0,0
2003,180074,1,1,0,0,0,0,0,0,0,0,0,0
2003,180074,2,1,0,0,0,0,0,0,0,0,0,0
2003,180075,1,1,0,0,0,0,0,0,0,0,0,0
2003,180076,1,1,0,0,0,0,0,0,0,0,0,0
2003,180076,2,1,0,0,0,0,0,0,0,0,0,0
2003,180077,1,1,17,17,17,17,17,17,17,17,17,17
2003,180077,2,1,0,0,0,0,0,0,20,0,0,0
2003,180078,1,1,0,0,0,0,0,0,0,0,0,0
2003,180078,2,1,0,0,0,0,0,0,0,0,0,0
2003,180079,0,1,0,0,0,0,0,0,0,0,0,0
2003,180079,1,1,0,0,0,0,0,0,0,0,0,0
2003,180080,1,1,0,0,0,0,0,0,0,0,0,0
2003,180080,2,1,0,0,0,0,0,0,0,0,0,0
2003,180081,1,1,0,0,0,0,0,0,0,0,0,0
2003,180082,1,1,0,0,0,0,0,0,0,0,0,0
2003,180082,2,1,0,0,0,0,0,0,0,0,0,0
2003,180083,1,1,24,24,24,24,24,24,24,24,24,24
2003,180084,2,1,0,0,0,0,0,0,0,0,0,0
2003,180085,1,1,0,0,0,0,0,0,0,0,0,0
2003,180086,1,1,0,0,0,0,0,0,0,0,0,0
2003,180086,2,1,0,0,0,0,0,0,0,0,0,0
2003,180087,1,1,0,0,0,0,0,0,0,0,0,0
2003,180088,1,1,13,13,13,13,13,13,13,13,13,13
2003,180088,2,1,0,0,0,0,0,0,0,0,0,0
2003,180089,1,1,0,0,0,0,0,0,0,0,0,0
2003,180089,2,1,0,0,0,0,0,0,0,0,0,0
2003,180090,1,1,0,0,0,0,0,0,0,0,0,0
2003,180090,2,1,0,0,0,0,0,0,0,0,0,0
2003,180091,1,1,0,0,0,0,0,0,0,0,0,0
2003,180091,2,1,0,0,0,3,0,0,0,0,0,0
2003,180091,3,1,0,0,0,0,0,0,0,0,0,0
2003,180092,1,1,0,0,0,0,0,0,0,0,0,0
2003,180092,2,1,0,0,0,0,0,0,0,0,0,0
2003,180093,1,1,0,0,0,0,0,0,0,0,0,0
2003,180093,2,1,0,0,0,0,0,0,0,0,0,0
2003,180094,1,1,0,0,0,0,0,0,0,0,0,0
2003,180094,2,1,0,0,0,0,0,0,0,0,0,0
2003,180095,1,1,0,0,0,0,0,0,0,0,0,0
2003,180095,2,1,0,0,0,0,0,0,0,0,0,0
2003,180095,3,1,0,0,0,0,0,0,0,0,0,0
2003,180096,1,1,0,0,0,0,0,0,0,0,0,0
2003,180096,2,1,0,0,0,0,0,0,0,0,0,0
2003,180097,1,1,0,0,0,0,0,0,0,0,0,0
2003,180097,2,1,0,0,0,0,0,0,0,0,0,0
2003,180098,1,1,4,4,4,4,4,4,4,4,4,4
2003,180098,2,1,0,19,6,7,0,0,15,0,0,0
2003,180099,1,1,2,2,2,2,2,2,2,2,2,2
2003,180100,1,1,0,0,0,0,0,0,0,0,0,0
2003,180100,2,1,0,0,0,0,0,0,0,0,0,0
2003,180101,1,1,0,0,0,0,0,0,0,0,0,0
2003,180101,2,1,0,0,0,5,0,0,0,0,0,0
2003,180102,1,1,0,0,0,0,0,0,0,0,0,0
2003,180103,1,1,0,0,0,0,0,0,0,16,0,0
2003,180104,1,1,0,0,0,0,0,0,0,0,0,0
2003,180104,2,1,0,0,0,0,0,0,0,0,0,0
2003,180105,1,1,21,21,21,21,21,21,21,21,21,21
2003,180106,1,1,0,0,0,0,3,16,0,0,0,0
2003,180107,0,1,14,22,42,19,21,25,9,18,17,27
2003,180107,1,1,5,0,0,0,0,0,0,0,0,0
2003,180108,1,1,0,0,0,0,0,0,0,0,0,0
2003,180108,2,1,0,0,0,0,0,0,0,0,0,13
2003,180109,1,1,0,0,0,0,0,0,0,0,0,0
2003,180110,1,1,0,0,0,0,0,0,0,0,0,0
2003,180111,1,1,0,0,0,0,0,0,0,0,0,0
2003,180112,1,1,0,0,0,0,0,0,0,0,0,0
2003,180112,2,1,0,0,0,0,0,0,0,0,0,0
2003,180113,1,1,0,0,0,0,0,0,0,0,0,0
2003,180114,1,1,0,0,0,0,0,0,0,0,0,0
2003,180114,2,1,0,0,0,0,0,0,0,0,0,0
2003,180115,1,1,0,0,0,0,0,0,0,0,0,0
2003,180115,2,1,0,0,0,0,0,0,0,0,0,0
2003,180116,1,1,26,26,26,26,26,26,26,26,26,26
2003,180116,2,1,0,0,0,0,0,0,0,0,0,0
2003,180117,1,1,0,0,0,0,0,0,0,0,0,0
2003,180117,2,1,0,0,0,0,0,0,0,0,0,0
2003,180118,1,1,0,0,0,0,0,0,0,0,0,0
2003,180118,2,1,0,0,0,0,0,0,0,0,0,0
2003,180119,1,1,0,0,0,0,0,0,0,0,0,0
2003,180119,2,1,0,0,0,0,0,0,0,0,0,0
2003,180120,1,1,0,0,0,0,0,0,0,0,0,0
2003,180120,2,1,10,10,10,10,10,10,10,10,10,10
2003,180121,1,1,0,0,0,0,0,0,0,0,0,0
2003,180121,2,1,0,0,0,16,0,0,0,0,0,0
2003,180122,1,1,0,0,0,0,0,0,0,0,0,0
2003,180122,2,1,0,0,0,0,0,0,0,0,0,0
2003,180123,1,1,17,17,17,17,17,17,17,17,17,17
2003,180123,2,1,0,0,0,0,0,0,0,0,0,0
2003,180124,1,1,27,27,27,27,27,27,27,27,27,27
2003,180125,0,1,0,0,0,0,0,0,0,0,0,0
2003,180125,1,1,0,0,0,0,0,0,0,0,0,0
2003,180126,1,1,0,0,0,0,0,0,0,0,0,0
2003,180126,2,1,0,0,0,0,0,0,0,0,0,0
2003,180126,3,1,0,0,0,0,0,0,0,0,0,0
2003,180126,4,1,0,0,0,0,0,0,0,0,0,0
2003,180126,5,1,0,0,0,0,0,0,0,0,0,0
2003,180126,6,1,0,0,0,0,0,0,0,0,0,0
2003,180127,1,1,9,9,9,9,9,9,9,9,9,9
2003,180127,2,1,8,0,0,0,14,0,0,0,0,0
2003,180128,0,1,24,24,24,24,24,24,24,24,24,24
2003,180128,1,1,0,0,0,0,0,0,0,0,0,0
2003,180129,1,1,0,0,0,0,0,0,0,0,0,0
2003,180130,1,1,0,0,0,0,0,0,0,0,0,0
2003,180130,2,1,0,0,0,0,0,0,0,0,0,0
2003,180131,1,1,0,0,0,0,0,0,0,0,0,0
2003,180131,2,1,0,0,0,0,0,0,0,0,0,0
2003,180132,1,1,0,0,0,0,0,0,0,0,0,0
2003,180132,2,1,0,0,0,0,0,0,0,0,0,0
2003,180133,0,1,21,21,21,21,21,21,21,21,21,21
2003,180133,1,1,0,0,0,0,0,0,0,0,0,0
2003,180134,1,1,6,6,6,6,6,6,6,6,6,6
2003,180135,1,1,31,31,31,31,31,31,31,31,31,31
2003,180136,1,1,0,0,0,0,0,0,0,0,0,0
2003,180137,1,1,0,0,5,0,0,0,0,0,0,0
2003,180137,2,1,0,0,0,0,0,0,0,0,0,0
2003,180138,1,1,0,0,0,0,0,0,0,0,0,0
2003,180139,1,1,0,24,0,0,0,0,0,0,0,0
2003,180140,1,1,20,20,20,20,20,20,20,20,20,20
2003,180141,1,1,14,14,14,14,14,14,14,14,14,14
2003,180142,1,1,0,0,0,0,0,0,0,0,0,0
2003,180143,1,1,0,0,0,0,0,0,0,0,0,0
2003,180143,2,1,0,0,0,0,0,0,0,0,0,0
2003,180143,3,1,0,0,5,0,0,0,0,0,0,0
2003,180144,0,1,0,0,0,0,10,0,0,0,5,0
2003,180144,1,1,0,0,0,0,0,0,0,0,0,0
2003,180145,1,1,18,18,18,18,18,18,18,18,18,18
2003,180146,1,1,0,0,0,0,0,0,0,0,0,0
2003,180147,0,1,0,0,0,0,0,0,0,0,0,0
2003,180147,1,1,0,0,0,0,0,0,0,0,0,0
2003,180148,1,1,11,11,11,11,11,11,11,11,11,11
2003,180149,1,1,29,29,29,29,29,29,29,29,29,29
2003,180150,1,1,0,0,0,0,0,0,0,0,0,0
2003,180150,2,1,0,0,0,0,0,0,0,0,0,0
2003,180151,1,1,0,0,0,0,0,0,0,0,0,0
2003,180152,1,1,17,17,17,17,17,17,17,17,17,17
2003,180153,1,1,14,14,14,14,14,14,14,14,14,14
2003,180154,1,1,7,7,7,7,7,7,7,7,7,7
2003,180155,1,1,18,18,18,18,18,18,18,18,18,18
2003,180156,1,1,0,0,0,0,0,0,0,0,0,0
2003,180156,2,1,0,0,0,0,0,0,0,0,0,0
2003,180157,1,1,15,15,15,15,15,15,15,15,15,15
2003,180157,2,1,0,0,0,0,0,0,0,0,0,0
2003,180158,1,1,0,0,0,0,0,0,0,0,0,0
2003,180158,2,1,0,0,0,0,0,0,0,0,0,0
2003,180159,1,1,21,21,21,21,21,21,21,21,21,21
2003,180159,2,1,0,0,0,0,0,0,0,0,0,0
2003,180160,1,1,0,0,0,0,0,0,0,0,0,0
2003,180160,2,1,0,0,0,0,0,0,0,0,0,0
2003,180161,1,1,24,0,0,25,4,0,0,16,0,0
2003,180161,2,1,0,0,0,0,0,0,0,0,0,0
2003,180162,0,1,0,0,0,0,0,0,0,0,0,0
2003,180162,1,1,0,0,0,0,0,0,0,0,0,0
2003,180163,1,1,0,0,0,0,0,0,0,0,0,0
2003,180163,2,1,0,0,0,0,0,0,0,0,0,0
2003,180163,3,1,0,0,0,0,0,0,0,0,0,0
2003,180165,0,1,0,0,0,24,0,6,0,0,0,0
2003,180165,1,1,9,9,9,9,9,9,9,9,9,9
2003,180166,1,1,0,0,0,0,0,0,0,0,0,0
2003,180166,2,1,0,0,0,0,0,0,0,0,0,0
2003,180167,1,1,7,7,7,7,7,7,7,7,7,7
2003,180168,1,1,26,26,26,26,26,26,26,26,26,26
2003,180169,1,1,0,0,0,0,0,0,0,0,0,0
2003,180169,2,1,0,0,0,0,0,0,0,0,0,0
2003,180170,1,1,0,0,0,0,0,0,0,0,0,0
2003,180171,0,1,0,0,0,0,0,0,0,0,0,0
2003,180171,1,1,0,0,0,0,0,0,0,0,0,0
2003,180172,1,1,17,17,17,17,17,17,17,17,17,17
2003,180172,2,1,0,0,0,0,0,0,0,0,0,0
2003,180173,1,1,0,0,0,0,0,0,0,0,0,0
2003,180173,2,1,0,0,0,0,0,0,0,0,0,0
2003,180174,1,1,0,0,0,0,0,0,0,0,0,0
2003,180175,1,1,0,0,0,0,13,0,0,0,0,0
2003,180176,1,1,0,0,0,0,19,0,0,0,0,22
2003,180177,1,1,0,0,0,0,0,0,0,0,0,0
2003,180177,2,1,0,0,0,0,0,0,0,0,0,0
2003,180177,3,1,0,0,0,0,0,0,21,0,0,0
2003,180178,1,1,0,0,0,0,0,0,0,0,0,0
2003,180178,2,1,0,0,0,0,0,0,0,0,0,0
2003,180179,1,1,14,14,14,14,14,14,14,14,14,14
2003,180181,1,1,0,0,0,0,0,0,0,0,0,0
2003,180182,1,1,0,0,0,0,0,0,0,0,0,0
2003,180182,2,1,0,0,0,0,0,0,0,0,0,9
2003,180182,3,1,0,0,0,0,0,0,0,0,0,0
2003,180183,1,1,14,14,14,14,14,14,14,14,14,14
2003,180183,2,1,0,0,0,0,0,0,0,0,0,0
2003,180184,1,1,18,18,18,18,18,18,18,18,18,18
2003,180185,1,1,0,0,0,0,0,0,0,0,0,0
2003,180186,1,1,0,0,0,0,0,0,0,0,0,0
2003,180186,2,1,23,23,23,23,23,23,23,23,23,23
2003,180187,1,1,0,0,0,0,0,0,0,0,0,0
2003,180187,2,1,0,0,0,0,0,0,0,0,0,0
2003,180188,1,1,0,0,0,0,0,0,0,0,0,0
2003,180189,1,1,0,0,0,0,0,0,0,0,0,0
2003,180189,2,1,0,0,0,0,0,0,0,0,0,0
2003,180190,1,1,0,0,0,0,0,0,0,0,0,0
2003,180190,2,1,0,0,0,0,0,0,0,0,0,0
2003,180190,3,1,0,0,0,0,0,0,0,0,0,0
2003,180191,1,1,0,0,0,0,23,0,0,0,0,30
2003,180192,1,1,0,0,0,21,17,0,0,0,24,0
2003,180192,2,1,0,0,0,0,0,0,0,0,0,0
2003,180193,1,1,25,25,25,25,25,25,25,25,25,25
2003,180193,2,1,0,0,0,0,0,30,0,0,0,0
2003,180194,1,1,0,0,0,0,0,0,0,0,0,0
2003,180195,1,1,0,0,0,0,0,0,0,0,0,0
2003,180196,1,1,14,14,14,14,14,14,14,14,14,14
2003,180197,1,1,0,0,0,0,0,0,0,0,0,0
2003,180197,2,1,0,0,0,0,0,0,0,0,0,0
2003,180198,1,1,0,0,0,0,0,0,0,0,0,0
2003,180198,2,1,0,0,0,0,0,0,0,0,0,0
2003,180199,1,1,11,11,11,11,11,11,11,11,11,11
2003,180200,0,1,14,14,14,14,14,14,14,14,14,14
2003,180200,1,1,0,0,25,0,0,0,0,0,10,0
2003,180201,1,1,0,0,0,0,0,0,0,0,0,0
2003,180202,1,1,0,0,0,0,0,0,0,0,0,0
2003,180203,1,1,0,0,0,0,0,0,0,0,0,0
2003,180203,2,1,0,0,0,0,0,0,0,0,0,0
2003,180204,1,1,8,8,8,8,8,8,8,8,8,8
2003,180205,0,1,26,18,27,17,0,0,23,0,0,0
2003,180205,1,1,0,12,0,12,0,0,0,0,0,0
2003,180206,1,1,0,0,0,15,0,0,0,0,0,0
2003,180206,2,1,0,0,0,0,0,0,0,0,0,0
2003,180207,1,1,0,0,0,0,0,0,0,0,0,0
2003,180207,2,1,0,0,0,0,0,0,0,0,0,0
2003,180208,1,1,0,0,0,0,0,0,0,0,0,0
2003,180208,2,1,0,0,0,0,0,0,0,0,0,0
2003,180209,1,1,14,14,14,14,14,14,14,14,14,14
2003,180210,1,1,0,0,0,0,0,0,0,0,0,0
2003,180210,2,1,0,0,0,0,0,0,0,0,0,0
2003,180211,1,1,0,0,0,0,0,0,0,0,0,0
2003,180212,1,1,0,0,0,0,0,0,0,0,0,0
2003,180212,2,1,0,0,0,0,0,0,0,0,0,0
2003,180212,3,1,0,0,0,0,0,0,0,0,0,0
2003,180212,4,1,0,0,0,0,0,0,0,0,0,0
2003,180212,5,1,0,0,0,0,0,11,0,0,0,0
2003,180213,1,1,12,12,12,12,12,12,12,12,12,12
2003,180213,2,1,0,0,0,0,0,0,0,0,0,0
2003,180214,1,1,0,0,0,0,0,0,0,0,0,0
2003,180214,2,1,0,0,0,0,0,0,0,0,0,0
2003,180215,0,1,33,33,33,33,33,33,33,33,33,33
2003,180215,1,1,0,0,0,0,0,0,0,0,0,0
2003,180216,1,1,0,0,0,0,0,0,0,0,0,0
2003,180216,2,1,0,0,0,0,0,0,0,0,0,0
2003,180217,1,1,0,0,0,0,0,0,0,0,0,0
2003,180217,2,1,0,0,0,0,0,0,0,0,0,0
2003,180217,3,1,0,0,0,0,0,0,0,0,0,0
2003,180218,1,1,0,0,0,0,0,0,0,0,0,0
2003,180218,2,1,0,0,0,0,0,0,0,0,0,0
2003,180219,1,1,0,0,0,0,0,0,0,0,0,0
2003,180219,2,1,0,0,0,0,0,0,0,0,13,11
2003,180220,1,1,0,0,0,0,0,0,0,0,0,0
2003,180220,2,1,0,0,0,0,0,0,0,0,0,0
2003,180221,1,1,0,0,0,0,0,0,0,0,0,0
2003,180221,2,1,0,0,0,0,0,0,0,0,0,0
2003,180221,3,1,0,0,0,0,0,0,0,0,0,0
2003,180222,1,1,0,0,0,0,0,0,0,0,0,0
2003,180222,2,1,0,0,0,0,0,0,0,0,0,0
2003,180223,1,1,22,22,22,22,22,22,22,22,22,22
2003,180224,1,1,0,0,0,0,0,0,0,0,0,0
2003,180226,1,1,6,6,6,6,6,6,6,6,6,6
2003,180227,1,1,0,0,0,0,0,0,0,0,0,0
2003,180228,1,1,17,17,17,17,17,17,17,17,17,17
2003,180228,2,1,0,0,0,0,0,0,0,0,0,11
2003,180228,3,1,0,0,0,0,0,0,0,0,0,0
2003,180229,1,1,17,17,17,17,17,17,17,17,17,17
2003,180229,2,1,0,0,0,0,0,0,0,0,0,0
2003,180230,1,1,12,12,12,12,12,12,12,12,12,12
2003,180230,2,1,0,0,0,0,0,0,0,0,0,0
2003,180231,1,1,0,0,0,0,0,0,0,13,17,0
2003,180232,1,1,17,17,17,17,17,17,17,17,17,17
2003,180233,1,1,0,0,0,0,0,0,0,0,0,0
2003,180233,2,1,0,0,0,0,0,0,0,0,0,0
2003,180234,1,1,0,0,0,0,0,0,0,0,0,0
2003,180234,2,1,0,0,0,0,0,0,0,0,0,0
2003,180234,3,1,0,0,0,0,0,0,0,0,0,0
2003,180234,4,1,0,0,0,0,0,0,0,0,0,0
2003,180235,1,1,16,16,16,16,16,16,16,16,16,16
2003,180235,2,1,0,0,0,0,0,0,0,0,0,0
2003,180236,1,1,0,0,0,0,0,0,0,0,0,0
2003,180236,2,1,0,0,0,0,0,0,0,0,0,0
2003,180237,1,1,15,15,15,15,15,15,15,15,15,15
2003,180237,2,1,0,0,0,0,0,0,0,0,0,0
2003,180238,1,1,0,0,0,0,0,0,0,0,0,0
2003,180238,2,1,0,0,0,0,0,0,0,0,0,0
2003,180238,3,1,0,0,0,0,0,0,0,0,0,0
2003,180238,4,1,0,0,0,0,0,0,0,0,0,0
2003,180238,5,1,0,0,0,0,0,0,0,0,0,0
2003,180239,1,1,0,0,0,0,0,0,0,0,0,0
2003,180239,2,1,14,14,14,14,14,14,14,14,14,14
2003,180240,1,1,0,0,0,0,0,0,0,0,0,0
2003,180241,1,1,0,0,0,0,0,0,0,0,0,0
2003,180242,0,1,0,0,0,44,0,0,0,36,0,0
2003,180242,1,1,4,0,0,0,0,0,0,0,0,0
2003,180243,1,1,0,0,0,0,0,0,0,0,0,0
2003,180244,1,1,0,0,0,0,0,0,0,0,0,0
2003,180244,2,1,2,2,2,2,2,2,2,2,2,2
2003,180245,1,1,0,0,0,0,0,0,0,0,0,0
2003,180245,2,1,0,0,0,0,0,0,0,0,0,0
2003,180246,1,1,0,0,0,0,0,0,0,0,0,0
2003,180246,2,1,0,0,0,0,0,0,0,0,0,0
2003,180247,1,1,0,0,0,0,0,0,0,0,0,0
2003,180247,2,1,0,0,0,0,0,0,0,0,0,0
2003,180247,3,1,0,0,0,0,0,0,0,0,0,0
2003,180247,4,1,0,0,0,0,0,0,0,0,0,0
2003,180248,1,1,0,0,0,0,0,0,0,0,0,0
2003,180249,1,1,26,26,26,26,26,26,26,26,26,26
2003,180249,2,1,0,0,0,0,0,0,0,0,0,0
2003,180250,1,1,0,0,0,0,0,0,0,0,0,0
2003,180251,0,1,21,22,0,0,0,0,0,0,0,39
2003,180251,1,1,0,0,0,0,0,0,0,0,0,0
2003,180252,1,1,0,0,0,0,0,0,0,0,0,0
2003,180252,2,1,7,0,0,0,0,0,0,0,0,0
2003,180252,3,1,0,0,0,0,0,0,0,0,0,0
2003,180253,1,1,0,0,0,0,0,0,0,0,0,0
2003,180254,1,1,0,0,0,0,0,0,0,0,0,0
2003,180254,2,1,0,0,0,0,0,0,0,0,0,0
2003,180255,1,1,0,0,0,0,0,10,0,0,0,0
2003,180255,2,1,0,0,0,0,0,0,0,0,0,0
2003,180256,0,1,0,0,17,0,0,0,12,0,0,17
2003,180256,1,1,0,0,0,0,0,0,0,0,0,0
2003,180257,1,1,0,0,0,0,0,0,0,0,0,0
2003,180257,2,1,0,0,0,0,0,0,0,0,0,0
2003,180258,1,1,19,19,19,19,19,19,19,19,19,19
2003,180259,1,1,0,0,0,0,0,0,0,0,0,0
2003,180259,2,1,0,0,0,0,0,0,0,0,0,0
2003,180260,1,1,0,0,0,0,0,0,0,0,0,0
2003,180260,2,1,0,0,0,0,0,0,0,0,0,0
2003,180261,1,1,0,0,0,0,0,0,0,0,0,0
2003,180261,2,1,0,0,0,0,0,0,0,0,0,0
2003,180262,1,1,16,16,16,16,16,16,16,16,16,16
2003,180263,1,1,1,1,1,1,1,1,1,1,1,1
2003,180264,1,1,0,0,0,0,0,0,0,0,0,0
2003,180264,2,1,0,0,0,0,0,0,0,0,0,0
2003,180265,1,1,7,7,7,7,7,7,7,7,7,7
2003,180266,1,1,0,0,0,0,0,0,0,0,0,0
2003,180266,2,1,0,0,0,0,0,0,0,0,0,0
2003,180266,3,1,0,0,0,0,0,0,0,0,0,0
2003,180267,1,1,0,0,0,0,0,0,0,0,0,0
2003,180267,2,1,0,0,0,0,0,0,0,0,0,0
2003,180268,0,1,0,0,0,0,0,0,0,0,0,11
2003,180268,1,1,0,0,0,0,0,0,0,0,0,0
2003,180269,1,1,0,0,0,0,0,0,0,0,0,0
2003,180269,2,1,13,13,13,13,13,13,13,13,13,13
2003,180270,0,1,0,0,0,0,0,0,0,0,0,0
2003,180270,1,1,0,0,0,0,0,0,0,0,0,0
2003,180271,1,1,0,0,0,0,0,0,0,0,0,0
2003,180272,1,1,0,0,0,0,0,0,0,0,0,0
2003,180272,2,1,0,0,0,0,0,0,0,0,0,0
2003,180272,3,1,0,0,0,0,0,0,0,0,0,0
2003,180273,1,1,0,0,0,0,0,0,0,0,0,0
2003,180274,1,1,20,20,20,20,20,20,20,20,20,20
2003,180275,1,1,0,0,0,0,0,0,0,0,0,0
2003,180275,2,1,0,0,0,0,0,0,0,0,0,0
2003,180276,1,1,0,0,0,0,0,0,0,0,0,0
2003,180276,2,1,0,0,0,0,0,0,0,0,0,0
2003,180277,1,1,0,0,0,0,0,0,0,0,0,0
2003,180278,1,1,0,0,0,0,0,0,0,0,0,0
2003,180278,2,1,0,0,0,0,0,0,0,0,0,0
2003,180279,1,1,0,0,0,0,0,0,0,0,0,0
2003,180279,2,1,0,0,0,0,0,0,0,0,0,0
2003,180280,1,1,0,0,0,0,0,0,0,0,0,0
2003,180280,2,1,0,0,0,0,0,0,0,0,0,0
2003,180280,3,1,0,0,0,0,0,0,0,0,0,0
2003,180281,1,1,40,40,40,40,40,40,40,40,40,40
2003,180282,1,1,0,0,0,0,0,0,0,0,0,0
2003,180283,1,1,16,16,16,16,16,16,16,16,16,16
2003,180284,1,1,0,0,0,0,0,0,0,0,0,0
2003,180285,1,1,0,0,0,0,0,0,0,0,0,0
2003,180285,2,1,0,0,0,0,0,0,0,0,0,0
2003,180286,1,1,0,0,0,0,0,0,0,0,0,0
2003,180286,2,1,0,0,0,0,0,0,0,0,0,0
2003,180287,1,1,4,0,0,0,0,0,0,0,0,0
2003,180288,1,1,0,0,0,0,0,0,0,0,0,0