YEAR,ST_CASE,veh_no,per_no,P1,P2,P3,P4,P5,P6,P7,P8,P9,P10
2003,180289,1,1,0,0,0,0,0,0,0,0,0,0
2003,180290,1,1,0,0,0,0,0,0,0,0,0,0
2003,180290,2,1,0,0,0,0,0,0,0,0,0,0
2003,180291,0,1,17,0,0,0,0,0,0,0,8,12
2003,180291,1,1,0,0,0,0,0,0,0,0,0,0
2003,180292,1,1,0,0,0,0,0,0,0,0,0,0
2003,180292,2,1,0,0,0,0,0,0,0,0,0,0
2003,180292,3,1,0,0,0,0,0,0,0,0,0,0
2003,180293,1,1,0,0,0,0,0,0,0,0,0,0
2003,180293,2,1,0,0,0,0,0,0,0,0,0,0
2003,180294,1,1,0,0,0,0,0,0,0,0,0,0
2003,180294,2,1,0,0,0,0,0,0,0,0,0,0
2003,180295,1,1,0,0,0,0,0,0,0,0,0,0
2003,180295,2,1,0,0,0,0,0,0,0,0,0,0
2003,180296,1,1,0,0,0,0,0,0,0,0,0,0
2003,180296,2,1,0,0,6,0,0,0,24,0,26,0
2003,180297,1,1,0,0,0,0,0,0,0,0,0,0
2003,180297,2,1,0,0,0,0,0,0,0,0,0,0
2003,180298,1,1,0,0,0,0,0,0,0,0,0,0
2003,180298,2,1,0,0,0,0,0,0,11,0,0,0
2003,180298,3,1,0,0,0,0,0,0,0,0,0,0
2003,180299,1,1,0,0,0,0,8,0,0,0,7,0
2003,180299,2,1,0,0,0,0,0,0,0,0,0,0
2003,180300,1,1,0,0,0,0,0,0,0,0,0,0
2003,180300,2,1,0,0,0,0,0,0,0,0,0,0
2003,180301,1,1,27,27,27,27,27,27,27,27,27,27
2003,180302,0,1,0,0,0,0,0,0,0,0,0,0
2003,180302,1,1,0,0,0,0,0,0,0,0,0,0
2003,180303,1,1,0,0,0,0,0,0,0,0,0,0
2003,180303,2,1,0,0,0,0,0,0,0,0,0,0
2003,180304,0,1,0,0,0,5,0,0,0,25,25,0
2003,180304,1,1,0,0,0,0,0,0,0,0,0,0
2003,180305,1,1,0,0,0,0,0,0,0,0,0,0
2003,180306,1,1,0,0,0,0,0,0,0,0,0,0
2003,180307,1,1,0,0,0,0,0,0,0,0,0,0
2003,180307,2,1,0,0,0,0,0,0,0,0,0,0
2003,180308,0,1,0,0,0,0,0,0,0,0,0,0
2003,180308,1,1,0,0,0,27,0,0,0,0,0,0
2003,180309,1,1,0,0,0,0,0,0,0,0,0,0
2003,180309,2,1,0,8,0,0,10,0,0,0,0,0
2003,180309,3,1,0,0,0,0,0,0,0,0,0,0
2003,180310,1,1,8,0,0,0,0,28,15,0,0,0
2003,180311,1,1,11,11,11,11,11,11,11,11,11,11
2003,180311,2,1,0,0,0,0,0,0,0,0,0,0
2003,180312,1,1,0,0,0,0,0,0,0,0,0,0
2003,180312,2,1,0,0,0,0,0,0,0,0,0,0
2003,180313,1,1,0,0,0,0,0,0,0,0,0,0
2003,180313,2,1,0,0,0,0,0,0,0,0,0,0
2003,180314,1,1,0,0,0,0,0,0,0,0,0,0
2003,180314,2,1,0,0,0,0,0,0,0,0,0,0
2003,180314,3,1,0,0,0,8,0,0,0,0,0,0
2003,180315,1,1,0,0,0,0,0,0,0,0,0,0
2003,180315,2,1,0,0,0,0,0,0,0,0,0,0
2003,180316,1,1,0,0,0,0,0,0,0,0,0,0
2003,180316,2,1,0,0,0,0,0,0,0,0,0,0
2003,180317,1,1,0,0,0,0,0,0,0,0,0,0
2003,180317,2,1,0,0,0,0,0,0,0,0,0,0
2003,180318,1,1,0,0,0,0,0,0,0,0,0,0
2003,180318,2,1,0,0,0,0,0,0,0,0,0,0
2003,180319,1,1,21,21,21,21,21,21,21,21,21,21
2003,180319,2,1,23,23,23,23,23,23,23,23,23,23
2003,180320,1,1,0,0,0,0,0,0,0,0,0,0
2003,180321,1,1,0,0,0,0,0,0,0,0,0,0
2003,180321,2,1,9,0,0,0,0,8,0,0,0,0
2003,180322,0,1,0,22,0,0,0,0,0,0,0,0
2003,180322,1,1,0,0,0,0,0,0,0,0,0,0
2003,180323,1,1,34,34,34,34,34,34,34,34,34,34
2003,180324,1,1,20,20,20,20,20,20,20,20,20,20
2003,180325,1,1,0,0,0,0,0,0,0,0,0,0
2003,180325,2,1,0,0,0,0,0,0,0,0,0,0
2003,180326,1,1,0,0,0,0,0,0,0,0,0,0
2003,180327,1,1,0,0,0,0,0,0,0,0,0,0
2003,180328,1,1,0,0,0,0,0,0,0,0,0,0
2003,180328,2,1,0,0,0,0,0,0,0,0,0,0
2003,180329,1,1,0,0,0,0,0,0,0,0,0,0
2003,180330,1,1,27,27,27,27,27,27,27,27,27,27
2003,180331,0,1,0,0,0,0,0,0,0,0,0,0
2003,180331,1,1,0,0,0,0,0,0,0,0,0,0
2003,180333,1,1,24,24,24,24,24,24,24,24,24,24
2003,180334,1,1,24,24,24,24,24,24,24,24,24,24
2003,180335,1,1,0,0,0,0,0,0,0,0,0,0
2003,180335,2,1,0,0,0,0,0,0,0,0,0,0
2003,180336,0,1,0,0,0,0,20,0,0,0,0,0
2003,180336,1,1,0,0,0,0,0,0,0,0,0,0
2003,180336,2,1,0,0,0,0,0,0,0,0,0,0
2003,180336,3,1,0,0,0,0,0,0,0,0,0,0
2003,180336,4,1,0,0,0,0,0,0,0,0,0,0
2003,180337,1,1,17,17,17,17,17,17,17,17,17,17
2003,180337,2,1,0,0,0,0,0,0,0,0,0,0
2003,180338,1,1,0,0,0,0,0,0,0,0,0,0
2003,180338,2,1,0,0,0,3,0,0,0,0,0,0
2003,180338,3,1,0,0,0,0,0,0,0,0,20,0
2003,180339,1,1,0,0,0,0,0,0,0,0,0,0
2003,180340,1,1,0,0,0,0,0,0,0,0,0,0
2003,180341,1,1,17,17,17,17,17,17,17,17,17,17
2003,180341,2,1,0,0,0,0,0,0,0,0,0,0
2003,180342,1,1,0,0,0,0,0,0,0,0,0,0
2003,180343,1,1,12,12,12,12,12,12,12,12,12,12
2003,180343,2,1,0,0,0,0,0,0,0,0,0,0
2003,180344,1,1,0,0,0,0,0,0,0,0,0,0
2003,180345,1,1,0,0,0,0,0,0,0,0,0,0
2003,180345,2,1,0,0,0,0,0,0,0,0,0,0
2003,180345,3,1,0,0,0,0,0,0,0,0,0,0
2003,180346,1,1,0,0,0,0,0,0,0,0,0,0
2003,180347,1,1,0,0,0,0,0,0,0,0,20,0
2003,180347,2,1,0,0,0,0,0,0,0,0,0,0
2003,180348,1,1,0,0,0,0,0,0,0,0,0,0
2003,180349,1,1,0,0,0,0,0,4,0,0,0,0
2003,180349,2,1,0,0,0,0,0,0,0,0,0,0
2003,180350,1,1,0,0,0,0,0,0,0,0,0,0
2003,180351,1,1,18,18,18,18,18,18,18,18,18,18
2003,180351,2,1,0,0,0,0,0,0,0,0,0,0
2003,180352,1,1,0,0,0,0,0,0,0,0,0,0
2003,180352,2,1,0,0,0,0,0,0,0,0,0,0
2003,180352,3,1,0,0,0,0,0,0,0,0,0,0
2003,180352,4,1,0,0,0,0,0,0,0,0,0,0
2003,180352,5,1,0,0,0,0,0,0,0,0,0,0
2003,180353,1,1,11,11,11,11,11,11,11,11,11,11
2003,180353,2,1,15,15,15,15,15,15,15,15,15,15
2003,180354,1,1,12,12,12,12,12,12,12,12,12,12
2003,180355,1,1,14,6,12,0,0,11,18,0,0,0
2003,180356,1,1,0,0,0,0,0,0,0,0,0,0
2003,180356,2,1,0,0,0,0,0,0,0,0,0,0
2003,180357,1,1,0,0,0,0,0,0,0,0,0,0
2003,180357,2,1,0,0,0,0,0,0,0,0,0,0
2003,180357,3,1,0,0,0,0,0,0,0,0,0,0
2003,180358,1,1,0,0,0,0,0,0,0,0,0,0
2003,180358,2,1,0,0,0,0,0,0,0,0,0,0
2003,180359,1,1,11,11,11,11,11,11,11,11,11,11
2003,180359,2,1,0,0,0,0,0,0,0,0,0,0
2003,180360,0,1,0,0,0,0,0,0,0,0,0,0
2003,180360,1,1,0,0,0,0,0,0,0,0,0,0
2003,180361,1,1,0,0,0,0,0,0,0,0,0,0
2003,180362,1,1,0,20,0,0,0,0,0,0,0,0
2003,180363,1,1,0,0,2,0,0,0,0,0,0,8
2003,180364,1,1,0,0,4,0,12,0,0,0,6,6
2003,180364,2,1,0,0,0,0,0,0,0,0,0,0
2003,180365,1,1,11,0,0,26,13,0,7,0,0,0
2003,180366,1,1,1,1,1,1,1,1,1,1,1,1
2003,180367,1,1,0,0,0,0,0,0,0,0,0,0
2003,180367,2,1,0,0,0,0,0,4,0,0,0,0
2003,180367,3,1,0,0,0,0,0,0,0,0,0,15
2003,180368,1,1,0,0,0,0,0,0,0,0,0,0
2003,180368,2,1,0,0,0,0,0,0,9,0,0,8
2003,180369,1,1,13,13,13,13,13,13,13,13,13,13
2003,180370,1,1,0,0,0,8,0,0,0,0,0,0
2003,180370,2,1,5,5,5,5,5,5,5,5,5,5
2003,180371,1,1,0,0,0,0,0,0,0,0,0,0
2003,180372,1,1,0,0,0,0,0,0,0,0,0,0
2003,180372,2,1,0,0,0,0,0,0,0,0,0,0
2003,180373,1,1,0,0,0,0,0,0,0,0,0,0
2003,180373,2,1,0,0,0,0,0,0,0,0,0,0
2003,180374,1,1,0,0,0,0,0,0,0,0,0,0
2003,180374,2,1,0,0,0,0,0,0,0,0,0,0
2003,180375,1,1,0,0,0,0,0,0,0,0,0,0
2003,180375,2,1,0,0,0,0,0,0,0,0,0,0
2003,180376,1,1,0,0,0,0,0,0,0,0,12,0
2003,180376,2,1,0,0,0,4,0,7,0,0,0,0
2003,180377,1,1,0,0,0,0,0,0,0,0,0,0
2003,180377,2,1,0,0,0,0,0,0,0,0,0,0
2003,180378,1,1,0,0,0,0,0,0,0,0,0,0
2003,180378,2,1,0,0,0,0,0,0,0,0,0,0
2003,180379,1,1,0,0,0,0,0,0,0,0,0,0
2003,180379,2,1,0,0,0,0,0,0,0,0,0,0
2003,180380,1,1,0,0,0,0,0,0,0,0,0,0
2003,180380,2,1,0,0,0,0,0,0,0,0,0,0
2003,180381,1,1,15,15,15,15,15,15,15,15,15,15
2003,180381,2,1,0,0,0,0,0,0,0,0,0,0
2003,180382,1,1,0,0,0,0,0,0,0,0,0,0
2003,180383,0,1,26,26,26,26,26,26,26,26,26,26
2003,180383,1,1,0,0,0,0,0,0,0,0,0,0
2003,180384,1,1,0,0,0,0,2,0,0,0,0,0
2003,180384,2,1,4,0,0,0,0,0,0,0,0,0
2003,180385,1,1,0,0,0,0,0,0,0,0,0,0
2003,180385,2,1,0,0,0,0,0,0,0,0,0,0
2003,180386,1,1,0,0,0,0,0,0,0,0,0,0
2003,180386,2,1,0,0,0,0,0,0,0,0,0,0
2003,180387,1,1,0,0,0,0,0,0,0,0,0,0
2003,180387,2,1,0,0,0,0,0,0,0,0,0,0
2003,180388,1,1,0,0,0,0,0,0,0,0,0,0
2003,180388,2,1,23,23,23,23,23,23,23,23,23,23
2003,180389,1,1,25,25,25,25,25,25,25,25,25,25
2003,180390,1,1,0,0,0,0,0,0,0,0,0,0
2003,180390,2,1,0,0,0,0,0,0,0,0,0,0
2003,180391,1,1,12,12,12,12,12,12,12,12,12,12
2003,180391,2,1,0,0,0,0,0,0,0,0,0,0
2003,180392,1,1,0,0,0,0,0,0,0,0,0,0
2003,180393,1,1,12,12,12,12,12,12,12,12,12,12
2003,180393,2,1,0,0,0,0,0,0,0,0,0,0
2003,180394,1,1,0,0,0,0,0,0,0,0,0,0
2003,180394,2,1,0,0,0,0,0,0,0,0,0,0
2003,180394,3,1,0,0,0,0,0,0,0,0,0,0
2003,180395,1,1,0,0,0,0,0,0,0,0,0,0
2003,180395,2,1,0,0,0,0,0,0,0,0,0,0
2003,180396,0,1,0,0,0,0,0,0,0,0,0,0
2003,180396,1,1,0,0,0,0,0,0,0,0,0,0
2003,180397,1,1,0,0,0,0,0,0,0,0,0,0
2003,180398,1,1,0,0,0,0,0,0,0,0,0,0
2003,180399,0,1,24,0,0,0,0,0,0,0,0,0
2003,180399,1,1,0,0,0,0,0,0,0,0,0,0
2003,180400,1,1,12,12,12,12,12,12,12,12,12,12
2003,180400,2,1,15,15,15,15,15,15,15,15,15,15
2003,180401,1,1,24,0,18,12,14,0,30,16,0,0
2003,180402,1,1,0,0,0,0,0,0,0,0,0,0
2003,180402,2,1,0,0,24,0,0,0,0,0,0,0
2003,180403,1,1,0,0,0,0,0,0,0,0,0,0
2003,180403,2,1,0,0,0,0,0,0,0,0,0,0
2003,180404,0,1,0,0,0,0,0,0,0,0,0,0
2003,180404,1,1,0,0,0,0,0,0,0,0,0,0
2003,180405,0,1,19,47,24,18,10,0,27,22,18,29
2003,180405,0,2,0,0,0,0,0,0,0,0,0,0
2003,180405,1,1,0,0,0,0,0,14,0,0,6,0
2003,180405,2,1,0,0,0,0,0,0,0,0,0,0
2003,180406,1,1,0,0,0,0,0,0,0,0,0,0
2003,180406,2,1,0,0,0,0,0,0,0,0,0,0
2003,180408,1,1,0,0,0,0,0,0,0,0,0,0
2003,180408,2,1,0,0,0,0,0,0,0,0,0,0
2003,180408,3,1,0,0,0,0,0,0,0,0,0,0
2003,180409,1,1,0,8,0,0,0,0,0,0,0,0
2003,180409,2,1,0,0,0,0,0,0,0,0,0,0
2003,180410,1,1,12,12,12,12,12,12,12,12,12,12
2003,180410,2,1,0,0,0,0,0,0,0,0,0,0
2003,180411,1,1,13,0,0,0,0,0,0,0,0,0
2003,180412,1,1,16,16,16,16,16,16,16,16,16,16
2003,180413,1,1,2,2,2,2,2,2,2,2,2,2
2003,180413,2,1,0,0,0,0,0,0,0,0,0,0
2003,180414,1,1,0,0,0,0,0,0,0,0,0,0
2003,180414,2,1,0,0,0,0,0,0,0,0,0,0
2003,180415,1,1,0,0,21,0,0,0,0,0,0,13
2003,180415,2,1,0,0,0,0,0,0,0,0,0,0
2003,180416,0,1,0,0,0,0,0,0,0,0,0,0
2003,180416,1,1,0,0,0,0,0,0,0,0,0,0
2003,180417,1,1,0,0,0,0,0,0,0,0,0,0
2003,180417,2,1,0,0,0,0,0,0,0,0,0,17
2003,180418,1,1,0,0,0,0,0,0,0,0,0,0
2003,180418,2,1,0,0,0,0,0,0,0,0,0,0
2003,180419,1,1,0,0,0,0,0,0,0,0,0,0
2003,180419,2,1,0,0,0,0,0,0,0,0,0,0
2003,180420,1,1,0,0,0,0,0,0,0,0,0,0
2003,180420,2,1,0,0,0,0,0,0,0,0,0,0
2003,180421,1,1,0,0,0,0,0,0,0,0,0,0
2003,180421,2,1,0,0,0,0,0,0,0,0,0,0
2003,180422,1,1,0,0,0,0,0,0,0,0,0,0
2003,180423,1,1,7,7,7,7,7,7,7,7,7,7
2003,180424,1,1,0,0,0,0,0,0,0,0,0,0
2003,180424,2,1,0,0,0,0,0,0,0,0,0,0
2003,180424,3,1,0,0,0,0,0,0,0,0,0,10
2003,180425,1,1,0,0,0,0,0,0,0,0,0,0
2003,180426,1,1,0,0,0,0,0,0,0,0,0,0
2003,180427,1,1,0,0,0,0,0,0,0,0,0,0
2003,180428,1,1,0,0,0,19,0,0,0,27,0,14
2003,180429,1,1,0,0,0,0,0,0,0,0,0,0
2003,180429,2,1,0,0,0,0,0,0,0,0,0,0
2003,180430,1,1,19,19,19,19,19,19,19,19,19,19
2003,180431,1,1,0,0,0,0,0,0,0,0,0,0
2003,180432,1,1,0,9,0,0,0,0,24,0,0,0
2003,180432,2,1,0,0,0,0,0,0,0,0,0,0
2003,180433,1,1,0,0,0,0,0,0,0,0,0,0
2003,180433,2,1,0,22,28,16,22,0,0,22,6,8
2003,180434,0,1,0,0,0,0,0,0,0,0,0,0
2003,180434,1,1,0,0,0,0,0,0,0,0,0,0
2003,180435,1,1,0,30,0,0,0,0,0,0,0,0
2003,180436,1,1,25,25,25,25,25,25,25,25,25,25
2003,180437,1,1,0,0,0,0,0,0,0,0,0,0
2003,180437,2,1,4,0,0,0,0,0,0,0,0,0
2003,180438,1,1,26,26,26,26,26,26,26,26,26,26
2003,180439,1,1,20,20,20,20,20,20,20,20,20,20
2003,180440,1,1,18,18,18,18,18,18,18,18,18,18
2003,180441,1,1,11,11,11,11,11,11,11,11,11,11
2003,180442,1,1,20,20,20,20,20,20,20,20,20,20
2003,180442,2,1,1,1,1,1,1,1,1,1,1,1
2003,180443,1,1,0,0,0,14,0,0,0,0,13,22
2003,180443,2,1,0,0,0,0,0,0,0,0,0,0
2003,180443,3,1,0,0,0,0,0,0,0,0,0,0
2003,180444,1,1,0,10,10,0,23,18,6,0,0,0
2003,180445,1,1,0,0,0,0,0,0,0,0,0,0
2003,180446,0,1,0,0,0,0,0,0,0,0,0,0
2003,180446,1,1,0,0,0,0,0,0,0,0,0,0
2003,180447,1,1,0,0,0,0,0,11,15,0,0,10
2003,180448,1,1,0,0,0,0,0,0,0,0,0,0
2003,180448,2,1,0,0,0,0,0,0,0,0,0,0
2003,180449,1,1,0,0,0,0,0,0,0,0,0,0
2003,180450,1,1,33,33,33,33,33,33,33,33,33,33
2003,180451,1,1,0,0,0,0,0,0,0,0,0,0
2003,180451,2,1,0,0,0,0,0,0,0,0,0,0
2003,180452,1,1,0,0,0,0,0,0,0,0,0,0
2003,180452,2,1,0,0,0,0,0,0,0,0,0,0
2003,180453,1,1,0,0,0,0,0,0,0,0,0,0
2003,180454,1,1,15,15,15,15,15,15,15,15,15,15
2003,180454,2,1,0,0,0,0,0,0,0,0,0,0
2003,180455,1,1,0,0,0,0,0,0,0,0,0,0
2003,180455,2,1,0,0,0,0,0,0,0,0,0,0
2003,180456,1,1,0,0,0,0,0,0,0,0,0,0
2003,180456,2,1,0,4,0,8,0,0,0,5,0,3
2003,180457,1,1,0,0,0,0,0,0,8,0,0,0
2003,180457,2,1,0,0,0,0,0,0,0,0,0,0
2003,180458,0,1,0,0,0,0,0,0,0,0,0,0
2003,180458,1,1,0,0,0,0,0,0,0,0,0,0
2003,180459,1,1,0,0,0,0,0,0,0,0,0,0
2003,180459,2,1,0,0,0,0,0,0,0,0,0,0
2003,180460,1,1,0,0,0,0,0,0,0,0,0,0
2003,180460,2,1,0,0,0,0,0,0,0,0,0,0
2003,180461,1,1,0,0,0,0,0,0,0,0,0,0
2003,180461,2,1,0,0,0,0,0,0,0,0,0,0
2003,180462,1,1,0,0,0,0,0,0,0,23,0,0
2003,180462,2,1,0,0,0,0,0,0,0,0,0,0
2003,180463,1,1,19,19,19,19,19,19,19,19,19,19
2003,180463,2,1,0,0,0,0,0,0,0,0,0,0
2003,180464,1,1,0,0,0,0,0,0,0,0,0,0
2003,180464,2,1,0,0,0,0,0,0,0,0,0,0
2003,180465,1,1,16,16,16,16,16,16,16,16,16,16
2003,180466,1,1,0,0,0,0,0,0,0,0,0,0
2003,180466,2,1,0,0,0,0,0,0,0,0,0,0
2003,180467,1,1,0,0,0,0,0,0,0,0,0,0
2003,180467,2,1,0,0,0,0,0,0,0,0,0,0
2003,180468,1,1,0,0,0,0,0,0,0,0,0,0
2003,180468,2,1,0,0,0,0,0,0,0,0,0,0
2003,180469,1,1,0,0,0,0,0,0,0,0,0,0
2003,180469,2,1,0,0,0,0,0,0,0,0,0,0
2003,180470,1,1,0,0,0,0,0,0,0,0,0,0
2003,180470,2,1,0,0,0,0,0,0,0,0,0,0
2003,180471,1,1,14,14,14,14,14,14,14,14,14,14
2003,180471,2,1,3,3,3,3,3,3,3,3,3,3
2003,180472,1,1,0,0,17,0,0,0,46,0,0,0
2003,180473,1,1,0,0,0,0,0,0,0,0,0,0
2003,180473,2,1,0,0,0,0,0,0,0,0,0,0
2003,180474,1,1,0,0,0,0,0,0,0,0,0,0
2003,180474,2,1,0,0,0,0,0,0,0,0,0,0
2003,180475,1,1,0,0,0,0,0,0,0,0,0,0
2003,180475,2,1,0,0,0,0,0,0,0,0,0,0
2003,180475,3,1,0,0,0,0,0,0,0,0,0,0
2003,180476,0,1,26,26,26,26,26,26,26,26,26,26
2003,180476,1,1,0,0,0,0,0,0,0,0,0,0
2003,180477,1,1,0,0,0,0,0,0,0,0,0,0
2003,180478,1,1,22,22,22,22,22,22,22,22,22,22
2003,180479,1,1,31,31,31,31,31,31,31,31,31,31
2003,180479,2,1,0,0,0,0,0,0,0,0,0,0
2003,180480,1,1,0,0,0,0,0,0,0,0,0,0
2003,180480,2,1,0,0,0,0,0,0,0,0,0,0
2003,180480,3,1,0,0,0,0,0,0,0,0,0,0
2003,180481,1,1,0,0,0,0,0,0,0,0,0,0
2003,180481,2,1,0,0,0,0,0,0,0,0,0,0
2003,180482,1,1,0,0,0,0,0,0,0,0,0,0
2003,180482,2,1,0,0,0,0,0,0,0,0,0,0
2003,180483,1,1,0,0,0,0,0,0,0,0,0,0
2003,180483,2,1,0,0,0,0,0,0,0,0,0,0
2003,180484,1,1,0,0,0,0,0,27,0,0,0,0
2003,180485,0,1,0,0,0,0,0,0,0,0,0,0
2003,180485,1,1,0,0,0,0,0,0,0,0,0,0
2003,180485,2,1,0,0,0,0,0,0,0,0,0,0
2003,180486,1,1,0,0,0,0,0,0,0,0,0,21
2003,180486,2,1,0,0,0,0,0,0,0,0,0,0
2003,180487,0,1,0,0,0,0,0,0,0,0,0,0
2003,180487,1,1,0,0,0,0,0,0,0,0,0,0
2003,180488,0,1,17,17,17,17,17,17,17,17,17,17
2003,180488,1,1,0,0,0,0,0,0,0,0,0,0
2003,180489,1,1,19,19,19,19,19,19,19,19,19,19
2003,180490,1,1,0,0,0,0,0,0,0,0,0,0
2003,180490,2,1,0,0,0,0,0,0,0,0,0,0
2003,180491,1,1,20,20,20,20,20,20,20,20,20,20
2003,180491,2,1,0,0,0,0,0,0,0,0,0,0
2003,180492,1,1,0,0,0,14,0,0,0,0,0,0
2003,180493,1,1,0,0,0,0,0,0,0,0,0,0
2003,180494,1,1,0,0,0,0,0,0,0,0,0,0
2003,180494,2,1,0,0,0,0,0,0,0,0,0,0
2003,180494,3,1,0,0,0,0,0,0,0,0,0,0
2003,180494,4,1,0,0,0,0,0,0,0,0,0,0
2003,180494,5,1,0,0,0,0,0,0,0,0,0,0
2003,180495,1,1,0,0,0,0,0,0,0,0,0,0
2003,180495,2,1,0,0,0,0,0,0,0,0,0,0
2003,180495,3,1,0,0,0,0,0,0,0,0,0,0
2003,180495,4,1,0,0,0,0,0,0,0,0,0,0
2003,180495,5,1,0,0,0,0,0,0,0,0,0,0
2003,180495,6,1,0,0,13,0,0,0,0,0,0,0
2003,180496,1,1,11,11,11,11,11,11,11,11,11,11
2003,180496,2,1,0,0,0,0,0,0,0,0,0,0
2003,180497,1,1,0,0,0,0,0,0,0,0,0,0
2003,180497,2,1,0,0,0,0,0,0,0,0,0,0
2003,180498,0,1,0,0,0,0,0,0,0,0,0,0
2003,180498,1,1,0,0,0,0,0,0,0,0,0,0
2003,180499,1,1,0,0,0,0,0,0,0,0,0,0
2003,180499,2,1,0,0,0,0,0,0,0,0,0,0
2003,180500,1,1,21,21,21,21,21,21,21,21,21,21
2003,180501,1,1,6,6,6,6,6,6,6,6,6,6
2003,180502,1,1,0,0,0,0,0,0,0,0,0,0
2003,180502,2,1,0,0,0,0,0,0,0,0,0,0
2003,180502,3,1,0,0,0,0,0,0,0,0,0,0
2003,180503,1,1,0,0,0,0,0,0,0,0,0,0
2003,180503,2,1,0,0,0,0,0,0,0,0,0,0
2003,180503,3,1,0,0,0,0,0,0,0,0,0,0
2003,180503,4,1,0,0,0,0,0,0,0,0,0,0
2003,180503,5,1,0,0,0,0,0,0,0,0,0,0
2003,180504,1,1,20,20,20,20,20,20,20,20,20,20
2003,180505,1,1,0,0,0,0,0,0,0,0,0,0
2003,180506,1,1,0,0,0,0,0,0,0,0,0,0
2003,180507,1,1,0,0,0,0,0,0,0,0,0,0
2003,180507,2,1,0,0,0,0,0,0,0,0,0,0
2003,180508,1,1,0,0,0,0,0,0,0,0,0,0
2003,180508,2,1,0,0,0,0,0,0,0,0,0,0
2003,180509,1,1,13,13,13,13,13,13,13,13,13,13
2003,180510,1,1,0,0,0,0,0,0,0,0,0,0
2003,180511,1,1,16,16,16,16,16,16,16,16,16,16
2003,180512,0,1,0,0,0,0,0,17,0,0,0,21
2003,180512,1,1,0,0,0,0,0,0,0,0,0,0
2003,180513,1,1,0,0,0,0,0,0,0,0,0,17
2003,180514,1,1,0,0,0,0,0,0,0,0,0,0
2003,180515,1,1,0,0,0,0,0,0,0,0,0,0
2003,180515,2,1,0,0,0,0,0,0,0,0,0,0
2003,180516,1,1,0,0,12,0,0,0,0,0,0,0
2003,180516,2,1,0,0,0,0,0,0,0,0,0,0
2003,180517,1,1,0,0,0,0,0,0,0,0,0,0
2003,180517,2,1,0,0,0,3,0,5,0,0,0,0
2003,180518,1,1,0,0,0,0,0,0,0,0,0,0
2003,180518,2,1,0,0,0,0,0,0,0,0,0,0
2003,180519,1,1,0,0,0,0,0,0,0,0,0,0
2003,180519,2,1,0,0,0,0,0,0,0,0,0,0
2003,180519,3,1,0,0,0,0,0,0,0,0,0,0
2003,180520,1,1,20,20,20,20,20,20,20,20,20,20
2003,180520,2,1,0,0,0,0,0,0,0,0,0,0
2003,180521,1,1,0,0,0,0,0,0,12,0,0,0
2003,180522,1,1,21,21,21,21,21,21,21,21,21,21
2003,180523,1,1,0,0,0,0,0,0,0,0,0,0
2003,180523,2,1,0,0,0,0,0,0,0,0,0,0
2003,180524,1,1,0,0,0,0,0,0,0,0,0,0
2003,180524,2,1,0,0,0,0,0,0,0,0,0,0
2003,180524,3,1,0,0,0,0,0,0,0,0,0,0
2003,180524,4,1,0,0,0,0,0,0,0,0,0,0
2003,180525,1,1,0,0,0,0,0,0,0,0,0,0
2003,180525,2,1,0,0,0,0,0,0,0,0,0,0
2003,180526,1,1,0,0,0,0,0,0,0,0,0,0
2003,180526,2,1,0,0,0,0,0,0,0,0,0,0
2003,180527,1,1,10,10,10,10,10,10,10,10,10,10
2003,180528,1,1,0,0,0,0,0,0,0,0,0,0
2003,180528,2,1,0,0,0,0,0,0,0,0,0,0
2003,180528,3,1,0,0,0,0,0,0,0,0,0,0
2003,180528,4,1,0,0,0,0,0,0,0,0,0,0
2003,180529,1,1,12,12,12,12,12,12,12,12,12,12
2003,180530,1,1,18,18,18,18,18,18,18,18,18,18
2003,180531,1,1,0,0,0,0,0,0,0,0,0,0
2003,180532,1,1,0,0,0,0,0,0,0,0,0,0
2003,180532,2,1,0,0,0,0,0,0,0,0,0,0
2003,180533,1,1,0,0,0,0,0,0,0,0,0,0
2003,180533,2,1,0,0,0,0,0,0,0,0,0,0
2003,180534,0,1,0,0,0,8,0,0,0,0,0,0
2003,180534,1,1,0,0,0,0,0,0,0,0,0,0
2003,180535,1,1,0,0,0,0,0,0,0,0,0,0
2003,180535,2,1,0,0,0,0,0,0,0,0,0,0
2003,180536,1,1,10,10,10,10,10,10,10,10,10,10
2003,180537,1,1,21,21,21,21,21,21,21,21,21,21
2003,180537,2,1,21,21,21,21,21,21,21,21,21,21
2003,180538,1,1,0,0,0,0,0,0,0,0,0,0
2003,180538,2,1,0,0,0,0,0,0,0,0,0,0
2003,180539,1,1,0,0,0,0,0,0,0,0,0,0
2003,180539,2,1,0,0,0,0,0,0,0,0,0,0
2003,180539,3,1,0,0,0,0,0,0,0,0,0,0
2003,180540,1,1,0,0,0,0,0,0,0,0,0,0
2003,180540,2,1,0,0,0,0,0,0,0,0,0,0
2003,180541,1,1,0,0,0,0,0,0,0,0,10,0
2003,180542,1,1,0,0,0,0,0,0,0,3,0,0
2003,180542,2,1,0,0,0,0,0,0,0,0,0,0
2003,180543,1,1,24,24,24,24,24,24,24,24,24,24
2003,180543,2,1,0,0,0,0,0,0,0,0,0,0
2003,180544,1,1,0,0,0,0,0,0,0,0,0,0
2003,180544,2,1,0,0,0,0,0,0,0,0,0,0
2003,180545,1,1,0,10,0,0,0,0,0,0,0,0
2003,180545,2,1,0,0,0,0,0,0,0,0,0,0