YEAR,ST_CASE,veh_no,per_no,P1,P2,P3,P4,P5,P6,P7,P8,P9,P10
2003,180546,1,1,0,0,0,0,0,0,0,0,0,0
2003,180546,2,1,0,0,0,0,0,0,0,0,0,0
2003,180546,3,1,0,0,0,0,0,0,0,0,0,0
2003,180547,1,1,0,0,0,0,0,0,8,0,7,0
2003,180547,2,1,0,0,0,0,0,0,0,0,0,0
2003,180548,1,1,11,11,11,11,11,11,11,11,11,11
2003,180548,2,1,3,3,3,3,3,3,3,3,3,3
2003,180549,0,1,0,0,0,0,0,0,0,0,0,0
2003,180549,1,1,0,0,0,0,0,0,0,0,0,0
2003,180550,0,1,0,0,0,0,0,0,0,0,0,0
2003,180550,1,1,0,0,0,0,0,0,0,0,0,0
2003,180551,1,1,0,0,0,0,0,0,0,0,0,0
2003,180551,2,1,0,0,0,0,0,0,0,0,0,0
2003,180552,1,1,31,31,31,31,31,31,31,31,31,31
2003,180552,2,1,0,0,0,0,0,0,0,0,0,0
2003,180553,1,1,17,17,17,17,17,17,17,17,17,17
2003,180554,1,1,0,0,0,10,0,0,0,0,7,0
2003,180555,1,1,0,0,0,0,0,0,0,9,0,0
2003,180556,1,1,0,0,0,0,0,0,0,0,0,0
2003,180557,1,1,19,19,19,19,19,19,19,19,19,19
2003,180557,2,1,0,0,0,0,0,0,0,0,0,0
2003,180557,3,1,0,0,0,0,0,0,0,0,0,0
2003,180558,1,1,0,0,0,0,0,0,0,0,0,0
2003,180559,0,1,0,0,20,0,0,0,0,0,0,0
2003,180559,1,1,27,27,27,27,27,27,27,27,27,27
2003,180560,1,1,18,18,18,18,18,18,18,18,18,18
2003,180561,1,1,0,0,0,0,0,0,0,0,0,0
2003,180561,2,1,0,0,0,0,0,0,0,0,0,0
2003,180562,1,1,0,0,0,0,0,0,0,0,0,0
2003,180562,2,1,0,0,0,0,0,0,0,0,0,0
2003,180563,1,1,5,5,5,5,5,5,5,5,5,5
2003,180564,1,1,14,0,0,0,0,0,0,25,0,0
2003,180565,0,1,0,0,0,0,0,0,0,0,0,0
2003,180565,1,1,0,0,0,0,0,0,0,0,0,0
2003,180566,1,1,23,23,23,23,23,23,23,23,23,23
2003,180567,1,1,0,0,0,0,0,0,0,0,0,0
2003,180567,2,1,0,0,0,0,0,0,0,0,0,0
2003,180568,1,1,0,0,0,0,0,0,0,0,0,0
2003,180569,1,1,24,24,24,24,24,24,24,24,24,24
2003,180570,1,1,21,21,21,21,21,21,21,21,21,21
2003,180571,1,1,0,0,0,0,0,0,0,0,0,0
2003,180571,2,1,0,0,0,0,0,0,0,0,0,0
2003,180572,1,1,0,0,0,0,0,0,0,0,0,0
2003,180572,2,1,0,0,0,0,0,0,0,0,0,0
2003,180573,1,1,0,0,17,0,0,0,0,0,0,0
2003,180574,0,1,0,0,0,0,0,0,0,0,0,0
2003,180574,1,1,0,0,0,0,0,0,0,0,0,0
2003,180575,1,1,0,0,0,0,0,0,0,0,0,0
2003,180576,1,1,0,0,0,0,0,0,0,0,0,0
2003,180577,1,1,0,0,0,0,0,0,0,0,0,0
2003,180578,1,1,16,16,16,16,16,16,16,16,16,16
2003,180579,1,1,0,0,0,0,0,0,0,0,0,0
2003,180579,2,1,0,0,0,0,0,0,0,0,0,0
2003,180580,1,1,0,0,0,0,0,0,0,0,0,0
2003,180580,2,1,0,0,0,0,0,0,0,0,0,0
2003,180581,1,1,0,0,0,0,0,0,0,0,0,0
2003,180582,1,1,0,0,4,0,0,0,29,0,0,0
2003,180583,1,1,0,0,0,0,0,0,0,0,0,0
2003,180583,2,1,0,0,0,0,0,0,0,0,0,0
2003,180584,1,1,19,0,0,24,0,0,5,16,23,34
2003,180584,2,1,0,0,0,0,0,0,0,0,0,0
2003,180585,1,1,0,0,0,0,0,0,0,0,0,0
2003,180585,2,1,0,0,0,0,0,0,0,0,0,0
2003,180587,1,1,20,20,20,20,20,20,20,20,20,20
2003,180588,1,1,10,10,10,10,10,10,10,10,10,10
2003,180589,1,1,18,18,18,18,18,18,18,18,18,18
2003,180590,1,1,0,0,0,0,0,0,0,0,0,0
2003,180591,1,1,24,24,24,24,24,24,24,24,24,24
2003,180591,2,1,0,0,0,0,0,0,0,0,0,0
2003,180592,1,1,0,0,0,0,0,0,0,0,0,0
2003,180593,1,1,0,0,0,0,0,0,0,0,0,0
2003,180594,1,1,2,2,2,2,2,2,2,2,2,2
2003,180595,1,1,6,17,15,0,0,0,0,0,13,30
2003,180596,1,1,0,0,0,0,0,0,0,0,0,0
2003,180596,2,1,0,0,30,0,0,0,0,0,0,0
2003,180597,1,1,0,0,0,0,0,0,0,0,0,0
2003,180598,1,1,0,0,0,0,0,0,0,0,0,0
2003,180598,2,1,0,0,0,0,0,0,0,0,0,0
2003,180599,1,1,0,41,0,0,13,0,0,19,16,0
2003,180600,1,1,0,0,0,0,0,0,0,0,0,0
2003,180600,2,1,0,0,0,0,0,0,0,0,0,0
2003,180601,1,1,25,25,25,25,25,25,25,25,25,25
2003,180602,1,1,0,0,0,0,0,0,0,0,0,0
2003,180602,2,1,0,0,0,0,0,0,0,0,0,0
2003,180603,1,1,18,18,18,18,18,18,18,18,18,18
2003,180604,1,1,0,0,0,0,0,0,0,19,0,0
2003,180604,2,1,0,0,0,0,0,0,0,0,0,0
2003,180605,1,1,0,0,0,0,0,0,0,0,0,0
2003,180606,1,1,6,6,6,6,6,6,6,6,6,6
2003,180607,1,1,0,0,0,0,0,0,0,0,0,0
2003,180607,2,1,0,0,0,0,0,0,0,0,0,0
2003,180608,1,1,0,0,0,0,0,0,0,0,0,0
2003,180608,2,1,0,0,0,0,0,0,0,0,0,0
2003,180609,1,1,1,1,1,1,1,1,1,1,1,1
2003,180610,1,1,0,0,0,0,0,0,0,0,0,0
2003,180611,1,1,0,0,0,0,0,0,0,0,0,0
2003,180611,2,1,0,0,0,0,0,0,0,0,0,0
2003,180612,0,1,0,0,0,0,0,11,0,0,0,0
2003,180612,1,1,0,0,0,0,0,0,0,0,0,0
2003,180613,1,1,0,0,12,0,0,0,0,0,0,0
2003,180614,1,1,0,0,0,0,0,0,0,0,0,0
2003,180614,2,1,0,0,0,0,0,0,0,0,0,0
2003,180615,1,1,11,28,24,19,25,27,27,18,27,18
2003,180616,1,1,0,0,0,0,0,0,0,0,0,0
2003,180617,1,1,18,18,18,18,18,18,18,18,18,18
2003,180618,1,1,0,19,0,0,0,0,0,0,0,0
2003,180618,2,1,0,0,0,0,0,0,0,0,0,0
2003,180619,1,1,0,0,0,0,0,0,0,0,0,0
2003,180620,1,1,0,0,0,0,0,0,0,0,0,0
2003,180621,1,1,0,0,0,0,0,0,0,0,0,0
2003,180621,2,1,0,0,0,0,0,0,0,0,0,0
2003,180622,1,1,21,21,21,21,21,21,21,21,21,21
2003,180622,2,1,0,0,0,0,0,0,0,0,0,0
2003,180622,3,1,0,0,0,0,0,0,0,0,0,0
2003,180623,1,1,0,0,0,0,0,0,0,0,0,0
2003,180624,1,1,0,0,0,0,0,0,0,0,0,0
2003,180624,2,1,0,0,0,0,0,0,0,0,0,0
2003,180625,1,1,0,0,0,0,0,0,0,0,0,0
2003,180626,1,1,0,0,0,0,0,0,0,0,0,0
2003,180626,2,1,0,0,0,0,0,0,0,0,0,0
2003,180627,1,1,0,0,0,0,0,0,0,0,0,0
2003,180627,2,1,0,0,0,0,0,0,0,0,0,0
2003,180628,1,1,0,0,0,0,0,0,0,0,0,0
2003,180628,2,1,0,0,0,0,0,0,0,0,0,0
2003,180629,1,1,0,0,0,0,0,0,0,0,0,0
2003,180629,2,1,0,0,0,0,0,0,0,0,0,0
2003,180630,1,1,18,18,18,18,18,18,18,18,18,18
2003,180631,1,1,0,0,0,0,0,0,0,0,0,0
2003,180632,1,1,0,0,0,0,0,0,0,0,0,0
2003,180633,1,1,12,12,12,12,12,12,12,12,12,12
2003,180634,1,1,0,0,0,0,0,0,0,0,0,0
2003,180635,1,1,7,7,7,7,7,7,7,7,7,7
2003,180635,2,1,0,0,0,0,0,0,0,0,0,0
2003,180636,1,1,0,0,0,0,0,0,0,0,0,0
2003,180636,2,1,0,0,0,0,0,0,0,0,0,26
2003,180637,1,1,0,0,0,0,0,0,0,0,0,0
2003,180637,2,1,0,0,0,0,0,0,0,0,0,0
2003,180638,1,1,16,16,16,16,16,16,16,16,16,16
2003,180639,1,1,7,7,7,7,7,7,7,7,7,7
2003,180639,2,1,0,0,0,0,0,0,0,0,0,0
2003,180640,1,1,0,16,0,0,0,0,0,0,0,0
2003,180640,2,1,0,0,0,0,0,0,0,16,0,0
2003,180641,0,1,0,9,14,12,0,31,0,0,0,10
2003,180641,1,1,0,0,0,0,0,0,0,0,0,0
2003,180642,1,1,0,0,0,0,0,0,0,0,0,0
2003,180642,2,1,0,0,0,0,0,0,0,0,0,0
2003,180643,1,1,12,0,0,12,22,7,0,0,36,0
2003,180644,0,1,0,0,0,0,0,0,0,0,0,0
2003,180644,0,2,0,0,0,0,0,0,0,0,10,18
2003,180644,1,1,0,0,0,0,0,0,0,0,0,0
2003,180645,0,1,0,12,0,0,0,0,0,28,6,21
2003,180645,1,1,0,0,0,0,0,0,0,0,0,0
2003,180646,1,1,6,6,6,6,6,6,6,6,6,6
2003,180646,2,1,0,0,0,0,0,0,0,0,0,0
2003,180646,3,1,0,0,0,0,0,0,0,0,0,0
2003,180646,4,1,0,0,0,0,0,0,0,0,0,0
2003,180647,1,1,0,0,0,0,0,0,0,0,0,0
2003,180648,1,1,0,0,0,0,0,0,0,0,0,0
2003,180648,2,1,9,9,9,9,9,9,9,9,9,9
2003,180649,0,1,0,0,0,35,0,25,0,0,0,30
2003,180649,1,1,0,0,0,0,0,0,0,0,11,0
2003,180650,1,1,0,0,0,0,0,0,0,0,0,0
2003,180650,2,1,0,0,0,0,0,0,0,0,0,0
2003,180651,0,1,0,0,0,0,0,0,0,0,0,0
2003,180651,1,1,16,16,16,16,16,16,16,16,16,16
2003,180652,0,1,0,0,23,0,0,0,0,0,0,0
2003,180652,1,1,0,0,0,0,0,0,0,0,0,0
2003,180653,0,1,0,0,9,0,0,6,0,0,0,0
2003,180653,1,1,0,0,0,0,0,0,0,0,0,0
2003,180654,1,1,0,0,0,0,0,0,0,0,0,0
2003,180654,2,1,0,0,0,0,0,0,0,0,0,0
2003,180655,1,1,1,1,1,1,1,1,1,1,1,1
2003,180656,1,1,5,5,5,5,5,5,5,5,5,5
2003,180657,0,1,17,17,17,17,17,17,17,17,17,17
2003,180657,1,1,0,0,0,0,0,0,0,0,0,0
2003,180658,1,1,0,0,0,0,0,0,0,0,0,0
2003,180658,2,1,0,0,0,0,0,0,0,0,0,0
2003,180659,1,1,0,0,45,10,0,0,0,18,16,0
2003,180660,1,1,0,0,0,0,0,0,0,0,0,0
2003,180660,2,1,0,0,0,0,0,0,0,0,0,0
2003,180661,1,1,0,0,0,0,0,0,0,0,0,0
2003,180661,2,1,25,25,25,25,25,25,25,25,25,25
2003,180662,1,1,0,0,0,0,0,0,0,0,0,0
2003,180663,1,1,0,0,0,0,0,0,0,0,0,0
2003,180663,2,1,0,0,0,0,0,0,0,0,0,0
2003,180664,1,1,0,0,0,0,0,0,0,0,0,0
2003,180665,1,1,0,0,0,0,0,0,0,0,0,0
2003,180666,1,1,21,21,21,21,21,21,21,21,21,21
2003,180667,0,1,0,0,0,0,0,0,0,0,0,0
2003,180667,1,1,0,0,0,0,0,0,0,0,0,0
2003,180668,1,1,0,0,0,0,0,0,0,0,0,0
2003,180668,2,1,0,0,0,0,0,0,0,0,0,0
2003,180669,1,1,0,0,0,0,0,0,0,0,0,0
2003,180669,2,1,0,0,0,0,0,0,0,0,0,0
2003,180670,1,1,0,0,0,0,0,0,0,0,0,0
2003,180670,2,1,0,0,0,0,0,0,0,0,0,0
2003,180671,1,1,0,0,0,0,0,0,0,0,0,0
2003,180671,2,1,0,0,0,0,0,0,12,8,12,0
2003,180672,1,1,0,0,0,0,0,0,0,0,0,0
2003,180673,1,1,15,15,15,15,15,15,15,15,15,15
2003,180674,1,1,0,0,0,0,0,0,0,0,0,0
2003,180674,2,1,0,0,0,0,0,0,0,0,0,0
2003,180675,1,1,5,5,5,5,5,5,5,5,5,5
2003,180675,2,1,0,0,0,0,0,0,0,0,0,0
2003,180675,3,1,0,0,0,0,0,0,0,0,0,0
2003,180676,1,1,0,0,0,0,0,0,0,0,0,0
2003,180677,1,1,0,0,0,0,0,0,0,0,0,0
2003,180678,1,1,0,0,0,0,0,0,0,11,0,0
2003,180679,1,1,0,0,0,0,0,0,0,0,0,0
2003,180679,2,1,16,16,16,16,16,16,16,16,16,16
2003,180680,1,1,0,0,0,0,0,0,0,0,0,0
2003,180680,2,1,0,0,0,0,0,0,0,0,0,0
2003,180681,1,1,0,0,8,0,0,0,0,0,0,0
2003,180682,1,1,0,0,0,0,0,0,0,0,0,0
2003,180682,2,1,0,0,0,0,0,0,0,0,0,0
2003,180683,1,1,0,0,0,0,0,0,0,0,0,0
2003,180683,2,1,0,0,0,0,0,0,0,0,0,0
2003,180684,1,1,0,0,0,0,0,0,0,0,0,20
2003,180685,1,1,0,0,0,0,0,0,0,0,0,0
2003,180686,1,1,4,4,4,4,4,4,4,4,4,4
2003,180687,1,1,0,0,0,0,0,0,0,0,0,0
2003,180687,2,1,0,0,0,0,0,0,0,0,0,0
2003,180687,3,1,0,0,0,0,0,0,0,0,0,0
2003,180688,1,1,17,17,17,17,17,17,17,17,17,17
2003,180689,1,1,0,0,0,0,0,0,0,0,0,0
2003,180689,2,1,0,0,0,0,0,0,0,0,0,0
2003,180690,1,1,0,0,0,0,0,0,0,0,0,0
2003,180690,2,1,0,0,0,0,0,0,0,0,0,0
2003,180691,0,1,8,8,8,8,8,8,8,8,8,8
2003,180691,1,1,0,0,0,0,0,0,0,0,0,0
2003,180692,1,1,0,0,0,0,0,0,0,0,8,11
2003,180693,1,1,0,0,0,0,0,0,0,0,0,8
2003,180694,1,1,0,0,0,0,0,0,0,0,0,0
2003,180694,2,1,0,0,0,0,0,0,0,0,0,0
2003,180695,0,1,0,0,0,0,16,0,16,0,0,0
2003,180695,1,1,0,0,0,0,0,0,0,0,0,0
2003,180695,2,1,0,0,0,0,0,0,0,0,0,0
2003,180695,3,1,0,0,0,0,0,0,0,0,0,0
2003,180696,1,1,16,0,36,0,0,0,21,13,11,0
2003,180697,0,1,16,16,16,16,16,16,16,16,16,16
2003,180697,1,1,0,0,0,0,0,0,0,0,0,0
2003,180698,1,1,17,17,17,17,17,17,17,17,17,17
2003,180698,2,1,0,0,0,0,0,0,0,0,0,0
2003,180699,1,1,0,0,0,0,0,0,0,0,0,0
2003,180700,1,1,0,0,0,0,0,0,0,0,0,0
2003,180700,2,1,0,0,0,0,0,0,0,0,0,0
2003,180701,1,1,0,0,0,0,0,0,0,0,0,0
2003,180701,2,1,0,0,0,0,0,0,0,0,0,0
2003,180702,1,1,25,25,25,25,25,25,25,25,25,25
2003,180703,1,1,0,0,0,0,0,0,0,0,0,0
2003,180703,2,1,0,0,0,0,0,0,0,0,0,0
2003,180703,3,1,0,0,0,0,0,0,0,0,0,0
2003,180704,1,1,0,0,0,0,0,0,0,0,0,0
2003,180704,2,1,0,0,0,0,0,0,0,0,0,0
2003,180705,1,1,17,17,17,17,17,17,17,17,17,17
2003,180705,2,1,0,0,0,0,0,0,0,0,0,0
2003,180706,1,1,0,0,0,0,0,0,0,0,0,0
2003,180706,2,1,0,0,0,0,0,0,0,0,0,0
2003,180707,0,1,0,0,0,0,0,0,20,0,0,0
2003,180707,1,1,8,8,8,8,8,8,8,8,8,8
2003,180708,1,1,5,5,5,5,5,5,5,5,5,5
2003,180708,2,1,0,0,0,0,0,0,0,0,0,0
2003,180709,0,1,0,0,0,0,0,0,0,0,0,0
2003,180709,1,1,0,0,0,0,0,0,0,0,0,0
2003,180710,1,1,0,0,0,0,0,0,0,0,0,0
2003,180711,0,1,0,0,0,0,0,0,0,0,0,0
2003,180711,0,2,0,0,0,0,26,0,34,0,0,0
2003,180711,0,3,9,18,2,0,0,11,28,14,0,18
2003,180711,1,1,0,0,0,0,0,0,0,0,0,0
2003,180711,2,1,0,0,0,0,0,0,0,0,0,0
2003,180712,1,1,0,0,0,0,0,0,0,0,0,0
2003,180713,1,1,0,0,0,0,0,0,0,0,0,0
2003,180713,2,1,0,0,0,0,0,0,0,0,0,0
2003,180714,1,1,0,0,0,0,0,0,0,0,0,6
2003,180715,1,1,0,0,0,11,0,0,0,0,0,0
2003,180716,1,1,0,0,0,0,0,0,0,0,0,0
2003,180716,2,1,0,0,0,0,0,0,0,0,0,0
2003,180717,1,1,13,13,13,13,13,13,13,13,13,13
2003,180718,1,1,0,0,0,0,0,0,0,0,0,0
2003,180718,2,1,0,0,0,0,0,0,0,0,0,0
2003,180719,0,1,0,28,0,5,14,0,31,33,46,12
2003,180719,0,2,7,0,0,38,0,0,8,0,0,9
2003,180719,1,1,0,0,0,0,0,0,0,0,0,0
2003,180720,1,1,0,0,17,0,0,0,0,0,0,0
2003,180720,2,1,0,0,0,0,0,0,0,0,0,0
2003,180721,1,1,0,0,0,0,0,0,0,0,0,7
2003,180721,2,1,0,0,0,0,0,0,0,0,0,0
2003,180722,1,1,0,0,0,0,0,0,0,0,0,0
2003,180722,2,1,0,0,0,0,0,0,0,0,0,0
2003,180723,1,1,0,0,0,0,0,0,0,0,22,0
2003,180723,2,1,0,0,0,0,0,0,0,0,0,0
2003,180724,1,1,0,15,0,0,0,13,0,0,8,0
2003,180725,1,1,0,0,0,0,0,0,0,0,0,0
2003,180725,2,1,0,0,0,0,0,0,0,0,0,0
2003,180726,1,1,3,3,3,3,3,3,3,3,3,3
2003,180727,1,1,12,12,12,12,12,12,12,12,12,12
2003,180728,1,1,0,0,0,0,0,0,0,0,0,0
2003,180729,1,1,28,3,15,18,0,15,16,13,0,17
2003,180730,0,1,0,17,0,20,0,0,0,0,0,26
2003,180730,1,1,0,0,0,12,0,0,9,0,0,0
2003,180731,1,1,8,8,8,8,8,8,8,8,8,8
2003,180731,2,1,0,0,0,0,0,0,0,0,0,0
2003,180732,1,1,16,16,16,16,16,16,16,16,16,16
2003,180732,2,1,0,0,0,0,0,0,0,0,0,0
2003,180733,1,1,0,0,0,0,0,0,0,0,0,0
2003,180733,2,1,0,0,0,0,0,0,0,3,0,0
2003,180734,1,1,17,17,17,17,17,17,17,17,17,17
2003,180734,2,1,0,0,0,0,0,0,0,0,0,0
2003,180735,1,1,0,20,0,0,21,9,36,12,46,9
2003,180736,1,1,0,0,0,0,0,0,0,0,0,0
2003,180736,2,1,0,0,0,0,0,0,0,0,0,0
2003,180737,1,1,0,0,0,0,0,0,0,0,0,0
2003,180737,2,1,0,0,0,0,0,0,0,0,0,0
2003,180738,1,1,17,17,17,17,17,17,17,17,17,17
2003,180738,2,1,0,0,0,0,0,0,0,0,0,0
2003,180738,3,1,0,0,0,0,0,0,0,0,0,0
2003,180739,1,1,0,0,0,0,0,0,0,0,0,0
2003,180739,2,1,0,0,0,0,0,0,0,0,0,0
2003,180739,3,1,0,0,0,0,0,0,0,0,0,0
2003,180740,1,1,0,0,0,0,0,0,0,0,0,0
2003,180740,2,1,0,0,0,0,0,0,0,0,0,0
2003,180741,1,1,0,0,0,0,0,0,0,0,0,0
2003,180741,2,1,0,15,0,0,0,0,11,22,0,9
2003,180742,1,1,0,0,0,0,0,0,0,0,0,0
2003,180743,1,1,16,16,16,16,16,16,16,16,16,16
2003,180744,1,1,0,0,0,0,0,0,0,0,0,0
2003,180744,2,1,0,0,0,0,0,0,0,0,0,0
2003,180745,1,1,24,24,24,24,24,24,24,24,24,24
2003,180746,1,1,22,22,22,22,22,22,22,22,22,22
2003,180747,0,1,0,0,0,0,0,0,0,0,0,0
2003,180747,0,2,0,0,6,0,0,0,0,32,21,0
2003,180747,1,1,0,0,0,0,0,0,0,0,0,0
2003,180748,1,1,21,0,15,0,0,0,0,12,0,13
2003,180749,1,1,0,0,0,0,0,0,0,0,0,0
2003,180749,2,1,0,0,0,0,0,0,0,0,0,0
2003,180750,1,1,25,25,25,25,25,25,25,25,25,25
2003,180751,1,1,0,0,0,0,0,0,0,0,0,0
2003,180751,2,1,0,0,0,0,0,0,0,0,0,0
2003,180752,1,1,0,0,0,0,0,0,0,0,0,0
2003,180752,2,1,0,0,0,0,0,0,0,0,0,0
2003,180753,1,1,0,0,0,0,0,0,0,0,0,0
2003,180754,1,1,0,0,0,0,0,0,0,0,0,0
2003,180754,2,1,0,0,0,0,0,0,0,0,0,0
2003,180754,3,1,0,0,0,16,0,0,0,0,0,5
2003,180755,1,1,0,0,0,0,0,0,0,0,0,0
2003,180756,1,1,0,0,15,24,0,0,0,0,12,0
2003,180757,1,1,0,0,0,0,0,0,0,0,0,0
2003,180757,2,1,0,0,0,0,0,0,0,0,0,0
2003,180757,3,1,0,0,0,0,0,0,0,0,0,0
2003,180758,1,1,0,0,0,0,0,0,0,0,0,0
2003,180758,2,1,0,0,0,0,0,0,0,0,0,0
2003,180759,1,1,9,8,14,5,18,7,13,12,0,9
2003,180759,2,1,0,0,0,0,0,0,0,0,0,0
2003,180759,3,1,0,0,0,0,0,0,0,0,0,0
2003,180760,1,1,7,20,0,0,0,0,0,0,0,0
2003,190001,1,1,14,35,0,0,21,0,22,18,0,0
2003,190001,2,1,0,0,0,0,0,0,0,0,0,0
2003,190001,3,1,0,0,9,0,0,0,0,0,12,0
2003,190001,4,1,0,0,0,0,0,0,0,0,0,0
2003,190002,1,1,0,10,6,10,30,12,12,8,11,13
2003,190003,0,1,12,0,0,26,0,0,0,0,0,0
2003,190003,1,1,0,0,0,0,0,0,0,0,0,0
2003,190004,1,1,0,0,0,0,0,0,0,0,0,0
2003,190005,1,1,0,0,0,0,0,0,0,0,0,0
2003,190006,1,1,22,0,19,13,9,29,0,0,14,29
2003,190007,1,1,0,0,0,0,0,0,0,0,0,0
2003,190008,1,1,0,0,0,5,0,0,0,0,0,0
2003,190009,1,1,0,0,0,0,0,0,0,0,0,0
2003,190010,1,1,0,0,0,0,0,0,0,0,0,0
2003,190010,2,1,0,0,0,0,0,0,0,17,0,0
2003,190011,1,1,20,20,20,20,20,20,20,20,20,20
2003,190012,1,1,0,0,0,0,0,0,0,0,0,0
2003,190013,1,1,0,0,0,0,0,0,0,0,0,0
2003,190014,1,1,0,0,0,0,0,0,0,0,0,0
2003,190014,2,1,0,0,0,0,0,0,0,0,0,0
2003,190015,1,1,0,0,0,0,0,0,0,0,0,0
2003,190015,2,1,0,9,17,0,0,0,0,0,0,0
2003,190016,1,1,0,0,17,0,0,0,0,19,9,33
2003,190017,1,1,14,14,14,14,14,14,14,14,14,14
2003,190018,1,1,35,35,35,35,35,35,35,35,35,35
2003,190019,1,1,24,24,24,24,24,24,24,24,24,24
2003,190020,1,1,0,0,0,0,0,0,0,7,0,0
2003,190021,1,1,0,0,0,0,0,0,0,0,12,21
2003,190022,1,1,0,0,0,0,0,0,0,0,0,0
2003,190022,2,1,0,0,0,0,0,0,0,0,0,0
2003,190023,1,1,2,2,2,2,2,2,2,2,2,2
2003,190024,1,1,0,0,0,0,0,0,0,0,0,0
2003,190024,2,1,0,0,0,0,0,0,0,0,0,0
2003,190025,1,1,0,0,0,0,17,0,0,0,0,0
2003,190026,1,1,0,0,25,0,0,0,0,0,0,0
2003,190026,2,1,0,0,0,0,0,0,0,0,0,0
2003,190027,1,1,0,0,0,0,0,0,0,0,0,0
2003,190027,2,1,0,0,0,0,0,0,0,0,0,0
2003,190028,1,1,0,0,14,0,12,0,8,0,0,0
2003,190028,2,1,0,0,12,0,0,0,13,0,0,0
2003,190029,1,1,24,24,24,24,24,24,24,24,24,24
2003,190030,1,1,19,19,19,19,19,19,19,19,19,19
2003,190031,1,1,0,0,0,0,0,0,0,0,0,0
2003,190031,2,1,0,0,0,0,0,0,0,0,0,0
2003,190032,1,1,0,0,0,0,0,12,0,0,0,0
2003,190032,2,1,5,0,0,0,0,0,0,0,0,0
2003,190033,1,1,0,0,0,0,0,0,0,0,0,18
2003,190033,2,1,0,0,0,0,0,0,0,0,0,0
2003,190034,1,1,2,2,2,2,2,2,2,2,2,2
2003,190035,1,1,0,0,0,0,0,0,0,0,0,0
2003,190036,1,1,7,7,7,7,7,7,7,7,7,7
2003,190037,1,1,0,0,0,0,0,0,0,0,0,0
2003,190038,1,1,0,0,0,0,0,0,0,0,0,0
2003,190038,2,1,0,0,0,0,0,0,0,0,0,0
2003,190039,1,1,24,24,24,24,24,24,24,24,24,24
2003,190040,0,1,0,0,0,0,0,0,0,0,0,0
2003,190040,1,1,0,0,0,0,0,0,0,0,0,0
2003,190041,1,1,29,29,29,29,29,29,29,29,29,29
2003,190042,0,1,0,11,0,0,0,0,0,0,0,20
2003,190043,1,1,0,0,0,0,0,0,0,0,0,0
2003,190043,2,1,0,0,0,0,0,0,0,0,0,0
2003,190044,1,1,0,0,0,0,0,0,0,15,0,0
2003,190045,1,1,0,0,0,0,0,0,0,0,0,0
2003,190045,2,1,0,0,0,0,0,0,0,0,0,0
2003,190046,1,1,0,0,0,0,0,0,0,0,0,0
2003,190047,1,1,0,0,0,0,0,0,0,0,12,0
2003,190047,2,1,0,0,0,0,0,0,0,0,0,0
2003,190048,1,1,0,0,0,0,0,0,0,0,0,0
2003,190048,2,1,0,0,0,0,0,0,0,0,0,2
2003,190049,1,1,17,17,17,17,17,17,17,17,17,17
2003,190050,1,1,0,0,0,0,0,0,0,0,0,0
2003,190051,1,1,0,0,22,0,0,0,0,0,0,0
2003,190052,1,1,26,26,26,26,26,26,26,26,26,26
2003,190053,1,1,0,0,0,0,0,0,8,0,0,0
2003,190054,1,1,0,16,0,22,0,2,0,0,0,0
2003,190055,1,1,0,0,0,22,0,0,0,0,0,0
2003,190056,1,1,0,14,0,0,0,10,0,0,0,0
2003,190057,1,1,0,0,0,0,0,0,0,0,0,28
2003,190058,1,1,4,4,4,4,4,4,4,4,4,4
2003,190060,1,1,0,0,0,0,0,0,0,0,0,0
2003,190060,2,1,0,0,0,0,0,0,0,0,0,0
2003,190061,1,1,0,0,0,0,0,0,0,0,0,0
2003,190061,2,1,0,0,0,0,0,0,0,0,0,0
2003,190062,1,1,0,0,0,0,0,0,0,0,0,0
2003,190062,2,1,0,0,0,0,0,0,0,0,0,0
2003,190063,1,1,0,0,0,0,0,0,0,0,0,0
2003,190064,1,1,0,0,0,0,0,0,0,0,0,0
2003,190064,2,1,0,0,0,0,0,0,0,0,0,0
2003,190065,1,1,0,0,23,19,0,24,0,0,0,0
2003,190066,1,1,0,0,0,0,0,0,0,0,0,0
2003,190066,2,1,0,0,0,0,0,0,0,0,0,0
2003,190066,3,1,0,0,0,0,0,0,0,0,0,0
2003,190067,1,1,0,0,0,0,0,0,0,0,0,0
2003,190067,2,1,0,0,0,0,0,0,0,0,0,0
2003,190068,1,1,0,0,0,0,0,0,0,0,0,0
2003,190069,1,1,0,0,0,0,0,0,0,0,0,0
2003,190069,2,1,0,0,0,0,0,0,0,0,0,0
2003,190070,1,1,13,13,13,13,13,13,13,13,13,13
2003,190071,1,1,12,0,0,0,0,0,0,0,0,19
2003,190072,1,1,0,0,0,0,0,0,0,0,0,0
2003,190073,1,1,16,0,0,10,32,13,0,0,10,0
2003,190074,1,1,0,0,0,0,0,0,0,0,0,0
2003,190074,2,1,19,19,19,19,19,19,19,19,19,19
2003,190075,1,1,0,0,12,0,0,0,23,20,0,21
2003,190076,1,1,0,0,0,0,0,0,0,0,0,0
2003,190076,2,1,0,0,0,0,0,0,0,0,0,0
2003,190077,1,1,2,2,2,2,2,2,2,2,2,2
2003,190078,1,1,0,0,0,0,0,0,0,0,0,0
2003,190078,2,1,0,0,0,0,0,0,0,0,0,0
2003,190079,1,1,0,0,0,0,0,0,0,0,0,0