YEAR,ST_CASE,veh_no,per_no,P1,P2,P3,P4,P5,P6,P7,P8,P9,P10
2003,190079,2,1,11,0,0,0,0,37,5,0,0,0
2003,190080,1,1,1,1,1,1,1,1,1,1,1,1
2003,190081,1,1,22,22,22,22,22,22,22,22,22,22
2003,190081,2,1,0,0,0,0,0,0,0,0,0,0
2003,190082,1,1,0,0,0,0,0,0,0,0,0,0
2003,190082,2,1,0,0,0,0,0,0,0,0,0,0
2003,190083,1,1,24,18,0,0,27,13,0,0,17,18
2003,190084,1,1,24,24,24,24,24,24,24,24,24,24
2003,190085,1,1,0,0,0,18,0,0,0,0,0,0
2003,190085,2,1,0,0,0,16,0,0,0,0,0,0
2003,190086,1,1,0,0,0,0,0,0,0,0,0,0
2003,190086,2,1,0,0,0,0,0,0,0,0,0,0
2003,190087,0,1,0,0,0,0,8,0,31,0,0,0
2003,190087,1,1,0,0,0,0,0,0,0,0,0,0
2003,190088,1,1,0,0,0,0,0,0,0,0,0,0
2003,190089,1,1,0,0,0,0,0,0,0,0,0,0
2003,190089,2,1,18,18,18,18,18,18,18,18,18,18
2003,190090,1,1,0,0,0,0,0,0,0,0,0,0
2003,190090,2,1,0,0,0,0,0,0,0,0,0,0
2003,190091,1,1,0,0,0,0,0,0,0,0,0,0
2003,190092,1,1,0,0,0,0,0,0,0,0,0,0
2003,190093,1,1,0,0,0,0,0,0,0,0,0,0
2003,190093,2,1,0,0,0,0,0,0,0,0,0,0
2003,190094,0,1,0,0,0,0,0,0,0,0,0,0
2003,190094,1,1,0,0,0,0,0,0,0,0,0,0
2003,190095,1,1,0,0,0,0,0,0,0,0,0,0
2003,190095,2,1,0,0,0,0,0,0,0,0,0,0
2003,190096,1,1,17,17,17,17,17,17,17,17,17,17
2003,190097,1,1,0,0,0,0,0,0,0,0,0,0
2003,190097,2,1,0,0,0,0,0,0,0,0,0,0
2003,190098,0,1,16,16,6,15,42,27,0,16,19,19
2003,190098,1,1,0,0,0,0,0,0,0,0,0,0
2003,190099,1,1,0,0,15,0,0,0,0,0,0,0
2003,190099,2,1,0,0,0,0,0,0,0,0,0,0
2003,190100,1,1,2,2,2,2,2,2,2,2,2,2
2003,190101,0,1,15,15,15,15,15,15,15,15,15,15
2003,190101,1,1,13,13,13,13,13,13,13,13,13,13
2003,190102,1,1,22,22,22,22,22,22,22,22,22,22
2003,190103,1,1,0,0,0,0,0,0,0,0,0,0
2003,190103,2,1,0,0,0,0,0,0,0,0,0,0
2003,190104,1,1,16,16,16,16,16,16,16,16,16,16
2003,190105,1,1,22,22,22,22,22,22,22,22,22,22
2003,190106,1,1,0,19,0,0,0,0,0,0,0,0
2003,190106,2,1,0,0,0,0,0,0,0,0,0,0
2003,190106,3,1,0,0,0,0,0,0,0,0,0,0
2003,190107,1,1,21,21,21,21,21,21,21,21,21,21
2003,190108,1,1,0,0,0,0,0,0,0,0,0,0
2003,190108,2,1,0,0,0,0,0,0,0,0,0,0
2003,190109,1,1,9,9,9,9,9,9,9,9,9,9
2003,190109,2,1,0,0,0,0,0,0,0,0,0,0
2003,190110,1,1,0,0,0,0,0,0,0,0,0,0
2003,190110,2,1,0,0,0,0,0,0,0,0,0,0
2003,190110,3,1,0,0,0,0,0,0,0,0,0,0
2003,190111,1,1,0,0,0,0,0,0,0,0,0,0
2003,190111,2,1,0,0,0,0,0,0,0,0,0,0
2003,190112,1,1,0,0,0,19,6,0,0,0,0,0
2003,190113,1,1,0,0,0,22,0,0,0,0,0,0
2003,190114,1,1,19,19,19,19,19,19,19,19,19,19
2003,190115,1,1,18,18,18,18,18,18,18,18,18,18
2003,190116,1,1,0,30,0,0,11,0,0,0,0,0
2003,190117,1,1,16,13,29,26,15,9,12,0,4,20
2003,190117,2,1,0,18,0,0,0,0,0,0,0,0
2003,190119,1,1,0,0,0,0,0,0,0,0,0,0
2003,190119,2,1,0,0,0,0,0,0,0,0,0,0
2003,190120,1,1,13,13,13,13,13,13,13,13,13,13
2003,190121,1,1,0,0,0,0,0,0,0,0,0,0
2003,190121,2,1,22,0,0,0,0,0,0,8,0,0
2003,190122,1,1,0,0,0,0,0,0,0,0,0,0
2003,190122,2,1,0,0,0,0,0,0,0,0,0,0
2003,190123,1,1,10,10,10,10,10,10,10,10,10,10
2003,190124,1,1,0,0,0,0,0,0,0,0,0,0
2003,190125,1,1,24,24,24,24,24,24,24,24,24,24
2003,190126,1,1,0,0,0,0,0,0,0,0,0,0
2003,190126,2,1,22,0,0,0,0,0,0,0,0,0
2003,190127,1,1,0,0,0,0,0,0,0,0,0,0
2003,190128,1,1,0,0,0,0,0,0,0,0,0,0
2003,190128,2,1,0,0,0,0,0,0,0,0,0,0
2003,190129,1,1,26,26,26,26,26,26,26,26,26,26
2003,190130,1,1,4,4,4,4,4,4,4,4,4,4
2003,190131,1,1,0,0,0,15,0,0,0,0,0,0
2003,190132,1,1,16,16,16,16,16,16,16,16,16,16
2003,190133,1,1,0,0,0,0,0,0,0,0,0,0
2003,190133,2,1,0,0,0,0,0,0,0,0,0,0
2003,190134,1,1,0,0,0,0,0,0,0,0,0,0
2003,190135,1,1,25,25,25,25,25,25,25,25,25,25
2003,190135,2,1,0,0,3,0,0,0,0,0,0,0
2003,190135,3,1,5,5,5,5,5,5,5,5,5,5
2003,190136,1,1,0,0,0,0,0,0,0,0,0,0
2003,190137,1,1,0,0,0,0,0,0,0,0,9,11
2003,190138,1,1,29,11,17,0,0,0,7,0,0,0
2003,190139,1,1,0,0,0,0,0,0,0,0,0,0
2003,190139,2,1,0,0,0,0,18,0,0,0,0,0
2003,190140,1,1,0,0,0,0,0,0,0,10,0,0
2003,190141,1,1,18,18,18,18,18,18,18,18,18,18
2003,190142,1,1,0,0,0,0,0,0,26,0,0,0
2003,190143,1,1,15,15,15,15,15,15,15,15,15,15
2003,190144,1,1,14,14,14,14,14,14,14,14,14,14
2003,190145,1,1,0,0,0,0,0,0,0,0,0,0
2003,190145,2,1,0,0,0,0,0,0,0,0,0,0
2003,190145,3,1,0,0,0,0,0,0,0,0,0,0
2003,190146,1,1,14,14,14,14,14,14,14,14,14,14
2003,190147,1,1,0,0,0,0,0,0,0,0,0,0
2003,190147,2,1,0,0,0,7,0,0,0,0,0,0
2003,190148,1,1,2,2,2,2,2,2,2,2,2,2
2003,190148,2,1,0,0,0,0,0,0,0,0,0,0
2003,190149,1,1,0,0,0,0,9,0,0,0,0,0
2003,190150,1,1,0,0,0,0,0,0,0,0,0,0
2003,190150,2,1,0,0,0,0,0,0,0,0,0,0
2003,190150,3,1,0,0,0,0,0,0,0,0,0,0
2003,190151,1,1,0,0,0,0,0,0,0,0,0,0
2003,190151,2,1,0,0,0,0,0,0,0,0,0,0
2003,190151,3,1,0,0,0,0,0,0,0,0,0,0
2003,190152,1,1,19,19,19,19,19,19,19,19,19,19
2003,190152,2,1,0,0,0,0,0,0,0,0,0,0
2003,190153,1,1,0,0,0,0,0,0,0,0,0,0
2003,190153,2,1,0,0,0,0,0,0,0,0,0,0
2003,190154,1,1,0,0,0,0,0,0,0,0,0,0
2003,190154,2,1,0,0,0,0,0,0,0,0,0,0
2003,190155,1,1,18,18,18,18,18,18,18,18,18,18
2003,190156,1,1,0,0,0,0,0,0,0,0,0,0
2003,190156,2,1,0,0,0,0,0,0,0,0,0,0
2003,190157,1,1,0,16,14,0,0,0,0,0,0,0
2003,190158,1,1,0,0,0,0,0,0,0,0,0,0
2003,190158,2,1,0,0,0,0,0,0,0,0,0,0
2003,190159,1,1,0,0,0,0,23,0,0,0,0,0
2003,190160,1,1,12,12,12,12,12,12,12,12,12,12
2003,190161,1,1,0,0,0,0,0,0,12,0,0,0
2003,190162,1,1,0,0,0,0,0,0,0,0,0,0
2003,190162,2,1,5,5,5,5,5,5,5,5,5,5
2003,190163,0,1,0,0,0,0,0,0,0,0,0,0
2003,190163,1,1,0,0,0,0,0,0,0,0,0,0
2003,190164,1,1,0,0,0,0,0,0,13,0,0,0
2003,190164,2,1,0,0,0,0,0,0,0,0,0,0
2003,190165,1,1,0,12,0,0,10,0,0,0,0,0
2003,190165,2,1,0,0,0,0,0,0,0,0,0,0
2003,190166,1,1,0,0,0,0,0,0,0,0,0,0
2003,190166,2,1,0,0,0,0,0,0,0,0,0,0
2003,190167,1,1,0,0,0,0,0,0,0,6,0,0
2003,190167,2,1,0,0,0,0,0,0,0,0,0,0
2003,190168,1,1,7,0,21,0,20,34,0,10,0,0
2003,190169,1,1,22,0,0,0,0,11,11,0,0,0
2003,190170,1,1,0,9,0,10,0,0,0,0,0,0
2003,190171,1,1,35,15,21,20,6,19,17,17,19,15
2003,190172,1,1,0,0,0,0,0,0,0,0,0,0
2003,190173,1,1,0,0,0,0,0,0,0,0,0,0
2003,190173,2,1,0,0,0,0,0,0,0,0,0,0
2003,190174,1,1,0,0,0,0,6,0,9,0,0,0
2003,190175,1,1,0,0,0,11,0,0,0,0,0,0
2003,190176,1,1,0,0,0,0,0,0,0,0,0,0
2003,190177,1,1,0,0,0,0,0,0,0,0,0,0
2003,190177,2,1,0,0,27,0,0,0,0,0,0,13
2003,190178,1,1,1,1,1,1,1,1,1,1,1,1
2003,190178,2,1,14,14,14,14,14,14,14,14,14,14
2003,190179,1,1,0,0,0,0,0,0,0,0,0,0
2003,190179,2,1,0,0,0,0,0,0,0,0,0,0
2003,190180,1,1,9,9,9,9,9,9,9,9,9,9
2003,190181,1,1,0,0,0,0,0,0,19,0,0,0
2003,190182,1,1,0,0,0,0,0,0,0,0,0,0
2003,190182,2,1,0,0,0,0,0,0,0,0,0,0
2003,190183,1,1,18,18,18,18,18,18,18,18,18,18
2003,190184,1,1,0,0,15,0,0,0,9,25,0,0
2003,190185,1,1,17,17,17,17,17,17,17,17,17,17
2003,190186,1,1,0,0,0,0,0,0,0,0,0,0
2003,190187,1,1,0,0,0,0,0,0,0,0,0,0
2003,190187,2,1,0,0,0,0,0,0,0,0,0,0
2003,190188,1,1,0,0,0,12,0,12,0,0,0,0
2003,190189,1,1,16,16,16,16,16,16,16,16,16,16
2003,190190,1,1,15,15,15,15,15,15,15,15,15,15
2003,190191,1,1,0,0,0,0,0,0,0,0,0,0
2003,190192,1,1,0,0,0,0,0,0,0,0,0,0
2003,190193,1,1,0,0,0,0,0,0,0,0,0,0
2003,190193,2,1,0,0,0,0,0,0,0,0,0,0
2003,190194,1,1,0,0,0,0,0,0,0,0,0,0
2003,190195,1,1,17,17,17,17,17,17,17,17,17,17
2003,190196,1,1,0,0,31,0,0,0,0,0,0,0
2003,190197,1,1,0,0,0,0,0,0,0,0,0,0
2003,190198,1,1,16,16,16,16,16,16,16,16,16,16
2003,190199,1,1,0,0,0,0,0,0,0,0,0,0
2003,190199,2,1,0,0,0,0,0,0,0,0,0,0
2003,190200,1,1,4,4,4,4,4,4,4,4,4,4
2003,190200,2,1,0,0,0,0,0,0,0,0,0,0
2003,190201,1,1,0,18,0,27,0,0,0,0,0,0
2003,190202,1,1,0,0,0,0,0,0,16,0,0,0
2003,190203,1,1,0,0,0,0,0,0,0,0,0,0
2003,190203,2,1,0,0,0,0,0,0,0,0,0,0
2003,190204,1,1,0,0,0,0,0,0,0,0,0,0
2003,190204,2,1,0,0,0,0,0,0,0,0,0,0
2003,190205,1,1,29,29,29,29,29,29,29,29,29,29
2003,190205,2,1,0,0,0,0,0,0,0,0,0,0
2003,190206,1,1,0,0,0,0,0,0,0,0,0,0
2003,190206,2,1,0,0,0,0,0,0,0,0,0,0
2003,190207,1,1,19,19,19,19,19,19,19,19,19,19
2003,190207,2,1,0,0,0,0,0,0,0,0,0,0
2003,190208,1,1,0,20,0,0,0,28,0,0,0,0
2003,190210,1,1,0,0,0,0,0,0,0,0,0,0
2003,190210,2,1,0,0,0,0,0,0,0,0,0,0
2003,190211,1,1,19,19,19,19,19,19,19,19,19,19
2003,190212,1,1,0,0,0,0,0,0,0,0,0,0
2003,190212,2,1,0,0,0,0,0,0,0,0,0,0
2003,190213,1,1,0,0,0,0,0,0,0,0,0,0
2003,190213,2,1,0,0,0,0,0,0,0,0,0,0
2003,190214,1,1,0,0,0,0,0,0,0,0,0,0
2003,190214,2,1,0,0,19,0,10,0,6,0,0,0
2003,190215,1,1,0,0,0,0,0,0,0,0,0,21
2003,190215,2,1,0,0,0,0,0,0,0,5,0,0
2003,190216,1,1,7,7,7,7,7,7,7,7,7,7
2003,190217,1,1,0,0,0,0,0,0,0,0,0,0
2003,190218,1,1,0,0,0,0,0,0,0,0,0,0
2003,190219,1,1,17,0,0,0,0,0,0,0,0,0
2003,190219,2,1,0,0,0,0,0,0,0,0,0,0
2003,190219,3,1,0,0,0,0,27,0,0,0,0,0
2003,190220,1,1,0,0,0,0,15,0,0,0,0,0
2003,190221,1,1,0,0,0,0,0,16,0,0,0,0
2003,190222,1,1,0,0,0,0,0,0,0,0,0,0
2003,190222,2,1,0,0,0,0,0,0,0,0,0,0
2003,190223,1,1,11,20,9,0,9,0,13,10,0,17
2003,190224,1,1,0,0,15,0,0,0,0,10,15,13
2003,190224,2,1,0,0,0,0,0,0,0,0,0,0
2003,190225,1,1,3,3,3,3,3,3,3,3,3,3
2003,190225,2,1,0,0,0,0,0,0,0,0,0,0
2003,190226,1,1,0,0,0,0,0,0,0,0,0,0
2003,190226,2,1,0,0,0,0,0,0,0,0,0,0
2003,190227,1,1,0,0,0,0,0,0,0,0,0,0
2003,190228,1,1,0,0,0,0,0,0,0,0,10,0
2003,190229,1,1,0,0,0,0,0,0,0,0,0,0
2003,190229,2,1,0,0,0,0,0,0,0,0,0,0
2003,190230,1,1,0,0,0,0,0,0,0,0,0,0
2003,190231,1,1,0,0,0,0,0,0,0,0,0,0
2003,190232,1,1,0,0,0,0,0,0,0,0,0,0
2003,190233,1,1,0,0,0,0,0,0,0,0,0,0
2003,190233,2,1,0,0,0,0,0,0,0,0,0,0
2003,190234,1,1,0,0,0,7,13,11,0,0,18,0
2003,190235,1,1,0,0,0,0,0,0,0,0,0,0
2003,190235,2,1,0,0,0,0,0,0,0,0,0,0
2003,190236,1,1,0,0,0,0,0,0,0,0,0,0
2003,190237,1,1,21,21,21,21,21,21,21,21,21,21
2003,190237,2,1,15,15,15,15,15,15,15,15,15,15
2003,190238,1,1,0,0,0,0,0,0,0,0,0,0
2003,190238,2,1,0,0,0,0,0,0,0,0,0,0
2003,190239,1,1,0,0,0,0,0,0,0,0,0,0
2003,190239,2,1,0,0,0,0,0,0,0,0,0,0
2003,190240,1,1,0,0,0,0,8,0,0,0,0,0
2003,190241,1,1,0,0,0,0,0,15,9,0,24,0
2003,190242,0,1,0,33,12,0,31,0,0,0,0,0
2003,190242,1,1,0,10,0,0,0,29,0,0,0,0
2003,190243,1,1,0,0,0,0,0,0,0,0,0,0
2003,190243,2,1,0,0,0,0,0,0,0,0,0,0
2003,190243,3,1,0,0,0,0,0,0,0,7,0,0
2003,190243,4,1,0,0,0,0,0,0,0,0,0,0
2003,190243,5,1,0,0,0,0,0,0,0,0,0,0
2003,190244,1,1,0,0,0,0,0,0,10,0,0,0
2003,190244,2,1,0,0,0,0,0,0,0,0,0,0
2003,190245,1,1,0,0,0,0,22,5,16,9,6,7
2003,190246,1,1,0,0,0,0,0,0,0,0,0,0
2003,190246,2,1,0,0,0,0,0,0,0,0,0,0
2003,190247,1,1,14,0,0,13,9,0,0,0,26,0
2003,190248,1,1,9,9,9,9,9,9,9,9,9,9
2003,190248,2,1,0,0,0,0,0,0,0,0,0,0
2003,190249,0,1,0,31,49,0,0,0,29,10,31,29
2003,190249,1,1,0,0,0,0,0,0,0,5,0,0
2003,190250,1,1,0,0,0,0,0,0,0,0,0,0
2003,190251,1,1,0,0,3,0,0,0,0,0,0,0
2003,190252,1,1,0,0,0,0,0,0,0,0,0,0
2003,190252,2,1,0,0,0,0,0,0,0,0,15,0
2003,190253,1,1,0,27,0,0,0,0,0,0,0,0
2003,190253,2,1,0,0,0,0,0,0,0,0,0,0
2003,190254,1,1,0,0,14,0,0,0,0,0,0,4
2003,190255,1,1,20,20,20,20,20,20,20,20,20,20
2003,190256,1,1,0,0,0,0,0,0,0,0,0,0
2003,190256,2,1,0,0,0,0,0,18,0,0,18,24
2003,190257,1,1,0,0,0,0,0,0,3,7,0,0
2003,190257,2,1,0,16,0,0,0,0,0,0,0,0
2003,190258,1,1,5,5,5,5,5,5,5,5,5,5
2003,190259,1,1,22,22,22,22,22,22,22,22,22,22
2003,190260,1,1,0,0,0,0,0,0,0,6,0,27
2003,190260,2,1,0,0,0,0,0,0,0,0,0,0
2003,190261,1,1,31,31,31,31,31,31,31,31,31,31
2003,190262,1,1,0,0,0,0,0,0,0,0,0,0
2003,190262,2,1,0,0,0,0,0,0,0,0,0,0
2003,190263,1,1,0,0,0,0,0,0,0,20,0,0
2003,190263,2,1,0,0,0,0,0,0,0,0,32,0
2003,190264,0,1,0,0,0,0,0,0,0,0,0,0
2003,190264,1,1,0,0,0,0,0,0,0,0,0,0
2003,190265,1,1,15,15,15,15,15,15,15,15,15,15
2003,190266,0,1,0,0,0,0,0,0,0,0,0,0
2003,190266,1,1,0,0,0,0,0,0,0,0,0,0
2003,190267,1,1,26,26,26,26,26,26,26,26,26,26
2003,190268,1,1,0,20,30,16,0,0,0,0,0,0
2003,190269,0,1,17,0,0,0,0,3,0,0,12,27
2003,190269,1,1,0,0,12,0,0,11,0,0,6,0
2003,190270,0,1,16,16,16,16,16,16,16,16,16,16
2003,190270,1,1,0,0,0,0,0,0,0,0,0,0
2003,190271,1,1,0,0,24,0,0,0,0,0,0,0
2003,190272,1,1,13,13,13,13,13,13,13,13,13,13
2003,190273,1,1,0,0,0,0,0,0,0,0,0,0
2003,190273,2,1,0,13,0,0,0,0,0,0,0,0
2003,190274,1,1,0,0,0,0,0,0,0,0,0,0
2003,190275,1,1,0,0,0,0,0,0,0,0,0,0
2003,190276,1,1,0,0,0,0,0,0,0,0,0,0
2003,190276,2,1,0,0,0,0,0,0,0,0,0,0
2003,190277,1,1,0,0,0,0,9,0,0,0,0,0
2003,190277,2,1,0,0,0,0,0,0,0,0,0,0
2003,190278,1,1,20,20,20,20,20,20,20,20,20,20
2003,190279,1,1,25,25,25,25,25,25,25,25,25,25
2003,190280,1,1,11,0,0,0,0,0,0,0,6,0
2003,190281,1,1,0,0,0,0,0,0,0,0,0,0
2003,190282,1,1,0,0,0,0,0,0,0,0,0,0
2003,190282,2,1,0,27,0,0,0,0,0,0,0,0
2003,190283,0,1,23,23,23,23,23,23,23,23,23,23
2003,190283,1,1,0,0,0,0,0,0,0,0,0,0
2003,190284,0,1,0,0,0,0,0,0,0,0,0,0
2003,190284,1,1,0,0,0,0,0,0,0,0,0,0
2003,190285,1,1,0,0,0,0,0,0,0,0,0,0
2003,190285,2,1,0,0,0,8,0,0,0,0,0,0
2003,190285,3,1,0,0,0,0,0,0,0,0,0,0
2003,190286,1,1,0,0,0,0,0,0,0,0,0,0
2003,190286,2,1,0,0,0,0,0,0,0,0,0,7
2003,190287,1,1,3,3,3,3,3,3,3,3,3,3
2003,190288,1,1,0,0,0,0,0,0,0,0,0,0
2003,190288,2,1,0,0,0,0,0,0,0,0,0,2
2003,190289,1,1,0,8,15,0,0,0,0,0,0,0
2003,190290,1,1,19,19,19,19,19,19,19,19,19,19
2003,190291,1,1,0,0,0,0,0,0,0,0,0,0
2003,190292,1,1,0,0,0,0,14,0,0,0,0,0
2003,190293,1,1,0,0,0,0,0,0,0,0,0,0
2003,190293,2,1,0,0,0,0,0,0,0,0,0,0
2003,190294,1,1,0,0,0,0,0,0,0,0,0,26
2003,190295,1,1,0,0,0,0,0,0,0,0,0,0
2003,190295,2,1,0,0,0,0,0,0,0,0,0,0
2003,190296,1,1,17,17,17,17,17,17,17,17,17,17
2003,190297,1,1,16,16,16,16,16,16,16,16,16,16
2003,190298,1,1,0,0,0,0,0,0,0,0,0,0
2003,190299,1,1,0,0,0,0,0,0,0,0,0,0
2003,190299,2,1,0,0,0,0,0,0,0,0,0,0
2003,190300,1,1,0,0,0,0,0,0,0,0,0,0
2003,190301,1,1,16,26,0,16,0,0,0,6,18,0
2003,190302,1,1,0,0,0,0,0,0,0,0,0,28
2003,190303,1,1,0,0,0,0,0,0,0,0,0,0
2003,190303,2,1,0,0,0,0,0,0,0,0,0,0
2003,190304,1,1,0,0,0,0,0,0,0,0,0,0
2003,190304,2,1,22,22,22,22,22,22,22,22,22,22
2003,190305,1,1,0,0,0,0,0,0,0,0,0,0
2003,190305,2,1,0,0,19,0,0,0,0,0,0,23
2003,190306,1,1,0,0,0,0,0,0,0,0,0,0
2003,190306,2,1,0,0,0,0,0,0,0,0,0,0
2003,190307,1,1,0,0,0,0,0,0,0,0,3,0
2003,190308,1,1,0,0,0,0,0,0,0,0,0,0
2003,190308,2,1,11,0,0,0,0,0,0,0,0,0
2003,190309,1,1,0,0,0,0,0,0,0,0,0,0
2003,190309,2,1,0,0,0,0,0,0,0,0,0,0
2003,190310,1,1,18,18,18,18,18,18,18,18,18,18
2003,190311,1,1,0,0,0,0,0,0,0,0,0,0
2003,190311,2,1,0,0,0,0,0,0,0,0,0,0
2003,190312,1,1,12,12,12,12,12,12,12,12,12,12
2003,190313,1,1,22,22,22,22,22,22,22,22,22,22
2003,190314,1,1,0,0,0,0,0,11,0,0,0,21
2003,190314,2,1,15,15,15,15,15,15,15,15,15,15
2003,190315,1,1,0,0,0,0,0,0,0,0,0,0
2003,190315,2,1,0,0,0,0,0,0,0,0,0,0
2003,190316,1,1,0,0,0,0,0,0,0,0,0,0
2003,190316,2,1,0,0,0,0,0,0,0,0,0,0
2003,190317,1,1,0,0,0,0,0,0,0,0,0,0
2003,190317,2,1,0,0,0,0,0,0,0,0,0,0
2003,190317,3,1,0,0,0,0,0,0,0,0,0,0
2003,190318,1,1,0,0,0,0,0,0,0,0,0,0
2003,190319,1,1,10,10,10,10,10,10,10,10,10,10
2003,190319,2,1,0,0,0,0,0,0,0,0,0,0
2003,190320,1,1,0,0,0,0,0,19,0,0,0,0
2003,190320,2,1,0,0,0,0,9,0,0,0,0,0
2003,190321,1,1,0,0,8,0,0,0,0,0,0,0
2003,190321,2,1,0,0,0,14,0,0,0,0,0,0
2003,190322,1,1,0,0,0,0,0,0,0,0,16,0
2003,190323,1,1,0,0,0,0,0,0,0,0,0,0
2003,190323,2,1,0,0,0,0,0,0,3,0,0,0
2003,190324,1,1,14,0,0,0,22,0,0,0,0,0
2003,190325,1,1,0,0,0,0,0,0,0,14,0,0
2003,190325,2,1,0,0,0,0,0,0,0,0,0,0
2003,190326,1,1,0,0,0,0,0,0,0,0,0,0
2003,190327,1,1,21,0,26,0,0,0,0,0,0,0
2003,190328,0,1,0,0,25,0,0,0,1,25,35,24
2003,190328,1,1,0,0,0,0,0,0,0,0,0,0
2003,190329,1,1,0,0,0,0,0,0,0,0,0,0
2003,190329,2,1,0,0,0,0,0,0,0,0,0,0
2003,190330,1,1,0,0,0,0,18,0,0,0,0,0
2003,190330,2,1,0,0,0,0,0,0,0,0,0,0
2003,190331,1,1,0,0,0,0,0,0,0,7,0,0
2003,190332,1,1,0,0,0,0,0,0,0,0,0,0
2003,190334,1,1,0,0,24,0,0,0,0,10,0,0
2003,190334,2,1,0,0,0,0,0,0,0,0,0,0
2003,190334,3,1,0,0,0,0,0,0,0,0,0,0
2003,190334,4,1,0,0,0,0,0,0,0,0,0,0
2003,190335,1,1,0,0,0,0,0,0,0,0,0,0
2003,190335,2,1,0,0,0,0,9,8,0,0,0,0
2003,190336,1,1,6,0,0,0,0,0,0,0,0,0
2003,190336,2,1,0,0,0,0,0,0,0,0,0,0
2003,190337,1,1,0,0,0,0,0,0,0,0,0,0
2003,190337,2,1,0,0,0,0,0,0,0,0,0,0
2003,190338,1,1,0,0,0,0,0,0,0,0,0,0
2003,190338,2,1,0,0,0,0,0,0,0,0,0,0
2003,190339,1,1,0,0,0,0,0,0,0,0,0,0
2003,190339,2,1,0,0,0,0,0,0,0,0,0,0
2003,190340,1,1,0,0,0,0,0,0,0,0,0,0
2003,190340,2,1,0,0,0,0,0,0,0,0,0,0
2003,190342,1,1,0,0,0,0,0,0,0,0,0,0
2003,190342,2,1,0,0,0,0,0,0,0,0,0,0
2003,190343,1,1,0,0,0,0,0,0,0,0,0,0
2003,190344,1,1,0,0,0,0,0,0,0,0,0,0
2003,190345,1,1,0,0,0,0,0,0,0,0,0,0
2003,190346,1,1,0,0,0,0,0,0,0,0,0,0
2003,190346,2,1,0,0,0,0,0,0,0,0,0,0
2003,190347,1,1,19,19,19,19,19,19,19,19,19,19
2003,190348,1,1,0,0,0,0,0,0,0,0,0,0
2003,190348,2,1,0,0,0,0,0,0,0,0,14,0
2003,190349,1,1,0,0,0,0,0,0,0,0,0,0
2003,190350,0,1,0,0,0,0,0,0,0,0,0,6
2003,190350,1,1,0,0,0,0,0,0,0,0,0,0
2003,190351,1,1,0,0,0,0,0,0,0,0,0,0
2003,190352,1,1,12,16,17,12,25,16,14,12,6,12
2003,190353,1,1,12,12,12,12,12,12,12,12,12,12
2003,190354,1,1,16,16,16,16,16,16,16,16,16,16
2003,190355,1,1,0,0,0,0,0,0,0,0,0,0
2003,190355,2,1,0,0,0,0,0,0,0,0,0,0
2003,190356,1,1,0,0,0,0,0,0,0,0,0,0
2003,190357,1,1,0,0,0,0,0,0,0,0,0,0
2003,190357,2,1,0,0,0,0,0,0,0,0,0,0
2003,190358,1,1,0,0,0,0,0,0,0,0,0,0
2003,190359,1,1,0,0,0,0,0,0,0,0,0,0
2003,190360,1,1,0,0,0,0,0,0,0,0,0,0
2003,190361,1,1,0,0,0,0,0,0,0,0,0,0
2003,190361,2,1,0,0,0,0,0,0,0,0,0,0
2003,190362,1,1,0,0,0,0,0,0,0,0,0,0
2003,190363,1,1,0,0,0,0,0,0,0,0,0,0
2003,190363,2,1,0,0,0,0,0,0,0,0,0,0
2003,190364,0,1,0,0,10,0,0,0,0,0,0,22
2003,190364,1,1,0,0,0,0,0,0,0,0,0,0
2003,190365,1,1,0,0,0,0,0,0,0,0,0,17
2003,190365,2,1,0,0,7,0,0,0,0,0,0,0
2003,190366,1,1,0,0,0,0,0,22,0,0,0,0
2003,190367,1,1,0,0,0,0,0,0,0,0,0,0
2003,190367,2,1,0,0,0,0,0,0,0,0,0,0
2003,190367,3,1,0,0,0,0,0,0,0,0,0,0
2003,190368,0,1,0,0,0,0,0,0,0,0,0,5
2003,190368,1,1,0,0,0,0,0,0,0,0,0,0
2003,190369,1,1,0,0,0,0,0,0,0,0,0,0
2003,190369,2,1,0,0,0,0,0,0,0,0,8,0
2003,190370,1,1,1,1,1,1,1,1,1,1,1,1
2003,190370,2,1,0,0,0,0,0,0,0,0,0,0
2003,190370,3,1,0,0,0,0,0,0,0,0,0,0
2003,190370,4,1,0,0,0,0,0,0,0,0,0,0
2003,190371,1,1,0,0,0,0,0,0,0,0,0,0
2003,190371,2,1,0,0,0,0,0,0,0,0,0,0
2003,190372,1,1,0,0,0,0,0,0,0,0,0,3
2003,190373,1,1,0,0,0,0,0,0,0,0,0,0
2003,190374,1,1,15,15,15,15,15,15,15,15,15,15
2003,190375,1,1,0,0,0,0,0,0,0,0,0,0
2003,190375,2,1,0,0,0,0,0,0,0,0,0,0
2003,190376,1,1,0,0,0,0,0,0,0,0,0,0
2003,190376,2,1,0,0,0,0,0,0,0,0,0,0
2003,190377,1,1,0,0,0,0,0,0,0,0,0,0
2003,190377,2,1,0,0,0,0,8,0,0,0,2,0
2003,190378,1,1,0,8,5,0,0,0,0,0,5,0
2003,190378,2,1,0,0,0,0,0,0,0,0,0,0