YEAR,ST_CASE,veh_no,per_no,P1,P2,P3,P4,P5,P6,P7,P8,P9,P10
2003,190379,1,1,0,0,0,0,0,0,0,0,0,0
2003,190380,1,1,0,0,0,0,0,0,0,0,0,0
2003,190381,1,1,19,19,19,19,19,19,19,19,19,19
2003,190382,1,1,21,21,21,21,21,21,21,21,21,21
2003,190383,1,1,4,0,0,0,0,0,0,0,0,0
2003,190383,2,1,0,0,0,0,0,0,0,0,0,0
2003,190384,1,1,0,0,0,0,0,0,0,0,0,0
2003,190384,2,1,0,0,0,0,0,0,0,0,0,0
2003,190385,1,1,12,12,12,12,12,12,12,12,12,12
2003,190386,1,1,23,23,23,23,23,23,23,23,23,23
2003,190387,0,1,0,0,23,0,0,0,30,0,0,11
2003,190388,1,1,0,0,0,0,0,0,0,0,0,0
2003,190388,2,1,0,0,0,0,0,0,0,0,0,0
2003,200001,1,1,16,16,16,16,16,16,16,16,16,16
2003,200002,1,1,6,6,6,6,6,6,6,6,6,6
2003,200002,2,1,0,0,16,0,4,0,28,3,0,0
2003,200004,1,1,6,6,6,6,6,6,6,6,6,6
2003,200005,1,1,19,32,12,0,0,24,28,16,0,0
2003,200006,1,1,0,0,0,20,0,0,0,0,0,0
2003,200007,1,1,0,0,0,0,0,0,0,0,0,0
2003,200008,1,1,0,5,0,0,0,0,0,0,0,0
2003,200008,2,1,4,0,38,0,0,0,0,0,0,2
2003,200009,1,1,16,16,16,16,16,16,16,16,16,16
2003,200010,1,1,4,4,4,4,4,4,4,4,4,4
2003,200011,1,1,0,0,0,0,0,0,0,0,0,0
2003,200012,1,1,0,0,33,0,0,3,0,0,0,0
2003,200013,1,1,0,0,0,0,0,0,0,0,0,0
2003,200014,1,1,0,0,0,0,0,0,0,0,0,0
2003,200017,1,1,0,0,0,0,0,15,0,43,0,0
2003,200018,1,1,0,0,0,0,0,0,0,0,0,0
2003,200018,2,1,0,0,0,0,0,0,0,0,0,0
2003,200019,1,1,0,0,0,18,0,16,0,0,0,0
2003,200020,0,1,0,0,0,0,0,0,0,0,0,0
2003,200020,0,2,0,0,0,0,0,0,0,0,0,0
2003,200020,1,1,0,0,0,0,0,0,0,0,0,0
2003,200021,1,1,16,16,16,16,16,16,16,16,16,16
2003,200022,1,1,0,10,22,18,0,35,0,22,0,20
2003,200023,1,1,25,25,25,25,25,25,25,25,25,25
2003,200023,2,1,0,0,0,0,0,0,0,0,23,0
2003,200024,1,1,27,27,27,27,27,27,27,27,27,27
2003,200025,1,1,0,0,0,0,0,0,0,0,0,0
2003,200025,2,1,0,0,0,0,4,16,0,14,14,0
2003,200026,1,1,0,0,0,0,0,0,0,0,0,0
2003,200027,1,1,0,0,0,9,8,14,39,0,36,10
2003,200028,1,1,23,23,23,23,23,23,23,23,23,23
2003,200028,2,1,5,5,5,5,5,5,5,5,5,5
2003,200029,1,1,0,0,0,0,0,0,0,0,0,0
2003,200030,1,1,0,5,0,0,0,0,0,0,0,0
2003,200031,1,1,0,0,0,0,0,0,0,0,0,0
2003,200031,2,1,0,0,0,0,0,0,0,0,0,0
2003,200032,1,1,0,0,0,18,0,0,0,0,0,0
2003,200032,2,1,0,0,0,0,0,0,0,0,0,0
2003,200033,0,1,0,0,0,18,30,28,46,16,0,32
2003,200033,1,1,0,0,0,0,0,0,0,0,0,0
2003,200034,1,1,0,0,0,0,0,0,0,0,0,0
2003,200034,2,1,0,0,12,17,0,0,0,18,0,0
2003,200035,1,1,0,0,21,0,20,6,29,0,0,0
2003,200035,2,1,29,12,27,0,0,0,0,14,0,0
2003,200036,1,1,0,0,0,0,25,0,0,0,0,0
2003,200037,0,1,0,0,0,0,0,0,0,0,0,0
2003,200037,1,1,0,0,0,0,0,0,0,0,0,0
2003,200038,1,1,0,15,0,0,19,0,0,0,0,0
2003,200038,2,1,0,0,0,0,0,0,0,0,0,0
2003,200039,1,1,0,0,0,0,0,0,0,0,0,0
2003,200039,2,1,0,0,0,0,0,0,0,0,0,0
2003,200040,1,1,0,0,0,0,0,0,0,0,0,0
2003,200040,2,1,0,0,0,0,0,0,0,0,0,0
2003,200040,3,1,0,0,0,0,0,0,0,0,0,0
2003,200041,1,1,0,0,0,0,0,0,0,0,0,0
2003,200041,2,1,0,15,0,0,0,0,0,0,0,0
2003,200042,1,1,15,15,15,15,15,15,15,15,15,15
2003,200043,1,1,0,0,0,0,0,0,0,0,0,0
2003,200043,2,1,0,0,0,0,0,0,0,0,0,0
2003,200043,3,1,0,0,0,0,0,0,0,0,0,0
2003,200043,4,1,0,0,0,0,0,0,0,0,0,0
2003,200044,1,1,0,0,0,0,0,0,0,0,0,0
2003,200044,2,1,0,0,0,0,19,0,0,0,0,0
2003,200045,1,1,8,0,0,0,0,0,0,0,0,0
2003,200045,2,1,0,0,0,0,0,0,18,0,0,0
2003,200046,1,1,17,10,19,0,15,0,11,0,19,20
2003,200047,1,1,0,0,0,0,0,0,0,0,0,0
2003,200047,2,1,0,0,0,0,0,0,0,0,0,0
2003,200047,3,1,0,0,0,0,0,0,0,0,0,0
2003,200048,1,1,0,0,0,0,4,0,0,0,0,0
2003,200048,2,1,0,0,0,0,0,0,0,0,0,0
2003,200049,1,1,21,13,23,17,13,17,20,20,8,13
2003,200050,1,1,15,15,15,15,15,15,15,15,15,15
2003,200050,2,1,0,14,0,0,0,8,0,0,0,0
2003,200051,1,1,15,15,15,15,15,15,15,15,15,15
2003,200052,1,1,24,24,24,24,24,24,24,24,24,24
2003,200053,1,1,0,0,12,0,0,0,0,24,0,0
2003,200053,2,1,17,0,0,7,8,0,0,0,14,24
2003,200054,1,1,0,24,0,0,0,0,0,0,0,0
2003,200054,2,1,0,0,0,0,0,0,0,0,0,0
2003,200055,1,1,24,22,0,14,0,10,21,24,13,15
2003,200055,2,1,0,0,0,0,0,0,0,0,0,0
2003,200056,1,1,0,0,13,21,10,0,0,9,34,0
2003,200057,0,1,0,0,0,0,0,0,0,0,0,0
2003,200059,1,1,1,1,1,1,1,1,1,1,1,1
2003,200060,1,1,18,18,18,18,18,18,18,18,18,18
2003,200061,1,1,0,0,0,0,16,0,0,0,0,0
2003,200062,1,1,14,14,14,14,14,14,14,14,14,14
2003,200063,1,1,0,0,0,0,0,0,0,0,0,0
2003,200063,2,1,0,0,0,0,0,0,0,0,0,0
2003,200063,3,1,0,0,4,0,0,0,0,0,6,0
2003,200064,0,1,0,0,0,0,0,0,0,0,0,0
2003,200064,1,1,0,0,0,0,0,0,0,0,0,0
2003,200065,1,1,16,16,16,16,16,16,16,16,16,16
2003,200066,1,1,9,26,11,0,0,0,10,0,4,7
2003,200067,1,1,0,0,0,0,0,0,0,0,0,0
2003,200067,2,1,0,0,0,0,0,0,0,0,0,0
2003,200068,1,1,0,0,0,0,0,0,0,0,0,0
2003,200069,0,1,0,0,0,0,0,0,0,0,0,0
2003,200069,1,1,0,0,0,0,0,0,0,0,0,0
2003,200070,1,1,0,0,0,0,0,0,0,0,0,0
2003,200071,1,1,0,0,0,0,0,0,0,0,0,0
2003,200072,1,1,26,26,26,26,26,26,26,26,26,26
2003,200072,2,1,0,0,0,0,0,0,0,0,0,0
2003,200074,1,1,9,9,9,9,9,9,9,9,9,9
2003,200075,1,1,0,0,0,0,0,0,0,0,0,0
2003,200075,2,1,0,0,0,0,0,0,0,0,0,0
2003,200076,1,1,0,10,10,0,0,0,23,0,0,0
2003,200077,1,1,10,10,10,10,10,10,10,10,10,10
2003,200078,1,1,0,0,0,0,0,0,0,0,0,0
2003,200078,2,1,0,0,0,0,0,0,0,0,0,0
2003,200079,1,1,13,13,13,13,13,13,13,13,13,13
2003,200080,0,1,0,0,0,0,0,0,0,0,0,0
2003,200080,1,1,16,0,0,0,0,0,0,0,0,4
2003,200081,1,1,0,0,0,0,0,0,0,0,0,0
2003,200081,2,1,0,0,0,0,0,0,0,0,0,0
2003,200082,1,1,0,17,0,10,0,0,0,22,0,9
2003,200083,1,1,0,0,0,0,0,0,0,0,0,0
2003,200083,2,1,0,0,0,0,0,0,12,0,0,0
2003,200083,3,1,0,0,0,0,0,0,0,0,0,0
2003,200084,1,1,0,34,0,0,0,0,0,0,0,0
2003,200084,2,1,0,0,0,0,0,0,0,0,0,0
2003,200085,1,1,20,20,20,20,20,20,20,20,20,20
2003,200086,1,1,0,0,0,0,0,0,0,0,0,0
2003,200086,2,1,0,0,0,0,0,0,0,0,0,0
2003,200088,1,1,27,0,20,0,13,5,0,14,25,22
2003,200089,0,1,0,0,0,0,0,0,0,0,0,0
2003,200089,1,1,0,0,0,0,0,0,0,0,0,0
2003,200090,1,1,0,0,0,0,0,13,0,0,14,23
2003,200091,1,1,0,0,15,0,0,23,0,0,11,0
2003,200092,1,1,13,13,13,13,13,13,13,13,13,13
2003,200093,1,1,6,6,6,6,6,6,6,6,6,6
2003,200094,1,1,25,25,25,25,25,25,25,25,25,25
2003,200095,1,1,4,4,4,4,4,4,4,4,4,4
2003,200096,1,1,24,24,24,24,24,24,24,24,24,24
2003,200097,1,1,0,0,0,16,0,6,17,0,3,15
2003,200098,1,1,0,0,0,0,0,0,0,0,0,0
2003,200099,1,1,0,0,0,0,0,0,0,0,0,0
2003,200099,2,1,0,0,0,0,0,0,0,0,0,0
2003,200099,3,1,0,0,0,0,0,0,0,0,0,0
2003,200100,1,1,0,0,0,0,0,0,0,0,0,0
2003,200100,2,1,0,0,0,0,0,0,0,0,0,0
2003,200101,0,1,33,11,0,42,20,0,0,19,0,3
2003,200101,1,1,0,0,0,0,0,0,0,0,0,0
2003,200102,1,1,0,0,0,0,0,0,13,0,0,0
2003,200102,2,1,0,0,0,0,0,0,0,0,0,0
2003,200103,1,1,0,0,0,0,0,0,0,0,0,0
2003,200103,2,1,0,0,0,0,0,0,0,0,0,5
2003,200103,3,1,0,0,0,0,0,0,0,0,0,0
2003,200104,1,1,9,9,9,9,9,9,9,9,9,9
2003,200105,1,1,10,10,10,10,10,10,10,10,10,10
2003,200106,1,1,0,22,10,0,19,21,0,17,16,0
2003,200107,1,1,0,0,0,0,0,0,0,0,0,0
2003,200108,1,1,23,0,12,0,17,27,25,16,12,13
2003,200109,1,1,0,0,0,0,16,0,0,0,0,0
2003,200110,1,1,16,16,16,16,16,16,16,16,16,16
2003,200110,2,1,0,0,19,0,0,0,6,0,15,0
2003,200111,1,1,24,24,24,24,24,24,24,24,24,24
2003,200112,1,1,11,18,0,0,0,0,0,0,21,23
2003,200113,0,1,0,0,0,0,0,0,0,0,0,0
2003,200113,0,2,0,0,0,0,0,0,0,0,0,0
2003,200113,1,1,0,0,0,0,0,0,0,0,0,0
2003,200114,0,1,0,0,15,0,0,3,0,44,22,0
2003,200114,1,1,29,29,29,29,29,29,29,29,29,29
2003,200115,0,1,0,0,0,0,0,0,0,0,0,0
2003,200115,1,1,0,0,0,0,0,0,0,0,0,0
2003,200116,1,1,8,0,18,0,0,0,0,0,16,3
2003,200117,1,1,0,0,0,0,0,0,0,0,0,0
2003,200117,2,1,23,23,23,23,23,23,23,23,23,23
2003,200118,1,1,0,14,0,0,0,0,0,0,0,0
2003,200118,2,1,0,0,0,0,0,0,0,0,0,0
2003,200119,1,1,0,0,0,0,0,0,0,0,0,0
2003,200119,2,1,0,0,0,0,0,0,0,0,0,0
2003,200119,3,1,0,0,0,0,0,0,0,0,0,0
2003,200120,1,1,4,0,0,0,0,0,0,0,0,18
2003,200121,1,1,0,17,25,0,0,0,0,0,17,0
2003,200122,1,1,0,0,0,0,0,0,0,0,0,0
2003,200122,2,1,0,0,0,0,0,0,0,0,0,0
2003,200122,3,1,0,0,0,0,0,0,0,0,0,0
2003,200123,1,1,18,18,18,18,18,18,18,18,18,18
2003,200124,1,1,22,15,15,5,13,24,0,17,10,20
2003,200125,1,1,20,28,10,19,13,22,0,21,0,9
2003,200126,1,1,0,0,0,0,0,0,0,0,0,0
2003,200126,2,1,0,0,0,0,0,0,0,0,0,0
2003,200127,1,1,15,15,0,0,14,13,0,0,0,18
2003,200128,1,1,0,0,0,0,0,0,0,0,0,0
2003,200129,1,1,25,11,0,23,0,31,32,0,31,28
2003,200129,2,1,0,0,0,0,0,0,0,0,0,0
2003,200129,3,1,16,29,10,21,20,11,28,29,16,5
2003,200130,1,1,30,30,30,30,30,30,30,30,30,30
2003,200130,2,1,0,0,0,0,0,0,0,0,0,0
2003,200130,3,1,0,0,0,0,0,0,0,0,0,0
2003,200132,1,1,0,0,0,0,0,0,0,0,0,0
2003,200132,2,1,0,0,0,12,0,0,0,0,0,0
2003,200133,1,1,18,0,0,0,0,0,0,16,19,0
2003,200134,1,1,0,0,7,0,0,0,8,0,0,5
2003,200135,1,1,0,0,0,0,0,0,0,0,0,0
2003,200135,2,1,0,0,0,0,0,0,0,0,0,0
2003,200136,1,1,0,0,0,0,0,0,0,0,0,0
2003,200136,2,1,0,0,0,0,0,0,0,0,0,0
2003,200136,3,1,0,0,0,0,0,0,0,13,0,0
2003,200137,1,1,13,13,13,13,13,13,13,13,13,13
2003,200138,1,1,0,0,0,0,0,0,0,0,0,0
2003,200139,1,1,2,2,2,2,2,2,2,2,2,2
2003,200139,2,1,0,0,0,0,0,0,0,0,0,0
2003,200140,1,1,26,32,22,0,24,0,0,15,21,0
2003,200141,1,1,18,18,18,18,18,18,18,18,18,18
2003,200142,1,1,0,0,16,0,0,0,0,0,0,0
2003,200142,2,1,16,16,16,16,16,16,16,16,16,16
2003,200143,1,1,19,19,19,19,19,19,19,19,19,19
2003,200144,1,1,0,0,0,0,0,0,0,0,0,0
2003,200145,1,1,7,18,0,0,0,0,21,0,0,0
2003,200145,2,1,0,0,0,0,0,0,0,0,0,0
2003,200146,1,1,3,0,0,0,0,0,0,0,16,0
2003,200147,1,1,0,0,0,0,0,0,0,0,0,0
2003,200147,2,1,0,0,0,0,0,0,0,0,0,0
2003,200148,1,1,18,18,18,18,18,18,18,18,18,18
2003,200149,1,1,0,0,0,0,0,0,0,0,0,0
2003,200149,2,1,0,0,0,0,0,0,0,0,0,0
2003,200150,1,1,0,0,0,0,0,0,0,0,0,0
2003,200151,1,1,0,0,0,0,0,0,0,0,10,0
2003,200152,1,1,0,0,0,0,0,0,0,0,0,0
2003,200153,1,1,3,16,0,0,8,0,0,0,0,32
2003,200154,1,1,13,13,13,13,13,13,13,13,13,13
2003,200155,1,1,6,6,6,6,6,6,6,6,6,6
2003,200155,2,1,0,0,0,0,0,0,0,0,0,0
2003,200156,1,1,0,0,0,0,0,0,0,0,0,0
2003,200157,1,1,0,0,0,0,0,0,0,0,0,0
2003,200157,2,1,0,0,30,0,0,0,0,0,0,0
2003,200158,1,1,0,23,0,0,0,10,0,0,0,0
2003,200158,2,1,0,0,10,0,0,0,0,0,0,0
2003,200159,1,1,0,0,0,0,0,0,0,0,0,0
2003,200159,2,1,0,0,0,11,0,0,0,0,0,0
2003,200159,3,1,0,0,0,0,0,0,0,0,0,0
2003,200159,4,1,0,0,0,0,0,0,0,0,0,0
2003,200160,1,1,0,0,0,0,0,0,0,0,0,0
2003,200160,2,1,9,0,0,4,0,0,0,0,0,0
2003,200161,1,1,0,0,0,0,0,0,0,0,0,0
2003,200162,1,1,0,0,0,0,0,0,0,5,0,0
2003,200162,2,1,0,0,0,0,0,0,0,0,0,0
2003,200163,0,1,0,0,0,0,0,0,0,0,0,0
2003,200163,1,1,0,0,0,0,0,0,0,0,0,0
2003,200163,2,1,0,0,0,0,0,0,0,0,0,0
2003,200164,1,1,0,10,0,0,0,0,0,0,0,0
2003,200165,1,1,0,0,0,0,0,0,0,0,0,0
2003,200165,2,1,0,0,0,0,0,0,0,0,0,0
2003,200166,1,1,0,0,0,0,0,0,0,0,0,0
2003,200166,2,1,0,0,0,0,0,0,0,0,0,0
2003,200167,1,1,22,22,22,22,22,22,22,22,22,22
2003,200167,2,1,0,0,0,0,0,0,0,0,0,0
2003,200168,1,1,0,0,0,0,0,0,0,0,0,0
2003,200169,1,1,18,18,18,18,18,18,18,18,18,18
2003,200170,1,1,0,0,0,0,0,16,17,0,0,0
2003,200171,1,1,13,0,0,0,0,0,0,0,0,0
2003,200172,1,1,0,0,0,0,0,0,0,0,0,0
2003,200173,0,1,11,0,0,31,21,22,23,6,12,0
2003,200173,0,2,0,0,0,0,0,0,0,0,0,0
2003,200173,1,1,47,0,0,0,0,0,0,0,0,12
2003,200175,1,1,0,0,0,0,0,0,4,0,0,0
2003,200175,2,1,0,0,0,0,0,0,0,0,0,0
2003,200176,1,1,0,17,0,0,0,0,0,0,0,0
2003,200177,1,1,0,24,0,0,0,0,0,0,0,0
2003,200177,2,1,0,0,0,0,0,8,0,0,0,0
2003,200178,1,1,0,0,0,0,0,0,0,11,0,0
2003,200179,1,1,22,22,22,22,22,22,22,22,22,22
2003,200180,1,1,9,9,9,9,9,9,9,9,9,9
2003,200181,1,1,0,0,0,0,0,0,2,0,0,16
2003,200181,2,1,0,0,0,0,0,0,0,0,0,0
2003,200182,1,1,0,44,0,0,0,0,0,0,0,0
2003,200182,2,1,0,0,0,0,0,0,0,0,0,0
2003,200182,3,1,0,0,0,0,0,0,0,0,0,0
2003,200183,1,1,0,20,18,21,23,0,0,22,0,22
2003,200183,2,1,0,0,13,10,12,0,0,0,0,18
2003,200184,1,1,0,0,0,0,0,0,0,0,0,0
2003,200184,2,1,0,0,0,0,0,0,0,0,0,0
2003,200185,1,1,14,14,14,14,14,14,14,14,14,14
2003,200186,1,1,18,18,18,18,18,18,18,18,18,18
2003,200187,1,1,3,3,3,3,3,3,3,3,3,3
2003,200188,1,1,0,0,0,0,0,0,0,0,0,0
2003,200188,2,1,0,0,0,0,0,0,0,0,0,0
2003,200189,0,1,0,0,0,21,0,0,0,0,0,0
2003,200189,1,1,0,0,0,0,0,0,0,0,0,0
2003,200190,1,1,22,22,22,22,22,22,22,22,22,22
2003,200191,1,1,0,0,0,0,0,0,0,0,0,0
2003,200192,0,1,0,0,0,0,0,0,0,0,0,0
2003,200192,1,1,10,0,0,0,0,0,0,17,0,25
2003,200193,1,1,0,0,0,0,0,0,0,0,0,0
2003,200194,1,1,0,0,0,0,0,0,0,0,0,0
2003,200194,2,1,0,0,0,0,0,0,0,0,0,0
2003,200195,1,1,0,0,0,0,0,0,0,0,0,0
2003,200196,1,1,5,5,5,5,5,5,5,5,5,5
2003,200196,2,1,17,10,5,0,13,0,0,18,16,25
2003,200197,1,1,0,0,0,0,0,0,0,0,0,0
2003,200198,1,1,0,0,0,0,0,0,0,0,13,9
2003,200198,2,1,0,0,19,0,0,0,0,6,0,0
2003,200199,1,1,13,0,0,0,0,0,0,0,0,0
2003,200199,2,1,0,0,0,0,0,0,0,0,0,0
2003,200200,1,1,15,19,15,2,8,15,13,9,18,15
2003,200200,2,1,0,13,20,2,0,0,0,0,10,0
2003,200200,3,1,4,0,18,9,20,13,8,10,24,10
2003,200201,1,1,12,12,12,12,12,12,12,12,12,12
2003,200201,2,1,9,0,0,0,0,0,8,0,14,0
2003,200202,1,1,6,0,0,28,14,13,18,0,8,17
2003,200202,2,1,10,0,0,0,3,12,0,22,7,10
2003,200203,1,1,0,0,0,0,0,0,0,0,0,0
2003,200203,2,1,0,0,0,0,0,0,0,0,0,0
2003,200204,1,1,0,2,0,0,0,0,0,0,0,0
2003,200204,2,1,0,0,0,25,0,0,0,0,0,0
2003,200205,1,1,0,0,0,0,0,0,0,0,0,0
2003,200205,2,1,0,0,0,0,0,0,0,0,0,0
2003,200206,1,1,12,4,11,0,6,8,6,7,8,16
2003,200206,2,1,0,0,0,0,0,0,0,0,0,0
2003,200206,3,1,0,0,0,0,0,0,0,0,0,0
2003,200207,1,1,17,8,20,15,19,12,9,21,13,20
2003,200207,2,1,10,5,10,11,22,23,40,12,30,24
2003,200208,1,1,0,0,0,0,0,0,0,0,0,0
2003,200208,2,1,0,0,0,0,0,0,0,0,0,0
2003,200208,3,1,0,0,0,0,0,0,0,0,0,0
2003,200210,1,1,11,11,11,11,11,11,11,11,11,11
2003,200210,2,1,0,0,0,0,0,0,0,0,0,0
2003,200210,3,1,0,0,0,0,0,0,0,0,7,0
2003,200211,1,1,0,0,0,0,0,0,0,0,0,0
2003,200211,2,1,0,0,0,0,0,0,0,0,0,0
2003,200212,1,1,0,0,0,0,0,0,0,9,21,0
2003,200212,2,1,0,24,18,0,13,0,7,0,0,28
2003,200213,1,1,15,15,15,15,15,15,15,15,15,15
2003,200214,1,1,0,23,0,20,11,20,0,14,0,22
2003,200214,2,1,19,0,3,0,0,0,0,11,10,0
2003,200215,0,1,0,0,0,0,0,0,0,0,0,0
2003,200215,1,1,0,0,0,0,0,0,0,0,0,0
2003,200216,1,1,0,0,0,8,0,0,20,0,0,0
2003,200217,1,1,0,0,0,0,0,0,0,0,0,0
2003,200217,2,1,0,0,0,0,0,0,0,0,0,0
2003,200218,1,1,7,0,11,0,0,0,0,13,18,0
2003,200219,1,1,0,0,0,0,9,0,0,0,0,0
2003,200219,2,1,0,20,0,0,0,0,0,0,0,0
2003,200220,1,1,0,0,0,0,0,0,0,0,0,0
2003,200221,1,1,0,0,0,0,0,0,0,0,0,0
2003,200221,2,1,0,0,0,0,0,0,0,0,0,0
2003,200222,1,1,24,24,24,24,24,24,24,24,24,24
2003,200223,1,1,14,14,14,14,14,14,14,14,14,14
2003,200224,1,1,0,13,27,0,0,0,0,0,0,0
2003,200225,1,1,0,0,22,0,0,19,0,30,0,11
2003,200225,2,1,12,0,0,0,0,0,0,0,0,0
2003,200226,1,1,0,0,0,0,0,0,0,0,0,13
2003,200227,1,1,2,2,2,2,2,2,2,2,2,2
2003,200228,1,1,0,0,0,0,0,0,0,0,0,0
2003,200228,2,1,0,17,7,0,0,0,0,0,0,0
2003,200229,1,1,0,0,0,0,0,0,0,0,0,0
2003,200230,1,1,0,0,0,0,0,0,0,0,0,0
2003,200231,1,1,3,3,3,3,3,3,3,3,3,3
2003,200232,1,1,8,8,8,8,8,8,8,8,8,8
2003,200233,0,1,0,0,0,0,35,15,0,0,0,0
2003,200233,1,1,8,12,0,0,0,0,13,0,0,0
2003,200234,1,1,23,23,23,23,23,23,23,23,23,23
2003,200235,1,1,33,33,33,33,33,33,33,33,33,33
2003,200236,1,1,19,19,19,19,19,19,19,19,19,19
2003,200237,1,1,19,19,19,19,19,19,19,19,19,19
2003,200237,2,1,0,0,0,0,0,0,0,0,0,0
2003,200238,1,1,0,0,0,0,0,0,0,0,0,0
2003,200238,2,1,0,0,0,0,0,0,0,0,0,12
2003,200239,1,1,0,0,0,0,0,0,0,0,0,0
2003,200239,2,1,0,0,0,0,0,0,0,0,0,0
2003,200240,1,1,9,9,9,9,9,9,9,9,9,9
2003,200241,1,1,9,0,0,0,6,0,0,0,0,0
2003,200241,2,1,17,17,10,0,0,0,0,0,0,0
2003,200242,1,1,0,0,0,0,2,0,0,0,0,0
2003,200242,2,1,0,0,0,0,5,0,0,0,0,0
2003,200243,1,1,0,0,0,0,0,5,0,0,3,0
2003,200243,2,1,0,0,0,0,0,0,0,0,0,0
2003,200244,0,1,0,41,0,16,24,18,0,9,8,17
2003,200244,1,1,0,0,0,0,0,0,0,0,0,0
2003,200245,1,1,0,0,0,0,0,0,0,0,0,0
2003,200246,1,1,18,22,2,19,20,0,11,20,10,29
2003,200247,1,1,5,5,5,5,5,5,5,5,5,5
2003,200248,1,1,0,0,0,0,0,0,0,0,0,0
2003,200248,2,1,0,0,0,0,0,0,0,0,0,0
2003,200249,1,1,0,0,0,0,0,0,0,0,0,0
2003,200250,1,1,0,25,0,0,0,0,9,0,0,0
2003,200250,2,1,0,0,0,0,0,0,0,0,0,0
2003,200251,1,1,11,0,6,0,0,0,16,0,31,0
2003,200252,1,1,21,21,21,21,21,21,21,21,21,21
2003,200252,2,1,0,0,0,0,0,0,0,0,6,0
2003,200253,1,1,16,0,0,3,8,0,0,0,0,0
2003,200254,1,1,0,14,0,24,15,24,0,0,0,0
2003,200255,1,1,0,0,0,7,0,20,0,27,37,8
2003,200255,2,1,0,0,0,0,0,0,0,0,0,0
2003,200256,1,1,11,11,11,11,11,11,11,11,11,11
2003,200256,2,1,0,0,0,0,0,0,0,0,0,0
2003,200257,0,1,0,0,0,0,0,0,0,0,0,0
2003,200257,1,1,0,0,0,0,0,0,0,0,0,0
2003,200258,1,1,11,11,11,11,11,11,11,11,11,11
2003,200258,2,1,0,0,0,0,0,15,0,0,0,4
2003,200259,1,1,16,0,0,0,0,0,0,0,22,0
2003,200260,1,1,0,0,0,0,0,0,0,0,0,0
2003,200261,1,1,22,22,22,22,22,22,22,22,22,22
2003,200262,1,1,0,0,0,0,0,7,0,0,0,0
2003,200262,2,1,0,0,0,0,13,0,0,0,0,0
2003,200263,1,1,0,25,0,0,0,0,0,0,0,0
2003,200263,2,1,0,0,0,0,15,20,0,0,0,0
2003,200264,0,1,23,23,23,23,23,23,23,23,23,23
2003,200264,1,1,0,0,0,0,0,10,0,0,0,0
2003,200265,1,1,13,0,0,0,0,0,0,0,0,0
2003,200265,2,1,0,0,0,0,0,0,0,0,0,0
2003,200266,1,1,10,10,10,10,10,10,10,10,10,10
2003,200267,1,1,12,12,12,12,12,12,12,12,12,12
2003,200268,1,1,0,0,0,0,0,16,0,0,0,0
2003,200269,1,1,0,0,13,0,31,33,11,40,14,17
2003,200270,0,1,22,0,0,0,0,0,18,16,0,32
2003,200270,0,2,0,4,38,0,0,0,21,0,18,0
2003,200270,1,1,16,0,0,0,0,0,0,0,27,0
2003,200271,1,1,0,0,0,13,0,0,0,0,0,0
2003,200272,1,1,0,15,15,13,0,0,0,0,12,0
2003,200272,2,1,0,0,0,0,0,0,7,0,0,0
2003,200273,1,1,21,31,27,0,31,26,10,34,9,11
2003,200274,1,1,16,16,16,16,16,16,16,16,16,16
2003,200275,1,1,0,0,21,22,0,10,0,0,0,0
2003,200276,1,1,0,16,0,0,13,21,35,20,0,20
2003,200277,1,1,0,0,9,14,0,9,0,0,0,0
2003,200277,2,1,0,0,0,0,0,0,0,0,0,0
2003,200278,1,1,0,0,0,0,0,0,0,0,0,0
2003,200279,1,1,0,0,0,0,0,0,0,0,0,0
2003,200279,2,1,0,0,0,0,17,0,0,0,0,0
2003,200280,1,1,0,0,0,0,0,0,0,0,0,0
2003,200280,2,1,0,0,0,0,0,0,0,0,0,0
2003,200281,1,1,20,22,21,0,0,15,20,5,18,14
2003,200282,0,1,30,30,30,30,30,30,30,30,30,30
2003,200282,1,1,0,0,0,0,0,0,0,0,0,0
2003,200283,1,1,0,0,0,0,0,0,0,0,0,0
2003,200283,2,1,0,0,0,0,0,0,0,0,0,0
2003,200284,1,1,0,0,0,0,0,0,0,0,0,0
2003,200285,1,1,0,0,25,9,13,0,0,10,15,0
2003,200286,1,1,0,0,0,0,0,0,0,0,0,0
2003,200286,2,1,0,0,0,0,0,0,0,0,0,0
2003,200287,1,1,10,10,23,21,25,0,11,22,31,27
2003,200288,0,1,20,0,0,31,0,0,0,0,26,14
2003,200288,1,1,7,0,0,0,0,10,0,0,0,0
2003,200289,1,1,19,19,19,19,19,19,19,19,19,19
2003,200290,1,1,5,17,16,0,13,21,0,12,15,14
2003,200291,1,1,11,11,11,11,11,11,11,11,11,11
2003,200291,2,1,11,11,11,11,11,11,11,11,11,11