YEAR,ST_CASE,veh_no,per_no,P1,P2,P3,P4,P5,P6,P7,P8,P9,P10
2003,200292,1,1,0,0,0,0,0,0,0,0,0,0
2003,200292,2,1,0,0,0,0,0,0,0,0,0,0
2003,200293,1,1,3,3,3,3,3,3,3,3,3,3
2003,200293,2,1,0,0,0,0,0,0,0,0,0,0
2003,200294,1,1,0,19,0,0,12,16,14,14,0,0
2003,200295,1,1,0,0,0,0,0,0,0,0,0,0
2003,200295,2,1,0,0,0,0,9,0,0,0,0,0
2003,200296,1,1,0,0,0,0,0,0,0,0,0,0
2003,200296,2,1,0,0,0,0,0,0,0,0,0,0
2003,200297,1,1,0,0,0,0,0,0,0,0,0,0
2003,200297,2,1,0,0,0,0,0,0,0,0,0,0
2003,200298,1,1,19,19,19,19,19,19,19,19,19,19
2003,200298,2,1,0,0,0,0,0,5,0,0,11,0
2003,200299,1,1,0,0,0,0,0,0,0,0,0,0
2003,200299,2,1,0,0,14,0,0,0,0,0,0,11
2003,200300,0,1,19,0,31,0,0,0,0,0,0,0
2003,200300,1,1,0,0,0,0,0,0,0,0,0,0
2003,200301,1,1,0,0,0,0,0,0,0,0,0,0
2003,200301,2,1,0,0,0,0,0,0,0,0,0,0
2003,200302,1,1,19,19,19,19,19,19,19,19,19,19
2003,200303,1,1,0,0,0,0,0,0,0,0,0,0
2003,200303,2,1,0,0,0,0,0,0,0,0,0,0
2003,200304,1,1,0,0,0,0,0,0,0,0,0,20
2003,200304,2,1,0,0,0,14,15,0,0,0,23,0
2003,200304,3,1,0,0,0,0,0,17,0,0,0,0
2003,200305,1,1,0,0,0,0,0,0,0,0,0,0
2003,200305,2,1,0,0,0,0,0,0,0,0,0,0
2003,200305,3,1,0,0,0,0,0,0,0,0,0,4
2003,200305,4,1,0,0,0,0,0,0,0,0,0,0
2003,200306,1,1,35,0,35,15,0,0,0,0,18,0
2003,200307,1,1,0,0,0,0,0,23,0,0,0,0
2003,200307,2,1,0,0,0,0,0,0,0,0,0,0
2003,200308,1,1,16,27,14,24,0,11,23,0,0,26
2003,200308,2,1,0,0,0,0,0,0,0,18,0,21
2003,200308,3,1,0,0,0,0,0,0,0,0,0,0
2003,200308,4,1,0,0,0,0,0,0,0,0,0,0
2003,200309,1,1,16,16,16,16,16,16,16,16,16,16
2003,200309,2,1,0,0,0,0,0,0,0,0,0,0
2003,200310,1,1,0,0,0,0,0,0,0,0,0,0
2003,200310,2,1,0,0,15,0,0,0,0,0,0,0
2003,200311,1,1,13,13,13,13,13,13,13,13,13,13
2003,200312,1,1,0,0,0,0,0,0,0,0,0,0
2003,200312,2,1,0,0,0,0,0,0,0,0,0,0
2003,200313,1,1,15,0,0,0,24,0,0,0,0,0
2003,200313,2,1,0,0,0,0,0,0,0,0,0,0
2003,200314,1,1,0,0,0,0,0,0,0,22,0,0
2003,200314,2,1,14,14,14,14,14,14,14,14,14,14
2003,200315,1,1,18,18,18,18,18,18,18,18,18,18
2003,200316,1,1,0,0,0,0,0,0,0,0,0,0
2003,200316,2,1,0,0,0,0,0,0,0,0,0,0
2003,200316,3,1,0,0,0,0,0,0,0,0,0,7
2003,200316,4,1,0,0,0,0,0,0,0,0,0,0
2003,200317,1,1,0,0,0,0,0,0,0,0,0,0
2003,200317,2,1,0,0,0,0,0,0,0,0,0,0
2003,200317,3,1,0,0,0,0,0,0,0,0,0,0
2003,200318,1,1,0,0,0,0,0,0,0,0,0,0
2003,200319,1,1,0,0,0,0,0,0,0,0,0,0
2003,200320,1,1,0,0,0,0,0,0,0,0,0,0
2003,200321,1,1,0,0,0,0,0,0,0,0,0,6
2003,200321,2,1,0,0,0,0,0,0,0,17,0,0
2003,200322,1,1,0,0,5,0,0,0,0,0,0,0
2003,200323,1,1,0,0,0,0,0,0,0,0,0,0
2003,200324,1,1,0,0,17,29,16,0,0,39,0,0
2003,200325,1,1,0,0,0,0,0,0,0,0,0,0
2003,200325,2,1,0,0,0,0,0,0,0,0,0,0
2003,200325,3,1,0,0,0,0,0,0,0,0,0,0
2003,200326,1,1,0,0,0,0,0,0,0,0,0,0
2003,200326,2,1,0,0,0,0,0,0,0,0,0,0
2003,200327,1,1,17,22,0,0,0,6,0,0,0,13
2003,200328,1,1,0,0,0,0,0,0,0,0,0,5
2003,200329,1,1,0,0,0,0,0,0,0,0,0,0
2003,200329,2,1,0,9,0,0,0,20,0,0,0,0
2003,200330,1,1,0,0,0,0,0,0,0,0,0,0
2003,200330,2,1,0,0,0,0,0,0,0,0,0,0
2003,200331,1,1,12,12,12,12,12,12,12,12,12,12
2003,200331,2,1,0,0,0,0,0,0,0,0,0,0
2003,200332,1,1,0,5,0,0,0,0,0,0,0,0
2003,200332,2,1,0,0,0,0,0,0,0,0,0,0
2003,200333,1,1,0,0,38,0,10,0,0,23,0,0
2003,200333,2,1,15,0,0,19,24,11,25,29,13,6
2003,200334,1,1,0,0,0,0,0,0,0,0,0,0
2003,200334,2,1,0,0,3,12,0,7,0,0,0,0
2003,200334,3,1,0,7,0,0,0,0,0,0,0,17
2003,200334,4,1,0,0,0,19,0,0,0,17,0,0
2003,200335,1,1,0,0,21,12,0,20,0,19,0,0
2003,200335,2,1,18,18,18,18,18,18,18,18,18,18
2003,200336,1,1,0,0,0,0,0,0,12,0,0,21
2003,200336,2,1,18,21,12,0,35,21,0,16,0,20
2003,200337,1,1,0,0,9,0,0,0,0,0,0,0
2003,200337,2,1,16,0,0,0,27,0,11,0,0,0
2003,200338,1,1,0,0,0,0,0,0,0,5,0,0
2003,200338,2,1,0,16,0,0,0,0,13,0,0,0
2003,200339,1,1,0,0,0,0,10,0,0,0,0,18
2003,200339,2,1,0,0,0,0,0,0,0,0,0,0
2003,200340,1,1,35,35,35,35,35,35,35,35,35,35
2003,200341,1,1,0,19,26,10,0,0,0,0,0,0
2003,200342,1,1,0,0,0,0,0,0,0,0,0,0
2003,200342,2,1,3,3,3,3,3,3,3,3,3,3
2003,200343,1,1,28,0,0,0,0,17,0,0,0,0
2003,200343,2,1,0,0,0,0,0,0,0,0,0,0
2003,200344,1,1,0,0,8,20,0,0,0,0,0,0
2003,200344,2,1,0,0,0,0,0,0,0,0,0,0
2003,200345,1,1,0,0,0,0,0,0,0,0,0,0
2003,200345,2,1,0,0,0,0,0,0,0,0,0,0
2003,200346,1,1,18,18,18,18,18,18,18,18,18,18
2003,200347,1,1,0,0,0,0,0,0,0,0,0,0
2003,200348,1,1,21,11,0,0,29,0,0,0,0,0
2003,200349,1,1,0,0,0,0,0,0,0,0,0,0
2003,200349,2,1,0,0,13,15,0,0,0,0,0,0
2003,200350,1,1,33,29,0,9,0,0,22,0,27,0
2003,200351,1,1,24,24,24,24,24,24,24,24,24,24
2003,200352,1,1,25,25,25,25,25,25,25,25,25,25
2003,200353,1,1,0,0,0,0,0,0,0,0,26,0
2003,200353,2,1,0,0,0,0,0,0,0,0,0,0
2003,200354,1,1,10,0,11,5,0,0,0,14,8,0
2003,200355,1,1,0,0,0,0,0,0,0,0,0,0
2003,200355,2,1,0,19,0,0,0,0,0,0,8,0
2003,200355,3,1,0,0,0,0,0,0,0,0,0,0
2003,200356,1,1,24,0,0,0,0,0,0,0,0,0
2003,200356,2,1,30,30,30,30,30,30,30,30,30,30
2003,200357,1,1,29,29,29,29,29,29,29,29,29,29
2003,200358,1,1,0,0,0,0,0,0,0,0,0,0
2003,200358,2,1,0,0,17,24,0,14,0,0,13,0
2003,200359,1,1,0,0,0,0,0,0,0,0,0,0
2003,200359,2,1,0,0,0,0,0,0,0,0,0,0
2003,200361,1,1,0,0,0,0,0,0,0,0,0,0
2003,200361,2,1,0,0,0,0,0,0,0,0,0,0
2003,200362,1,1,0,0,0,0,0,0,0,0,0,0
2003,200363,1,1,24,24,24,24,24,24,24,24,24,24
2003,200364,1,1,0,0,0,0,0,0,0,13,0,0
2003,200364,2,1,0,0,0,0,7,0,0,0,2,0
2003,200365,1,1,0,0,0,0,0,0,0,0,0,0
2003,200365,2,1,0,0,0,0,0,0,0,0,0,0
2003,200366,1,1,0,0,0,0,0,0,0,0,0,0
2003,200366,2,1,0,0,0,0,0,0,0,0,0,0
2003,200366,3,1,0,0,0,0,0,0,0,0,0,0
2003,200367,1,1,20,20,20,20,20,20,20,20,20,20
2003,200368,1,1,0,0,0,0,0,0,0,0,0,0
2003,200369,1,1,0,0,0,0,0,0,0,0,0,0
2003,200369,2,1,0,0,0,0,0,0,0,0,0,0
2003,200370,1,1,0,0,0,0,0,0,0,0,0,0
2003,200370,2,1,0,0,0,0,0,0,0,0,0,0
2003,200371,1,1,0,0,0,0,0,0,0,0,0,0
2003,200371,2,1,0,0,0,0,0,0,0,0,0,0
2003,200372,1,1,0,0,0,0,0,0,0,0,0,0
2003,200372,2,1,0,0,0,0,0,0,0,0,0,0
2003,200373,1,1,0,0,0,0,0,0,0,0,0,0
2003,200373,2,1,0,0,0,0,0,0,0,0,0,0
2003,200374,1,1,0,19,0,0,0,0,20,0,0,0
2003,200374,2,1,0,0,0,0,0,0,17,0,0,0
2003,200375,1,1,17,17,17,17,17,17,17,17,17,17
2003,200376,1,1,0,0,0,0,0,0,0,0,0,0
2003,200376,2,1,0,0,0,0,0,0,0,0,0,0
2003,200377,1,1,0,0,15,0,0,0,0,0,0,0
2003,200378,1,1,0,0,0,0,0,0,0,0,0,0
2003,200379,1,1,0,0,0,0,0,0,0,0,0,0
2003,200380,1,1,26,26,26,26,26,26,26,26,26,26
2003,200381,1,1,0,0,0,0,0,0,0,0,0,0
2003,200381,2,1,0,0,0,0,0,0,0,0,0,0
2003,200382,1,1,0,0,0,0,0,0,0,0,0,0
2003,200382,2,1,0,0,0,0,0,0,0,0,0,0
2003,200383,1,1,0,0,0,0,0,0,0,0,0,0
2003,200383,2,1,0,0,0,0,0,0,0,0,0,0
2003,200384,1,1,0,0,0,0,0,0,0,0,0,0
2003,200384,2,1,0,0,0,0,0,0,0,0,0,0
2003,200385,1,1,0,0,0,26,0,0,0,0,0,0
2003,200386,1,1,17,17,17,17,17,17,17,17,17,17
2003,200386,2,1,0,0,6,0,0,0,0,0,0,0
2003,200387,1,1,0,0,0,0,0,0,0,0,0,0
2003,200387,2,1,0,0,0,0,9,0,0,0,0,0
2003,200388,1,1,24,24,24,24,24,24,24,24,24,24
2003,200389,1,1,0,0,0,0,0,16,0,0,0,0
2003,200390,1,1,0,0,0,0,0,0,0,0,0,0
2003,200391,1,1,0,0,0,0,0,0,0,0,0,0
2003,200391,2,1,0,19,0,0,22,0,0,0,0,0
2003,200392,1,1,15,15,15,15,15,15,15,15,15,15
2003,200392,2,1,0,0,0,0,0,0,0,0,0,0
2003,200392,3,1,0,0,0,0,0,0,0,0,0,0
2003,200393,1,1,0,0,20,0,0,0,0,22,0,0
2003,200393,2,1,0,0,0,0,0,0,0,0,0,0
2003,200393,3,1,0,0,0,0,0,0,0,0,0,0
2003,200394,0,1,29,15,10,11,0,43,12,0,14,27
2003,200394,1,1,0,0,0,0,0,0,0,0,0,0
2003,200395,0,1,33,0,0,0,0,13,0,15,0,25
2003,200395,1,1,0,0,21,6,20,24,16,7,0,14
2003,200396,1,1,16,16,16,16,16,16,16,16,16,16
2003,200397,1,1,0,0,0,0,5,0,0,0,0,0
2003,200397,2,1,0,0,0,0,0,0,0,0,0,0
2003,200398,1,1,16,16,16,16,16,16,16,16,16,16
2003,200399,1,1,20,20,20,20,20,20,20,20,20,20
2003,200400,0,1,0,0,0,18,0,0,0,0,0,0
2003,200400,1,1,0,0,0,0,0,0,0,0,0,0
2003,200400,2,1,0,0,0,0,0,0,0,0,0,0
2003,200401,1,1,0,0,0,0,0,0,0,0,0,0
2003,200401,2,1,0,0,0,0,0,0,0,0,0,0
2003,200401,3,1,0,0,0,0,0,0,0,0,0,0
2003,200401,4,1,0,0,0,0,0,0,0,0,0,0
2003,200401,5,1,0,0,0,0,0,0,0,0,0,0
2003,200401,6,1,0,0,0,0,0,0,0,0,0,0
2003,200402,1,1,0,0,0,0,0,0,0,0,0,0
2003,200403,1,1,0,0,0,0,0,0,0,24,0,0
2003,200404,1,1,0,0,0,0,0,0,0,11,0,15
2003,200405,1,1,13,13,13,13,13,13,13,13,13,13
2003,200406,1,1,12,12,12,12,12,12,12,12,12,12
2003,200406,2,1,3,3,3,3,3,3,3,3,3,3
2003,200407,1,1,0,0,0,0,0,0,0,0,0,0
2003,200408,1,1,17,0,0,3,0,12,0,8,10,0
2003,200408,2,1,0,0,0,0,0,9,0,0,0,0
2003,200409,1,1,0,0,0,0,0,0,0,0,0,0
2003,200409,2,1,0,0,0,0,0,0,0,0,0,0
2003,200410,1,1,0,0,0,0,12,0,0,0,0,0
2003,200411,1,1,0,23,10,0,11,24,10,8,10,0
2003,200411,2,1,0,0,0,0,20,0,0,8,0,17
2003,200412,1,1,0,0,28,21,0,0,0,0,0,0
2003,200413,1,1,9,0,0,0,0,5,0,0,0,0
2003,200414,1,1,25,25,25,25,25,25,25,25,25,25
2003,200415,0,1,0,0,0,10,0,0,0,0,0,6
2003,200415,1,1,0,0,0,0,0,0,0,0,0,0
2003,200416,1,1,19,19,19,19,19,19,19,19,19,19
2003,200417,1,1,5,0,0,0,0,0,0,7,0,0
2003,200417,2,1,0,0,0,0,0,0,0,0,0,0
2003,200418,1,1,5,5,5,5,5,5,5,5,5,5
2003,200418,2,1,0,0,0,0,0,0,0,0,0,0
2003,200419,1,1,0,30,0,0,0,0,0,0,0,0
2003,200421,1,1,0,5,0,0,0,0,0,0,0,0
2003,200421,2,1,0,0,0,0,0,0,0,0,0,0
2003,200422,1,1,22,22,22,22,22,22,22,22,22,22
2003,200423,1,1,19,14,0,25,9,0,7,0,20,23
2003,200425,1,1,0,17,0,0,0,0,0,0,0,0
2003,200426,1,1,0,0,0,0,0,0,0,0,0,0
2003,200428,1,1,0,0,0,0,0,0,0,0,0,0
2003,200428,2,1,0,0,0,0,0,0,0,0,0,0
2003,200429,1,1,0,0,19,10,0,0,0,0,0,0
2003,200430,1,1,19,19,19,19,19,19,19,19,19,19
2003,200431,0,1,0,0,0,0,0,0,0,11,0,0
2003,200431,1,1,0,0,0,0,0,0,0,0,0,0
2003,200432,1,1,0,0,22,0,0,0,0,0,0,0
2003,200432,2,1,0,0,0,0,0,0,0,0,0,0
2003,210001,0,1,15,13,0,20,28,0,20,0,25,0
2003,210001,1,1,0,0,0,0,0,0,0,0,0,0
2003,210002,1,1,11,11,11,11,11,11,11,11,11,11
2003,210003,1,1,0,0,0,0,0,0,0,0,0,21
2003,210003,2,1,0,0,0,0,0,0,0,0,0,0
2003,210004,1,1,22,22,22,22,22,22,22,22,22,22
2003,210004,2,1,0,0,0,0,0,0,0,0,0,0
2003,210005,1,1,0,0,0,0,0,0,0,0,0,0
2003,210005,2,1,0,0,0,0,0,0,0,0,0,0
2003,210006,1,1,0,0,0,0,0,0,0,0,0,0
2003,210007,1,1,21,21,21,21,21,21,21,21,21,21
2003,210008,1,1,0,0,0,0,0,0,0,0,0,0
2003,210008,2,1,0,0,0,0,0,0,0,0,21,0
2003,210009,1,1,0,0,0,0,0,0,0,0,0,0
2003,210010,1,1,21,21,21,21,21,21,21,21,21,21
2003,210011,1,1,0,0,0,0,0,0,0,0,0,0
2003,210011,2,1,0,0,0,0,0,0,0,0,0,0
2003,210012,0,1,0,0,0,0,0,0,0,0,0,0
2003,210012,1,1,0,0,0,0,0,0,0,0,0,0
2003,210013,1,1,24,24,24,24,24,24,24,24,24,24
2003,210014,1,1,16,46,23,18,21,18,42,12,26,18
2003,210015,1,1,22,22,22,22,22,22,22,22,22,22
2003,210016,0,1,15,28,0,0,21,0,0,0,0,0
2003,210016,1,1,0,0,0,0,0,0,0,6,0,0
2003,210017,1,1,0,0,0,0,0,0,0,0,0,0
2003,210017,2,1,0,0,0,0,0,0,0,0,0,0
2003,210018,0,1,0,0,0,0,0,0,19,0,0,0
2003,210018,1,1,0,0,0,0,0,0,0,0,0,0
2003,210019,1,1,11,11,11,11,11,11,11,11,11,11
2003,210020,1,1,36,36,36,36,36,36,36,36,36,36
2003,210021,1,1,25,25,25,25,25,25,25,25,25,25
2003,210021,2,1,0,0,0,0,0,0,0,0,0,0
2003,210022,1,1,30,30,30,30,30,30,30,30,30,30
2003,210023,1,1,0,0,0,0,0,0,0,0,0,0
2003,210023,2,1,0,0,0,0,0,0,0,0,0,0
2003,210024,1,1,14,14,14,14,14,14,14,14,14,14
2003,210025,0,1,0,0,0,0,0,15,0,21,0,10
2003,210025,1,1,0,0,0,0,0,0,0,0,0,0
2003,210026,1,1,0,0,0,0,0,0,0,0,0,0
2003,210026,2,1,0,0,0,0,0,0,0,0,0,0
2003,210027,1,1,0,0,0,0,0,0,0,0,0,0
2003,210028,1,1,0,0,0,0,0,0,0,0,0,0
2003,210029,1,1,0,0,0,0,0,0,0,0,0,0
2003,210029,2,1,0,0,0,0,0,0,0,0,0,0
2003,210030,1,1,21,0,0,26,0,0,0,21,0,0
2003,210031,1,1,0,0,0,0,0,0,0,0,0,0
2003,210032,1,1,15,22,22,17,9,31,22,14,21,16
2003,210033,1,1,0,0,0,0,0,0,0,0,0,0
2003,210033,2,1,0,0,0,0,14,0,20,0,0,11
2003,210034,1,1,0,0,0,0,0,0,0,0,0,0
2003,210035,1,1,0,0,0,0,0,0,0,0,0,0
2003,210035,2,1,0,0,0,0,0,0,0,0,0,0
2003,210036,1,1,0,0,0,0,0,0,0,0,0,0
2003,210037,0,1,0,0,0,0,0,0,0,0,0,0
2003,210037,1,1,0,0,0,0,0,0,0,0,0,0
2003,210037,2,1,0,0,0,0,0,0,0,0,0,0
2003,210038,1,1,0,0,0,0,0,0,0,0,0,0
2003,210038,2,1,0,0,0,0,0,0,0,0,0,0
2003,210039,1,1,22,22,22,22,22,22,22,22,22,22
2003,210040,1,1,0,0,0,0,0,0,0,0,0,0
2003,210041,1,1,0,0,0,0,0,0,0,0,0,0
2003,210042,1,1,23,23,23,23,23,23,23,23,23,23
2003,210042,2,1,0,0,0,0,0,0,0,0,0,0
2003,210043,1,1,0,0,0,0,0,0,0,0,0,0
2003,210043,2,1,0,0,0,0,0,0,0,0,0,0
2003,210044,1,1,0,0,0,0,0,0,0,0,0,0
2003,210044,2,1,0,0,0,0,0,0,0,0,0,0
2003,210045,1,1,24,24,24,24,24,24,24,24,24,24
2003,210046,1,1,0,0,0,0,0,0,6,0,0,0
2003,210047,1,1,0,13,0,0,0,19,0,0,0,0
2003,210048,1,1,0,0,0,0,0,0,0,0,0,0
2003,210048,2,1,0,0,0,0,0,0,0,0,0,0
2003,210049,1,1,0,0,0,0,0,0,0,0,0,0
2003,210049,2,1,0,0,0,0,0,0,0,0,0,0
2003,210050,1,1,17,0,15,0,0,0,0,0,0,0
2003,210050,2,1,0,0,0,0,0,0,0,0,0,0
2003,210051,1,1,0,0,0,0,0,0,0,0,0,0
2003,210052,1,1,12,12,12,12,12,12,12,12,12,12
2003,210053,1,1,11,11,11,11,11,11,11,11,11,11
2003,210053,2,1,0,0,0,0,0,0,0,0,0,0
2003,210054,0,1,0,29,0,0,11,0,0,0,0,0
2003,210054,1,1,0,0,0,0,0,0,0,0,0,0
2003,210055,1,1,24,24,24,24,24,24,24,24,24,24
2003,210056,1,1,12,12,12,12,12,12,12,12,12,12
2003,210057,1,1,7,7,7,7,7,7,7,7,7,7
2003,210058,1,1,0,0,0,0,0,0,0,0,0,0
2003,210058,2,1,0,0,0,0,0,0,0,0,0,0
2003,210059,1,1,0,0,0,0,0,0,0,0,0,0
2003,210059,2,1,0,0,0,0,0,0,0,0,0,0
2003,210060,0,1,0,0,0,0,16,0,0,0,0,0
2003,210060,1,1,0,0,0,0,0,0,0,0,0,0
2003,210061,0,1,0,0,0,0,0,0,0,0,0,0
2003,210061,1,1,0,0,0,0,0,0,0,0,0,0
2003,210062,1,1,0,0,0,0,13,0,0,0,0,0
2003,210062,2,1,0,0,0,0,0,0,0,0,0,0
2003,210063,1,1,14,14,14,14,14,14,14,14,14,14
2003,210063,2,1,0,0,0,0,0,0,0,0,0,0
2003,210064,1,1,0,0,0,0,0,0,0,0,40,0
2003,210064,2,1,0,0,0,0,0,0,0,0,0,0
2003,210065,1,1,0,0,0,0,0,0,0,0,0,0
2003,210065,2,1,0,0,0,0,0,0,0,0,0,0
2003,210065,3,1,0,0,0,0,0,0,0,0,0,0
2003,210066,1,1,0,5,0,0,0,0,0,0,0,0
2003,210066,2,1,0,0,0,0,0,0,0,0,0,0
2003,210067,1,1,0,0,0,0,0,0,0,0,0,0
2003,210067,2,1,0,0,0,0,0,0,0,0,0,0
2003,210068,1,1,0,0,0,0,0,0,0,0,0,0
2003,210069,1,1,0,8,0,0,23,0,0,0,0,0
2003,210070,1,1,0,0,0,0,0,0,0,0,0,0
2003,210071,1,1,0,0,0,0,0,0,0,0,0,0
2003,210072,1,1,4,4,4,4,4,4,4,4,4,4
2003,210073,1,1,0,0,0,0,0,0,0,0,0,0
2003,210073,2,1,0,0,0,0,0,0,0,0,0,0
2003,210074,1,1,0,0,0,0,0,0,0,0,0,0
2003,210074,2,1,0,0,0,0,0,0,0,0,0,0
2003,210074,3,1,0,0,0,0,3,0,0,0,0,0
2003,210074,4,1,0,0,0,0,0,0,0,0,0,0
2003,210075,1,1,0,0,0,0,0,0,0,0,0,0
2003,210075,2,1,0,0,0,0,0,0,0,0,0,0
2003,210076,1,1,21,21,21,21,21,21,21,21,21,21
2003,210077,1,1,19,19,19,19,19,19,19,19,19,19
2003,210077,2,1,0,0,0,0,0,0,0,0,3,0
2003,210078,1,1,11,0,0,0,0,0,0,0,0,0
2003,210079,1,1,0,0,0,0,0,0,0,0,0,0
2003,210079,2,1,0,0,0,0,0,0,0,0,0,0
2003,210080,1,1,0,0,0,0,0,0,0,0,0,0
2003,210080,2,1,0,0,0,0,0,0,0,0,0,0
2003,210081,1,1,0,0,0,0,0,0,0,0,0,0
2003,210081,2,1,0,0,0,0,0,0,0,0,0,0
2003,210082,1,1,0,11,0,0,0,0,0,0,0,0
2003,210082,2,1,0,0,0,0,0,0,0,0,0,0
2003,210083,1,1,8,8,8,8,8,8,8,8,8,8
2003,210084,1,1,22,22,22,22,22,22,22,22,22,22
2003,210084,2,1,0,21,0,0,0,0,0,14,0,0
2003,210084,3,1,0,0,0,0,0,0,0,0,0,0
2003,210085,1,1,20,20,20,20,20,20,20,20,20,20
2003,210086,1,1,5,5,5,5,5,5,5,5,5,5
2003,210086,2,1,0,0,0,0,0,0,0,0,0,0
2003,210087,1,1,0,0,0,0,0,0,0,0,0,0
2003,210087,2,1,0,0,0,0,0,0,0,0,0,0
2003,210087,3,1,0,0,0,0,0,0,0,0,0,0
2003,210088,1,1,0,13,34,0,0,0,0,19,18,0
2003,210088,2,1,0,0,0,0,0,0,0,0,0,0
2003,210089,1,1,0,0,0,0,0,0,0,3,0,0
2003,210090,1,1,0,0,0,0,0,0,0,0,0,0
2003,210091,1,1,3,3,3,3,3,3,3,3,3,3
2003,210091,2,1,0,0,0,0,0,0,0,0,0,0
2003,210092,1,1,14,14,14,14,14,14,14,14,14,14
2003,210093,1,1,0,0,0,0,0,0,0,0,0,0
2003,210093,2,1,0,0,0,0,0,0,0,0,0,0
2003,210093,3,1,0,0,0,0,0,0,0,0,0,0
2003,210093,4,1,0,0,0,0,0,0,0,0,0,0
2003,210094,1,1,0,0,0,0,0,0,0,0,0,0
2003,210094,2,1,0,0,0,0,0,0,0,0,0,0
2003,210095,1,1,19,19,19,19,19,19,19,19,19,19
2003,210095,2,1,0,0,0,0,0,0,0,0,0,0
2003,210096,0,1,0,0,0,0,0,0,0,0,0,0
2003,210096,1,1,0,0,0,0,0,0,0,0,0,0
2003,210097,1,1,0,0,0,0,0,0,0,0,0,0
2003,210097,2,1,0,0,0,0,0,0,0,0,0,0
2003,210098,1,1,0,0,0,0,0,0,0,0,0,0
2003,210099,1,1,9,9,9,9,9,9,9,9,9,9
2003,210099,2,1,0,0,0,0,0,0,0,0,0,0
2003,210100,1,1,13,13,13,13,13,13,13,13,13,13
2003,210101,1,1,0,0,0,0,0,0,0,0,0,0
2003,210102,1,1,0,0,0,0,0,0,0,0,0,0
2003,210103,1,1,22,24,22,14,12,0,0,20,20,32
2003,210104,1,1,0,0,0,0,0,0,0,0,0,0
2003,210105,1,1,0,0,0,0,0,0,0,0,0,0
2003,210106,1,1,0,0,0,0,0,0,0,0,0,0
2003,210107,1,1,25,25,25,25,25,25,25,25,25,25
2003,210108,1,1,0,0,0,0,0,0,0,0,0,0
2003,210108,2,1,0,0,0,0,0,0,0,0,0,0
2003,210109,1,1,22,22,22,22,22,22,22,22,22,22
2003,210110,1,1,0,0,0,0,0,0,0,0,0,0
2003,210110,2,1,0,0,0,0,0,0,0,0,0,0
2003,210111,1,1,0,0,0,0,0,0,0,0,0,0
2003,210111,2,1,0,0,0,0,0,0,0,0,0,0
2003,210112,1,1,14,14,14,14,14,14,14,14,14,14
2003,210113,1,1,0,0,0,0,0,0,0,0,0,0
2003,210113,2,1,0,0,0,0,0,0,0,0,0,0
2003,210113,3,1,0,0,0,0,0,0,0,0,0,0
2003,210114,1,1,21,21,21,21,21,21,21,21,21,21
2003,210114,2,1,0,0,0,0,0,0,0,0,0,0
2003,210114,3,1,0,0,0,0,0,0,0,0,0,0
2003,210115,1,1,0,0,11,0,0,0,0,0,0,0
2003,210116,1,1,20,20,20,20,20,20,20,20,20,20
2003,210117,1,1,0,0,0,26,0,0,0,0,11,0
2003,210117,2,1,0,0,0,0,0,0,0,0,0,0
2003,210118,1,1,10,10,10,10,10,10,10,10,10,10
2003,210119,1,1,0,0,0,12,0,0,0,0,0,0
2003,210119,2,1,0,0,0,0,0,0,0,0,0,0
2003,210120,1,1,0,0,0,0,0,0,0,0,0,0
2003,210120,2,1,0,0,0,0,0,0,0,0,0,0
2003,210121,1,1,0,0,0,0,0,0,0,0,0,0
2003,210121,2,1,0,0,0,0,0,0,0,0,0,0
2003,210122,1,1,29,0,0,0,0,0,13,0,0,0
2003,210123,1,1,0,0,0,0,0,0,0,0,0,0
2003,210123,2,1,0,0,0,0,0,0,0,0,0,0
2003,210124,1,1,0,0,0,0,0,0,0,0,0,0
2003,210124,2,1,0,0,0,0,0,0,0,0,0,0
2003,210125,1,1,0,0,0,0,0,0,0,0,0,0
2003,210126,1,1,0,0,0,0,0,0,0,0,0,0
2003,210126,2,1,0,0,0,0,0,0,0,0,0,0
2003,210127,1,1,0,0,0,0,0,0,0,0,0,0
2003,210127,2,1,0,0,0,0,0,0,0,0,0,0
2003,210127,3,1,0,0,0,0,6,0,0,0,0,0
2003,210127,4,1,0,0,0,0,0,0,0,0,0,0
2003,210128,1,1,15,20,22,14,15,12,4,24,34,0
2003,210129,0,1,0,0,0,0,0,0,0,0,0,0
2003,210129,1,1,0,0,0,0,0,0,0,0,0,0
2003,210130,1,1,5,5,5,5,5,5,5,5,5,5
2003,210130,2,1,0,0,0,0,0,0,0,0,0,0
2003,210131,1,1,0,0,0,0,0,0,0,0,0,0
2003,210132,1,1,0,0,0,0,0,0,0,0,0,0
2003,210133,1,1,0,0,0,0,0,0,0,0,0,0
2003,210134,0,1,0,0,0,0,0,0,0,0,0,0
2003,210134,1,1,0,0,0,0,0,0,0,0,0,0
2003,210135,1,1,0,0,0,0,0,0,0,0,0,0
2003,210135,2,1,0,0,0,0,0,0,0,0,0,0
2003,210136,1,1,0,0,0,0,0,0,0,0,0,0
2003,210137,0,1,0,0,0,0,0,0,0,0,0,0
2003,210137,1,1,10,6,0,0,0,0,0,0,0,21