YEAR,ST_CASE,veh_no,per_no,P1,P2,P3,P4,P5,P6,P7,P8,P9,P10
2003,210138,1,1,0,0,0,0,0,0,0,0,0,0
2003,210139,1,1,0,0,0,0,0,0,0,0,0,0
2003,210139,2,1,0,0,0,0,0,0,0,0,0,0
2003,210140,1,1,0,0,0,0,0,0,0,0,0,0
2003,210140,2,1,0,0,0,0,0,0,0,0,0,0
2003,210141,1,1,2,2,2,2,2,2,2,2,2,2
2003,210142,1,1,0,0,0,0,0,0,0,0,0,0
2003,210142,2,1,0,0,0,0,0,0,0,0,0,0
2003,210143,1,1,0,0,0,0,0,0,0,12,0,0
2003,210143,2,1,0,0,0,0,0,0,0,0,0,0
2003,210144,1,1,0,0,0,0,0,0,0,0,0,0
2003,210144,2,1,18,0,0,0,0,0,0,0,0,0
2003,210145,1,1,10,10,10,10,10,10,10,10,10,10
2003,210146,1,1,0,0,0,0,0,0,0,0,0,0
2003,210146,2,1,0,0,0,0,0,0,0,0,0,0
2003,210147,1,1,0,0,0,0,0,0,0,0,0,0
2003,210147,2,1,0,0,0,0,0,0,0,0,0,0
2003,210148,1,1,0,0,0,0,13,0,0,0,0,0
2003,210148,2,1,0,0,0,0,0,0,0,0,0,0
2003,210149,1,1,5,5,5,5,5,5,5,5,5,5
2003,210150,1,1,16,11,18,20,8,19,20,33,19,20
2003,210151,1,1,0,0,0,0,0,0,0,0,0,0
2003,210152,1,1,0,0,0,0,0,0,0,0,0,0
2003,210153,1,1,0,0,0,0,0,0,0,0,0,0
2003,210154,1,1,0,0,0,0,0,0,0,0,0,0
2003,210154,2,1,0,0,0,0,0,0,0,0,0,0
2003,210154,3,1,0,0,0,0,0,0,0,0,0,0
2003,210155,1,1,0,0,0,0,0,0,0,0,0,0
2003,210156,1,1,0,0,0,0,0,0,0,0,0,0
2003,210156,2,1,0,0,0,0,0,0,0,0,0,0
2003,210157,1,1,0,0,0,0,0,0,0,0,0,0
2003,210157,2,1,0,0,0,0,0,0,0,0,0,0
2003,210158,1,1,11,11,11,11,11,11,11,11,11,11
2003,210158,2,1,0,0,0,0,0,0,0,0,0,0
2003,210159,1,1,0,0,0,0,0,0,0,0,0,0
2003,210159,2,1,0,0,0,0,0,0,0,0,0,0
2003,210160,1,1,0,0,0,0,0,0,0,0,0,0
2003,210160,2,1,0,0,0,0,0,19,0,0,0,0
2003,210161,1,1,0,0,0,0,0,0,0,0,0,0
2003,210161,2,1,0,0,0,0,0,0,0,0,0,0
2003,210161,3,1,0,0,0,0,0,0,0,0,0,0
2003,210161,4,1,0,0,0,0,0,0,0,0,0,0
2003,210161,5,1,0,0,0,0,0,0,0,0,0,0
2003,210161,6,1,0,0,15,0,0,0,0,0,29,0
2003,210162,1,1,0,0,0,0,0,0,0,0,0,0
2003,210162,2,1,0,0,0,0,0,0,0,0,0,0
2003,210163,1,1,9,32,17,28,0,27,0,0,0,29
2003,210164,1,1,0,0,0,0,0,0,0,0,0,0
2003,210165,1,1,3,3,3,3,3,3,3,3,3,3
2003,210166,0,1,0,0,0,0,0,0,0,0,0,0
2003,210166,1,1,0,0,0,0,0,0,0,0,0,0
2003,210167,0,1,0,0,0,0,0,0,0,0,0,0
2003,210167,1,1,0,0,0,0,0,0,0,0,0,0
2003,210168,1,1,0,0,0,0,0,0,0,0,0,0
2003,210168,2,1,0,0,0,0,0,0,0,0,0,0
2003,210169,1,1,19,0,0,15,0,2,0,0,0,0
2003,210170,0,1,0,0,0,0,0,0,0,0,0,30
2003,210170,1,1,0,0,0,0,0,0,0,0,0,0
2003,210171,1,1,0,0,0,0,0,0,0,0,0,0
2003,210171,2,1,0,0,0,0,0,0,0,0,0,0
2003,210172,1,1,0,0,0,0,0,0,0,0,0,0
2003,210172,2,1,0,0,0,0,0,0,0,0,0,0
2003,210173,1,1,0,0,0,0,0,0,0,0,0,0
2003,210174,1,1,18,18,18,18,18,18,18,18,18,18
2003,210175,1,1,0,0,0,0,0,0,0,0,0,0
2003,210175,2,1,0,0,0,0,0,0,0,0,0,0
2003,210176,1,1,0,0,0,0,0,0,0,0,0,0
2003,210176,2,1,0,0,0,0,0,0,0,0,0,0
2003,210177,1,1,0,24,1,0,0,0,0,5,0,0
2003,210178,1,1,0,0,0,0,0,0,0,0,0,0
2003,210178,2,1,0,0,0,0,0,0,0,0,0,0
2003,210178,3,1,0,0,0,0,0,0,0,0,0,0
2003,210179,1,1,22,15,13,33,42,16,10,0,0,17
2003,210180,1,1,15,13,19,23,31,18,20,12,16,18
2003,210181,1,1,26,26,26,26,26,26,26,26,26,26
2003,210182,1,1,0,0,0,0,0,0,0,0,0,0
2003,210183,1,1,0,0,0,0,0,0,0,0,0,0
2003,210184,1,1,0,0,0,0,0,0,0,0,0,0
2003,210184,2,1,0,0,0,0,0,0,0,0,0,0
2003,210185,1,1,0,0,0,0,0,0,0,0,0,0
2003,210186,1,1,0,0,0,0,0,0,0,0,0,0
2003,210187,1,1,0,0,0,0,0,0,0,0,0,0
2003,210187,2,1,0,0,0,0,0,0,0,0,0,0
2003,210187,3,1,0,0,0,0,0,0,0,0,0,0
2003,210187,4,1,0,0,0,0,0,0,0,0,0,0
2003,210188,1,1,0,0,0,0,0,0,0,0,0,0
2003,210189,1,1,0,0,0,0,0,0,0,0,0,0
2003,210190,1,1,0,0,0,0,0,0,0,0,0,0
2003,210190,2,1,0,0,0,0,0,0,0,0,0,0
2003,210191,1,1,0,0,0,0,0,0,0,0,0,0
2003,210191,2,1,0,0,0,0,0,0,0,0,0,0
2003,210191,3,1,0,0,0,0,0,0,0,0,0,0
2003,210192,1,1,0,0,19,0,0,19,0,0,0,0
2003,210193,1,1,0,0,0,0,0,0,0,31,0,0
2003,210194,1,1,0,0,0,0,0,0,0,0,0,0
2003,210194,2,1,0,0,0,0,0,0,0,0,0,0
2003,210195,1,1,0,0,0,0,0,0,0,0,0,0
2003,210195,2,1,0,0,0,0,0,0,0,0,0,0
2003,210196,1,1,0,0,0,0,0,0,0,0,0,0
2003,210197,1,1,0,0,0,0,0,0,0,0,0,0
2003,210197,2,1,0,0,0,0,0,0,0,0,0,0
2003,210198,1,1,0,0,0,0,0,0,0,0,0,0
2003,210199,1,1,0,0,0,0,0,0,0,0,0,0
2003,210199,2,1,0,0,0,0,0,0,0,0,0,0
2003,210199,3,1,0,0,0,0,0,0,0,0,0,0
2003,210200,1,1,0,0,0,0,0,0,0,0,0,0
2003,210201,1,1,0,0,0,0,0,0,0,0,0,0
2003,210202,1,1,0,0,0,0,0,0,0,0,0,0
2003,210203,1,1,0,0,0,0,0,0,0,0,0,0
2003,210204,1,1,0,0,0,0,0,0,0,0,0,0
2003,210205,1,1,12,12,12,12,12,12,12,12,12,12
2003,210205,2,1,24,0,0,0,0,0,0,0,0,0
2003,210206,0,1,0,0,0,0,0,0,0,0,0,0
2003,210206,1,1,0,0,12,0,0,0,0,0,0,0
2003,210207,1,1,0,0,0,0,0,0,0,0,0,0
2003,210208,1,1,26,0,0,35,17,3,19,12,21,9
2003,210209,1,1,0,0,0,0,0,0,0,0,0,0
2003,210209,2,1,0,0,0,0,0,0,0,0,0,0
2003,210210,1,1,0,0,0,0,0,0,0,0,0,0
2003,210211,0,1,40,40,40,40,40,40,40,40,40,40
2003,210211,1,1,0,0,0,0,0,0,0,0,0,5
2003,210212,1,1,0,0,0,0,0,0,0,0,0,0
2003,210212,2,1,0,0,0,0,0,0,0,0,0,0
2003,210212,3,1,0,0,0,0,0,0,0,0,0,0
2003,210213,1,1,29,29,29,29,29,29,29,29,29,29
2003,210213,2,1,0,0,0,0,0,0,0,0,0,0
2003,210214,0,1,13,11,0,0,0,0,0,13,0,0
2003,210214,0,2,0,28,26,13,0,22,0,0,0,0
2003,210214,1,1,12,14,25,17,10,16,10,14,12,17
2003,210215,1,1,0,0,0,0,0,0,0,0,0,0
2003,210215,2,1,0,0,0,0,0,0,0,0,0,0
2003,210216,0,1,0,0,0,0,0,0,0,0,0,0
2003,210216,1,1,0,0,0,0,0,0,0,0,0,0
2003,210217,1,1,0,0,0,0,0,0,0,0,0,0
2003,210217,2,1,0,0,0,0,0,0,0,0,0,0
2003,210217,3,1,0,0,0,0,0,0,0,0,0,0
2003,210218,1,1,0,0,0,0,0,0,0,0,0,0
2003,210218,2,1,0,0,0,0,0,0,0,0,0,0
2003,210219,1,1,13,13,13,13,13,13,13,13,13,13
2003,210219,2,1,0,0,0,0,0,0,0,0,0,0
2003,210220,1,1,11,17,19,19,10,0,13,22,7,35
2003,210221,1,1,0,0,0,0,0,0,0,0,0,0
2003,210221,2,1,0,0,0,0,0,0,0,0,0,0
2003,210222,1,1,25,25,25,25,25,25,25,25,25,25
2003,210222,2,1,0,0,0,0,0,0,0,0,0,0
2003,210223,1,1,0,0,0,0,0,0,0,0,0,0
2003,210223,2,1,0,0,0,0,0,0,0,0,0,0
2003,210224,1,1,0,0,0,0,0,0,0,0,13,0
2003,210225,1,1,0,0,0,0,0,0,0,0,0,0
2003,210225,2,1,0,0,0,0,0,0,0,0,0,0
2003,210225,3,1,0,0,0,0,0,0,0,0,0,0
2003,210225,4,1,0,0,0,0,0,0,0,0,0,0
2003,210226,1,1,23,23,23,23,23,23,23,23,23,23
2003,210227,1,1,11,0,0,0,0,0,0,0,0,0
2003,210228,1,1,0,0,0,0,4,0,0,0,0,0
2003,210228,2,1,0,0,0,0,0,0,0,0,0,0
2003,210229,1,1,0,0,0,0,0,0,0,0,10,0
2003,210229,2,1,0,0,0,0,0,0,0,0,0,0
2003,210230,1,1,0,0,0,0,0,0,0,0,0,0
2003,210230,2,1,0,0,0,0,0,0,0,0,0,0
2003,210231,1,1,23,23,23,23,23,23,23,23,23,23
2003,210232,1,1,0,0,0,0,0,0,0,0,0,0
2003,210233,0,1,0,0,0,14,19,0,0,0,0,36
2003,210233,1,1,0,0,0,0,0,0,0,0,0,0
2003,210234,1,1,0,0,0,0,0,0,0,0,0,0
2003,210235,1,1,20,20,20,20,20,20,20,20,20,20
2003,210236,1,1,0,0,0,0,0,0,0,0,0,0
2003,210237,1,1,0,16,0,0,0,0,0,0,0,0
2003,210238,1,1,27,27,27,27,27,27,27,27,27,27
2003,210239,1,1,0,0,0,0,0,0,0,0,0,0
2003,210239,2,1,0,0,0,0,0,0,12,0,0,0
2003,210240,1,1,0,0,0,0,0,0,0,0,0,0
2003,210241,1,1,0,0,0,0,0,0,0,0,0,0
2003,210241,2,1,0,0,0,0,0,0,0,0,0,0
2003,210242,0,1,31,19,0,29,0,0,0,0,6,0
2003,210242,1,1,24,0,0,0,0,0,0,0,0,0
2003,210243,1,1,0,0,0,0,0,0,0,0,0,0
2003,210244,1,1,0,0,0,0,0,0,0,0,0,35
2003,210244,2,1,0,0,0,0,0,0,0,0,0,0
2003,210245,1,1,0,0,0,0,0,0,0,0,0,0
2003,210246,1,1,0,0,0,0,0,0,0,0,0,0
2003,210246,2,1,0,0,0,0,0,0,0,0,0,0
2003,210247,1,1,0,0,0,0,0,0,0,0,0,0
2003,210247,2,1,0,0,0,0,0,0,0,0,0,0
2003,210248,1,1,0,0,0,0,0,0,0,0,0,0
2003,210248,2,1,0,0,0,0,0,0,0,0,0,0
2003,210249,1,1,20,20,20,20,20,20,20,20,20,20
2003,210249,2,1,0,0,0,0,0,0,0,0,0,0
2003,210249,3,1,0,0,0,0,0,0,0,0,0,0
2003,210250,0,1,0,0,0,0,0,0,0,0,0,0
2003,210250,1,1,0,0,0,0,0,0,0,0,0,0
2003,210251,1,1,0,0,0,0,0,0,0,0,0,0
2003,210252,1,1,22,22,22,22,22,22,22,22,22,22
2003,210252,2,1,0,0,0,0,0,0,0,0,0,0
2003,210253,0,1,0,23,14,15,0,10,0,0,13,0
2003,210253,1,1,0,0,0,0,0,0,0,0,0,0
2003,210253,2,1,0,0,0,0,0,0,0,0,0,11
2003,210254,1,1,0,0,0,0,0,0,0,0,0,0
2003,210254,2,1,0,0,0,0,0,0,0,0,0,0
2003,210255,1,1,1,1,1,1,1,1,1,1,1,1
2003,210256,1,1,0,0,0,0,0,0,0,0,0,0
2003,210256,2,1,0,0,0,0,0,0,0,0,0,0
2003,210257,1,1,0,0,17,0,0,0,0,0,3,0
2003,210257,2,1,0,0,0,0,0,0,0,0,0,0
2003,210257,3,1,0,0,0,0,0,0,0,0,0,0
2003,210258,1,1,0,0,0,0,0,0,0,0,0,0
2003,210258,2,1,0,8,0,0,0,0,0,0,0,0
2003,210259,1,1,28,28,28,28,28,28,28,28,28,28
2003,210260,1,1,35,35,35,35,35,35,35,35,35,35
2003,210261,1,1,11,11,11,11,11,11,11,11,11,11
2003,210262,1,1,20,20,20,20,20,20,20,20,20,20
2003,210262,2,1,0,0,0,0,0,0,0,0,0,0
2003,210263,1,1,0,0,0,0,0,0,0,0,0,0
2003,210263,2,1,0,0,0,0,0,0,0,0,0,0
2003,210264,1,1,0,0,0,0,0,0,0,0,0,0
2003,210264,2,1,0,0,0,0,0,0,0,0,0,0
2003,210265,1,1,11,39,9,10,13,20,17,0,5,22
2003,210266,1,1,23,11,21,22,10,27,33,7,5,13
2003,210266,2,1,0,0,0,0,0,0,0,0,0,0
2003,210267,1,1,0,0,0,0,0,0,0,0,0,0
2003,210267,2,1,0,0,0,0,0,0,0,0,0,0
2003,210267,3,1,0,0,0,0,0,0,0,0,0,0
2003,210268,1,1,0,0,0,0,0,0,0,0,0,0
2003,210268,2,1,0,0,0,0,0,0,0,0,0,0
2003,210269,1,1,0,0,0,0,0,0,0,0,0,0
2003,210269,2,1,0,0,0,0,0,0,0,0,0,0
2003,210270,1,1,0,0,0,0,0,0,0,0,0,0
2003,210271,1,1,0,0,0,0,0,0,0,0,0,0
2003,210271,2,1,0,0,0,0,0,0,0,0,0,0
2003,210272,0,1,0,0,0,0,0,0,0,0,0,0
2003,210272,1,1,0,0,0,0,0,0,0,0,0,0
2003,210273,1,1,0,0,0,0,0,0,0,10,0,0
2003,210274,1,1,0,0,0,0,0,0,0,0,0,0
2003,210275,1,1,18,8,10,15,12,26,12,14,23,8
2003,210276,1,1,26,26,26,26,26,26,26,26,26,26
2003,210276,2,1,0,0,0,0,0,0,0,0,0,0
2003,210277,1,1,13,13,13,13,13,13,13,13,13,13
2003,210278,1,1,29,0,0,20,27,22,0,0,0,17
2003,210279,1,1,0,0,0,0,0,0,0,0,0,0
2003,210279,2,1,0,0,0,0,0,0,0,0,0,0
2003,210280,0,1,20,4,15,0,0,0,9,17,15,32
2003,210280,1,1,0,0,0,0,0,0,0,0,0,0
2003,210281,0,1,0,0,0,0,11,0,0,0,0,0
2003,210281,1,1,0,0,10,0,0,0,0,0,0,0
2003,210282,1,1,0,0,0,0,0,0,0,0,0,0
2003,210282,2,1,0,0,0,0,0,0,0,0,0,0
2003,210283,1,1,0,0,0,0,0,0,0,0,0,0
2003,210284,1,1,0,0,0,0,0,0,0,0,0,8
2003,210285,1,1,0,0,0,0,0,0,0,0,0,0
2003,210285,2,1,0,0,0,0,0,0,0,0,0,0
2003,210286,1,1,0,0,0,0,0,0,0,0,0,0
2003,210287,1,1,4,4,4,4,4,4,4,4,4,4
2003,210287,2,1,15,15,15,15,15,15,15,15,15,15
2003,210288,1,1,0,0,0,0,0,0,0,0,0,0
2003,210288,2,1,0,0,0,0,0,0,0,0,0,0
2003,210288,3,1,0,0,0,0,0,0,0,22,0,0
2003,210288,4,1,0,0,0,0,0,0,0,0,0,0
2003,210289,1,1,0,0,0,0,0,0,0,0,0,0
2003,210289,2,1,0,0,0,0,0,0,0,0,0,0
2003,210290,1,1,0,0,0,0,0,0,0,0,0,0
2003,210290,2,1,0,0,0,0,0,0,0,0,0,0
2003,210291,1,1,31,22,25,15,28,14,11,20,15,41
2003,210292,1,1,0,24,0,0,0,0,0,0,15,0
2003,210292,2,1,0,0,0,0,0,0,0,0,0,0
2003,210293,1,1,0,0,0,0,0,0,0,0,14,0
2003,210294,1,1,0,0,0,0,0,0,0,0,0,0
2003,210295,1,1,26,26,26,26,26,26,26,26,26,26
2003,210295,2,1,0,0,0,0,0,0,0,0,0,0
2003,210296,1,1,0,0,0,0,0,0,0,0,0,0
2003,210296,2,1,0,0,0,0,0,0,0,0,0,0
2003,210297,1,1,0,0,0,0,0,0,0,0,0,0
2003,210298,1,1,0,0,0,0,0,0,0,0,0,0
2003,210299,1,1,0,0,0,0,0,0,0,0,0,0
2003,210299,2,1,0,0,0,0,0,0,0,0,0,0
2003,210300,1,1,15,15,15,15,15,15,15,15,15,15
2003,210301,1,1,0,0,0,0,0,0,0,0,0,0
2003,210301,2,1,0,0,0,0,0,0,0,0,0,0
2003,210302,1,1,0,0,28,0,0,0,0,0,19,14
2003,210303,0,1,0,24,0,0,0,0,0,0,0,0
2003,210303,1,1,0,0,0,0,0,0,0,0,0,0
2003,210304,0,1,0,0,21,0,0,0,0,0,0,0
2003,210304,1,1,0,0,0,0,0,0,0,0,0,0
2003,210305,1,1,0,0,0,0,0,0,0,0,0,0
2003,210305,2,1,0,0,0,0,0,0,0,0,0,0
2003,210306,0,1,18,18,18,18,18,18,18,18,18,18
2003,210306,1,1,0,0,0,0,0,0,0,0,0,0
2003,210307,1,1,0,0,0,0,0,0,0,0,0,0
2003,210307,2,1,0,0,0,0,0,0,0,0,0,0
2003,210307,3,1,0,0,0,0,0,0,0,0,0,0
2003,210307,4,1,0,0,0,0,0,0,0,0,0,0
2003,210308,0,1,0,0,0,0,0,0,0,0,0,0
2003,210308,1,1,0,0,0,0,0,0,0,0,0,0
2003,210309,0,1,0,0,0,0,0,0,0,0,21,0
2003,210309,1,1,0,0,0,0,0,0,0,0,0,0
2003,210310,1,1,0,0,0,0,0,17,0,11,0,0
2003,210311,1,1,0,0,6,0,0,28,0,0,0,0
2003,210312,1,1,0,2,0,0,0,0,0,0,0,0
2003,210313,1,1,0,0,0,0,0,0,0,0,0,0
2003,210313,2,1,0,0,0,0,0,0,0,0,0,0
2003,210314,1,1,0,17,0,0,0,0,0,12,0,0
2003,210315,1,1,0,0,0,0,0,0,0,0,0,0
2003,210316,1,1,0,0,0,0,0,0,0,0,0,0
2003,210316,2,1,0,0,0,0,0,0,0,0,0,0
2003,210317,1,1,4,4,4,4,4,4,4,4,4,4
2003,210318,1,1,0,0,0,0,0,0,0,0,0,0
2003,210319,1,1,13,21,12,36,22,3,11,13,9,0
2003,210320,1,1,0,0,0,0,0,0,0,0,0,0
2003,210321,0,1,0,0,0,0,0,23,0,0,0,0
2003,210321,1,1,0,0,0,0,0,0,0,0,0,0
2003,210322,1,1,0,41,0,0,0,0,16,0,0,0
2003,210322,2,1,0,0,0,0,0,0,0,0,0,0
2003,210322,3,1,0,0,0,0,0,0,0,0,0,0
2003,210323,1,1,0,0,0,0,0,0,0,0,0,0
2003,210324,1,1,0,0,0,0,0,0,0,0,0,0
2003,210325,1,1,0,0,0,0,0,0,0,0,0,0
2003,210326,1,1,0,0,0,0,0,0,0,0,0,0
2003,210326,2,1,0,0,0,0,0,14,0,0,0,0
2003,210326,3,1,0,0,0,0,0,0,0,0,0,0
2003,210327,1,1,17,0,24,0,15,0,0,0,0,0
2003,210328,1,1,0,0,0,0,0,0,0,0,0,0
2003,210328,2,1,0,0,0,0,0,0,0,0,0,0
2003,210329,0,1,10,0,0,0,0,0,10,0,14,16
2003,210329,0,2,10,0,0,0,8,12,0,25,27,39
2003,210329,1,1,0,0,0,6,0,0,0,0,0,0
2003,210330,1,1,0,0,0,0,0,0,0,0,0,0
2003,210330,2,1,0,0,0,4,0,0,0,0,0,0
2003,210331,1,1,0,0,0,0,0,0,0,0,0,0
2003,210332,1,1,28,20,31,0,14,16,6,30,8,23
2003,210333,1,1,0,0,0,0,0,0,0,0,0,0
2003,210333,2,1,0,0,0,0,0,0,0,0,0,0
2003,210334,1,1,0,0,0,0,0,0,0,0,0,0
2003,210335,1,1,0,0,0,0,0,0,0,0,0,0
2003,210335,2,1,0,0,0,0,0,0,0,0,0,0
2003,210336,1,1,9,9,9,9,9,9,9,9,9,9
2003,210337,1,1,0,0,0,0,0,0,0,0,0,0
2003,210337,2,1,0,0,0,0,0,0,0,0,0,0
2003,210338,1,1,5,5,5,5,5,5,5,5,5,5
2003,210338,2,1,0,0,0,0,0,0,0,0,0,0
2003,210339,1,1,0,0,0,0,0,0,0,0,0,0
2003,210340,1,1,0,0,0,0,0,0,0,0,0,0
2003,210340,2,1,0,0,0,0,8,0,0,0,0,0
2003,210341,1,1,37,37,37,37,37,37,37,37,37,37
2003,210342,1,1,0,0,0,0,0,0,0,0,0,0
2003,210343,1,1,0,23,22,0,0,0,0,0,0,0
2003,210344,1,1,0,0,0,0,0,0,0,0,0,0
2003,210345,1,1,10,10,10,10,10,10,10,10,10,10
2003,210345,2,1,0,0,0,0,0,0,0,0,0,0
2003,210346,1,1,0,12,0,10,0,15,0,0,0,0
2003,210347,1,1,15,15,15,15,15,15,15,15,15,15
2003,210348,1,1,0,0,0,0,0,0,0,0,0,0
2003,210348,2,1,0,0,0,0,0,0,0,0,0,0
2003,210349,0,1,0,0,0,0,0,0,0,17,0,0
2003,210350,0,1,0,0,0,15,0,0,0,0,0,27
2003,210350,1,1,0,0,0,0,0,0,0,0,0,0
2003,210351,1,1,0,0,0,0,0,0,0,0,0,0
2003,210352,1,1,0,0,0,0,0,0,0,0,0,0
2003,210353,1,1,0,0,0,0,0,0,0,0,0,0
2003,210354,0,1,22,20,0,0,0,0,0,0,0,0
2003,210354,0,2,0,0,0,0,0,0,0,0,0,0
2003,210354,1,1,0,0,0,0,0,0,0,0,0,0
2003,210355,0,1,0,15,14,10,0,0,14,15,15,30
2003,210355,1,1,0,0,0,0,0,0,0,0,0,0
2003,210356,1,1,12,12,12,12,12,12,12,12,12,12
2003,210356,2,1,0,0,0,0,0,0,0,0,0,0
2003,210357,1,1,0,0,0,0,0,0,0,0,0,0
2003,210357,2,1,0,0,0,0,0,0,0,0,0,0
2003,210358,1,1,0,0,0,0,0,0,0,0,0,0
2003,210358,2,1,0,0,0,0,0,0,0,0,0,0
2003,210358,3,1,0,0,0,0,0,0,0,0,0,0
2003,210359,1,1,9,9,9,9,9,9,9,9,9,9
2003,210359,2,1,10,10,10,10,10,10,10,10,10,10
2003,210360,1,1,0,0,0,0,0,0,0,0,0,0
2003,210360,2,1,0,0,0,0,0,0,0,0,0,0
2003,210361,1,1,17,17,17,17,17,17,17,17,17,17
2003,210362,1,1,0,0,0,0,0,0,0,0,0,0
2003,210363,1,1,0,0,0,0,0,0,0,0,0,0
2003,210363,2,1,0,0,0,0,0,0,0,0,0,0
2003,210364,1,1,0,0,0,0,0,9,0,0,0,0
2003,210365,1,1,0,0,0,0,0,0,0,0,0,0
2003,210366,1,1,0,0,0,0,0,0,0,0,0,0
2003,210367,1,1,0,0,0,0,0,0,0,0,0,0
2003,210367,2,1,0,0,0,0,0,0,0,0,0,0
2003,210368,1,1,0,0,0,0,0,0,0,0,0,0
2003,210368,2,1,0,0,0,0,0,0,0,0,0,0
2003,210368,3,1,18,0,0,0,5,0,0,0,0,0
2003,210368,4,1,0,0,11,0,0,0,0,0,0,0
2003,210369,1,1,3,3,3,3,3,3,3,3,3,3
2003,210370,1,1,21,21,21,21,21,21,21,21,21,21
2003,210371,1,1,0,0,0,0,0,0,0,0,0,0
2003,210372,1,1,0,0,0,0,0,0,0,0,0,0
2003,210372,2,1,0,0,0,0,0,0,0,0,0,0
2003,210373,1,1,0,0,0,0,0,0,0,0,26,0
2003,210373,2,1,0,0,0,0,0,0,0,0,0,0
2003,210374,1,1,0,0,0,0,0,0,0,0,0,0
2003,210374,2,1,0,0,0,0,0,0,0,0,0,0
2003,210375,1,1,15,15,15,15,15,15,15,15,15,15
2003,210376,1,1,20,26,0,15,15,27,12,32,25,8
2003,210377,1,1,0,0,9,0,0,0,0,0,0,0
2003,210377,2,1,0,0,0,0,0,0,0,0,0,0
2003,210378,1,1,0,0,0,0,0,0,0,0,0,0
2003,210379,1,1,0,0,0,0,0,0,0,0,0,0
2003,210379,2,1,0,0,0,0,0,0,0,0,0,0
2003,210380,1,1,0,0,0,0,0,0,0,0,0,0
2003,210380,2,1,0,0,0,0,0,0,0,0,0,0
2003,210381,1,1,0,0,0,0,0,0,0,0,0,0
2003,210381,2,1,0,0,0,0,0,0,0,0,0,0
2003,210382,1,1,0,0,0,0,0,0,0,0,0,0
2003,210382,2,1,0,0,0,0,0,0,0,0,0,0
2003,210383,1,1,0,0,0,0,0,0,0,0,0,0
2003,210383,2,1,0,0,0,0,0,0,0,0,0,0
2003,210384,1,1,0,0,0,0,0,0,0,0,0,0
2003,210384,2,1,0,0,0,0,0,0,0,0,0,0
2003,210385,1,1,18,18,18,18,18,18,18,18,18,18
2003,210386,1,1,17,17,17,17,17,17,17,17,17,17
2003,210387,1,1,0,0,0,0,0,0,0,0,0,0
2003,210388,1,1,13,13,13,13,13,13,13,13,13,13
2003,210389,0,1,0,0,0,0,0,0,0,0,0,0
2003,210389,1,1,0,0,0,0,0,0,0,0,0,0
2003,210389,2,1,0,0,0,0,0,10,0,0,0,0
2003,210390,1,1,0,0,0,0,0,0,0,0,0,0
2003,210391,1,1,0,0,0,0,0,0,0,0,0,0
2003,210391,2,1,0,0,0,0,0,0,0,0,0,0
2003,210392,1,1,0,10,0,0,0,0,0,0,0,0
2003,210393,1,1,0,0,0,0,0,0,0,0,0,0
2003,210393,2,1,0,0,0,0,0,0,0,0,0,0
2003,210394,1,1,0,0,0,0,0,0,0,0,0,0
2003,210395,1,1,18,18,18,18,18,18,18,18,18,18
2003,210396,1,1,0,0,0,0,0,0,0,0,0,0
2003,210397,1,1,26,16,13,25,25,10,9,11,16,12
2003,210398,1,1,0,0,0,0,0,0,0,0,0,0
2003,210399,1,1,0,0,0,0,0,0,0,0,0,0
2003,210400,0,1,0,0,0,0,0,0,0,0,0,0
2003,210400,1,1,0,0,0,0,0,0,0,0,0,0
2003,210401,1,1,20,20,20,20,20,20,20,20,20,20
2003,210402,1,1,0,0,0,0,0,0,0,0,0,0
2003,210403,1,1,0,0,0,0,0,0,0,0,0,0
2003,210404,1,1,0,17,0,0,0,0,0,0,0,0
2003,210405,1,1,0,0,0,0,0,0,0,0,0,0
2003,210406,1,1,0,3,0,0,0,0,0,0,0,0
2003,210406,2,1,0,0,0,0,0,0,0,0,0,0
2003,210407,1,1,19,19,19,19,19,19,19,19,19,19
2003,210408,1,1,17,17,17,17,17,17,17,17,17,17
2003,210408,2,1,0,0,0,0,0,0,0,0,0,0
2003,210409,1,1,18,18,18,18,18,18,18,18,18,18
2003,210409,2,1,0,0,0,0,0,0,0,0,0,0
2003,210410,1,1,0,0,0,0,0,9,6,0,0,0
2003,210411,1,1,0,0,0,0,0,0,0,0,0,0
2003,210412,1,1,0,0,0,0,0,0,0,0,0,0
2003,210412,2,1,0,0,0,0,0,0,0,0,0,0
2003,210413,1,1,0,0,0,0,0,0,0,0,0,0
2003,210413,2,1,0,3,0,0,0,0,0,0,0,0
2003,210414,1,1,0,0,21,0,0,0,19,0,0,0
2003,210415,1,1,9,0,0,0,0,0,0,0,0,0
2003,210416,1,1,0,0,0,0,0,0,0,0,0,0
2003,210417,1,1,0,0,0,0,0,0,0,0,0,0
2003,210418,1,1,0,0,0,0,0,0,0,0,0,0
2003,210418,2,1,0,21,6,0,0,0,0,0,0,8
2003,210419,1,1,21,0,0,0,0,0,14,0,0,0
2003,210420,1,1,0,0,0,0,0,0,0,0,0,0
2003,210420,2,1,0,0,0,0,0,0,0,0,0,0
2003,210421,1,1,0,0,0,0,0,0,16,0,0,0
2003,210422,1,1,18,18,18,18,18,18,18,18,18,18
2003,210423,1,1,0,0,0,0,0,0,0,0,0,0
2003,210424,1,1,0,0,0,0,0,0,0,0,0,0
2003,210424,2,1,0,15,0,11,9,0,0,0,0,0
2003,210425,1,1,25,22,14,14,14,5,19,45,0,41