YEAR,ST_CASE,veh_no,per_no,P1,P2,P3,P4,P5,P6,P7,P8,P9,P10
2003,210426,1,1,13,13,13,13,13,13,13,13,13,13
2003,210427,1,1,0,0,0,0,0,0,0,0,0,0
2003,210428,1,1,0,0,0,0,0,0,0,0,0,0
2003,210428,2,1,0,0,0,0,0,0,0,0,0,0
2003,210429,1,1,0,0,0,0,2,0,0,0,0,0
2003,210430,1,1,0,0,0,0,0,0,0,0,0,0
2003,210430,2,1,0,0,0,0,0,0,0,0,0,0
2003,210431,1,1,0,0,0,0,0,0,0,0,0,0
2003,210432,1,1,7,0,0,0,0,0,0,0,0,0
2003,210432,2,1,0,0,0,0,0,0,0,0,0,0
2003,210433,0,1,25,0,24,25,15,7,0,0,15,26
2003,210433,1,1,1,1,1,1,1,1,1,1,1,1
2003,210434,1,1,0,0,0,0,15,0,35,0,0,0
2003,210435,1,1,0,0,0,16,0,0,0,0,0,0
2003,210436,1,1,0,0,0,0,0,0,0,0,0,0
2003,210437,1,1,0,0,0,0,0,0,0,0,0,0
2003,210437,2,1,4,0,0,0,0,0,0,0,0,0
2003,210438,1,1,0,0,0,0,0,0,0,0,0,0
2003,210439,1,1,4,4,4,4,4,4,4,4,4,4
2003,210440,1,1,7,7,7,7,7,7,7,7,7,7
2003,210441,1,1,0,0,0,0,0,0,0,0,0,0
2003,210442,1,1,0,0,0,0,0,0,0,0,0,0
2003,210442,2,1,0,0,0,0,0,0,0,0,0,0
2003,210443,1,1,0,0,0,0,0,0,0,0,0,0
2003,210444,1,1,0,0,0,0,0,0,0,0,0,0
2003,210445,1,1,13,10,37,23,29,7,21,28,9,10
2003,210446,1,1,14,14,14,14,14,14,14,14,14,14
2003,210447,1,1,0,0,0,0,0,0,0,0,0,0
2003,210447,2,1,0,0,0,0,0,0,0,0,0,0
2003,210448,1,1,0,0,0,0,0,0,0,0,0,0
2003,210449,0,1,0,0,0,0,0,0,0,0,0,0
2003,210449,1,1,0,0,0,0,0,0,0,0,0,0
2003,210450,1,1,0,0,0,0,0,0,0,0,12,0
2003,210451,1,1,14,14,14,14,14,14,14,14,14,14
2003,210451,2,1,0,0,0,0,0,0,0,0,0,0
2003,210452,1,1,17,0,0,0,0,0,0,0,0,0
2003,210453,1,1,12,0,0,0,21,0,24,31,11,18
2003,210454,1,1,0,0,0,25,0,0,0,0,0,0
2003,210454,2,1,0,0,0,0,0,0,0,0,0,0
2003,210455,1,1,0,0,0,0,0,0,0,0,0,0
2003,210455,2,1,0,0,0,0,0,0,0,0,0,0
2003,210456,1,1,0,0,0,0,0,0,0,0,0,0
2003,210457,1,1,27,27,27,27,27,27,27,27,27,27
2003,210458,1,1,21,21,21,21,21,21,21,21,21,21
2003,210459,1,1,0,0,0,0,0,0,0,0,0,0
2003,210460,1,1,0,0,0,0,0,0,0,0,0,0
2003,210460,2,1,0,0,0,0,0,0,0,0,0,0
2003,210461,1,1,5,0,0,0,0,0,0,0,18,0
2003,210462,1,1,0,0,0,0,15,0,0,0,5,0
2003,210463,1,1,0,0,0,0,0,0,0,0,0,0
2003,210463,2,1,0,0,0,0,0,0,0,0,0,0
2003,210463,3,1,0,0,0,0,0,0,0,0,0,0
2003,210464,1,1,0,0,0,0,0,0,0,0,0,0
2003,210464,2,1,0,0,0,0,0,0,0,0,0,0
2003,210464,3,1,0,0,0,0,0,0,0,0,0,0
2003,210465,0,1,20,0,0,0,0,0,0,0,16,0
2003,210465,1,1,0,0,0,0,0,0,0,0,0,0
2003,210466,1,1,19,19,19,19,19,19,19,19,19,19
2003,210467,1,1,0,0,0,0,0,0,0,0,0,0
2003,210467,2,1,0,0,0,0,0,0,0,0,0,0
2003,210468,1,1,0,0,0,14,0,32,0,0,0,0
2003,210469,1,1,0,0,0,0,0,0,0,0,0,0
2003,210470,1,1,0,0,14,0,0,0,0,0,0,0
2003,210471,1,1,23,23,23,23,23,23,23,23,23,23
2003,210472,1,1,0,0,11,0,0,0,0,0,5,0
2003,210472,2,1,0,0,0,0,0,0,0,0,0,0
2003,210472,3,1,0,0,0,0,0,0,0,0,0,0
2003,210473,1,1,17,0,0,28,0,0,20,0,0,0
2003,210474,1,1,0,0,0,0,0,0,0,0,0,0
2003,210475,1,1,19,15,14,17,14,3,22,0,0,12
2003,210475,2,1,0,0,0,0,0,8,0,0,0,0
2003,210476,1,1,0,15,0,27,9,12,21,22,0,0
2003,210477,1,1,17,17,17,17,17,17,17,17,17,17
2003,210478,1,1,0,0,0,0,0,0,17,0,0,0
2003,210479,1,1,0,0,0,0,0,0,0,0,0,0
2003,210479,2,1,0,0,0,0,0,0,0,0,0,0
2003,210480,1,1,0,0,0,0,0,0,0,0,0,0
2003,210480,2,1,0,0,0,0,0,0,0,0,0,0
2003,210481,1,1,0,0,0,0,0,0,0,0,0,0
2003,210481,2,1,0,0,0,0,0,0,0,0,0,0
2003,210482,1,1,0,0,0,0,0,0,0,18,0,19
2003,210482,2,1,0,0,0,0,0,0,0,0,0,0
2003,210482,3,1,0,0,0,0,0,0,0,0,0,0
2003,210482,4,1,0,0,0,0,0,0,0,0,0,0
2003,210483,1,1,16,16,16,16,16,16,16,16,16,16
2003,210484,1,1,21,21,21,21,21,21,21,21,21,21
2003,210485,1,1,0,0,0,0,0,0,0,0,0,0
2003,210485,2,1,0,4,0,0,0,0,0,0,0,0
2003,210486,1,1,0,0,0,0,0,0,0,0,0,0
2003,210486,2,1,0,0,0,0,0,0,0,0,0,0
2003,210487,1,1,3,3,3,3,3,3,3,3,3,3
2003,210487,2,1,0,0,0,0,0,0,0,0,0,0
2003,210488,1,1,0,0,0,0,0,0,0,0,0,0
2003,210488,2,1,0,0,0,0,0,12,0,0,0,0
2003,210488,3,1,0,0,0,0,0,0,0,0,0,0
2003,210489,1,1,10,10,10,10,10,10,10,10,10,10
2003,210489,2,1,0,0,0,0,0,0,0,0,0,0
2003,210490,1,1,9,9,9,9,9,9,9,9,9,9
2003,210490,2,1,0,0,0,0,0,0,0,0,0,0
2003,210491,1,1,0,0,0,0,0,0,0,0,0,0
2003,210492,1,1,26,26,26,26,26,26,26,26,26,26
2003,210493,1,1,0,0,0,13,0,0,0,0,0,0
2003,210494,0,1,0,27,27,25,0,0,19,15,0,0
2003,210494,1,1,0,0,0,0,0,0,0,0,0,0
2003,210495,1,1,9,9,9,9,9,9,9,9,9,9
2003,210496,1,1,16,16,16,16,16,16,16,16,16,16
2003,210496,2,1,0,0,0,0,0,0,0,0,0,0
2003,210497,1,1,0,0,0,0,0,0,0,0,0,0
2003,210497,2,1,0,0,0,0,0,0,0,0,0,0
2003,210498,1,1,21,21,21,21,21,21,21,21,21,21
2003,210499,1,1,0,0,0,0,0,0,0,0,0,0
2003,210499,2,1,0,0,0,0,0,0,0,0,0,0
2003,210500,1,1,10,10,10,10,10,10,10,10,10,10
2003,210501,1,1,38,38,38,38,38,38,38,38,38,38
2003,210501,2,1,0,0,0,0,0,0,0,0,0,0
2003,210502,1,1,0,0,0,0,0,0,0,0,0,0
2003,210503,1,1,20,20,20,20,20,20,20,20,20,20
2003,210504,0,1,31,31,31,31,31,31,31,31,31,31
2003,210504,1,1,0,0,0,0,0,0,0,0,0,0
2003,210505,1,1,10,10,10,10,10,10,10,10,10,10
2003,210506,1,1,0,0,0,0,0,0,0,0,0,0
2003,210506,2,1,0,0,0,0,0,0,0,0,0,0
2003,210507,1,1,7,7,7,7,7,7,7,7,7,7
2003,210507,2,1,0,0,30,0,0,0,0,0,0,0
2003,210508,0,1,12,20,42,24,15,22,23,24,9,29
2003,210508,1,1,0,0,0,0,0,0,0,0,0,0
2003,210509,1,1,0,0,0,0,0,0,0,0,0,0
2003,210509,2,1,0,0,0,0,0,0,0,0,0,0
2003,210510,1,1,0,0,0,0,0,0,0,0,0,0
2003,210510,2,1,0,0,0,0,0,0,0,0,0,0
2003,210511,1,1,0,11,0,0,0,0,0,12,11,0
2003,210512,1,1,10,10,10,10,10,10,10,10,10,10
2003,210513,1,1,31,11,13,15,0,6,17,18,22,24
2003,210514,1,1,17,0,13,17,40,32,15,30,15,0
2003,210515,1,1,0,0,9,10,0,0,0,0,0,0
2003,210515,2,1,0,0,0,0,0,0,0,0,0,0
2003,210515,3,1,0,11,0,0,0,0,0,0,0,0
2003,210516,1,1,4,0,0,0,0,0,12,0,0,0
2003,210517,1,1,0,0,0,28,0,0,14,0,0,0
2003,210518,0,1,0,0,0,0,0,0,0,0,0,0
2003,210518,1,1,0,0,0,0,0,0,0,0,0,0
2003,210519,1,1,0,0,0,0,0,0,0,0,0,0
2003,210519,2,1,0,0,0,0,0,0,0,0,0,0
2003,210519,3,1,0,0,0,0,0,0,0,0,0,0
2003,210520,1,1,0,8,0,0,18,0,0,0,0,0
2003,210520,2,1,0,9,0,0,0,0,0,0,0,0
2003,210521,1,1,0,0,0,0,0,0,0,18,0,0
2003,210522,1,1,16,16,16,16,16,16,16,16,16,16
2003,210522,2,1,0,0,0,0,0,0,0,0,0,0
2003,210523,1,1,0,0,0,0,0,0,0,0,0,0
2003,210523,2,1,0,0,12,0,0,0,0,0,0,0
2003,210524,0,1,0,0,0,0,0,0,0,0,0,0
2003,210524,1,1,0,0,0,0,0,0,0,0,0,0
2003,210525,1,1,30,30,30,30,30,30,30,30,30,30
2003,210526,1,1,0,0,0,0,0,0,0,0,0,0
2003,210526,2,1,0,0,0,0,0,0,0,0,0,0
2003,210527,1,1,6,6,6,6,6,6,6,6,6,6
2003,210527,2,1,0,0,0,0,0,0,0,0,0,0
2003,210528,1,1,0,0,8,0,0,0,26,19,0,27
2003,210529,1,1,0,0,0,0,0,0,0,0,0,0
2003,210529,2,1,0,0,0,0,0,0,0,0,0,0
2003,210530,1,1,0,0,0,0,0,0,0,0,0,0
2003,210530,2,1,0,0,0,0,0,0,0,0,0,0
2003,210531,1,1,0,11,0,0,25,0,5,0,20,0
2003,210532,1,1,0,0,0,0,0,13,0,0,0,3
2003,210532,2,1,0,0,0,0,0,0,0,0,0,0
2003,210533,1,1,2,0,17,13,20,10,5,14,0,0
2003,210534,1,1,0,0,0,0,0,0,0,0,0,0
2003,210534,2,1,0,0,0,0,0,0,0,0,0,0
2003,210535,1,1,0,0,0,0,0,0,0,0,0,0
2003,210536,1,1,9,0,0,0,0,0,0,0,0,0
2003,210537,1,1,0,0,0,0,0,0,0,0,0,0
2003,210537,2,1,0,0,0,0,0,0,0,0,0,0
2003,210537,3,1,0,0,0,0,0,0,0,0,0,0
2003,210538,1,1,0,0,0,0,0,0,0,0,0,0
2003,210538,2,1,0,0,0,0,0,0,0,0,0,0
2003,210539,1,1,0,0,0,0,0,0,0,0,0,0
2003,210539,2,1,0,0,0,0,0,0,0,0,0,0
2003,210540,1,1,12,0,0,0,11,0,14,0,0,0
2003,210541,1,1,0,0,0,0,0,0,0,0,0,0
2003,210542,1,1,21,21,21,21,21,21,21,21,21,21
2003,210543,1,1,0,0,0,0,0,0,0,0,0,0
2003,210543,2,1,0,0,0,0,0,0,0,0,0,0
2003,210544,1,1,0,18,0,0,0,0,0,0,0,0
2003,210544,2,1,0,0,0,0,0,0,0,0,0,0
2003,210545,1,1,0,0,0,0,0,0,0,0,0,0
2003,210545,2,1,0,0,0,0,0,0,0,0,0,0
2003,210546,1,1,10,18,12,25,21,13,25,11,24,12
2003,210547,1,1,0,0,0,0,0,0,0,0,0,0
2003,210548,1,1,19,0,28,0,31,0,0,0,0,22
2003,210549,1,1,0,0,0,0,0,0,0,0,0,21
2003,210549,2,1,0,0,0,0,0,0,0,0,0,0
2003,210550,1,1,0,0,0,0,0,0,0,0,0,0
2003,210550,2,1,0,0,0,0,0,0,0,0,0,0
2003,210550,3,1,0,0,0,0,0,0,0,0,0,0
2003,210551,1,1,13,13,13,13,13,13,13,13,13,13
2003,210552,1,1,16,16,16,16,16,16,16,16,16,16
2003,210553,1,1,0,0,0,0,0,0,0,0,0,0
2003,210553,2,1,0,0,0,0,0,0,0,0,0,0
2003,210554,1,1,15,0,0,0,0,0,0,0,0,0
2003,210554,2,1,0,0,0,0,0,0,0,0,0,0
2003,210555,0,1,28,28,28,28,28,28,28,28,28,28
2003,210555,1,1,0,0,0,0,0,0,0,0,0,0
2003,210556,1,1,16,11,0,0,0,0,0,0,0,0
2003,210556,2,1,0,0,0,0,0,0,0,0,0,0
2003,210556,3,1,0,0,0,9,0,0,0,0,0,0
2003,210557,1,1,0,0,0,0,0,0,0,0,0,0
2003,210558,1,1,0,0,0,0,0,0,0,0,0,0
2003,210559,1,1,14,14,14,14,14,14,14,14,14,14
2003,210560,1,1,0,0,0,0,0,0,0,0,0,0
2003,210561,1,1,0,0,0,0,11,0,0,0,0,0
2003,210562,1,1,0,0,0,0,0,0,0,0,0,0
2003,210563,1,1,0,0,13,0,0,0,0,6,9,8
2003,210564,1,1,0,0,0,0,0,0,0,0,0,0
2003,210565,1,1,0,0,0,0,0,0,0,0,0,0
2003,210565,2,1,0,0,0,0,0,0,10,0,0,0
2003,210566,1,1,0,0,0,0,0,0,0,0,0,0
2003,210567,1,1,28,19,22,8,0,19,0,0,0,0
2003,210568,1,1,16,16,16,16,16,16,16,16,16,16
2003,210569,1,1,11,10,17,13,14,0,4,14,12,10
2003,210569,2,1,0,0,0,0,0,0,0,0,0,0
2003,210570,1,1,0,0,0,0,0,12,18,0,0,0
2003,210571,1,1,0,0,0,0,0,0,0,0,0,0
2003,210572,1,1,18,18,18,18,18,18,18,18,18,18
2003,210573,1,1,0,0,0,0,0,0,0,0,0,0
2003,210573,2,1,14,0,0,0,0,0,0,0,0,0
2003,210574,1,1,0,0,0,0,0,0,0,0,0,0
2003,210574,2,1,0,0,0,0,0,0,0,0,0,0
2003,210575,1,1,23,8,16,20,10,15,14,32,5,26
2003,210576,1,1,16,16,16,16,16,16,16,16,16,16
2003,210577,1,1,0,11,0,0,0,0,0,0,0,0
2003,210578,1,1,15,19,10,44,21,26,19,26,28,24
2003,210579,1,1,0,0,0,0,0,0,0,0,0,0
2003,210579,2,1,0,0,0,0,0,0,0,0,0,0
2003,210579,3,1,0,0,0,0,0,0,0,0,0,0
2003,210580,1,1,0,0,0,0,0,0,0,0,0,0
2003,210580,2,1,0,0,0,0,0,0,0,0,0,0
2003,210580,3,1,0,0,0,0,0,0,0,0,0,0
2003,210581,1,1,0,0,0,0,0,0,0,0,0,0
2003,210582,1,1,0,0,0,0,12,0,0,0,0,0
2003,210582,2,1,0,0,0,0,0,0,0,0,0,0
2003,210583,1,1,11,11,11,11,11,11,11,11,11,11
2003,210584,1,1,0,19,24,0,0,0,19,32,0,23
2003,210585,1,1,9,9,9,9,9,9,9,9,9,9
2003,210586,1,1,26,26,26,26,26,26,26,26,26,26
2003,210587,1,1,0,0,0,0,0,0,16,0,0,0
2003,210587,2,1,0,0,0,0,0,0,0,0,0,0
2003,210588,1,1,0,15,0,0,0,0,0,0,0,0
2003,210588,2,1,3,0,0,0,0,0,0,0,0,0
2003,210588,3,1,0,0,0,0,0,0,0,0,0,0
2003,210589,1,1,0,0,0,0,0,0,0,0,0,0
2003,210589,2,1,0,0,0,0,0,0,0,0,0,0
2003,210589,3,1,0,0,0,0,0,0,0,0,0,0
2003,210589,4,1,0,0,0,0,0,0,0,0,0,0
2003,210590,1,1,0,0,0,0,0,0,0,0,0,0
2003,210590,2,1,0,0,0,0,0,0,0,0,0,0
2003,210591,1,1,0,10,0,0,0,0,0,0,0,0
2003,210592,1,1,0,0,0,0,0,0,0,0,0,0
2003,210592,2,1,0,0,0,0,0,0,0,0,0,0
2003,210592,3,1,0,0,0,0,0,0,0,0,0,0
2003,210593,1,1,13,13,13,13,13,13,13,13,13,13
2003,210594,1,1,10,10,10,10,10,10,10,10,10,10
2003,210594,2,1,0,0,0,0,0,0,0,0,0,0
2003,210595,1,1,0,0,0,22,0,0,0,0,0,0
2003,210596,0,1,57,18,12,7,18,19,22,24,37,22
2003,210596,1,1,0,0,0,0,0,0,0,0,0,0
2003,210597,1,1,0,0,0,0,0,0,0,0,0,0
2003,210597,2,1,0,0,0,0,0,0,0,0,0,0
2003,210598,0,1,0,34,33,0,0,0,0,6,17,0
2003,210598,1,1,0,0,0,0,0,0,0,0,0,0
2003,210599,1,1,0,0,3,0,0,0,0,0,0,0
2003,210600,1,1,0,0,0,0,0,0,0,0,0,19
2003,210600,2,1,0,0,0,0,0,0,0,0,0,0
2003,210601,1,1,0,0,0,0,0,0,0,0,0,0
2003,210601,2,1,0,0,0,0,0,0,0,0,0,0
2003,210602,1,1,0,0,0,0,0,0,0,0,0,0
2003,210602,2,1,0,0,0,0,0,0,0,0,0,0
2003,210602,3,1,0,0,0,0,0,0,0,0,0,0
2003,210603,1,1,0,0,0,0,0,0,0,0,0,0
2003,210603,2,1,0,0,0,0,0,0,0,0,0,0
2003,210604,1,1,0,0,0,0,0,0,0,0,0,0
2003,210605,1,1,0,0,0,0,0,0,0,0,0,0
2003,210605,2,1,0,0,0,0,0,0,0,0,0,0
2003,210606,1,1,0,0,0,0,0,0,0,0,0,0
2003,210607,1,1,0,0,0,0,0,0,0,0,0,0
2003,210608,1,1,0,0,0,0,0,0,0,0,0,0
2003,210608,2,1,0,0,0,0,0,0,0,0,0,0
2003,210609,0,1,0,0,0,0,0,0,0,0,16,0
2003,210609,1,1,0,0,0,0,0,0,0,0,0,0
2003,210610,1,1,0,0,0,0,0,0,0,0,0,0
2003,210610,2,1,0,0,0,0,0,0,0,0,0,0
2003,210611,0,1,0,0,44,0,31,0,18,0,0,45
2003,210611,1,1,0,0,0,0,0,0,0,0,0,0
2003,210612,1,1,0,0,0,0,0,0,18,0,0,0
2003,210613,1,1,0,0,0,0,0,0,0,0,0,0
2003,210614,1,5,15,18,29,0,23,22,25,15,16,26
2003,210615,1,1,19,16,17,15,7,31,16,18,23,5
2003,210616,1,1,0,0,0,0,0,0,0,0,0,0
2003,210616,2,1,0,0,0,0,0,0,0,0,0,0
2003,210617,0,1,0,0,0,0,0,0,0,0,0,0
2003,210617,1,1,0,0,0,0,0,0,0,0,0,0
2003,210618,1,1,0,0,0,0,0,0,0,0,0,0
2003,210618,2,1,0,0,0,0,0,0,0,0,0,0
2003,210619,1,1,0,0,0,25,0,0,0,0,0,11
2003,210620,1,1,2,2,2,2,2,2,2,2,2,2
2003,210621,0,1,0,0,0,0,22,0,0,0,0,0
2003,210621,1,1,0,0,0,0,0,0,0,0,0,0
2003,210622,1,1,21,0,0,17,0,0,0,0,0,0
2003,210623,1,1,0,0,0,0,0,0,0,0,0,0
2003,210624,1,1,21,21,21,21,21,21,21,21,21,21
2003,210624,2,1,0,0,0,0,0,0,0,0,0,4
2003,210625,1,1,0,0,0,0,0,0,0,0,0,0
2003,210625,2,1,0,0,0,0,0,0,0,0,0,0
2003,210626,1,1,0,0,0,28,25,0,24,0,0,27
2003,210626,2,1,0,0,0,0,0,0,0,0,0,0
2003,210626,3,1,0,0,0,0,20,0,31,21,0,0
2003,210627,1,1,35,0,0,0,17,0,32,0,0,0
2003,210628,1,1,0,0,0,0,0,0,0,0,0,22
2003,210628,2,1,0,0,0,0,0,0,0,0,0,0
2003,210629,1,1,20,20,20,20,20,20,20,20,20,20
2003,210630,1,1,0,0,0,0,0,0,0,0,0,0
2003,210630,2,1,0,0,0,0,0,0,0,0,0,0
2003,210631,1,1,0,0,0,0,0,0,0,0,0,0
2003,210632,1,1,22,22,22,22,22,22,22,22,22,22
2003,210633,1,1,0,0,0,0,0,0,0,0,0,0
2003,210633,2,1,0,0,0,0,0,0,0,0,0,0
2003,210634,1,1,0,0,0,0,0,0,0,0,0,0
2003,210634,2,1,0,0,0,0,0,0,0,0,0,0
2003,210635,1,1,0,0,0,0,16,0,0,0,0,0
2003,210636,1,1,0,0,0,0,0,21,28,0,0,0
2003,210637,1,1,13,13,13,13,13,13,13,13,13,13
2003,210638,1,1,0,0,0,0,0,0,0,0,0,0
2003,210638,2,1,0,0,0,0,0,0,0,0,0,0
2003,210639,1,1,0,0,0,0,0,0,0,0,0,0
2003,210640,1,1,6,32,23,15,22,37,0,33,51,36
2003,210641,1,1,0,0,0,0,0,0,0,0,0,0
2003,210642,1,1,0,0,0,0,0,0,0,0,0,0
2003,210642,2,1,0,0,0,0,0,0,0,0,0,0
2003,210643,1,1,0,0,0,0,0,0,0,0,0,0
2003,210643,2,1,0,0,0,0,0,0,0,0,0,0
2003,210644,1,1,0,0,0,0,0,0,0,0,0,0
2003,210645,1,1,0,0,0,0,0,0,0,0,0,0
2003,210645,2,1,0,0,0,0,0,0,0,0,0,0
2003,210646,1,1,0,0,0,0,0,0,0,0,0,0
2003,210647,0,1,0,0,0,0,0,0,0,0,0,0
2003,210647,1,1,0,0,0,0,0,0,0,0,0,0
2003,210648,1,1,8,28,34,6,42,19,31,14,33,6
2003,210649,0,1,0,0,27,0,0,32,0,0,10,0
2003,210649,1,1,0,0,0,0,0,0,0,0,0,0
2003,210650,1,1,0,0,0,0,0,0,0,0,0,0
2003,210650,2,1,0,0,0,0,0,0,0,0,0,0
2003,210650,3,1,0,0,0,0,0,0,0,0,0,0
2003,210651,1,1,0,0,0,0,0,0,0,0,0,0
2003,210651,2,1,0,0,0,0,0,0,0,0,0,0
2003,210652,1,1,0,0,0,0,15,0,0,0,0,0
2003,210652,2,1,0,0,0,0,11,0,0,0,7,0
2003,210653,1,1,0,0,0,0,0,0,0,0,0,0
2003,210653,2,1,0,0,0,0,0,0,0,0,0,0
2003,210653,3,1,0,0,0,0,0,0,8,0,0,0
2003,210653,4,1,0,0,0,0,0,0,0,0,0,0
2003,210653,5,1,0,0,0,0,0,0,0,0,0,0
2003,210654,1,1,0,0,0,0,0,0,0,0,0,0
2003,210654,2,1,0,0,0,0,33,0,0,0,0,0
2003,210655,1,1,18,18,18,18,18,18,18,18,18,18
2003,210656,1,1,0,0,0,0,0,0,0,0,0,4
2003,210656,2,1,0,0,0,0,0,0,0,0,0,0
2003,210657,1,1,0,0,0,0,0,0,0,0,0,0
2003,210657,2,1,0,0,0,0,0,0,0,0,0,0
2003,210658,1,1,0,0,0,0,0,0,0,0,0,0
2003,210659,1,1,21,21,21,21,21,21,21,21,21,21
2003,210660,1,1,0,15,0,0,0,17,17,0,0,31
2003,210661,1,1,0,0,0,0,0,0,0,0,0,0
2003,210661,2,1,0,0,0,0,0,0,0,0,0,0
2003,210662,1,1,0,0,0,0,0,0,0,0,0,0
2003,210662,2,1,0,0,0,0,0,0,0,0,0,0
2003,210663,1,1,0,0,0,0,0,0,0,0,0,0
2003,210664,1,1,0,0,0,0,0,0,0,0,0,0
2003,210664,2,1,0,0,8,0,0,0,0,0,0,0
2003,210664,3,1,0,0,0,0,0,0,0,0,0,5
2003,210665,1,1,0,16,0,0,0,0,0,22,0,0
2003,210666,1,1,0,0,0,0,0,0,0,0,0,0
2003,210666,2,1,0,0,0,0,0,0,0,0,0,0
2003,210667,1,1,0,0,0,0,0,0,0,0,0,0
2003,210667,2,1,0,0,0,0,0,0,0,0,0,0
2003,210668,1,1,0,0,0,0,0,0,4,0,0,0
2003,210669,1,1,0,0,0,0,0,0,0,0,0,0
2003,210669,2,1,11,0,15,0,0,0,0,0,0,0
2003,210670,1,1,0,0,0,0,0,0,0,0,0,0
2003,210670,2,1,0,0,0,0,0,0,0,0,0,0
2003,210671,1,1,20,20,20,20,20,20,20,20,20,20
2003,210672,1,1,0,0,0,0,0,0,0,0,0,0
2003,210673,1,1,0,0,11,0,0,0,0,0,0,0
2003,210674,1,1,0,0,0,0,0,0,0,0,0,0
2003,210674,2,1,0,0,0,0,0,0,0,0,0,0
2003,210675,1,1,0,0,0,0,0,0,0,0,0,0
2003,210675,2,1,0,0,0,0,0,0,0,0,0,0
2003,210676,1,1,0,0,0,0,0,0,0,0,0,0
2003,210676,2,1,0,0,0,0,0,0,0,0,0,0
2003,210677,1,1,17,17,9,8,11,17,9,26,7,12
2003,210678,1,1,0,0,0,0,0,0,0,0,0,0
2003,210678,2,1,0,0,0,0,0,0,0,0,0,0
2003,210679,1,1,0,0,0,0,3,0,0,0,0,0
2003,210679,2,1,0,0,0,0,0,0,0,0,0,0
2003,210680,1,1,0,0,0,0,0,0,0,0,0,0
2003,210680,2,1,16,0,0,0,0,0,0,0,0,0
2003,210681,1,1,0,0,0,0,14,0,0,0,0,0
2003,210681,2,1,0,0,0,0,0,0,0,0,0,0
2003,210682,1,1,0,0,0,0,0,0,0,0,0,0
2003,210682,2,1,0,0,0,0,0,0,0,0,0,0
2003,210683,1,1,0,0,21,0,0,24,20,0,0,17
2003,210684,1,1,0,0,0,0,0,0,0,0,0,0
2003,210684,2,1,0,0,0,0,0,0,0,0,0,0
2003,210685,1,1,15,0,28,16,0,12,14,17,31,16
2003,210685,2,1,0,0,0,0,0,0,0,0,19,0
2003,210686,0,1,12,12,49,20,28,14,28,9,21,21
2003,210686,1,1,0,0,0,0,0,0,0,0,0,0
2003,210687,0,1,0,0,0,0,0,0,0,0,0,32
2003,210687,1,1,0,0,0,0,0,0,0,0,0,11
2003,210688,1,1,0,0,0,0,0,0,0,0,0,0
2003,210688,2,1,0,0,0,0,10,0,0,0,0,0
2003,210689,1,1,0,0,0,0,0,0,0,0,0,0
2003,210689,2,1,0,0,0,0,0,0,0,0,0,0
2003,210690,1,1,0,0,0,0,0,0,0,0,0,0
2003,210690,2,1,0,0,0,0,0,0,0,0,0,0
2003,210691,1,1,0,0,0,0,0,0,0,0,0,0
2003,210692,1,1,0,0,0,0,0,0,0,0,0,0
2003,210692,2,1,0,0,0,0,0,0,0,0,0,0
2003,210693,1,1,4,4,4,4,4,4,4,4,4,4
2003,210694,1,1,0,0,0,0,0,0,0,0,0,0
2003,210695,1,1,15,0,0,20,0,0,0,15,0,0
2003,210695,2,1,0,0,0,0,0,0,0,0,0,0
2003,210696,1,1,0,0,0,0,0,0,0,0,0,0
2003,210696,2,1,0,0,0,0,0,0,0,0,0,0
2003,210697,1,1,23,23,23,23,23,23,23,23,23,23
2003,210698,1,1,27,27,27,27,27,27,27,27,27,27
2003,210699,1,1,0,0,0,0,0,0,0,0,0,0
2003,210699,2,1,0,0,0,0,0,0,0,0,0,0
2003,210700,1,1,0,0,0,0,0,0,0,0,0,0
2003,210700,2,1,0,0,0,0,0,0,0,0,0,0
2003,210701,1,1,13,0,0,0,0,0,0,0,13,0
2003,210702,1,1,0,0,0,0,0,0,0,0,0,0
2003,210702,2,1,0,0,0,0,0,0,0,0,0,0
2003,210703,1,1,0,0,2,0,0,6,0,0,0,0
2003,210704,1,1,15,9,20,16,37,16,17,9,10,22
2003,210704,2,1,0,0,0,0,0,0,0,0,0,0
2003,210705,1,1,17,0,0,32,11,20,3,0,41,25
2003,210706,1,1,0,0,0,0,0,8,0,0,0,0
2003,210706,2,1,0,0,0,0,0,0,0,0,0,0
2003,210707,1,1,0,0,0,0,0,0,0,0,0,0
2003,210707,2,1,0,0,0,20,0,8,0,0,0,0
2003,210708,1,1,9,0,21,18,27,24,12,39,21,21
2003,210709,1,1,0,0,0,0,0,0,0,0,0,0
2003,210709,2,1,0,0,0,0,0,0,0,0,0,0
2003,210710,1,1,0,0,0,0,0,0,0,0,0,0
2003,210710,2,1,0,0,0,0,0,0,0,0,0,0
2003,210711,1,1,0,0,0,0,0,0,0,0,0,0
2003,210711,2,1,0,0,0,0,0,0,0,0,0,0
2003,210712,1,1,17,17,17,17,17,17,17,17,17,17
2003,210713,1,1,0,0,0,0,0,0,0,0,0,0
2003,210714,1,1,0,0,0,0,0,0,0,0,0,0
2003,210714,2,1,0,0,0,0,0,0,0,0,0,0
2003,210715,1,1,0,0,0,0,0,0,0,0,0,0
2003,210715,2,1,0,0,0,0,0,0,0,0,0,0