YEAR,ST_CASE,veh_no,per_no,P1,P2,P3,P4,P5,P6,P7,P8,P9,P10
2003,210716,1,1,0,0,0,0,0,0,20,0,0,0
2003,210717,1,1,0,0,0,0,0,0,0,0,0,0
2003,210718,1,1,27,28,26,14,7,15,30,22,12,18
2003,210719,1,1,10,10,10,10,10,10,10,10,10,10
2003,210720,1,1,20,20,20,20,20,20,20,20,20,20
2003,210721,1,1,17,0,0,0,0,0,0,0,0,0
2003,210722,1,1,0,0,0,0,0,0,0,0,0,0
2003,210723,1,1,0,0,0,0,0,0,0,0,0,0
2003,210723,2,1,0,0,0,0,0,5,0,0,0,0
2003,210724,1,1,0,0,0,0,0,0,0,0,0,0
2003,210725,1,1,8,8,8,8,8,8,8,8,8,8
2003,210726,1,1,1,1,1,1,1,1,1,1,1,1
2003,210726,2,1,0,0,0,0,0,0,0,0,0,0
2003,210727,0,1,16,16,16,16,16,16,16,16,16,16
2003,210727,1,1,0,0,0,0,0,0,0,0,0,0
2003,210728,1,1,0,0,0,0,15,0,0,0,13,0
2003,210728,2,1,0,0,0,0,0,0,0,0,0,0
2003,210729,0,1,41,0,33,26,0,0,24,0,0,0
2003,210729,1,1,0,0,0,0,0,0,0,0,0,0
2003,210730,1,1,0,0,0,0,0,0,0,0,0,0
2003,210731,1,1,24,16,15,6,0,0,0,0,0,22
2003,210731,2,1,0,0,0,0,0,0,0,0,0,0
2003,210732,1,1,0,0,0,0,0,0,0,0,0,0
2003,210733,1,1,6,6,6,6,6,6,6,6,6,6
2003,210733,2,1,0,0,0,0,0,0,0,0,0,0
2003,210734,1,1,20,20,20,20,20,20,20,20,20,20
2003,210734,2,1,0,0,0,0,0,0,0,0,0,0
2003,210735,1,1,0,0,0,0,0,0,0,0,0,0
2003,210736,1,1,0,0,0,0,0,0,0,0,0,0
2003,210736,2,1,0,0,0,0,0,0,0,0,0,0
2003,210737,0,1,0,0,0,0,0,0,0,0,0,0
2003,210737,1,1,0,0,0,0,0,0,0,0,0,0
2003,210738,1,1,21,21,21,21,21,21,21,21,21,21
2003,210739,1,1,0,0,0,0,0,0,0,0,0,0
2003,210739,2,1,0,0,0,0,0,0,0,0,6,0
2003,210740,1,1,24,24,24,24,24,24,24,24,24,24
2003,210741,1,1,0,0,0,0,0,13,0,0,0,0
2003,210741,2,1,0,0,0,0,0,0,0,0,0,0
2003,210742,1,1,0,0,0,0,0,0,0,0,0,0
2003,210743,1,1,0,0,0,0,0,0,0,0,0,0
2003,210743,2,1,0,0,0,0,0,0,0,0,0,0
2003,210744,0,1,28,28,28,28,28,28,28,28,28,28
2003,210744,1,1,0,0,0,0,0,0,0,5,0,0
2003,210745,1,1,20,20,20,20,20,20,20,20,20,20
2003,210745,2,1,0,0,0,0,0,0,0,0,0,0
2003,210746,1,1,0,0,0,0,0,0,0,0,0,0
2003,210747,1,1,0,0,0,0,0,0,0,0,0,0
2003,210747,2,1,0,0,0,0,0,0,0,0,0,0
2003,210748,1,1,0,0,0,0,19,0,6,0,0,0
2003,210749,1,1,0,0,0,0,0,0,0,0,0,0
2003,210749,2,1,0,0,0,0,0,0,0,0,0,0
2003,210750,1,1,0,0,0,0,0,0,0,22,0,0
2003,210751,1,1,23,23,23,23,23,23,23,23,23,23
2003,210752,1,1,0,0,0,0,0,0,0,0,0,0
2003,210752,2,1,0,0,0,0,0,0,0,0,0,0
2003,210752,3,1,0,0,0,0,0,0,0,0,0,0
2003,210753,1,1,10,10,10,10,10,10,10,10,10,10
2003,210753,2,1,0,0,0,0,0,0,0,0,0,0
2003,210754,1,1,0,18,0,0,0,19,0,20,0,29
2003,210755,1,1,0,0,0,0,0,0,0,0,0,0
2003,210756,1,1,0,0,0,0,0,0,0,0,0,0
2003,210757,1,1,0,0,0,0,0,0,0,0,0,0
2003,210758,1,1,0,0,0,0,0,0,0,0,0,0
2003,210758,2,1,0,0,0,0,0,0,0,0,0,0
2003,210759,1,1,0,0,0,0,0,0,0,0,0,0
2003,210760,0,1,0,0,0,0,0,0,0,16,19,0
2003,210760,1,1,0,0,0,0,0,0,0,0,0,0
2003,210761,1,1,0,0,0,0,0,0,0,0,0,0
2003,210762,1,1,10,26,16,13,20,9,22,22,26,28
2003,210763,1,1,0,0,0,0,0,0,0,0,0,0
2003,210763,2,1,0,0,0,6,0,0,0,0,0,0
2003,210763,3,1,0,0,0,0,0,0,0,0,0,0
2003,210764,1,1,0,0,0,0,0,0,0,0,0,0
2003,210764,2,1,0,0,0,0,7,0,0,0,0,0
2003,210764,3,1,0,0,0,0,0,0,0,0,0,0
2003,210764,4,1,0,0,0,0,0,0,0,0,0,0
2003,210765,1,1,0,0,0,0,0,0,0,0,0,0
2003,210766,1,1,0,0,0,0,0,0,0,0,0,0
2003,210766,2,1,0,0,0,0,0,0,0,0,0,0
2003,210767,0,1,0,0,0,0,0,0,12,7,5,9
2003,210767,1,1,0,0,0,0,0,0,0,0,0,0
2003,210768,1,1,0,0,0,0,0,0,0,0,16,0
2003,210768,2,1,5,0,0,7,5,0,0,0,0,0
2003,210769,1,1,5,5,5,5,5,5,5,5,5,5
2003,210770,1,1,0,0,0,0,0,0,0,0,0,0
2003,210770,2,1,0,0,0,0,0,0,0,0,0,0
2003,210771,1,1,13,13,13,13,13,13,13,13,13,13
2003,210772,1,1,21,0,0,0,0,0,0,0,0,0
2003,210773,1,1,0,0,0,0,0,0,0,0,0,0
2003,210773,2,1,0,0,0,0,0,0,0,0,0,0
2003,210774,1,1,0,0,0,0,0,0,0,0,0,0
2003,210774,2,1,0,0,0,0,0,0,0,0,0,0
2003,210775,1,1,0,0,0,0,0,0,0,0,0,0
2003,210776,1,1,0,0,0,0,0,0,0,0,0,0
2003,210776,2,1,0,0,0,0,0,0,0,0,0,0
2003,210777,1,1,0,0,0,0,0,0,0,0,0,0
2003,210777,2,1,0,0,0,0,0,0,0,0,0,0
2003,210778,1,1,0,0,0,0,0,0,0,0,0,0
2003,210779,1,1,0,0,0,0,0,0,0,0,0,0
2003,210779,2,1,0,0,0,0,0,0,0,0,0,0
2003,210780,1,1,0,0,0,0,0,0,0,0,0,0
2003,210780,2,1,0,0,0,0,0,0,0,0,0,0
2003,210781,1,1,0,0,0,0,0,0,0,0,0,0
2003,210781,2,1,0,0,0,0,0,0,0,0,0,0
2003,210782,1,1,0,0,0,0,0,0,0,0,0,0
2003,210783,1,1,0,0,0,0,0,0,0,0,0,0
2003,210783,2,1,0,0,0,0,0,0,0,0,0,0
2003,210783,3,1,0,0,0,0,0,0,0,0,0,0
2003,210784,1,1,0,0,0,0,0,0,0,0,0,0
2003,210784,2,1,0,0,0,0,0,0,0,0,0,0
2003,210785,1,1,0,0,0,0,0,0,0,0,0,0
2003,210785,2,1,0,0,0,0,0,0,0,0,0,0
2003,210786,1,1,16,0,0,0,0,0,0,0,0,0
2003,210786,2,1,0,0,0,0,0,0,0,0,0,0
2003,210787,1,1,0,0,0,0,0,0,0,0,0,0
2003,210787,2,1,0,0,0,0,0,0,0,0,0,0
2003,210788,1,1,8,8,8,8,8,8,8,8,8,8
2003,210789,1,1,0,0,0,0,0,0,0,0,0,0
2003,210789,2,1,0,0,0,0,0,0,0,0,0,0
2003,210789,3,1,0,0,0,0,0,0,0,0,0,0
2003,210790,1,1,0,0,0,0,0,0,0,0,0,0
2003,210790,2,1,0,0,0,0,0,0,0,0,0,0
2003,210791,1,1,0,0,0,0,0,0,0,0,0,0
2003,210791,2,1,0,0,0,0,0,0,0,0,0,0
2003,210792,1,1,0,11,0,0,0,0,0,0,0,11
2003,210792,2,1,0,0,0,0,0,0,0,0,0,0
2003,210793,1,1,0,0,7,0,0,0,0,0,0,0
2003,210794,1,1,0,0,0,0,0,0,0,0,0,0
2003,210794,2,1,0,0,0,0,0,0,0,0,0,0
2003,210795,1,1,15,15,15,15,15,15,15,15,15,15
2003,210796,0,1,8,12,38,0,24,0,0,32,0,23
2003,210796,1,1,0,0,0,0,0,0,0,0,0,0
2003,210797,1,1,0,0,0,0,0,0,0,0,0,0
2003,210797,2,1,0,0,0,0,0,17,0,0,0,0
2003,210798,1,1,8,8,8,8,8,8,8,8,8,8
2003,210799,1,1,0,0,0,0,0,0,0,0,0,0
2003,210799,2,1,0,0,0,0,0,0,0,0,0,0
2003,210800,1,1,0,0,0,0,0,0,0,0,0,0
2003,210800,2,1,0,0,0,0,0,0,0,0,0,0
2003,210801,0,1,0,0,0,0,0,0,0,0,0,0
2003,210801,1,1,0,0,0,0,0,0,0,0,0,0
2003,210802,1,1,0,0,0,0,0,0,0,0,0,0
2003,210802,2,1,0,0,0,0,0,0,0,0,0,0
2003,210803,1,1,15,15,15,15,15,15,15,15,15,15
2003,210804,1,1,14,14,14,14,14,14,14,14,14,14
2003,210805,1,1,0,0,0,0,0,0,0,0,0,0
2003,210806,1,1,0,0,0,0,0,0,0,0,0,0
2003,210806,2,1,0,0,0,0,0,0,0,0,0,0
2003,210807,1,1,0,0,0,0,0,0,0,0,0,0
2003,210807,2,1,0,0,0,0,0,0,0,0,0,0
2003,210808,1,1,18,18,18,18,18,18,18,18,18,18
2003,210809,1,1,0,0,0,0,0,0,0,0,0,0
2003,210810,1,1,8,26,24,12,25,22,31,24,21,21
2003,210811,1,1,35,35,35,35,35,35,35,35,35,35
2003,210812,1,1,10,0,0,0,0,0,9,0,16,0
2003,210813,1,1,0,0,0,0,0,0,11,14,17,0
2003,210814,1,1,0,0,0,0,0,0,0,0,0,0
2003,210814,2,1,0,0,12,0,0,0,0,0,0,0
2003,210815,1,1,0,0,0,0,0,0,0,0,0,0
2003,210815,2,1,0,0,0,0,0,0,0,0,0,0
2003,210816,1,1,0,0,0,0,0,0,0,0,0,0
2003,210816,2,1,0,0,0,0,0,0,0,0,0,0
2003,210817,1,1,0,0,0,0,0,0,0,0,0,0
2003,210817,2,1,0,0,0,0,0,0,0,0,0,0
2003,210818,1,1,0,0,0,0,0,0,0,0,0,0
2003,210819,1,1,0,0,0,0,0,0,0,0,0,0
2003,210820,1,1,0,0,0,0,0,0,0,0,0,0
2003,210820,2,1,0,0,0,0,0,0,0,0,0,0
2003,210821,1,1,0,0,0,0,0,0,0,0,0,0
2003,210821,2,1,0,0,0,0,0,0,0,0,0,0
2003,210822,1,1,0,0,0,0,0,0,0,0,0,0
2003,210822,2,1,0,0,0,0,0,0,0,0,0,0
2003,210823,1,1,19,9,9,38,14,13,16,11,15,15
2003,210824,1,1,0,0,0,0,0,0,0,0,0,0
2003,210825,1,1,0,0,26,0,0,11,0,0,0,0
2003,210826,1,1,0,0,0,0,0,0,0,0,0,0
2003,210827,1,1,5,5,5,5,5,5,5,5,5,5
2003,210828,1,1,0,0,0,0,0,0,0,0,0,0
2003,210829,1,1,20,25,17,7,7,27,18,10,6,11
2003,210830,1,1,3,0,0,0,0,11,0,0,0,0
2003,210830,2,1,0,0,0,0,0,0,0,0,0,0
2003,210831,1,1,0,0,0,0,0,0,0,0,0,0
2003,210831,2,1,0,0,0,0,0,0,0,0,0,0
2003,210832,1,1,24,24,24,24,24,24,24,24,24,24
2003,210833,1,1,0,0,0,0,0,0,0,0,0,0
2003,210833,2,1,0,0,0,0,0,0,0,0,0,0
2003,210834,1,1,0,0,0,0,0,0,0,0,0,0
2003,210834,2,1,0,0,0,0,0,0,0,0,0,0
2003,210835,1,1,0,0,0,0,14,0,0,0,0,0
2003,210835,2,1,0,0,0,0,0,0,0,0,0,0
2003,210836,1,1,0,0,0,0,0,0,0,0,0,0
2003,210837,1,1,0,0,0,0,0,0,0,0,0,0
2003,210838,1,1,0,0,0,14,7,0,0,0,0,8
2003,210838,2,1,0,0,0,0,0,0,0,0,0,0
2003,210839,1,1,0,36,0,0,12,14,0,0,0,0
2003,210840,1,1,0,0,0,0,0,0,0,0,0,0
2003,210840,2,1,0,0,0,0,0,0,0,0,0,0
2003,210841,1,1,0,0,0,0,0,0,0,0,0,0
2003,210841,2,1,0,0,0,0,0,0,0,0,0,0
2003,210842,1,1,0,0,0,0,0,0,0,0,0,0
2003,210842,2,1,0,0,0,0,0,0,0,0,0,0
2003,210843,1,1,0,0,0,0,0,0,0,0,0,0
2003,210844,1,1,0,0,0,0,0,0,0,0,0,0
2003,210844,2,1,0,0,0,0,0,0,0,0,0,0
2003,210845,1,1,0,0,15,0,0,0,0,0,0,0
2003,220001,1,1,16,16,16,16,16,16,16,16,16,16
2003,220002,1,1,23,30,20,26,23,28,0,0,11,11
2003,220003,1,1,0,0,0,9,0,0,0,0,0,0
2003,220003,2,1,0,0,0,0,0,0,0,0,0,0
2003,220004,1,1,21,21,21,21,21,21,21,21,21,21
2003,220005,1,1,0,12,0,0,5,10,0,0,0,0
2003,220006,1,1,13,0,17,18,20,0,43,12,13,16
2003,220007,1,1,25,25,25,25,25,25,25,25,25,25
2003,220007,2,1,0,17,0,0,24,0,7,0,0,25
2003,220008,1,1,0,0,17,13,19,13,15,11,0,22
2003,220009,1,1,19,27,18,29,8,0,0,13,24,24
2003,220010,1,1,0,0,0,0,0,0,0,0,0,0
2003,220012,0,1,16,10,17,9,0,0,12,0,0,14
2003,220012,1,1,23,0,0,0,0,0,17,14,0,0
2003,220013,1,1,0,7,29,14,24,0,29,6,26,12
2003,220013,2,1,0,0,0,0,0,0,0,0,0,0
2003,220014,1,1,14,14,14,14,14,14,14,14,14,14
2003,220015,1,1,0,0,37,27,23,0,27,0,10,25
2003,220016,0,1,0,0,0,0,0,0,0,15,0,0
2003,220016,1,1,0,0,0,0,0,0,0,0,0,0
2003,220017,0,1,0,0,0,0,0,0,0,0,14,0
2003,220017,1,1,0,0,0,0,0,0,0,0,0,0
2003,220018,1,1,0,0,0,0,0,0,0,0,0,0
2003,220018,2,1,59,59,59,59,59,59,59,59,59,59
2003,220019,1,1,0,0,0,0,0,15,0,9,0,0
2003,220020,1,1,25,25,25,25,25,25,25,25,25,25
2003,220020,2,1,0,0,0,0,0,0,0,0,0,0
2003,220021,1,1,0,15,0,24,29,18,4,0,21,0
2003,220021,2,1,0,0,0,0,0,0,0,0,0,0
2003,220022,1,1,0,0,0,0,0,0,0,0,0,0
2003,220023,0,1,0,0,23,0,0,43,23,0,25,0
2003,220023,1,1,0,0,0,0,0,0,0,0,0,0
2003,220024,1,1,0,0,0,0,0,0,4,0,0,0
2003,220025,1,1,0,0,0,0,0,0,0,0,0,0
2003,220026,1,1,0,21,0,21,35,32,0,0,4,0
2003,220027,1,1,0,0,0,0,0,0,0,0,0,0
2003,220027,2,1,0,0,0,0,0,0,0,0,0,16
2003,220027,3,1,26,0,18,0,0,0,0,0,18,0
2003,220028,1,1,33,33,33,33,33,33,33,33,33,33
2003,220028,2,1,0,0,0,0,0,0,0,0,0,0
2003,220029,1,1,33,20,12,28,0,28,33,18,33,12
2003,220030,0,1,0,0,0,0,0,0,0,0,0,0
2003,220030,1,1,0,0,0,0,0,0,0,0,0,0
2003,220031,1,1,0,0,0,0,0,0,0,0,0,0
2003,220031,2,1,19,0,20,22,0,0,0,0,0,0
2003,220032,1,1,0,22,0,0,0,6,0,0,0,0
2003,220033,1,1,21,21,21,21,21,21,21,21,21,21
2003,220034,1,1,0,0,14,8,0,0,24,0,0,0
2003,220035,1,1,25,0,18,0,0,0,0,0,31,13
2003,220036,1,1,0,0,0,0,0,0,0,0,0,0
2003,220036,2,1,0,0,0,9,0,0,16,0,22,0
2003,220037,1,1,0,0,16,34,13,0,0,0,0,0
2003,220038,1,1,0,0,0,11,27,0,0,13,0,0
2003,220039,1,1,0,0,0,0,25,0,0,0,0,0
2003,220040,1,1,0,0,0,0,0,0,0,0,0,0
2003,220041,1,1,14,14,14,14,14,14,14,14,14,14
2003,220042,1,1,0,27,8,0,13,10,0,0,17,0
2003,220043,1,1,0,0,0,0,0,0,0,11,0,0
2003,220044,1,1,15,20,24,12,24,18,12,30,11,13
2003,220045,1,1,10,0,0,0,0,0,0,0,0,0
2003,220045,2,1,0,0,0,0,0,0,0,0,0,0
2003,220046,1,1,0,4,0,0,0,0,0,0,0,0
2003,220046,2,1,0,0,0,0,0,0,0,0,0,0
2003,220047,1,1,0,15,0,0,0,0,0,0,0,0
2003,220048,0,1,0,0,0,0,6,0,18,0,12,21
2003,220048,1,1,0,0,0,0,0,0,0,0,0,0
2003,220049,1,1,0,0,0,12,0,0,0,0,0,0
2003,220049,2,1,0,0,0,0,0,0,0,0,0,0
2003,220050,1,1,0,22,0,22,14,7,10,34,27,30
2003,220051,1,1,0,0,0,0,0,0,0,0,0,0
2003,220051,2,1,6,29,12,0,0,18,0,11,8,21
2003,220052,1,1,0,10,15,12,0,0,6,0,0,32
2003,220053,1,1,13,13,13,13,13,13,13,13,13,13
2003,220054,0,1,25,35,0,23,0,0,17,38,23,11
2003,220054,1,1,0,0,0,0,0,0,0,0,0,0
2003,220055,1,1,34,0,17,0,0,0,0,0,0,0
2003,220056,1,1,0,0,0,0,0,0,0,0,0,13
2003,220057,1,1,0,0,0,0,0,0,0,0,0,0
2003,220057,2,1,0,0,0,0,0,0,0,0,0,0
2003,220058,1,1,0,0,0,0,0,0,0,6,0,0
2003,220058,2,1,0,0,0,0,0,0,0,0,0,0
2003,220059,1,1,43,0,0,11,0,0,0,21,17,0
2003,220060,1,1,16,0,12,0,8,0,0,0,2,15
2003,220060,2,1,30,0,0,0,24,0,0,0,0,0
2003,220061,1,1,0,0,0,0,0,0,0,8,0,0
2003,220061,2,1,0,0,0,0,0,0,0,0,0,0
2003,220061,3,1,0,0,0,0,0,0,0,0,0,0
2003,220062,1,1,0,0,0,0,23,0,0,0,0,0
2003,220062,2,1,0,0,0,0,0,0,0,0,0,0
2003,220063,0,1,0,0,0,0,0,0,0,0,0,0
2003,220063,1,1,1,1,1,1,1,1,1,1,1,1
2003,220064,1,1,0,0,0,0,0,0,0,0,0,0
2003,220064,2,1,0,0,0,0,0,0,0,0,0,0
2003,220064,3,1,0,0,0,0,0,0,0,0,0,0
2003,220065,1,1,16,12,0,0,19,18,15,11,16,45
2003,220066,0,1,21,18,22,14,28,13,17,30,28,26
2003,220066,0,2,34,30,27,13,7,19,16,4,0,15
2003,220066,1,1,0,26,0,0,6,0,0,11,0,29
2003,220067,0,1,40,40,40,40,40,40,40,40,40,40
2003,220067,1,1,4,4,4,4,4,4,4,4,4,4
2003,220068,1,1,15,15,15,15,15,15,15,15,15,15
2003,220068,2,1,17,0,0,0,0,0,0,0,21,0
2003,220069,1,1,0,0,0,0,0,0,0,0,0,0
2003,220070,1,1,0,12,0,9,0,0,0,0,0,0
2003,220071,1,1,0,0,14,0,0,13,0,0,0,0
2003,220072,1,1,0,0,0,0,0,0,0,0,0,0
2003,220073,1,1,0,0,0,0,0,0,0,0,0,0
2003,220074,1,1,0,0,0,0,0,0,0,0,0,0
2003,220075,1,1,0,14,0,0,0,0,0,25,14,0
2003,220075,2,1,0,0,0,0,0,0,0,0,0,0
2003,220076,1,1,0,0,0,0,0,0,0,0,0,0
2003,220076,2,1,27,9,14,27,12,28,0,19,31,20
2003,220077,1,1,15,15,15,15,15,15,15,15,15,15
2003,220078,1,1,30,15,25,19,16,19,9,8,0,25
2003,220079,1,1,0,0,0,0,0,0,0,0,0,0
2003,220079,2,1,3,0,0,0,0,0,0,0,0,0
2003,220080,1,1,12,12,12,12,12,12,12,12,12,12
2003,220080,2,1,0,0,0,0,0,0,0,0,0,0
2003,220081,1,1,0,0,0,0,0,0,0,0,0,0
2003,220082,1,1,0,19,8,0,0,0,0,0,0,0
2003,220083,1,1,0,0,14,17,0,0,16,14,0,0
2003,220084,1,1,0,0,0,0,0,0,0,0,0,10
2003,220084,2,1,0,0,0,0,0,0,0,0,0,0
2003,220085,1,1,0,0,0,0,0,0,0,0,0,0
2003,220085,2,1,0,0,0,0,0,0,0,0,0,0
2003,220086,0,1,0,0,0,17,16,0,18,3,19,34
2003,220086,1,1,0,0,0,0,0,0,0,0,0,0
2003,220087,0,1,0,0,0,0,0,0,0,0,0,0
2003,220087,1,1,0,0,0,0,0,0,0,0,0,0
2003,220088,1,1,12,28,11,15,8,6,6,20,5,17
2003,220088,2,1,0,0,0,0,0,0,0,0,0,0
2003,220089,1,1,0,0,0,0,0,0,0,0,0,0
2003,220089,2,1,0,0,0,0,0,0,0,0,0,0
2003,220090,1,1,0,0,0,0,0,0,0,0,0,0
2003,220090,2,1,0,0,0,0,25,0,0,0,0,0
2003,220090,3,1,0,0,0,0,0,0,0,0,8,0
2003,220090,4,1,0,0,0,0,0,0,0,0,18,0
2003,220091,1,1,0,28,22,31,9,10,18,13,20,14
2003,220092,1,1,0,0,0,0,0,0,0,0,0,0
2003,220093,1,1,0,0,0,0,0,0,0,0,0,0
2003,220093,2,1,0,0,0,0,0,0,0,0,0,0
2003,220094,0,1,0,0,0,0,0,0,0,0,0,0
2003,220094,1,1,0,0,0,0,0,0,0,0,0,0
2003,220095,1,1,20,0,0,0,0,18,0,0,33,11
2003,220096,1,1,0,0,0,0,0,0,0,0,0,0
2003,220096,2,1,0,0,0,0,0,0,0,0,0,0
2003,220097,1,1,0,0,37,16,14,0,10,0,9,25
2003,220097,2,1,14,0,0,0,0,0,12,0,16,0
2003,220097,3,1,0,0,0,0,0,0,0,0,0,0
2003,220098,0,1,20,30,0,21,32,0,0,0,17,0
2003,220098,1,1,10,10,10,10,10,10,10,10,10,10
2003,220099,1,1,8,8,8,8,8,8,8,8,8,8
2003,220100,1,1,0,0,0,0,0,0,0,4,0,0
2003,220100,2,1,5,5,5,5,5,5,5,5,5,5
2003,220101,1,1,36,26,28,7,31,22,22,27,17,21
2003,220102,1,1,0,0,0,0,0,0,0,0,0,0
2003,220102,2,1,0,0,0,0,0,0,0,0,0,0
2003,220103,1,1,0,0,0,0,0,0,0,0,0,0
2003,220103,2,1,0,0,0,0,0,0,0,0,0,0
2003,220104,1,1,44,14,20,10,39,21,16,11,19,18
2003,220105,1,1,0,0,0,0,0,0,0,0,26,4
2003,220106,1,1,15,0,4,0,0,12,0,7,0,20
2003,220106,2,1,0,5,8,0,15,0,0,0,0,0
2003,220107,1,1,0,6,0,0,11,0,0,0,15,0
2003,220108,1,1,0,0,0,0,0,0,0,12,0,0
2003,220108,2,1,0,0,0,0,0,0,0,0,0,0
2003,220109,1,1,0,0,0,0,0,0,14,0,0,0
2003,220110,1,1,14,0,13,0,0,0,0,0,16,0
2003,220110,2,1,0,0,0,0,0,0,0,0,0,0
2003,220111,0,1,22,22,22,22,22,22,22,22,22,22
2003,220111,1,1,0,0,0,0,0,0,0,0,0,0
2003,220112,1,1,16,29,16,22,3,18,25,23,10,21
2003,220113,1,1,0,0,20,21,0,45,0,0,0,0
2003,220114,1,1,16,16,16,16,16,16,16,16,16,16
2003,220114,2,1,0,0,0,0,0,0,0,0,0,0
2003,220114,3,1,0,0,0,0,0,0,0,0,0,0
2003,220115,1,1,0,0,0,0,27,0,0,0,18,0
2003,220116,1,1,0,0,0,0,0,0,0,0,0,0
2003,220116,2,1,0,0,0,0,0,0,0,0,0,0
2003,220117,1,1,0,0,0,0,0,0,0,0,0,0
2003,220117,2,1,4,4,4,4,4,4,4,4,4,4
2003,220118,1,1,24,0,11,0,19,23,0,0,0,16
2003,220118,2,1,0,0,0,0,0,0,0,0,0,0
2003,220119,1,1,0,0,0,0,0,0,0,0,0,0
2003,220119,2,1,0,0,0,0,0,0,0,0,0,0
2003,220119,3,1,0,0,0,0,0,0,0,0,0,0
2003,220120,0,1,10,0,20,10,0,26,0,20,46,12
2003,220120,1,1,0,0,0,0,0,0,0,9,0,0
2003,220121,0,1,8,0,10,0,0,0,0,0,0,0
2003,220121,0,2,0,0,0,0,0,3,0,0,0,6
2003,220121,1,1,0,0,0,0,0,0,0,0,0,0
2003,220122,0,1,0,17,17,5,0,0,0,0,22,0
2003,220122,1,1,15,17,15,14,11,9,0,14,0,23
2003,220123,0,1,17,11,0,14,14,9,9,14,18,27
2003,220123,1,1,0,0,0,0,0,0,0,0,0,0
2003,220124,0,1,28,0,0,0,0,0,15,0,0,20
2003,220124,1,1,0,0,0,0,0,0,0,0,0,0
2003,220125,1,1,6,15,40,13,24,18,12,0,30,40
2003,220126,0,1,0,0,0,0,0,0,0,0,0,0
2003,220126,1,1,0,0,0,0,0,0,0,0,0,0
2003,220127,1,1,0,0,0,0,0,0,0,0,0,0
2003,220127,2,1,0,0,0,0,0,0,0,0,0,0
2003,220128,1,1,0,0,0,0,0,13,0,0,0,0
2003,220128,2,1,0,0,0,0,0,0,0,0,0,0
2003,220129,1,1,10,10,10,10,10,10,10,10,10,10
2003,220130,0,1,0,31,16,22,0,0,37,0,0,27
2003,220130,1,1,17,17,17,17,17,17,17,17,17,17
2003,220131,1,1,0,0,0,0,0,0,0,0,0,0
2003,220131,2,1,0,0,0,0,0,0,0,0,0,0
2003,220131,3,1,0,0,0,0,0,0,6,0,0,0
2003,220131,4,1,0,0,0,0,0,0,0,0,0,0
2003,220131,5,1,0,0,0,0,0,0,0,0,0,0
2003,220132,1,1,0,0,0,0,0,0,0,0,0,0
2003,220132,2,1,0,0,0,0,0,0,0,4,0,0
2003,220133,1,1,8,24,10,22,3,0,8,25,7,11
2003,220133,2,1,20,0,0,10,0,0,0,14,20,0
2003,220134,1,1,0,0,0,0,0,0,10,0,0,0
2003,220134,2,1,17,0,0,0,0,0,0,0,0,0
2003,220135,1,1,30,0,0,0,17,0,29,23,29,0
2003,220135,2,1,0,0,6,0,0,0,0,16,0,15
2003,220135,3,1,0,0,0,0,0,0,0,0,0,0
2003,220136,1,1,0,0,0,0,0,0,0,0,0,0
2003,220136,2,1,0,0,0,0,0,0,0,0,0,0
2003,220137,1,1,0,0,0,13,0,0,0,0,0,0
2003,220137,2,1,0,0,0,0,0,0,0,0,0,0
2003,220138,1,1,13,0,8,0,0,0,0,0,0,0
2003,220139,1,1,31,21,0,21,25,20,16,12,24,26
2003,220140,1,1,13,18,24,10,18,49,0,6,0,0
2003,220141,1,1,0,0,0,0,0,0,0,0,9,15
2003,220142,1,1,17,17,17,17,17,17,17,17,17,17
2003,220142,2,1,0,0,0,0,0,0,0,0,0,0
2003,220143,1,1,27,27,27,27,27,27,27,27,27,27
2003,220144,1,1,20,16,34,12,24,14,11,27,25,10
2003,220145,1,1,0,0,0,0,0,0,0,0,0,0
2003,220145,2,1,7,0,0,0,4,4,9,0,0,0
2003,220146,1,1,0,0,0,0,0,0,0,0,0,0
2003,220146,2,1,0,0,0,0,0,0,0,0,13,0
2003,220147,1,1,24,14,11,20,12,27,25,21,24,36
2003,220148,0,1,0,0,0,0,0,0,0,0,0,0
2003,220148,1,1,0,0,0,0,0,0,0,0,0,0
2003,220149,1,1,0,0,0,0,0,0,0,0,0,0
2003,220149,2,1,0,0,0,0,0,0,0,0,0,0
2003,220150,0,1,31,0,0,0,0,0,0,0,0,0
2003,220150,1,1,0,0,0,0,0,0,0,0,0,0
2003,220151,0,1,0,0,0,0,0,0,0,0,0,0
2003,220151,1,1,0,0,0,0,0,0,0,0,0,0
2003,220152,1,1,20,0,0,24,0,0,30,10,0,9
2003,220153,1,1,19,19,19,19,19,19,19,19,19,19
2003,220153,2,1,4,4,4,4,4,4,4,4,4,4
2003,220154,1,1,11,23,10,22,4,16,24,26,33,18
2003,220155,1,1,16,0,0,27,19,9,20,19,25,0
2003,220156,1,1,17,11,21,13,14,14,0,21,20,20
2003,220157,1,1,20,10,5,24,12,27,20,21,23,9
2003,220158,1,1,0,0,0,0,0,0,0,23,0,0