YEAR,ST_CASE,veh_no,per_no,P1,P2,P3,P4,P5,P6,P7,P8,P9,P10
2003,220159,1,1,3,0,14,0,0,14,0,0,0,0
2003,220159,2,1,0,0,0,0,0,0,0,0,0,0
2003,220159,3,1,0,0,0,0,0,0,0,0,0,0
2003,220160,1,1,0,0,0,0,0,0,0,0,0,0
2003,220160,2,1,0,0,0,0,0,0,0,0,0,0
2003,220160,3,1,0,0,0,0,0,0,0,0,0,0
2003,220161,1,1,0,0,0,0,0,0,0,0,0,0
2003,220161,2,1,0,0,0,0,0,0,0,0,0,0
2003,220161,3,1,0,0,0,0,0,0,0,0,0,0
2003,220162,1,1,20,15,29,26,22,27,29,12,18,17
2003,220163,1,1,0,0,0,0,0,0,0,0,0,0
2003,220164,1,1,27,9,5,12,6,33,10,26,11,0
2003,220165,1,1,0,8,0,0,21,21,6,19,0,5
2003,220165,2,1,0,0,0,0,0,0,0,0,0,0
2003,220166,1,1,0,4,0,0,0,8,7,0,0,0
2003,220166,2,1,0,0,0,0,0,0,0,0,0,0
2003,220167,1,1,28,22,17,15,10,33,16,21,19,11
2003,220168,1,1,20,7,8,26,19,17,6,8,5,12
2003,220169,1,1,0,0,0,0,0,0,0,0,0,0
2003,220170,1,1,0,0,0,20,0,0,0,0,21,0
2003,220170,2,1,0,0,0,0,0,0,0,0,0,0
2003,220171,0,1,0,0,0,0,24,0,0,0,0,0
2003,220171,1,1,0,0,0,0,0,0,0,0,0,0
2003,220172,1,1,0,12,22,0,19,7,0,0,8,17
2003,220173,1,1,0,0,0,0,0,0,0,0,0,0
2003,220173,2,1,0,0,0,0,0,0,0,0,0,0
2003,220174,1,1,25,24,0,19,0,0,23,0,0,0
2003,220175,1,1,23,16,29,9,37,38,0,30,10,0
2003,220176,1,1,0,0,0,0,0,0,0,0,0,0
2003,220176,2,1,0,0,0,0,0,0,0,0,0,0
2003,220177,1,1,0,0,0,0,0,0,0,0,0,0
2003,220178,1,1,24,24,24,24,24,24,24,24,24,24
2003,220179,1,1,19,0,0,0,0,0,0,10,0,0
2003,220180,1,1,20,11,5,0,35,39,16,15,29,16
2003,220181,1,1,0,0,17,0,0,12,0,0,0,25
2003,220182,1,1,6,0,0,0,0,0,0,0,0,0
2003,220182,2,1,0,12,0,0,14,0,20,0,0,0
2003,220183,1,1,24,0,0,0,0,0,0,0,0,0
2003,220183,2,1,0,0,0,0,0,0,0,0,0,0
2003,220184,0,1,0,38,11,0,0,13,20,29,10,16
2003,220184,1,1,15,15,15,15,15,15,15,15,15,15
2003,220185,1,1,13,13,24,6,0,15,0,12,25,28
2003,220186,1,1,20,0,12,25,12,43,18,15,28,0
2003,220187,1,1,0,0,0,0,0,0,0,0,0,0
2003,220187,2,1,0,0,0,0,0,0,0,0,0,0
2003,220188,1,1,0,0,0,0,0,0,0,0,0,0
2003,220189,1,1,0,22,23,22,9,12,0,17,0,17
2003,220190,1,1,0,0,0,0,0,0,0,0,14,0
2003,220190,2,1,0,0,5,0,0,0,0,0,0,0
2003,220190,3,1,0,0,0,0,0,0,0,0,0,0
2003,220191,1,1,0,0,0,0,0,0,0,0,0,0
2003,220192,1,1,0,0,0,0,0,0,0,0,0,0
2003,220192,2,1,0,0,0,0,0,0,0,0,0,0
2003,220193,1,1,0,28,17,12,12,19,20,11,0,0
2003,220194,1,1,0,0,0,0,0,0,0,0,0,0
2003,220194,2,1,0,0,0,0,0,0,0,0,0,0
2003,220194,3,1,0,0,0,0,0,0,0,0,0,0
2003,220194,4,1,0,0,0,0,0,0,0,0,0,0
2003,220194,5,1,0,0,0,0,0,0,0,0,0,0
2003,220194,6,1,0,0,0,0,0,0,0,0,0,0
2003,220194,7,1,0,0,0,0,0,0,0,0,0,0
2003,220194,8,1,0,0,0,0,0,0,0,0,0,0
2003,220194,9,1,0,0,0,0,0,0,0,0,0,0
2003,220194,10,1,0,0,0,0,0,0,0,0,0,0
2003,220194,11,1,0,0,0,0,15,0,0,0,0,0
2003,220194,12,1,0,0,0,0,0,0,0,0,0,0
2003,220194,13,1,0,0,0,0,0,0,0,0,0,0
2003,220194,14,1,0,0,0,0,0,0,0,0,0,0
2003,220195,1,1,0,0,0,0,0,0,0,0,0,0
2003,220195,2,1,0,0,0,11,0,4,0,0,9,0
2003,220196,1,1,0,0,0,0,0,0,0,0,0,0
2003,220196,2,1,0,0,0,0,0,0,0,0,0,0
2003,220196,3,1,0,0,0,0,0,0,0,0,0,0
2003,220197,1,1,0,0,8,0,0,0,0,0,10,0
2003,220197,2,1,15,0,0,0,0,0,0,0,0,0
2003,220198,1,1,20,20,20,20,20,20,20,20,20,20
2003,220199,1,1,16,15,35,18,0,19,0,14,22,0
2003,220200,1,1,0,0,0,0,0,0,0,0,14,0
2003,220201,1,1,19,0,0,0,0,0,0,0,0,0
2003,220201,2,1,0,0,0,0,0,0,0,18,0,0
2003,220201,3,1,0,0,0,0,0,0,0,0,0,0
2003,220202,1,1,0,0,0,0,0,0,0,0,0,0
2003,220203,1,1,0,0,0,0,0,0,0,0,0,0
2003,220203,2,1,0,0,0,0,0,0,0,0,0,0
2003,220203,3,1,0,0,0,0,0,0,0,0,0,0
2003,220203,4,1,0,0,0,0,0,0,0,0,0,0
2003,220204,1,1,0,0,0,0,0,0,11,0,0,15
2003,220204,2,1,0,0,0,0,0,0,0,0,0,0
2003,220205,0,1,28,15,14,19,8,21,27,13,33,21
2003,220205,1,1,13,23,0,0,0,13,0,9,12,33
2003,220208,0,1,0,0,0,0,5,31,0,17,0,39
2003,220208,1,1,18,18,18,18,18,18,18,18,18,18
2003,220209,1,1,0,0,18,11,0,27,19,33,0,0
2003,220210,1,1,22,22,22,22,22,22,22,22,22,22
2003,220211,0,1,34,1,13,13,24,18,20,22,21,35
2003,220211,1,1,15,15,15,15,15,15,15,15,15,15
2003,220212,1,1,0,0,0,0,0,0,0,0,0,0
2003,220212,2,1,0,0,0,0,0,0,0,0,0,0
2003,220213,1,1,0,39,24,27,21,31,18,14,18,25
2003,220214,1,1,16,15,0,0,20,14,11,0,10,38
2003,220215,1,1,26,26,26,26,26,26,26,26,26,26
2003,220216,0,1,0,27,0,0,0,23,0,0,54,33
2003,220216,1,1,0,0,0,0,0,0,0,0,0,0
2003,220217,1,1,16,16,16,16,16,16,16,16,16,16
2003,220218,1,1,19,15,31,17,23,19,11,7,14,14
2003,220219,1,1,29,0,0,0,0,0,0,0,0,20
2003,220220,1,1,8,14,0,18,0,5,26,9,0,12
2003,220221,1,1,0,0,0,0,0,0,0,0,0,0
2003,220221,2,1,22,22,22,22,22,22,22,22,22,22
2003,220222,1,1,0,0,0,0,0,0,0,0,0,0
2003,220222,2,1,0,0,0,0,0,0,0,0,0,0
2003,220223,1,1,0,0,0,0,0,0,0,0,0,0
2003,220223,2,1,0,0,0,0,0,0,0,0,0,0
2003,220223,3,1,0,0,0,0,0,0,0,0,0,0
2003,220224,1,1,0,0,0,0,0,0,0,21,0,0
2003,220224,2,1,0,0,0,0,0,0,0,0,0,10
2003,220225,1,1,0,0,0,0,6,0,0,0,0,0
2003,220225,2,1,0,0,0,0,0,0,0,0,0,0
2003,220226,1,1,3,26,14,26,31,0,0,36,0,22
2003,220226,2,1,0,0,0,0,0,0,0,0,0,0
2003,220226,3,1,0,0,0,0,0,0,0,0,0,0
2003,220226,4,1,0,0,0,0,0,0,0,0,0,0
2003,220227,1,1,0,0,0,0,0,0,0,0,0,0
2003,220227,2,1,16,32,27,0,0,0,0,17,0,16
2003,220227,3,1,0,0,0,0,0,0,0,0,0,0
2003,220228,1,1,0,0,0,0,0,0,0,0,0,0
2003,220228,2,1,0,0,0,0,0,0,0,0,0,0
2003,220229,1,1,0,0,0,0,0,0,0,0,0,0
2003,220229,2,1,0,0,0,0,0,0,0,0,0,0
2003,220230,0,1,14,0,0,0,0,31,0,0,0,0
2003,220230,1,1,0,0,0,0,0,0,5,0,0,10
2003,220231,1,1,0,0,0,0,0,0,0,0,0,0
2003,220231,2,1,0,0,0,0,0,0,0,0,0,0
2003,220232,1,1,29,29,29,29,29,29,29,29,29,29
2003,220233,1,1,0,0,0,0,0,0,0,26,23,0
2003,220233,2,1,0,0,0,0,0,0,0,0,0,0
2003,220234,1,1,11,24,19,14,17,18,27,23,19,26
2003,220235,1,1,14,14,14,14,14,14,14,14,14,14
2003,220235,2,1,0,0,0,0,0,0,0,0,0,0
2003,220236,0,1,35,0,0,0,0,0,21,19,0,0
2003,220236,1,1,0,0,0,0,0,0,0,0,0,0
2003,220237,1,1,5,5,5,5,5,5,5,5,5,5
2003,220238,1,1,13,22,13,18,21,17,9,11,14,28
2003,220239,1,1,0,0,0,0,0,0,0,0,0,0
2003,220239,2,1,0,0,0,0,6,0,0,0,0,0
2003,220240,1,1,0,0,0,0,0,0,7,0,0,0
2003,220241,1,1,9,0,0,21,21,10,0,8,0,11
2003,220242,1,1,20,20,20,20,20,20,20,20,20,20
2003,220242,2,1,0,0,0,0,0,0,0,0,0,0
2003,220243,1,1,13,14,10,16,16,38,16,25,7,16
2003,220244,1,1,28,19,5,19,24,16,10,20,18,11
2003,220245,1,1,18,27,13,0,0,0,6,14,14,0
2003,220245,2,1,10,10,10,10,10,10,10,10,10,10
2003,220246,1,1,0,0,0,0,0,0,0,0,0,0
2003,220247,0,1,11,0,20,0,17,30,18,3,0,14
2003,220247,1,1,0,0,0,0,0,0,0,0,0,0
2003,220248,1,1,7,17,0,0,11,18,0,32,0,24
2003,220249,1,1,19,19,19,19,19,19,19,19,19,19
2003,220250,1,1,10,10,10,10,10,10,10,10,10,10
2003,220250,2,1,5,0,0,0,0,0,0,0,0,0
2003,220251,1,1,8,13,13,0,18,33,0,0,0,15
2003,220251,2,1,0,0,0,0,11,0,0,0,15,0
2003,220252,1,1,0,0,0,0,0,0,0,0,0,0
2003,220252,2,1,0,0,0,0,0,0,0,0,0,0
2003,220252,3,1,0,0,0,0,0,0,0,0,0,0
2003,220253,0,1,0,48,19,28,0,0,5,31,0,13
2003,220253,1,1,0,0,0,0,0,0,0,0,0,0
2003,220254,0,1,17,30,18,19,31,29,0,26,0,11
2003,220254,1,1,13,19,0,19,9,10,15,8,13,18
2003,220254,2,1,7,7,7,7,7,7,7,7,7,7
2003,220255,1,1,25,32,0,31,16,0,19,12,16,27
2003,220255,2,1,0,0,0,0,0,0,0,0,0,0
2003,220255,3,1,0,0,0,0,0,0,0,0,0,0
2003,220256,1,1,0,0,0,0,0,0,0,0,0,0
2003,220256,2,1,0,0,0,7,0,0,0,0,0,0
2003,220257,1,1,0,0,0,0,0,0,0,0,0,0
2003,220257,2,1,17,0,0,0,0,0,0,0,0,0
2003,220258,1,1,16,16,16,16,16,16,16,16,16,16
2003,220259,1,1,0,0,0,0,0,0,0,0,0,0
2003,220259,2,1,0,0,0,8,0,0,11,10,19,0
2003,220260,1,1,4,14,16,26,22,25,28,21,8,31
2003,220261,1,1,22,18,17,0,0,16,13,16,4,18
2003,220262,1,1,0,0,0,0,0,0,0,0,0,0
2003,220263,1,1,17,28,31,9,17,21,15,26,18,0
2003,220264,1,1,24,0,0,37,20,33,0,0,17,0
2003,220265,1,1,0,0,0,12,15,0,15,8,22,0
2003,220265,2,1,0,0,0,0,0,0,0,0,0,0
2003,220266,1,1,0,0,0,0,0,0,0,0,0,0
2003,220267,1,1,14,14,14,14,14,14,14,14,14,14
2003,220268,1,1,0,0,0,0,0,0,0,0,0,0
2003,220268,2,1,0,0,0,0,0,0,0,0,0,0
2003,220269,1,1,0,0,0,0,0,0,0,0,0,0
2003,220270,1,1,0,0,0,0,35,0,0,33,20,18
2003,220271,1,1,0,0,0,20,0,0,0,0,0,0
2003,220272,0,1,0,0,0,0,0,0,0,0,0,0
2003,220272,1,1,0,0,0,0,0,0,0,0,0,0
2003,220273,1,1,0,0,0,0,0,0,0,0,0,0
2003,220273,2,1,0,0,0,0,0,0,0,0,0,0
2003,220274,1,1,0,0,0,0,0,0,0,0,0,0
2003,220274,2,1,0,0,0,0,0,0,0,0,0,0
2003,220274,3,1,0,0,0,0,0,0,0,0,0,0
2003,220275,1,1,0,0,0,0,0,0,0,0,0,0
2003,220275,2,1,6,6,0,10,0,0,20,0,0,0
2003,220276,1,1,13,7,0,8,0,18,0,22,12,0
2003,220277,1,1,18,18,18,18,18,18,18,18,18,18
2003,220277,2,1,0,10,0,0,0,0,0,0,0,0
2003,220278,0,1,13,30,12,14,20,13,37,10,36,19
2003,220278,1,1,0,0,0,0,0,0,0,0,0,0
2003,220279,1,1,5,5,5,5,5,5,5,5,5,5
2003,220280,1,1,18,0,4,21,24,19,5,8,17,15
2003,220280,2,1,0,0,0,0,0,8,0,0,0,0
2003,220281,1,1,17,9,22,0,17,0,9,10,19,17
2003,220282,1,1,20,20,20,20,20,20,20,20,20,20
2003,220282,2,1,0,0,9,7,0,0,0,8,0,0
2003,220283,1,1,17,17,17,17,17,17,17,17,17,17
2003,220284,1,1,0,0,0,0,0,0,0,0,0,0
2003,220284,2,1,4,4,4,4,4,4,4,4,4,4
2003,220285,1,1,20,20,20,20,20,20,20,20,20,20
2003,220286,0,1,0,0,0,0,0,0,0,0,0,0
2003,220286,1,1,13,13,13,13,13,13,13,13,13,13
2003,220287,1,1,0,0,0,0,0,0,0,0,0,0
2003,220288,1,1,0,0,0,0,0,0,0,0,0,0
2003,220288,2,1,0,0,0,0,0,0,0,0,0,0
2003,220289,1,1,24,24,24,24,24,24,24,24,24,24
2003,220291,0,1,0,20,4,18,12,0,12,19,32,9
2003,220291,1,1,0,0,0,0,0,0,0,0,0,0
2003,220292,1,1,0,0,0,0,0,0,0,0,0,0
2003,220292,2,1,0,0,0,0,0,0,0,0,0,0
2003,220294,0,1,0,0,0,0,0,0,0,0,0,0
2003,220294,1,1,0,0,0,0,0,0,0,0,0,0
2003,220295,1,1,0,0,0,0,0,0,0,0,0,0
2003,220295,2,1,0,0,0,0,0,0,0,0,0,0
2003,220296,1,1,20,20,20,20,20,20,20,20,20,20
2003,220297,0,1,23,27,0,17,30,32,7,27,23,14
2003,220297,1,1,0,0,0,0,0,0,0,0,0,0
2003,220298,1,1,0,0,0,0,0,0,0,0,0,0
2003,220299,1,1,0,0,0,0,0,0,0,0,0,0
2003,220299,2,1,0,0,0,0,0,0,0,0,0,0
2003,220300,1,1,0,0,13,18,0,10,2,0,14,0
2003,220301,1,1,0,0,0,0,0,0,0,0,0,36
2003,220302,1,1,4,4,4,4,4,4,4,4,4,4
2003,220303,1,1,0,0,0,0,0,0,0,0,0,0
2003,220303,2,1,0,0,0,0,0,0,0,0,0,0
2003,220304,1,1,0,0,0,0,0,0,6,0,0,0
2003,220304,2,1,0,0,0,0,0,0,0,0,0,0
2003,220305,0,1,31,25,0,42,0,10,0,12,19,23
2003,220305,1,1,4,4,4,4,4,4,4,4,4,4
2003,220306,1,1,0,0,15,19,14,26,23,15,16,13
2003,220306,2,1,0,0,0,0,0,0,0,0,0,0
2003,220307,1,1,13,9,10,8,8,0,14,9,19,4
2003,220308,1,1,0,22,29,0,18,10,30,19,0,30
2003,220309,1,1,26,26,26,26,26,26,26,26,26,26
2003,220310,1,1,18,3,9,0,12,17,23,21,0,18
2003,220311,1,1,16,0,0,0,3,23,0,0,0,6
2003,220311,2,1,0,0,0,0,0,0,0,0,0,0
2003,220312,1,1,0,0,0,0,0,0,0,0,0,0
2003,220313,1,1,0,0,0,0,0,0,0,0,0,0
2003,220313,2,1,0,0,0,0,0,0,0,0,0,0
2003,220314,1,1,0,0,0,0,0,0,0,0,0,0
2003,220315,1,1,15,18,24,22,37,0,8,32,0,20
2003,220316,1,1,19,19,19,19,19,19,19,19,19,19
2003,220317,1,1,0,0,0,0,0,0,0,0,0,0
2003,220318,0,1,0,26,10,6,0,16,0,27,24,0
2003,220318,1,1,11,11,11,11,11,11,11,11,11,11
2003,220319,1,1,0,0,0,0,0,0,0,0,0,0
2003,220319,2,1,0,0,0,0,0,0,0,0,0,0
2003,220320,1,1,0,0,0,0,0,0,7,0,0,0
2003,220320,2,1,0,0,0,0,24,0,0,0,0,15
2003,220321,1,1,27,27,27,27,27,27,27,27,27,27
2003,220322,1,1,0,0,0,0,0,0,0,0,0,0
2003,220323,1,1,0,0,0,0,0,0,0,0,0,0
2003,220323,2,1,0,0,0,0,0,0,0,0,0,0
2003,220324,1,1,6,6,6,6,6,6,6,6,6,6
2003,220324,2,1,14,17,21,22,11,11,23,2,4,27
2003,220325,1,1,0,0,0,15,0,0,0,0,0,0
2003,220325,2,1,0,0,4,0,0,0,2,0,0,0
2003,220325,3,1,0,0,0,8,0,0,0,0,0,0
2003,220325,4,1,0,0,0,0,0,0,0,0,2,0
2003,220326,1,1,17,14,15,12,31,14,0,39,7,17
2003,220327,1,1,27,0,0,0,0,0,0,0,0,7
2003,220328,1,1,0,0,0,0,0,0,0,0,0,0
2003,220328,2,1,0,0,0,0,0,0,0,0,0,0
2003,220329,0,1,0,11,0,12,0,0,0,0,0,0
2003,220329,1,1,12,0,0,25,18,11,0,17,0,0
2003,220330,1,1,16,27,17,15,0,27,17,0,0,0
2003,220331,1,1,33,33,33,33,33,33,33,33,33,33
2003,220332,1,1,0,0,0,0,0,0,0,0,0,0
2003,220333,1,1,15,15,15,15,15,15,15,15,15,15
2003,220333,2,1,0,0,0,0,0,0,0,0,0,0
2003,220334,1,1,0,0,0,0,0,0,0,0,0,0
2003,220335,1,1,0,0,0,0,0,0,0,0,0,0
2003,220335,2,1,0,0,0,0,0,0,0,0,0,0
2003,220336,1,1,0,0,0,0,0,0,0,0,0,0
2003,220336,2,1,0,0,0,0,0,0,0,0,0,0
2003,220337,1,1,7,0,0,0,7,0,0,5,0,8
2003,220337,2,1,19,0,0,9,0,0,0,0,0,0
2003,220338,1,1,0,0,0,0,0,0,0,0,0,0
2003,220338,2,1,0,0,0,0,0,0,0,0,0,0
2003,220338,3,1,0,0,0,0,0,0,0,0,0,0
2003,220339,1,1,0,0,0,0,0,0,0,0,0,0
2003,220339,2,1,0,0,0,0,0,0,0,0,0,0
2003,220340,1,1,0,18,0,0,0,21,0,0,0,22
2003,220340,2,1,8,8,8,8,8,8,8,8,8,8
2003,220341,0,1,0,0,0,0,0,0,0,0,0,0
2003,220341,1,1,0,0,0,0,0,0,0,0,0,0
2003,220342,1,1,0,0,0,0,0,0,0,0,0,0
2003,220342,2,1,0,0,0,0,0,0,0,0,0,0
2003,220343,1,1,0,0,0,0,0,0,0,16,0,0
2003,220343,2,1,0,0,0,0,0,0,0,0,0,0
2003,220344,1,1,0,0,0,0,0,0,0,0,0,0
2003,220344,2,1,0,0,0,0,0,0,0,12,0,0
2003,220345,1,1,0,0,0,0,0,0,0,0,0,0
2003,220346,1,1,0,0,0,0,11,0,0,0,0,0
2003,220346,2,1,0,0,0,0,34,0,35,0,8,0
2003,220347,1,1,26,0,0,0,0,8,0,21,0,8
2003,220348,0,1,25,25,25,25,25,25,25,25,25,25
2003,220348,1,1,1,1,1,1,1,1,1,1,1,1
2003,220350,1,1,0,0,0,0,0,0,0,0,0,0
2003,220351,1,1,0,0,14,12,0,0,0,0,0,0
2003,220351,2,1,0,0,0,0,0,0,0,0,0,0
2003,220351,3,1,0,0,0,0,0,0,0,0,0,0
2003,220352,1,1,0,0,0,0,0,0,0,0,0,0
2003,220352,2,1,0,0,0,0,0,0,0,0,0,0
2003,220353,1,1,10,10,10,10,10,10,10,10,10,10
2003,220353,2,1,0,0,0,0,0,14,0,15,0,0
2003,220354,1,1,26,26,26,26,26,26,26,26,26,26
2003,220355,0,1,0,0,0,0,0,0,0,0,0,0
2003,220355,1,1,0,0,0,0,0,0,0,0,0,0
2003,220356,1,1,17,9,23,14,12,12,13,16,12,14
2003,220357,1,1,0,0,0,16,15,0,0,5,0,0
2003,220357,2,1,0,0,0,0,0,0,10,0,0,0
2003,220358,1,1,14,0,0,0,0,23,0,0,0,0
2003,220358,2,1,0,0,0,0,0,0,0,0,0,0
2003,220359,0,1,0,0,32,0,43,0,0,14,11,25
2003,220359,0,2,0,0,6,4,0,0,14,0,0,9
2003,220359,0,3,0,0,12,0,0,0,0,0,0,0
2003,220359,1,1,16,16,16,16,16,16,16,16,16,16
2003,220360,1,1,22,25,22,21,8,23,15,17,31,16
2003,220361,1,1,23,25,20,23,18,22,18,15,27,24
2003,220362,1,1,23,23,23,23,23,23,23,23,23,23
2003,220363,1,1,10,0,9,0,0,18,13,0,24,9
2003,220364,1,1,0,2,0,0,0,0,0,0,0,0
2003,220364,2,1,0,24,0,0,0,0,0,0,0,0
2003,220365,1,1,19,11,18,15,20,16,0,0,17,25
2003,220366,1,1,19,0,0,0,0,0,0,0,0,0
2003,220367,1,1,0,0,0,0,0,0,0,11,4,0
2003,220367,2,1,0,0,0,0,0,0,8,0,0,0
2003,220368,1,1,0,7,0,0,0,0,0,0,0,0
2003,220368,2,1,0,0,0,0,0,0,0,0,0,0
2003,220369,1,1,20,0,0,0,0,0,0,0,0,17
2003,220369,2,1,0,0,0,0,0,0,0,0,0,0
2003,220370,1,1,0,0,0,0,0,0,0,0,0,0
2003,220370,2,1,0,0,0,0,0,0,0,0,0,0
2003,220371,1,1,0,0,0,0,25,0,0,0,0,0
2003,220372,1,1,16,22,9,0,15,6,9,11,19,11
2003,220372,2,1,0,0,0,0,0,0,0,0,0,0
2003,220374,1,1,0,0,0,0,0,0,0,0,0,0
2003,220374,2,1,0,0,0,0,0,0,0,0,0,0
2003,220375,1,1,16,0,22,26,23,16,8,44,14,13
2003,220375,2,1,0,0,0,0,0,0,0,0,0,0
2003,220376,1,1,0,0,0,0,0,0,0,0,0,0
2003,220376,2,1,0,0,0,0,0,0,0,0,0,0
2003,220377,1,1,0,0,0,0,0,0,0,0,0,0
2003,220377,2,1,0,0,0,0,0,0,0,0,0,0
2003,220378,1,1,0,0,0,0,0,0,0,0,0,0
2003,220378,2,1,20,0,0,7,0,7,21,19,0,9
2003,220379,1,1,19,0,19,15,14,0,8,0,0,0
2003,220379,2,1,0,0,0,0,0,0,0,0,0,0
2003,220380,1,1,12,27,18,0,14,16,11,18,27,20
2003,220381,0,1,25,19,29,10,0,0,0,13,17,0
2003,220381,1,1,0,29,0,0,0,0,0,0,0,11
2003,220382,1,1,0,19,0,0,0,9,0,0,0,19
2003,220382,2,1,0,0,0,0,0,0,0,0,0,0
2003,220383,1,1,20,20,20,20,20,20,20,20,20,20
2003,220384,1,1,0,0,16,0,16,8,7,19,0,19
2003,220384,2,1,18,0,0,0,0,0,13,0,0,0
2003,220385,1,1,0,0,0,24,0,0,0,0,0,0
2003,220385,2,1,0,0,0,0,0,0,0,0,0,0
2003,220386,1,1,0,14,0,0,0,0,0,0,0,0
2003,220386,2,1,0,0,0,0,0,0,0,0,0,0
2003,220387,1,1,0,0,0,0,0,0,0,0,0,0
2003,220388,0,1,0,0,0,30,34,15,17,37,15,0
2003,220388,1,1,0,0,0,0,0,22,0,9,0,0
2003,220389,1,1,0,0,0,0,0,0,0,0,0,0
2003,220389,2,1,0,0,0,0,0,0,0,0,0,0
2003,220390,1,1,0,15,0,0,0,0,0,0,0,34
2003,220391,0,1,0,0,21,14,21,7,0,31,4,0
2003,220391,1,1,0,11,4,15,0,0,0,10,9,0
2003,220392,1,1,25,19,16,0,14,8,15,0,9,0
2003,220393,1,1,15,0,5,34,21,0,17,0,18,19
2003,220394,1,1,33,33,33,33,33,33,33,33,33,33
2003,220395,1,1,18,26,26,33,15,24,10,17,21,16
2003,220396,1,1,21,0,9,0,8,6,23,22,29,11
2003,220397,1,1,0,0,0,0,5,0,0,0,5,0
2003,220398,1,1,0,0,0,0,0,0,0,0,0,0
2003,220398,2,1,0,0,0,0,0,0,0,0,0,0
2003,220399,1,1,8,0,0,0,0,0,0,0,0,0
2003,220400,1,1,0,0,0,0,0,0,0,0,0,0
2003,220400,2,1,0,0,0,0,0,0,0,0,0,0
2003,220400,3,1,0,0,0,0,0,0,0,0,0,0
2003,220401,1,1,0,0,0,0,0,0,0,0,0,0
2003,220401,2,1,0,0,0,0,0,0,0,0,0,0
2003,220401,3,1,0,30,0,0,0,0,0,0,0,0
2003,220401,4,1,0,0,10,0,0,0,9,0,0,0
2003,220401,5,1,0,0,0,0,0,0,0,0,0,0
2003,220401,6,1,0,0,0,0,0,0,0,0,0,0
2003,220401,7,1,0,0,0,0,0,0,0,0,0,0
2003,220401,8,1,0,0,0,0,0,0,0,0,0,0
2003,220401,9,1,0,0,0,0,0,0,0,0,0,0
2003,220401,10,1,0,0,0,0,0,0,18,0,0,0
2003,220401,11,1,0,0,0,0,0,0,0,0,0,0
2003,220402,1,1,0,0,0,0,0,13,0,0,0,0
2003,220403,1,1,0,0,0,0,0,0,0,0,11,0
2003,220404,1,1,0,0,0,0,0,0,0,0,0,0
2003,220404,2,1,0,19,0,0,0,14,0,0,18,0
2003,220405,1,1,0,0,0,0,0,0,0,0,0,0
2003,220406,1,1,26,33,22,11,20,22,23,27,13,7
2003,220407,1,1,0,0,0,0,0,0,0,0,0,0
2003,220407,2,1,0,0,0,0,0,0,0,0,0,0
2003,220408,1,1,0,0,0,0,0,11,0,0,0,0
2003,220408,2,1,18,0,0,0,0,0,0,0,18,0
2003,220409,1,1,9,0,12,0,8,0,0,18,40,0
2003,220410,0,1,0,0,0,0,0,0,0,0,0,0
2003,220410,1,1,0,0,0,0,0,0,0,0,0,0
2003,220410,2,1,0,0,22,12,0,0,14,0,15,0
2003,220411,1,1,0,13,15,0,0,26,12,15,12,0
2003,220412,1,1,0,0,0,0,0,0,0,0,0,0
2003,220412,2,1,0,0,0,0,0,0,0,9,0,0
2003,220413,1,1,0,0,0,0,0,0,0,0,0,0
2003,220413,2,1,0,0,0,0,0,0,0,0,0,0
2003,220413,3,1,0,0,0,0,0,0,0,0,0,0
2003,220414,1,1,24,0,0,0,18,0,0,0,0,0
2003,220415,1,1,0,0,0,0,0,0,0,0,0,0
2003,220416,1,1,22,0,0,0,16,12,20,0,15,10
2003,220417,1,1,16,18,25,25,12,22,16,31,20,40
2003,220418,1,1,14,0,26,0,14,18,26,19,25,16
2003,220419,1,2,0,0,0,0,0,13,0,0,0,14
2003,220419,2,1,0,0,0,0,0,0,0,0,0,0
2003,220420,1,1,0,0,0,0,17,0,0,0,0,0
2003,220420,2,1,0,0,0,0,0,0,0,0,0,0
2003,220421,0,1,0,0,0,0,0,0,0,0,0,0
2003,220421,1,1,9,0,0,0,0,0,0,0,0,0
2003,220422,0,1,12,23,22,26,13,0,0,17,33,26
2003,220422,0,4,0,0,0,0,0,0,0,0,0,0
2003,220422,2,1,0,0,0,0,0,0,0,0,0,0
2003,220423,0,1,19,19,19,19,19,19,19,19,19,19
2003,220423,0,2,29,15,21,0,13,0,0,0,22,26
2003,220423,2,1,0,0,0,0,0,0,0,0,0,0
2003,220423,3,1,0,0,0,0,0,0,0,0,0,0
2003,220424,0,1,0,0,0,0,0,0,0,0,0,0
2003,220424,1,1,0,0,0,0,0,0,0,0,0,0
2003,220425,1,1,0,0,0,0,0,0,0,0,0,0
2003,220426,1,1,0,0,0,0,0,0,0,0,0,0
2003,220426,2,1,0,0,0,0,0,0,0,0,0,0