YEAR,ST_CASE,veh_no,per_no,P1,P2,P3,P4,P5,P6,P7,P8,P9,P10
2003,220427,1,1,9,9,9,9,9,9,9,9,9,9
2003,220428,1,1,0,0,0,0,0,0,0,0,0,0
2003,220428,2,1,12,0,5,0,11,0,4,0,0,0
2003,220429,1,1,0,0,0,0,0,0,0,0,0,0
2003,220430,0,1,21,26,19,12,0,5,0,15,0,0
2003,220430,1,1,0,0,0,0,0,0,0,0,0,0
2003,220431,0,1,13,35,23,17,49,14,1,7,0,0
2003,220431,1,1,0,0,0,0,0,0,0,0,0,0
2003,220432,1,1,0,0,0,0,0,0,0,0,16,0
2003,220432,2,1,26,4,0,0,0,0,0,0,0,0
2003,220433,1,1,0,14,0,14,0,0,0,0,0,0
2003,220433,2,1,0,0,0,0,0,0,0,0,0,0
2003,220434,1,1,4,20,33,16,19,11,7,17,15,16
2003,220434,2,1,0,9,0,0,0,0,0,0,0,0
2003,220435,1,1,11,10,31,18,14,13,17,8,2,16
2003,220435,2,1,0,0,0,0,0,0,0,0,0,0
2003,220436,1,1,12,19,0,35,26,18,17,21,3,19
2003,220437,1,1,0,0,0,0,0,0,0,0,0,0
2003,220438,1,1,0,0,0,0,0,0,0,0,0,0
2003,220438,2,1,0,0,0,0,0,0,0,0,0,0
2003,220438,3,1,0,0,0,0,0,0,0,0,0,0
2003,220439,1,1,14,6,10,0,0,9,0,0,24,0
2003,220439,2,1,0,0,0,0,0,0,0,0,0,0
2003,220440,1,1,0,0,0,24,0,0,24,19,3,17
2003,220441,1,1,0,0,0,0,0,0,0,0,0,0
2003,220441,2,1,0,0,0,0,0,0,0,0,0,0
2003,220441,3,1,0,0,0,0,0,0,0,0,0,0
2003,220442,1,1,0,0,30,0,0,0,0,0,0,0
2003,220442,2,1,0,0,0,0,0,0,0,0,0,0
2003,220443,1,1,21,17,9,8,37,0,11,0,0,0
2003,220443,2,1,0,0,0,0,0,0,0,0,0,0
2003,220444,1,1,13,0,18,23,19,0,17,21,0,18
2003,220445,1,1,17,17,17,17,17,17,17,17,17,17
2003,220446,1,1,10,7,30,13,0,23,13,34,19,17
2003,220447,1,1,0,0,0,0,0,0,0,21,0,0
2003,220447,2,1,0,0,0,0,0,0,0,0,0,0
2003,220448,1,1,0,0,0,0,19,0,20,0,0,0
2003,220448,2,1,0,0,0,0,0,0,0,0,0,0
2003,220449,1,1,0,0,0,0,0,0,0,0,0,21
2003,220449,2,1,0,0,0,0,0,0,0,0,0,0
2003,220450,1,1,28,31,0,8,0,0,20,0,0,0
2003,220451,1,1,0,0,0,0,0,18,0,0,0,0
2003,220452,1,1,33,33,33,33,33,33,33,33,33,33
2003,220453,1,1,0,0,35,0,15,29,0,0,0,0
2003,220454,1,1,13,0,13,0,17,9,21,22,34,14
2003,220455,1,1,0,0,0,0,0,0,0,0,0,0
2003,220455,2,1,0,0,0,0,0,0,0,0,0,0
2003,220456,1,1,16,0,24,1,20,0,0,0,0,28
2003,220457,0,1,0,0,30,0,0,0,0,0,0,0
2003,220457,0,2,18,0,13,0,0,0,12,0,22,25
2003,220457,1,1,17,17,17,17,17,17,17,17,17,17
2003,220458,1,1,0,0,8,21,0,0,0,10,19,8
2003,220459,0,1,0,0,0,0,0,0,0,0,0,0
2003,220459,1,1,0,0,0,0,0,0,0,0,0,0
2003,220460,1,1,0,0,0,0,20,0,0,0,0,0
2003,220461,1,1,0,0,0,0,0,0,0,0,13,0
2003,220462,1,1,0,0,7,23,0,8,0,0,0,0
2003,220463,1,1,13,13,13,13,13,13,13,13,13,13
2003,220464,1,1,0,0,24,0,14,7,13,0,17,10
2003,220465,1,1,0,0,0,0,0,0,0,0,0,0
2003,220465,2,1,0,0,0,0,0,0,0,0,0,0
2003,220466,1,1,33,14,13,25,11,7,31,29,19,22
2003,220467,1,1,0,0,0,32,0,21,0,0,0,0
2003,220468,0,1,0,0,0,0,0,0,0,0,0,0
2003,220468,1,1,0,0,17,0,0,0,0,0,0,0
2003,220469,1,1,0,0,0,0,0,0,0,0,0,0
2003,220469,2,1,0,0,0,0,0,0,0,0,0,0
2003,220470,0,1,0,0,0,0,0,0,0,0,0,0
2003,220470,1,1,6,0,9,0,0,0,0,0,0,0
2003,220471,1,1,0,12,0,0,0,0,0,0,0,0
2003,220471,2,1,0,0,0,0,0,0,0,0,0,0
2003,220472,0,1,19,19,19,19,19,19,19,19,19,19
2003,220472,1,1,16,16,16,16,16,16,16,16,16,16
2003,220473,1,1,9,9,9,9,9,9,9,9,9,9
2003,220474,1,1,0,0,0,0,0,15,0,0,0,0
2003,220475,0,1,0,0,0,0,0,0,0,12,0,25
2003,220476,1,1,0,0,0,0,0,0,0,0,0,0
2003,220477,1,1,0,0,8,0,0,19,0,0,0,17
2003,220478,1,1,0,0,0,18,0,0,20,0,0,0
2003,220479,1,1,18,0,0,17,15,19,0,0,0,29
2003,220480,1,1,0,0,0,0,0,0,14,0,15,0
2003,220481,1,1,0,0,0,0,0,0,0,0,0,0
2003,220482,1,1,13,14,8,23,27,0,25,9,30,10
2003,220483,1,1,0,0,0,32,0,0,17,0,0,0
2003,220483,2,1,0,0,0,0,0,0,0,0,0,0
2003,220484,0,1,48,48,48,48,48,48,48,48,48,48
2003,220484,1,1,0,0,0,0,0,0,0,0,0,0
2003,220485,1,1,0,6,0,0,0,0,0,0,0,0
2003,220485,2,1,0,0,0,0,0,0,0,0,0,0
2003,220486,1,1,0,0,0,0,0,0,0,0,0,0
2003,220486,2,1,4,4,4,4,4,4,4,4,4,4
2003,220487,1,1,0,0,19,0,0,0,0,7,5,0
2003,220489,1,1,0,0,0,0,0,0,0,0,0,11
2003,220489,2,1,0,0,0,0,0,0,0,0,0,0
2003,220490,1,1,18,7,19,16,3,0,18,0,29,10
2003,220490,2,1,0,0,0,0,0,0,0,0,0,0
2003,220491,1,1,0,0,0,0,0,0,0,0,0,0
2003,220491,2,1,0,0,0,0,0,0,0,0,0,0
2003,220491,3,1,0,0,0,0,0,0,0,0,0,0
2003,220492,1,1,0,0,0,0,0,0,0,0,0,0
2003,220492,2,1,15,8,9,0,0,11,0,0,0,8
2003,220493,1,1,0,4,16,0,0,11,14,12,7,0
2003,220494,0,1,0,0,0,14,0,0,0,0,0,0
2003,220494,1,1,0,0,0,0,0,0,0,0,0,0
2003,220495,1,1,0,26,0,0,0,20,0,0,0,0
2003,220496,1,1,0,0,0,0,0,0,0,0,0,0
2003,220496,2,1,0,0,0,0,0,0,0,0,0,0
2003,220497,1,1,27,23,18,23,23,14,32,8,13,24
2003,220498,1,1,0,0,0,0,0,0,10,0,17,21
2003,220498,2,1,0,19,0,21,19,0,22,0,0,0
2003,220499,1,1,0,0,0,0,15,15,9,2,13,7
2003,220499,2,1,0,0,0,0,0,0,0,0,0,0
2003,220499,3,1,0,0,0,0,0,0,0,0,0,0
2003,220500,1,1,16,10,15,0,8,13,0,0,15,0
2003,220501,1,1,6,14,16,24,12,30,22,34,0,26
2003,220502,1,1,0,13,0,0,0,0,0,0,0,0
2003,220502,2,1,0,0,0,0,0,0,0,0,0,0
2003,220503,0,1,25,14,0,19,20,0,40,0,19,15
2003,220503,1,1,0,0,0,0,0,0,0,0,0,0
2003,220504,1,1,8,0,0,0,0,0,0,0,0,7
2003,220505,1,1,0,0,0,0,0,0,0,0,0,0
2003,220505,2,1,0,0,0,0,0,0,0,0,0,0
2003,220506,1,1,0,0,0,0,0,0,0,0,0,0
2003,220506,2,1,0,0,0,0,0,0,0,0,0,0
2003,220507,1,1,0,11,0,0,0,0,13,0,0,0
2003,220508,1,1,22,6,15,21,13,10,16,2,12,10
2003,220509,1,1,0,0,29,0,12,30,0,16,28,36
2003,220510,0,1,31,28,18,20,16,14,0,0,28,0
2003,220510,1,1,0,0,0,0,0,0,0,0,0,0
2003,220511,1,1,37,32,18,19,29,24,5,9,21,4
2003,220512,1,1,23,23,23,23,23,23,23,23,23,23
2003,220513,1,1,0,0,0,0,0,0,0,0,0,0
2003,220513,2,1,0,0,0,0,0,0,0,0,0,0
2003,220514,0,1,28,18,21,11,17,31,4,23,36,25
2003,220514,1,1,0,0,0,0,0,0,0,0,0,0
2003,220515,1,1,31,17,42,18,22,24,14,3,14,9
2003,220516,1,1,22,22,22,22,22,22,22,22,22,22
2003,220516,2,1,0,0,0,0,0,0,16,18,0,0
2003,220517,1,1,0,0,0,0,0,0,0,0,0,0
2003,220517,2,1,0,12,0,0,0,0,0,0,0,0
2003,220518,1,1,0,0,0,0,0,0,0,0,0,26
2003,220519,1,1,5,9,0,0,0,0,0,0,0,14
2003,220520,1,1,6,12,7,0,0,0,17,24,0,0
2003,220521,0,1,0,0,0,0,0,0,0,0,0,0
2003,220521,1,1,0,0,0,0,0,0,0,0,0,0
2003,220522,1,1,0,0,3,0,10,0,0,0,2,0
2003,220522,2,1,0,0,0,0,0,0,0,0,0,0
2003,220522,3,1,0,0,0,0,0,0,0,0,0,0
2003,220523,1,1,0,18,3,0,10,0,11,0,6,0
2003,220523,2,1,22,13,19,11,13,26,21,26,9,14
2003,220524,1,1,0,0,0,0,0,0,0,0,0,0
2003,220525,1,1,0,0,22,0,0,0,0,21,0,0
2003,220526,1,1,9,0,0,9,0,0,0,29,0,0
2003,220527,1,1,0,0,0,0,0,0,0,0,0,0
2003,220528,1,1,19,14,10,14,19,24,5,12,14,0
2003,220528,2,1,0,0,0,0,0,0,0,0,0,0
2003,220529,1,1,0,0,0,0,0,0,0,0,0,0
2003,220529,2,1,13,0,0,25,11,30,26,0,0,12
2003,220530,1,1,0,0,0,0,0,0,31,2,0,0
2003,220531,1,1,2,0,18,0,7,9,17,5,17,0
2003,220532,1,1,0,0,0,0,0,0,0,0,0,0
2003,220532,2,1,0,0,0,0,0,0,0,0,0,0
2003,220533,1,1,13,13,13,13,13,13,13,13,13,13
2003,220534,0,1,0,0,0,0,0,0,0,0,0,0
2003,220534,1,1,0,0,0,0,0,0,0,0,0,0
2003,220535,1,1,0,0,0,0,0,0,0,0,0,0
2003,220535,2,1,0,0,0,0,0,0,0,0,0,12
2003,220536,1,1,0,0,11,0,0,0,0,0,0,0
2003,220536,2,1,0,0,0,0,0,0,0,0,0,0
2003,220537,1,1,0,0,0,0,0,0,0,0,0,0
2003,220537,2,1,0,0,0,0,0,0,0,0,0,0
2003,220537,3,1,0,0,0,0,0,0,0,0,0,0
2003,220538,1,1,0,0,0,0,0,0,4,10,10,0
2003,220538,2,1,1,1,1,1,1,1,1,1,1,1
2003,220539,1,1,20,20,20,20,20,20,20,20,20,20
2003,220540,0,1,0,0,0,0,0,0,0,0,0,0
2003,220540,1,1,0,0,12,0,12,0,0,0,0,0
2003,220541,1,1,0,0,0,0,0,0,0,0,0,0
2003,220541,2,1,0,0,0,0,0,0,0,0,0,0
2003,220542,1,1,0,0,0,0,0,0,0,0,0,0
2003,220542,2,1,0,0,0,0,0,0,0,0,0,0
2003,220543,1,1,0,0,0,0,0,0,0,0,0,0
2003,220543,2,1,0,0,0,0,0,0,0,0,0,0
2003,220544,1,1,0,0,0,0,0,0,0,0,0,0
2003,220544,2,1,3,0,0,8,19,0,0,9,0,0
2003,220545,1,1,0,0,0,0,0,0,0,0,0,0
2003,220546,1,1,0,0,0,0,0,0,0,0,0,0
2003,220547,1,1,0,0,0,0,0,0,0,0,0,0
2003,220548,1,1,0,0,0,0,0,0,0,0,0,0
2003,220548,2,1,0,0,0,0,0,0,0,0,0,0
2003,220549,1,1,0,0,0,0,8,0,0,0,0,0
2003,220549,2,1,0,0,0,0,0,8,0,0,0,0
2003,220549,3,1,0,0,0,0,17,22,0,0,0,0
2003,220550,1,1,0,0,0,0,0,0,0,0,0,0
2003,220550,2,1,0,0,0,0,0,0,0,0,0,0
2003,220551,1,1,0,0,0,0,0,0,0,0,0,0
2003,220552,1,1,20,20,20,20,20,20,20,20,20,20
2003,220552,2,1,0,0,0,0,0,0,0,0,4,0
2003,220552,3,1,0,0,0,0,0,0,0,0,0,0
2003,220553,1,1,10,10,10,10,10,10,10,10,10,10
2003,220554,1,1,0,0,0,22,0,0,0,0,0,0
2003,220554,2,1,0,0,0,0,0,0,0,0,0,0
2003,220555,1,1,0,0,0,0,0,0,0,0,0,0
2003,220556,1,1,0,0,0,11,0,0,0,0,0,0
2003,220556,2,1,0,0,0,0,0,0,0,0,0,0
2003,220557,1,1,15,0,0,14,25,0,24,0,13,10
2003,220559,1,1,25,2,24,0,12,0,11,0,5,0
2003,220561,1,1,0,0,0,0,0,0,0,0,0,0
2003,220562,1,1,0,0,0,0,0,0,0,0,0,0
2003,220562,2,1,23,23,0,24,10,13,27,7,12,23
2003,220563,1,1,14,17,18,20,10,13,18,14,30,10
2003,220564,0,1,0,0,0,0,0,0,0,0,0,0
2003,220564,0,2,0,0,0,0,0,0,0,0,0,0
2003,220564,1,1,0,0,0,0,0,0,0,0,0,0
2003,220565,1,1,0,11,18,0,0,0,0,9,0,0
2003,220565,2,1,16,4,0,0,19,0,0,0,0,11
2003,220565,3,1,0,0,0,0,0,0,0,0,0,0
2003,220566,1,1,0,0,17,21,0,17,15,0,0,19
2003,220567,1,1,0,0,0,0,0,0,0,0,0,0
2003,220568,1,1,0,0,0,0,0,0,0,0,0,0
2003,220569,1,1,0,0,0,0,0,0,0,0,0,0
2003,220569,2,1,0,0,0,0,0,0,0,0,0,0
2003,220570,1,1,0,14,13,36,0,6,20,10,2,14
2003,220571,1,1,14,0,28,22,18,24,10,13,16,7
2003,220572,1,1,12,12,12,12,12,12,12,12,12,12
2003,220573,1,1,14,14,14,14,14,14,14,14,14,14
2003,220574,1,1,17,17,17,17,17,17,17,17,17,17
2003,220574,2,1,0,0,6,0,0,0,0,0,22,12
2003,220575,1,1,7,7,7,7,7,7,7,7,7,7
2003,220576,0,1,9,9,9,9,9,9,9,9,9,9
2003,220576,1,1,0,0,0,0,0,0,0,0,0,0
2003,220577,1,1,43,11,35,24,4,29,33,11,8,16
2003,220578,1,1,11,12,11,17,5,14,14,20,13,27
2003,220579,1,1,0,8,5,0,0,0,0,0,0,0
2003,220580,1,1,17,10,15,12,16,0,0,0,8,8
2003,220581,1,1,0,0,0,0,0,0,0,0,0,0
2003,220581,2,1,0,0,0,0,0,0,0,0,0,0
2003,220582,0,1,0,0,0,0,0,0,0,0,0,0
2003,220582,1,1,0,0,0,0,0,0,0,0,0,0
2003,220583,1,1,0,0,0,0,0,0,0,0,0,0
2003,220583,2,1,0,0,0,0,0,0,0,0,0,0
2003,220584,1,1,29,0,23,0,0,0,0,0,0,16
2003,220585,1,1,0,0,0,0,0,0,0,0,0,0
2003,220585,2,1,0,0,0,0,0,0,0,0,0,0
2003,220586,1,1,0,0,0,0,0,0,0,0,0,0
2003,220586,2,1,0,0,0,0,0,0,0,24,0,0
2003,220587,1,1,0,0,0,0,0,10,5,0,0,9
2003,220587,2,1,6,6,6,6,6,6,6,6,6,6
2003,220588,1,1,0,0,0,0,0,0,0,0,0,0
2003,220589,1,1,0,0,0,0,0,0,0,0,0,0
2003,220589,2,1,0,20,0,0,0,0,0,0,18,0
2003,220590,1,1,0,12,0,9,0,0,0,0,24,0
2003,220590,2,1,0,0,0,0,0,0,0,0,0,0
2003,220591,1,1,0,0,0,0,0,0,0,0,0,0
2003,220591,2,1,0,0,0,0,0,0,0,0,0,0
2003,220592,1,1,0,0,0,0,0,0,0,0,0,0
2003,220593,1,1,21,15,14,5,12,15,0,0,7,10
2003,220594,1,1,7,13,13,23,0,15,14,20,3,0
2003,220595,1,1,8,18,10,18,25,9,31,14,37,31
2003,220596,1,1,0,0,0,0,0,0,0,0,0,0
2003,220596,2,1,0,0,0,0,0,0,0,0,0,0
2003,220597,1,1,0,9,0,28,0,0,0,0,0,0
2003,220597,2,1,0,0,0,0,0,0,0,0,0,0
2003,220598,1,1,0,0,3,0,38,23,28,8,4,21
2003,220599,1,1,22,22,22,22,22,22,22,22,22,22
2003,220600,1,1,17,17,17,17,17,17,17,17,17,17
2003,220600,2,1,0,0,0,0,0,0,0,0,0,0
2003,220600,3,1,0,0,0,0,0,0,0,0,0,0
2003,220601,1,1,0,0,0,0,0,0,0,0,0,0
2003,220601,2,1,0,0,0,0,0,0,0,0,0,0
2003,220602,1,1,20,20,20,20,20,20,20,20,20,20
2003,220603,1,1,20,10,20,9,38,12,9,16,6,6
2003,220603,2,1,0,0,0,0,0,0,0,0,0,0
2003,220604,1,1,30,25,9,26,0,13,22,22,17,57
2003,220605,1,1,11,15,27,13,0,14,0,20,19,14
2003,220606,1,1,0,22,0,0,26,9,9,50,19,15
2003,220607,1,1,0,0,0,0,0,0,0,0,0,0
2003,220607,2,1,0,0,0,0,0,0,0,0,0,0
2003,220607,3,1,0,0,0,0,0,0,0,0,0,0
2003,220607,4,1,0,0,0,0,0,0,0,0,0,0
2003,220608,1,1,0,0,0,0,0,13,0,0,9,0
2003,220608,2,1,0,0,0,0,10,0,10,0,0,0
2003,220609,1,1,0,0,0,17,0,24,0,9,13,0
2003,220610,1,1,0,0,0,0,0,0,0,0,0,0
2003,220611,0,1,22,22,22,22,22,22,22,22,22,22
2003,220611,1,1,0,0,0,0,0,0,0,0,0,0
2003,220612,1,1,0,0,0,0,0,0,0,0,0,0
2003,220612,2,1,0,0,0,0,0,0,0,0,0,0
2003,220613,1,1,0,0,0,0,0,0,0,0,0,0
2003,220613,2,1,0,0,0,0,0,0,0,0,0,0
2003,220614,1,1,0,0,0,0,0,0,0,0,0,0
2003,220614,2,1,0,0,0,0,0,0,0,0,0,0
2003,220615,1,1,12,0,0,0,10,0,0,0,0,14
2003,220615,2,1,7,7,7,7,7,7,7,7,7,7
2003,220616,1,1,0,0,0,0,0,0,0,0,0,0
2003,220616,2,1,8,8,8,8,8,8,8,8,8,8
2003,220617,1,1,8,21,25,19,35,5,18,46,28,10
2003,220618,1,1,13,23,15,30,15,15,20,7,17,17
2003,220619,1,1,24,17,11,24,26,16,5,21,20,14
2003,220620,1,1,0,0,0,0,0,0,0,0,0,0
2003,220620,2,1,0,0,0,0,0,0,0,0,0,0
2003,220621,1,1,0,0,0,0,0,0,0,0,0,0
2003,220621,2,1,0,0,0,0,0,0,0,0,0,0
2003,220622,1,1,0,0,0,0,0,18,0,0,0,0
2003,220622,2,1,0,0,0,0,0,0,0,0,0,0
2003,220623,1,1,0,0,0,0,0,0,0,0,0,0
2003,220623,2,1,18,0,0,24,0,0,7,0,6,0
2003,220624,1,1,0,0,0,0,0,0,0,0,0,0
2003,220625,1,1,0,0,0,0,0,0,0,0,0,0
2003,220625,2,1,0,0,0,0,0,0,0,0,0,0
2003,220625,3,1,0,0,0,0,0,0,0,0,0,0
2003,220626,1,1,12,0,0,9,0,0,0,0,0,0
2003,220626,2,1,0,17,0,0,6,0,0,0,0,15
2003,220627,1,1,0,0,0,0,0,0,0,0,0,0
2003,220628,1,1,0,0,0,0,0,0,0,0,0,0
2003,220629,1,1,16,16,16,16,16,16,16,16,16,16
2003,220629,2,1,0,0,0,0,0,0,0,0,0,0
2003,220630,1,1,3,3,3,3,3,3,3,3,3,3
2003,220630,2,1,0,0,0,0,0,0,0,0,7,0
2003,220631,1,1,0,19,20,0,0,14,26,13,0,0
2003,220632,1,1,0,0,0,0,0,0,0,0,0,0
2003,220633,1,1,10,12,0,3,16,27,21,13,9,13
2003,220634,1,1,0,0,0,0,0,0,0,0,0,0
2003,220634,2,1,0,0,0,0,0,0,0,0,0,0
2003,220635,1,1,26,6,22,26,27,20,7,29,22,31
2003,220636,1,1,0,0,0,0,0,0,0,0,0,0
2003,220636,2,1,0,0,0,0,0,0,0,0,0,0
2003,220637,1,1,6,0,0,10,0,10,4,5,33,0
2003,220637,2,1,0,0,0,0,0,0,0,0,0,0
2003,220638,1,1,21,0,8,30,19,32,6,25,19,12
2003,220639,1,1,8,8,8,8,8,8,8,8,8,8
2003,220640,1,1,0,36,41,3,16,0,0,0,0,0
2003,220641,1,1,1,0,0,8,0,0,11,0,0,0
2003,220641,2,1,0,0,0,0,0,0,0,0,0,0
2003,220642,1,1,12,15,27,0,13,11,33,0,0,0
2003,220643,1,1,0,0,0,0,8,0,0,0,0,0
2003,220643,2,1,0,0,0,0,0,0,0,0,0,0
2003,220644,1,1,16,0,0,0,0,0,0,0,0,0
2003,220644,2,1,0,0,11,0,0,13,0,0,0,0
2003,220645,1,1,0,0,0,0,0,0,0,0,0,0
2003,220645,2,1,0,0,0,0,0,0,0,0,0,0
2003,220645,3,1,0,0,0,0,0,0,0,0,0,0
2003,220646,1,1,4,0,0,0,0,0,0,0,0,0
2003,220646,2,1,21,0,0,0,0,0,0,0,9,0
2003,220647,1,1,0,0,0,0,0,0,0,0,0,0
2003,220647,2,1,0,0,4,13,0,0,0,0,0,0
2003,220648,1,1,0,0,0,0,0,0,0,0,0,0
2003,220648,2,1,0,0,0,0,0,0,0,0,0,0
2003,220649,0,1,0,0,0,0,0,0,0,0,0,0
2003,220649,1,1,0,0,0,0,0,0,0,0,0,0
2003,220650,0,1,26,0,0,18,0,17,0,0,0,15
2003,220650,1,1,0,0,0,0,0,0,0,0,0,0
2003,220651,1,1,0,0,0,0,28,0,13,22,25,0
2003,220652,1,1,0,0,0,0,0,0,0,0,0,0
2003,220652,2,1,0,0,0,0,0,0,0,0,0,0
2003,220653,1,1,14,0,0,0,0,0,0,0,0,0
2003,220653,2,1,0,0,0,3,0,0,0,0,0,0
2003,220654,1,1,23,0,25,0,8,0,18,0,14,0
2003,220655,1,1,0,0,0,0,7,12,0,0,0,0
2003,220656,1,1,0,0,16,0,27,15,24,13,3,14
2003,220656,2,1,0,0,0,0,0,0,0,0,0,0
2003,220657,1,1,15,15,15,15,15,15,15,15,15,15
2003,220658,1,1,12,7,25,0,9,0,13,0,0,21
2003,220659,1,1,0,0,0,0,0,0,0,0,0,0
2003,220659,2,1,0,0,0,0,0,0,0,0,0,0
2003,220660,0,1,0,0,0,0,0,0,0,0,0,0
2003,220660,1,1,0,0,0,0,0,0,0,0,0,0
2003,220661,1,1,14,21,21,26,14,19,31,23,24,21
2003,220662,1,1,0,0,0,0,0,0,0,0,0,0
2003,220662,2,1,0,0,0,0,0,0,0,0,0,0
2003,220663,1,1,17,0,8,10,8,21,0,19,8,22
2003,220664,0,1,15,15,15,15,15,15,15,15,15,15
2003,220664,1,1,0,0,0,0,0,0,0,0,0,19
2003,220665,1,1,23,17,13,20,14,0,14,12,19,22
2003,220666,0,1,27,0,20,0,0,0,0,0,0,0
2003,220666,1,1,0,0,0,0,0,0,0,0,0,0
2003,220667,1,1,0,0,0,0,0,0,0,0,0,0
2003,220667,2,1,0,0,0,0,0,0,0,0,0,0
2003,220668,1,1,26,26,26,26,26,26,26,26,26,26
2003,220669,1,1,0,0,0,0,0,0,0,0,0,0
2003,220669,2,1,0,0,0,0,0,0,0,0,0,0
2003,220670,1,1,10,10,10,10,10,10,10,10,10,10
2003,220671,1,1,0,0,0,0,0,0,0,0,0,0
2003,220671,2,1,0,0,0,0,0,0,0,0,0,0
2003,220672,0,1,0,0,0,0,0,0,0,0,0,0
2003,220672,1,1,0,0,0,0,0,0,0,0,0,0
2003,220673,1,1,0,0,0,0,0,0,0,0,0,0
2003,220673,2,1,0,0,0,0,0,0,0,0,0,0
2003,220674,1,1,0,19,0,0,0,0,0,0,0,0
2003,220674,2,1,0,0,0,0,0,0,0,0,0,0
2003,220675,0,1,12,0,0,0,0,0,0,0,0,0
2003,220675,1,1,0,0,0,0,0,0,0,9,0,13
2003,220676,1,1,30,5,0,4,0,0,5,0,3,0
2003,220676,2,1,0,0,0,0,0,25,0,0,0,15
2003,220677,0,1,0,0,0,0,0,0,0,6,0,0
2003,220677,1,1,0,0,0,0,0,0,0,0,0,0
2003,220678,1,1,0,0,0,0,0,0,0,0,0,0
2003,220678,2,1,0,0,0,0,0,0,0,0,0,0
2003,220679,1,1,8,8,8,8,8,8,8,8,8,8
2003,220680,1,1,0,0,0,0,0,0,0,0,0,0
2003,220680,2,1,0,0,0,0,0,0,0,0,0,0
2003,220681,1,1,0,0,0,0,0,0,0,0,0,0
2003,220682,1,1,14,14,14,14,14,14,14,14,14,14
2003,220683,1,1,0,0,0,0,0,0,0,0,0,0
2003,220683,2,1,0,0,0,0,0,0,0,0,0,0
2003,220684,1,1,0,0,6,0,0,0,0,0,10,0
2003,220684,2,1,0,0,15,6,0,2,0,10,17,0
2003,220686,1,1,0,23,9,13,7,21,8,0,10,15
2003,220687,1,1,0,0,0,0,0,0,0,0,0,0
2003,220687,2,1,0,0,0,0,0,0,0,0,0,0
2003,220688,1,1,15,15,15,15,15,15,15,15,15,15
2003,220689,1,1,28,28,28,28,28,28,28,28,28,28
2003,220690,1,1,0,0,0,0,0,0,0,0,0,0
2003,220690,2,1,0,0,0,0,0,0,0,0,0,0
2003,220691,1,1,12,9,0,25,0,27,26,0,12,0
2003,220692,1,1,21,21,21,21,21,21,21,21,21,21
2003,220693,1,1,0,0,0,0,0,0,0,0,0,0
2003,220693,2,1,0,0,12,0,13,0,2,11,0,0
2003,220694,0,1,26,26,26,26,26,26,26,26,26,26
2003,220694,1,1,0,0,0,0,0,0,0,0,0,0
2003,220695,1,1,0,0,0,0,0,0,0,0,0,0
2003,220696,1,1,0,0,0,0,0,0,0,0,0,0
2003,220696,2,1,21,21,21,21,21,21,21,21,21,21
2003,220697,1,1,18,18,18,18,18,18,18,18,18,18
2003,220698,1,1,0,0,0,0,0,0,0,0,0,0
2003,220698,2,1,0,0,0,0,0,0,0,0,0,0
2003,220699,1,1,0,0,0,0,0,0,0,0,0,0
2003,220699,2,1,0,0,0,0,0,0,0,0,0,0
2003,220699,3,1,0,0,0,0,0,0,0,0,0,0
2003,220700,1,1,14,14,14,14,14,14,14,14,14,14
2003,220701,1,1,0,0,0,2,0,0,0,0,0,0
2003,220702,0,1,0,0,0,0,0,18,0,0,39,30
2003,220702,1,1,0,0,0,0,0,0,0,0,0,0
2003,220703,1,1,0,0,0,0,0,0,0,0,0,0
2003,220703,2,1,0,0,0,0,0,0,0,0,0,0
2003,220704,1,1,23,0,4,14,23,30,7,12,0,0
2003,220705,1,1,14,14,14,14,14,14,14,14,14,14
2003,220706,1,1,18,17,17,0,18,0,12,7,14,0
2003,220707,1,1,0,0,0,0,0,0,0,0,0,0
2003,220708,0,1,31,31,31,31,31,31,31,31,31,31
2003,220708,1,1,29,29,29,29,29,29,29,29,29,29
2003,220708,2,1,0,0,0,0,0,0,0,0,0,0
2003,220710,1,1,0,26,18,0,0,0,0,14,9,14
2003,220710,2,1,0,0,0,0,0,0,0,0,0,0
2003,220711,0,1,0,0,0,0,0,0,0,0,0,0
2003,220711,1,1,0,0,0,0,0,0,0,0,0,0
2003,220712,1,1,0,0,0,20,17,0,0,0,0,0
2003,220713,1,1,0,16,0,0,0,0,0,0,0,0
2003,220713,2,1,0,0,0,0,0,0,0,0,0,0
2003,220714,1,1,0,0,0,0,0,0,0,0,0,0
2003,220714,2,1,9,0,0,0,0,0,0,0,0,0
2003,220715,1,1,0,0,0,0,0,0,0,0,0,0
2003,220715,2,1,0,0,0,0,0,0,0,0,0,0
2003,220716,1,1,0,17,0,0,0,10,0,0,0,0
2003,220717,1,1,0,0,0,0,0,0,0,0,0,0
2003,220717,2,1,0,0,0,0,24,0,29,0,0,0
2003,220718,1,1,0,0,0,0,0,0,0,0,0,0