YEAR,ST_CASE,veh_no,per_no,P1,P2,P3,P4,P5,P6,P7,P8,P9,P10
2003,220718,2,1,0,0,0,0,0,0,0,0,0,0
2003,220719,1,1,0,0,0,0,0,0,0,0,0,0
2003,220719,2,1,0,0,0,0,0,0,0,0,0,0
2003,220720,0,1,0,0,0,11,0,0,0,0,0,0
2003,220720,1,1,0,0,0,0,0,0,12,0,0,0
2003,220721,1,1,0,0,0,0,0,0,0,0,0,0
2003,220721,2,1,0,16,0,0,0,0,0,0,0,9
2003,220722,1,1,0,0,0,0,0,0,0,0,0,0
2003,220722,2,1,0,0,0,0,0,0,0,0,0,0
2003,220723,1,1,32,0,25,0,0,29,20,31,13,4
2003,220724,1,1,0,0,0,0,0,0,0,0,0,0
2003,220725,1,1,0,0,0,0,0,0,0,0,0,0
2003,220726,1,1,0,0,0,0,0,0,0,0,0,0
2003,220726,2,1,0,0,0,0,0,0,0,0,0,0
2003,220727,1,1,17,17,17,21,6,29,34,29,24,20
2003,220728,1,1,0,0,0,0,0,0,0,0,0,0
2003,220728,2,1,0,0,0,0,0,0,0,0,0,0
2003,220729,1,1,0,0,0,0,0,0,0,0,0,0
2003,220730,1,1,0,0,0,0,0,0,0,0,0,0
2003,220730,2,1,0,0,0,0,0,0,0,0,0,0
2003,220731,1,1,10,10,10,10,10,10,10,10,10,10
2003,220732,1,1,3,12,0,0,9,0,23,0,15,0
2003,220733,1,1,0,0,0,0,0,0,0,0,0,0
2003,220733,2,1,0,0,0,0,0,0,0,0,0,0
2003,220734,1,1,0,0,0,0,0,0,0,0,0,0
2003,220734,2,1,0,0,0,0,12,0,0,6,0,0
2003,220735,1,1,10,26,28,26,0,12,0,18,16,34
2003,220736,0,1,37,12,27,7,11,13,0,21,37,33
2003,220736,1,1,0,0,0,0,0,0,0,0,0,0
2003,220737,1,1,0,0,0,0,7,0,0,0,0,0
2003,220738,1,1,15,15,15,15,15,15,15,15,15,15
2003,220739,1,1,0,0,0,0,0,0,0,0,0,0
2003,220739,2,1,0,0,0,0,0,0,0,0,0,0
2003,220740,1,1,0,0,0,0,0,0,0,0,0,0
2003,220741,1,1,0,0,0,0,0,0,0,0,0,0
2003,220741,2,1,0,0,0,0,0,0,0,0,0,0
2003,220742,1,1,32,9,19,27,19,15,22,13,20,13
2003,220742,2,1,0,0,0,0,0,0,0,0,0,0
2003,220743,1,1,24,24,24,24,24,24,24,24,24,24
2003,220743,2,1,0,0,0,0,0,0,0,0,0,0
2003,220744,1,1,0,0,0,0,0,0,0,0,0,0
2003,220744,2,1,0,0,0,0,0,0,0,0,0,0
2003,220745,0,1,0,0,0,0,0,0,0,0,0,0
2003,220745,1,1,0,0,0,0,0,0,0,0,0,0
2003,220745,2,1,0,0,0,0,0,0,0,0,0,0
2003,220746,1,1,0,28,8,15,0,31,17,41,16,0
2003,220747,0,1,7,0,0,0,19,0,27,0,25,32
2003,220747,1,1,10,10,10,10,10,10,10,10,10,10
2003,220748,1,1,0,0,0,11,0,0,18,0,0,13
2003,220748,2,1,0,0,0,0,0,0,0,0,0,0
2003,220749,1,1,20,20,20,20,20,20,20,20,20,20
2003,220750,0,1,0,0,0,43,0,0,0,0,0,0
2003,220750,1,1,0,0,0,0,0,0,0,0,0,0
2003,220751,1,1,0,0,0,11,0,15,0,0,0,0
2003,220753,1,1,7,0,0,0,0,8,0,0,0,18
2003,220753,2,1,0,0,0,0,0,0,0,0,0,0
2003,220754,1,1,0,43,0,0,0,0,0,18,0,0
2003,220755,1,1,15,15,15,15,15,15,15,15,15,15
2003,220756,1,1,13,13,13,13,13,13,13,13,13,13
2003,220756,2,1,0,0,0,0,0,0,0,0,0,0
2003,220757,1,1,0,0,0,4,0,0,12,0,0,0
2003,220758,1,1,14,9,4,0,4,10,31,39,0,14
2003,220759,1,1,33,18,20,19,13,16,19,26,9,12
2003,220760,1,1,0,17,0,0,0,13,0,0,0,0
2003,220761,1,1,24,24,24,24,24,24,24,24,24,24
2003,220762,1,1,13,13,13,13,13,13,13,13,13,13
2003,220763,1,1,0,4,0,0,0,0,28,18,11,22
2003,220764,1,1,20,20,20,20,20,20,20,20,20,20
2003,220765,1,1,14,0,19,25,26,11,18,0,29,0
2003,220766,1,1,30,30,30,30,30,30,30,30,30,30
2003,220766,2,1,0,0,0,0,0,0,0,0,0,0
2003,220767,1,1,0,0,0,0,0,0,0,0,0,0
2003,220767,2,1,0,0,0,0,0,0,0,0,0,0
2003,220768,1,1,9,9,9,9,9,9,9,9,9,9
2003,220768,2,1,17,17,17,17,17,17,17,17,17,17
2003,220769,1,1,20,20,20,20,20,20,20,20,20,20
2003,220770,1,1,11,11,11,11,11,11,11,11,11,11
2003,220771,1,1,0,0,0,0,0,0,0,0,0,0
2003,220771,2,1,3,0,10,0,0,0,0,0,0,0
2003,220772,0,1,31,0,0,0,0,11,0,0,20,0
2003,220772,1,1,0,0,0,0,0,0,28,0,0,0
2003,220773,1,1,0,0,0,0,0,0,0,0,0,0
2003,220773,2,1,9,8,0,18,23,5,0,0,0,15
2003,220775,1,1,0,0,0,0,0,0,0,0,0,0
2003,220775,2,1,0,10,0,0,0,0,0,14,0,0
2003,220776,0,1,37,37,37,37,37,37,37,37,37,37
2003,220776,1,1,0,0,0,0,0,0,0,0,0,0
2003,220777,1,1,26,26,26,26,26,26,26,26,26,26
2003,220777,2,1,0,0,0,0,0,0,0,0,0,0
2003,220778,1,1,0,0,0,0,0,0,0,5,0,0
2003,220779,1,1,18,18,18,18,18,18,18,18,18,18
2003,220780,1,1,0,0,0,0,0,0,0,0,0,22
2003,220781,1,1,0,0,0,0,0,8,0,0,0,0
2003,220781,2,1,0,0,0,0,0,0,0,0,0,0
2003,220781,3,1,0,0,0,0,0,0,0,0,0,0
2003,220782,1,1,18,18,18,18,18,18,18,18,18,18
2003,220783,1,1,0,0,0,0,0,0,0,0,0,0
2003,220783,2,1,0,0,0,0,0,0,0,0,7,0
2003,220784,1,1,0,7,14,0,0,0,0,0,0,0
2003,220784,2,1,0,0,0,8,0,0,0,0,0,0
2003,220784,3,1,0,0,0,0,0,0,0,0,0,0
2003,220785,0,1,0,0,19,0,0,0,18,0,0,0
2003,220785,1,1,0,0,0,0,0,0,0,0,0,0
2003,220786,1,1,12,0,0,4,4,7,11,0,0,14
2003,220786,2,1,0,0,0,0,0,0,0,0,0,0
2003,220786,3,1,0,0,0,0,0,9,7,6,5,12
2003,220786,4,1,0,0,0,0,0,6,2,0,0,0
2003,220786,5,1,7,0,0,0,0,0,4,0,0,0
2003,220787,1,1,0,0,0,0,20,16,11,0,0,26
2003,220788,1,1,0,0,13,0,0,0,6,0,0,8
2003,220789,1,1,33,21,45,14,35,21,20,28,6,12
2003,220790,0,1,10,10,10,10,10,10,10,10,10,10
2003,220790,1,1,0,0,0,0,0,0,0,0,0,0
2003,220791,1,1,0,0,0,0,0,0,0,0,0,0
2003,220792,1,1,15,15,15,15,15,15,15,15,15,15
2003,220793,0,1,17,17,17,17,17,17,17,17,17,17
2003,220793,1,1,0,0,0,0,0,0,0,0,0,0
2003,220794,1,1,27,27,27,27,27,27,27,27,27,27
2003,220794,2,1,0,0,0,0,0,0,0,0,0,0
2003,220795,1,1,25,25,25,25,25,25,25,25,25,25
2003,220795,2,1,0,3,0,0,0,0,16,0,0,0
2003,220796,0,1,0,18,13,0,0,0,7,18,20,5
2003,220796,0,2,0,0,17,0,0,0,23,0,16,23
2003,220796,1,1,26,26,26,26,26,26,26,26,26,26
2003,220796,2,1,0,9,0,0,0,0,0,12,0,12
2003,220797,1,1,0,0,0,0,0,0,0,0,0,0
2003,220797,2,1,0,0,0,0,0,0,0,0,0,0
2003,220798,0,1,0,0,0,0,0,0,0,0,0,0
2003,220798,1,1,0,0,0,0,0,0,0,0,0,0
2003,220799,1,1,12,12,12,12,12,12,12,12,12,12
2003,220799,2,1,9,0,0,23,0,0,0,0,0,0
2003,220800,1,1,0,14,11,25,25,12,0,3,5,0
2003,220800,2,1,0,0,13,0,0,0,0,0,0,0
2003,220801,1,1,15,15,15,15,15,15,15,15,15,15
2003,220801,2,1,0,0,0,0,0,0,0,0,0,0
2003,220802,1,1,0,0,0,0,0,0,0,0,0,0
2003,220802,2,1,0,0,0,0,0,0,0,0,0,0
2003,220803,1,1,0,0,6,20,17,12,23,28,20,19
2003,220803,2,1,0,11,14,12,9,0,9,0,0,26
2003,220804,0,1,0,0,0,0,0,0,0,0,0,0
2003,220804,1,1,0,0,0,0,0,0,0,0,0,0
2003,220806,1,1,0,0,0,0,0,0,0,0,0,0
2003,220806,2,1,0,0,0,0,0,0,0,0,0,0
2003,220807,1,1,0,10,5,4,0,10,0,18,16,0
2003,220808,1,1,0,0,0,0,0,0,0,0,0,0
2003,220808,2,1,0,0,0,0,0,0,0,0,0,0
2003,220808,3,1,0,0,0,0,0,0,0,0,9,0
2003,220809,0,1,0,21,16,25,32,0,0,19,0,14
2003,220809,1,1,0,0,0,0,0,0,0,0,0,0
2003,220810,0,1,0,0,0,0,0,0,0,0,0,0
2003,220810,1,1,24,13,27,22,21,21,21,12,12,33
2003,220811,1,1,0,0,0,0,0,0,0,0,0,0
2003,220811,2,1,0,0,0,0,0,0,0,0,0,0
2003,220812,1,1,0,0,0,16,17,0,0,0,0,0
2003,220812,2,1,0,0,0,0,9,0,0,0,0,0
2003,220813,1,1,11,11,11,11,11,11,11,11,11,11
2003,220813,2,1,0,0,0,0,0,13,0,14,0,12
2003,220814,1,1,0,0,0,0,0,0,0,0,0,0
2003,220814,2,1,0,22,0,0,0,0,0,0,0,0
2003,220815,1,1,0,0,0,0,0,37,0,0,0,0
2003,220815,2,1,0,0,0,0,5,0,0,0,0,0
2003,220816,1,1,0,0,0,0,29,0,0,0,0,0
2003,220816,2,1,0,0,0,0,0,0,0,0,0,0
2003,220817,1,1,23,23,23,23,23,23,23,23,23,23
2003,220818,1,1,6,6,6,6,6,6,6,6,6,6
2003,220819,1,1,0,0,0,0,30,6,0,7,0,0
2003,220820,1,1,0,17,0,0,0,0,0,0,0,0
2003,220820,2,1,0,0,0,0,0,0,0,0,0,0
2003,220821,1,1,0,0,0,0,0,0,0,0,0,10
2003,220822,1,1,13,8,13,30,5,10,16,0,16,0
2003,220822,2,1,0,0,0,0,0,0,0,0,0,0
2003,220823,1,1,0,0,0,0,0,0,0,0,0,0
2003,220823,2,1,0,0,0,0,0,0,0,0,0,0
2003,220824,0,1,0,0,0,0,0,0,0,0,0,0
2003,220824,1,1,0,0,0,11,0,0,0,0,0,0
2003,220825,1,1,0,0,0,0,0,0,0,0,0,0
2003,220825,2,1,0,0,0,0,0,0,0,0,0,0
2003,220826,1,1,0,0,0,0,0,0,0,0,0,0
2003,220828,1,1,0,0,0,10,0,0,0,0,0,0
2003,220828,2,1,2,2,2,2,2,2,2,2,2,2
2003,220829,0,1,33,10,12,0,0,0,0,0,0,0
2003,220829,1,1,18,18,18,18,18,18,18,18,18,18
2003,220830,1,1,22,0,18,0,27,0,0,23,18,0
2003,220831,0,1,28,24,20,17,26,9,23,10,14,0
2003,220831,1,1,0,0,0,0,0,0,0,0,0,0
2003,220832,1,1,9,9,9,9,9,9,9,9,9,9
2003,220832,2,1,0,0,0,0,0,0,0,0,0,0
2003,220833,1,1,0,0,0,0,0,0,0,0,0,0
2003,220833,2,1,0,0,0,0,0,16,0,0,0,0
2003,220833,3,1,0,0,0,0,0,0,0,0,0,0
2003,220833,4,1,0,0,0,0,0,0,0,0,0,0
2003,220834,1,1,0,0,0,0,17,0,0,0,0,0
2003,220835,1,1,0,0,0,0,0,0,0,0,0,0
2003,220835,2,1,0,0,0,16,0,0,0,0,0,0
2003,220836,1,1,15,0,9,12,0,0,0,10,6,0
2003,220837,1,1,0,0,0,0,0,0,0,0,0,0
2003,220837,2,1,0,0,0,0,0,0,0,0,0,0
2003,220838,1,1,9,9,9,9,9,9,9,9,9,9
2003,220839,1,1,0,13,0,0,13,0,0,0,8,0
2003,220840,0,1,0,36,33,28,18,39,15,38,0,0
2003,220840,1,1,0,0,0,0,0,0,0,0,0,0
2003,220841,1,1,0,5,0,0,0,0,0,0,0,0
2003,220842,0,1,0,0,0,0,0,0,0,0,0,23
2003,220842,1,1,0,0,0,0,0,0,0,0,0,0
2003,230001,1,1,0,0,0,0,0,0,0,0,0,0
2003,230001,2,1,0,0,0,0,0,0,0,0,0,0
2003,230002,1,1,0,0,0,0,0,0,0,0,0,0
2003,230002,2,1,0,0,0,0,0,0,0,0,0,0
2003,230003,1,1,46,46,46,46,46,46,46,46,46,46
2003,230004,1,1,0,0,0,0,0,0,0,0,0,0
2003,230005,1,1,0,0,0,0,0,0,0,0,0,0
2003,230005,2,1,0,0,0,0,0,0,0,0,0,0
2003,230006,0,1,0,0,0,0,0,0,0,0,0,0
2003,230006,1,1,0,0,0,0,0,0,0,0,0,0
2003,230007,1,1,0,0,0,0,0,0,0,0,0,0
2003,230007,2,1,0,0,0,0,0,0,0,0,0,0
2003,230008,1,1,0,0,0,0,0,0,0,0,0,0
2003,230008,2,1,0,0,0,0,0,0,0,0,0,0
2003,230009,1,1,0,0,0,0,0,0,0,0,0,0
2003,230009,2,1,11,11,11,11,11,11,11,11,11,11
2003,230010,1,1,0,0,0,0,0,0,0,0,0,0
2003,230010,2,1,9,17,0,0,0,0,0,0,0,0
2003,230011,1,1,0,0,0,0,0,0,0,0,0,0
2003,230011,2,1,0,0,0,0,0,0,0,0,0,0
2003,230012,1,1,21,21,21,21,21,21,21,21,21,21
2003,230013,0,1,0,0,48,0,0,0,0,0,0,0
2003,230013,1,1,6,6,6,6,6,6,6,6,6,6
2003,230014,1,1,0,0,0,0,0,0,0,0,0,0
2003,230015,1,1,0,0,0,0,0,0,0,0,0,0
2003,230015,2,1,0,0,0,0,0,0,0,0,0,0
2003,230016,1,1,0,0,0,0,0,0,0,0,0,0
2003,230016,2,1,0,8,0,0,0,0,0,0,0,0
2003,230017,1,1,0,0,0,0,0,0,0,0,0,0
2003,230018,1,1,0,0,0,0,0,27,0,0,0,0
2003,230018,2,1,0,0,0,0,0,0,0,0,0,0
2003,230019,0,1,0,0,0,0,0,0,0,0,0,0
2003,230019,1,1,0,0,0,0,0,0,0,0,0,0
2003,230019,2,1,0,0,0,0,0,0,0,0,0,0
2003,230020,1,1,0,0,0,0,0,0,0,0,0,0
2003,230020,2,1,0,0,0,0,0,0,0,0,0,0
2003,230020,3,1,0,0,0,0,0,0,0,0,0,0
2003,230021,1,1,0,0,0,0,0,0,0,0,0,0
2003,230021,2,1,0,0,0,0,0,0,0,0,0,0
2003,230022,1,1,0,0,0,0,0,0,0,0,0,0
2003,230022,2,1,0,0,0,0,0,0,0,0,0,0
2003,230023,1,1,16,16,16,16,16,16,16,16,16,16
2003,230023,2,1,0,0,0,0,0,0,0,0,0,0
2003,230024,1,1,0,0,0,0,0,0,0,0,0,0
2003,230025,1,1,0,0,0,0,0,0,0,0,0,0
2003,230025,2,1,0,0,0,0,0,0,0,0,0,0
2003,230025,3,1,0,0,0,0,0,0,0,0,0,0
2003,230026,1,1,0,0,0,0,0,0,0,0,0,0
2003,230026,2,1,0,0,0,0,0,0,0,0,0,0
2003,230027,1,1,3,3,3,3,3,3,3,3,3,3
2003,230027,2,1,0,0,0,0,0,0,0,0,0,0
2003,230028,0,1,0,0,0,0,0,0,0,0,0,0
2003,230028,1,1,0,0,0,0,0,0,0,0,0,0
2003,230029,1,1,0,0,0,0,0,0,0,0,0,0
2003,230029,2,1,0,0,0,0,0,0,0,0,0,0
2003,230029,3,1,0,0,0,0,0,0,0,0,0,0
2003,230030,1,1,0,0,0,0,0,0,0,0,0,0
2003,230030,2,1,0,0,0,0,0,0,0,13,0,0
2003,230031,1,1,0,0,31,0,0,0,0,0,0,21
2003,230032,1,1,20,20,20,20,20,20,20,20,20,20
2003,230032,2,1,0,0,0,0,0,0,0,0,0,0
2003,230033,1,1,13,13,13,13,13,13,13,13,13,13
2003,230034,1,1,0,9,0,0,0,0,0,0,15,0
2003,230034,2,1,0,0,0,0,0,0,0,0,0,0
2003,230034,3,1,0,0,0,0,0,0,0,0,0,0
2003,230035,1,1,17,17,17,17,17,17,17,17,17,17
2003,230035,2,1,0,0,0,0,0,0,0,0,0,0
2003,230036,1,1,0,0,0,0,0,0,0,0,0,0
2003,230036,2,1,0,0,0,0,0,0,0,0,0,0
2003,230037,1,1,0,0,0,0,0,0,0,0,0,0
2003,230037,2,1,0,0,0,0,0,0,0,0,0,0
2003,230038,0,1,0,0,0,0,0,0,0,0,0,0
2003,230038,1,1,0,0,0,0,0,0,0,0,0,0
2003,230039,1,1,8,8,8,8,8,8,8,8,8,8
2003,230039,2,1,0,0,0,0,0,0,0,0,0,0
2003,230040,1,1,0,0,0,0,0,0,0,0,0,0
2003,230040,2,1,0,0,0,0,0,0,0,0,0,0
2003,230041,1,1,20,0,0,0,0,10,0,0,15,18
2003,230041,2,1,0,0,0,0,0,0,0,0,0,0
2003,230042,1,1,11,11,11,11,11,11,11,11,11,11
2003,230043,1,1,0,0,0,0,0,0,0,0,0,0
2003,230043,2,1,0,0,0,0,0,0,0,0,0,0
2003,230044,1,1,13,6,11,32,5,22,13,16,11,0
2003,230045,1,1,15,0,0,0,0,0,8,0,14,0
2003,230046,1,1,14,14,14,14,14,14,14,14,14,14
2003,230047,1,1,16,7,0,0,0,0,0,0,29,0
2003,230048,1,1,0,0,0,0,0,0,0,0,0,0
2003,230048,2,1,3,0,33,14,16,5,16,0,18,20
2003,230049,1,1,0,0,0,0,0,0,0,0,0,0
2003,230049,2,1,0,0,0,0,0,0,0,0,0,0
2003,230050,1,1,0,0,0,0,0,0,0,0,0,0
2003,230050,2,1,0,0,0,0,0,0,0,0,0,0
2003,230051,1,1,24,24,24,24,24,24,24,24,24,24
2003,230051,2,1,0,0,0,0,0,0,0,0,0,0
2003,230052,1,1,0,0,0,0,0,0,0,0,0,0
2003,230052,2,1,0,0,0,0,0,0,0,0,0,0
2003,230053,1,1,0,0,0,0,0,0,0,0,0,0
2003,230053,2,1,0,0,0,0,0,0,0,0,0,0
2003,230054,1,1,0,0,0,0,0,0,0,0,0,0
2003,230054,2,1,0,0,0,0,0,0,0,0,0,0
2003,230055,1,1,0,0,0,0,0,0,0,0,0,0
2003,230055,2,1,0,0,0,0,0,0,0,0,0,0
2003,230056,1,1,13,13,13,13,13,13,13,13,13,13
2003,230056,2,1,0,0,0,0,0,0,0,0,0,0
2003,230057,1,1,0,0,0,0,0,0,0,0,0,0
2003,230057,2,1,0,0,0,0,0,0,0,0,0,0
2003,230058,1,1,0,0,0,0,0,0,0,0,0,0
2003,230058,2,1,0,0,0,0,0,0,0,0,0,0
2003,230058,3,1,23,23,23,23,23,23,23,23,23,23
2003,230059,1,1,0,0,0,0,0,0,0,0,0,0
2003,230061,1,1,26,26,26,26,26,26,26,26,26,26
2003,230062,1,1,19,19,19,19,19,19,19,19,19,19
2003,230063,1,1,0,0,11,17,12,27,0,0,0,0
2003,230064,1,1,20,20,20,20,20,20,20,20,20,20
2003,230064,2,1,0,0,0,0,0,0,0,0,0,0
2003,230065,1,1,0,0,0,0,0,0,0,0,0,0
2003,230065,2,1,0,25,0,0,0,0,0,0,25,0
2003,230066,1,1,0,0,0,0,0,0,0,0,0,0
2003,230066,2,1,0,0,0,0,0,0,0,0,0,0
2003,230067,1,1,0,0,0,0,0,0,0,0,0,0
2003,230067,2,1,0,31,0,0,17,0,0,0,0,0
2003,230067,3,1,0,0,0,0,0,0,0,0,0,0
2003,230068,1,1,0,0,0,0,0,0,0,0,0,0
2003,230069,0,1,0,14,0,0,0,0,0,0,0,0
2003,230069,1,1,0,0,0,0,0,0,0,0,0,0
2003,230070,1,1,0,0,0,0,0,0,0,0,0,0
2003,230071,1,1,0,0,0,0,0,0,0,0,0,0
2003,230071,2,1,0,0,0,0,0,0,0,0,0,0
2003,230072,1,1,19,19,19,19,19,19,19,19,19,19
2003,230072,2,1,13,0,0,0,0,5,13,7,0,0
2003,230073,1,1,6,0,0,0,0,0,0,0,0,0
2003,230073,2,1,0,0,0,0,0,0,0,0,0,0
2003,230074,1,1,22,22,22,22,22,22,22,22,22,22
2003,230075,1,1,19,19,19,19,19,19,19,19,19,19
2003,230076,1,1,24,24,24,24,24,24,24,24,24,24
2003,230077,1,1,0,0,0,0,0,0,0,0,0,0
2003,230077,2,1,0,0,0,0,0,0,0,0,0,0
2003,230078,1,1,0,0,0,0,0,0,0,0,0,0
2003,230079,1,1,0,0,0,0,0,0,0,0,0,0
2003,230080,1,1,13,13,13,13,13,13,13,13,13,13
2003,230081,1,1,0,0,0,0,0,0,0,0,0,0
2003,230081,2,1,0,0,0,0,0,0,0,0,0,0
2003,230082,1,1,0,0,0,0,0,0,0,0,0,0
2003,230083,1,1,35,26,15,36,30,4,7,32,14,15
2003,230084,1,1,0,18,9,12,16,0,0,13,0,0
2003,230085,1,1,0,0,0,0,0,0,0,0,0,0
2003,230086,1,1,0,0,0,0,0,0,0,0,0,0
2003,230086,2,1,0,0,0,0,3,0,0,0,0,0
2003,230087,1,1,20,19,8,22,27,26,21,0,16,32
2003,230088,1,1,0,26,23,4,9,0,0,0,9,0
2003,230089,1,1,22,22,22,22,22,22,22,22,22,22
2003,230089,2,1,0,0,0,0,0,0,0,0,0,0
2003,230089,3,1,22,0,20,0,0,0,0,0,0,0
2003,230090,1,1,0,0,0,0,0,0,0,0,0,0
2003,230090,2,1,0,0,0,0,0,0,0,0,0,0
2003,230091,1,1,0,0,0,0,0,0,0,0,0,0
2003,230092,1,1,15,0,0,0,0,0,0,0,0,0
2003,230093,1,1,0,0,0,0,0,0,0,0,0,0
2003,230094,1,1,0,0,0,0,0,0,0,0,0,0
2003,230094,2,1,0,0,0,0,0,0,0,0,0,0
2003,230095,1,1,0,0,0,0,0,0,0,0,0,0
2003,230095,2,1,0,0,0,0,0,0,0,0,0,0
2003,230096,1,1,0,0,0,0,0,0,0,0,0,0
2003,230096,2,1,0,0,0,0,0,0,0,0,0,0
2003,230097,1,1,0,0,0,0,0,0,0,0,0,0
2003,230097,2,1,0,0,0,0,0,0,0,0,0,0
2003,230097,3,1,0,0,0,0,0,0,0,0,0,0
2003,230098,1,1,19,19,19,19,19,19,19,19,19,19
2003,230099,1,1,0,0,0,0,0,0,0,0,0,0
2003,230100,1,1,15,15,15,15,15,15,15,15,15,15
2003,230100,2,1,0,0,0,0,0,0,0,0,0,0
2003,230101,1,1,0,0,0,0,0,0,0,0,0,0
2003,230101,2,1,0,0,0,0,0,0,0,0,0,0
2003,230102,1,1,18,18,18,18,18,18,18,18,18,18
2003,230103,1,1,0,0,0,0,0,0,0,0,0,0
2003,230103,2,1,0,0,0,0,0,0,0,0,0,0
2003,230103,3,1,0,0,0,0,0,0,0,0,0,0
2003,230103,4,1,0,0,0,0,0,0,0,0,0,0
2003,230104,1,1,0,0,0,0,0,0,0,0,0,0
2003,230104,2,1,0,0,0,0,0,0,0,0,0,0
2003,230104,3,1,0,0,0,0,0,0,0,0,0,0
2003,230105,1,1,0,0,0,0,0,0,0,0,0,0
2003,230106,1,1,0,0,0,0,0,0,0,0,0,0
2003,230106,2,1,0,0,0,0,0,0,0,0,0,0
2003,230107,1,1,0,0,0,0,0,0,0,0,0,0
2003,230108,1,1,0,0,0,0,0,0,0,0,0,0
2003,230109,1,1,16,16,16,16,16,16,16,16,16,16
2003,230110,1,1,0,0,0,0,0,0,0,0,0,0
2003,230110,2,1,0,0,0,0,0,0,0,0,0,0
2003,230111,1,1,0,0,0,0,0,0,0,0,0,0
2003,230112,1,1,0,0,0,0,0,0,0,0,0,0
2003,230112,2,1,0,0,16,0,0,0,0,0,17,0
2003,230113,1,1,0,0,0,0,0,0,0,0,0,0
2003,230113,2,1,12,0,0,0,0,0,0,0,0,0
2003,230114,1,1,0,0,0,0,0,0,0,0,0,0
2003,230114,2,1,6,6,6,6,6,6,6,6,6,6
2003,230115,1,1,0,0,0,0,0,0,0,0,0,0
2003,230116,1,1,0,0,0,0,0,0,0,0,0,0
2003,230117,1,1,0,0,0,0,0,0,0,0,0,0
2003,230117,2,1,0,0,0,0,0,0,0,0,0,0
2003,230118,1,1,9,9,9,9,9,9,9,9,9,9
2003,230119,1,1,7,7,7,7,7,7,7,7,7,7
2003,230120,1,1,0,0,0,0,0,0,0,0,0,0
2003,230120,2,1,1,1,1,1,1,1,1,1,1,1
2003,230121,1,1,0,0,0,0,0,0,0,0,0,0
2003,230122,1,1,15,15,15,15,15,15,15,15,15,15
2003,230123,1,1,25,25,25,25,25,25,25,25,25,25
2003,230124,1,1,14,14,14,14,14,14,14,14,14,14
2003,230125,1,1,0,0,0,0,0,0,0,0,0,0
2003,230125,2,1,0,0,0,0,0,0,0,0,0,0
2003,230126,1,1,0,0,0,0,0,0,0,0,0,0
2003,230127,1,1,21,21,21,21,21,21,21,21,21,21
2003,230127,2,1,0,0,0,0,0,0,0,0,0,0
2003,230128,1,1,20,20,20,20,20,20,20,20,20,20
2003,230129,1,1,0,0,0,0,0,0,0,0,0,0
2003,230129,2,1,0,0,0,0,0,0,0,0,0,0
2003,230130,1,1,0,0,0,0,0,0,0,0,0,0
2003,230130,2,1,0,0,0,0,0,0,0,0,0,0
2003,230130,3,1,0,0,0,0,0,0,0,15,0,0
2003,230131,1,1,0,0,0,0,0,0,0,0,0,0
2003,230132,1,1,0,0,0,0,0,0,0,0,0,0
2003,230132,2,1,0,0,0,0,0,0,0,0,0,0
2003,230133,1,1,0,0,0,0,0,0,0,0,0,0
2003,230134,1,1,0,0,0,0,0,17,0,0,0,0
2003,230134,2,1,0,0,0,0,0,0,0,0,0,0
2003,230135,0,1,0,0,0,0,0,0,0,0,0,0
2003,230135,1,1,0,0,0,0,0,0,0,0,0,0
2003,230136,0,1,28,20,0,0,31,0,0,0,0,0
2003,230136,0,2,0,0,20,0,24,21,0,0,15,12
2003,230136,1,1,5,0,0,0,0,0,0,0,0,0
2003,230137,0,1,24,24,24,24,24,24,24,24,24,24
2003,230137,1,1,0,0,0,0,0,0,0,0,0,0
2003,230138,0,1,25,0,0,8,16,0,19,0,0,11
2003,230138,1,1,0,0,0,0,0,0,0,0,0,0
2003,230139,1,1,0,0,0,0,0,0,0,0,0,0
2003,230140,1,1,0,0,0,0,0,0,0,0,0,0
2003,230141,1,1,0,0,0,0,0,0,0,0,0,0
2003,230142,1,1,25,25,25,25,25,25,25,25,25,25
2003,230143,1,1,18,18,18,18,18,18,18,18,18,18
2003,230144,1,1,0,0,0,0,0,0,0,0,0,0
2003,230145,1,1,0,0,0,0,0,0,0,0,0,0
2003,230145,2,1,0,0,0,0,0,0,0,0,0,0
2003,230145,3,1,0,0,0,0,0,0,0,0,0,0
2003,230146,1,1,0,0,0,0,0,0,0,0,0,0
2003,230146,2,1,0,0,0,0,0,0,0,0,0,0
2003,230147,1,1,0,0,0,0,0,0,0,0,0,0
2003,230148,1,1,17,17,17,17,17,17,17,17,17,17
2003,230149,1,1,17,17,17,17,17,17,17,17,17,17
2003,230150,1,1,10,10,10,10,10,10,10,10,10,10
2003,230151,1,1,17,17,17,17,17,17,17,17,17,17
2003,230152,1,1,0,0,0,0,0,0,0,0,0,0
2003,230153,1,1,21,21,21,21,21,21,21,21,21,21
2003,230154,1,1,13,13,13,13,13,13,13,13,13,13
2003,230155,1,1,0,0,0,0,0,0,0,0,0,0