YEAR,ST_CASE,veh_no,per_no,P1,P2,P3,P4,P5,P6,P7,P8,P9,P10
2003,230155,2,1,0,0,0,0,0,0,0,0,0,0
2003,230156,1,1,0,0,0,0,0,0,0,0,0,0
2003,230156,2,1,0,0,13,0,0,0,0,0,0,0
2003,230157,1,1,24,24,24,24,24,24,24,24,24,24
2003,230158,1,1,0,0,0,0,0,0,0,0,0,0
2003,230159,1,1,10,10,10,10,10,10,10,10,10,10
2003,230160,0,1,0,0,0,0,0,0,0,0,0,0
2003,230160,1,1,0,0,0,0,0,0,0,0,0,0
2003,230161,1,1,0,0,0,0,0,0,0,0,0,0
2003,230161,2,1,0,0,0,0,0,0,0,0,0,0
2003,230162,1,1,22,22,22,22,22,22,22,22,22,22
2003,230162,2,1,0,0,0,0,0,0,0,0,0,0
2003,230163,1,1,0,0,0,0,0,0,0,0,0,0
2003,230164,1,1,21,21,21,21,21,21,21,21,21,21
2003,230165,1,1,20,0,0,0,0,0,0,0,0,0
2003,230166,1,1,23,23,23,23,23,23,23,23,23,23
2003,230167,1,1,0,0,0,0,0,0,0,0,0,0
2003,230168,1,1,0,0,0,0,0,0,0,0,0,0
2003,230169,1,1,21,21,21,21,21,21,21,21,21,21
2003,230170,0,1,0,10,23,0,24,8,8,0,0,12
2003,230170,1,1,0,0,0,0,0,0,0,0,0,0
2003,230171,1,1,17,17,17,17,17,17,17,17,17,17
2003,230172,1,1,0,0,0,0,0,0,0,0,0,0
2003,230172,2,1,0,0,0,0,0,0,0,0,0,0
2003,230173,1,1,12,12,12,12,12,12,12,12,12,12
2003,230174,1,1,0,0,0,0,0,0,0,0,0,0
2003,230174,2,1,0,0,0,0,0,0,0,0,0,0
2003,230175,1,1,0,0,0,0,0,0,0,0,0,0
2003,230176,1,1,0,0,0,0,0,0,0,0,0,0
2003,230177,1,1,0,0,0,0,0,0,0,0,0,0
2003,230178,1,1,0,0,14,0,0,0,0,0,0,0
2003,230179,1,1,0,31,0,0,0,0,9,0,0,0
2003,230180,1,1,21,21,21,21,21,21,21,21,21,21
2003,230181,1,1,0,0,0,0,0,0,0,0,0,0
2003,230182,1,1,16,16,16,16,16,16,16,16,16,16
2003,230182,2,1,0,0,0,0,0,0,0,0,0,0
2003,230183,1,1,0,0,0,0,0,0,0,0,0,0
2003,230184,1,1,0,0,0,0,0,0,0,0,0,0
2003,230184,2,1,0,0,0,0,0,0,0,0,0,0
2003,230185,1,1,0,0,0,0,0,0,0,0,0,0
2003,230185,2,1,0,0,0,0,0,0,0,0,0,0
2003,230186,0,1,0,0,0,0,0,0,0,0,0,0
2003,230186,1,1,0,0,0,0,0,12,0,0,0,0
2003,230187,0,1,22,22,22,22,22,22,22,22,22,22
2003,230187,1,1,0,0,13,0,12,0,0,0,0,14
2003,240001,0,1,0,0,0,0,0,0,0,0,0,0
2003,240001,2,1,0,0,0,0,0,0,0,0,0,0
2003,240001,3,1,0,0,0,0,10,0,0,0,0,0
2003,240001,4,1,0,0,0,0,0,0,0,0,0,0
2003,240002,0,1,0,0,0,0,0,0,0,0,0,0
2003,240002,1,1,0,0,0,0,0,0,0,0,0,0
2003,240003,1,1,0,0,0,0,0,0,0,0,0,0
2003,240004,1,1,13,13,13,13,13,13,13,13,13,13
2003,240005,1,1,0,0,0,0,0,0,0,0,0,0
2003,240006,1,1,0,0,0,0,0,0,0,0,0,0
2003,240007,1,1,0,0,0,0,0,0,0,0,0,0
2003,240008,1,1,0,0,0,0,0,0,0,0,0,0
2003,240008,2,1,0,0,0,0,0,0,0,0,0,0
2003,240009,0,1,0,0,0,0,0,0,0,0,0,0
2003,240009,1,1,0,0,0,0,0,0,0,0,0,0
2003,240010,0,1,28,28,28,28,28,28,28,28,28,28
2003,240010,1,1,0,0,0,0,0,0,0,0,0,0
2003,240011,1,1,0,0,0,0,0,0,0,0,0,0
2003,240012,0,1,41,41,41,41,41,41,41,41,41,41
2003,240012,1,1,0,0,0,0,0,0,0,0,0,0
2003,240013,0,1,26,26,26,26,26,26,26,26,26,26
2003,240013,1,1,0,0,10,0,12,0,7,0,0,0
2003,240014,1,1,0,0,0,0,0,0,0,0,0,0
2003,240014,2,1,0,0,0,0,0,0,0,0,0,0
2003,240015,0,1,0,0,0,0,0,0,0,0,0,0
2003,240015,1,1,0,0,0,0,0,0,4,0,0,0
2003,240016,1,1,0,0,0,0,0,0,0,0,0,0
2003,240016,2,1,0,0,0,0,0,19,0,0,0,0
2003,240017,1,1,0,0,0,0,0,0,0,0,0,0
2003,240017,2,1,17,17,17,17,17,17,17,17,17,17
2003,240018,1,1,0,0,0,0,0,0,0,0,0,0
2003,240019,1,1,0,0,0,0,0,0,0,0,0,0
2003,240019,2,1,0,0,0,0,0,0,0,0,0,0
2003,240020,1,1,0,0,0,0,0,0,0,0,0,0
2003,240021,1,1,0,0,0,0,0,0,0,0,0,0
2003,240022,1,1,0,0,0,0,0,0,0,0,0,0
2003,240022,2,1,0,0,0,0,0,0,0,0,0,0
2003,240022,3,1,0,0,0,0,0,0,0,0,0,0
2003,240023,1,1,10,10,10,10,10,10,10,10,10,10
2003,240024,1,1,0,0,0,0,0,22,7,29,0,0
2003,240025,1,1,0,0,0,0,0,0,0,0,0,0
2003,240025,2,1,0,0,0,0,0,0,0,0,0,0
2003,240026,1,1,11,11,11,11,11,11,11,11,11,11
2003,240027,1,1,30,10,12,4,11,19,6,32,26,19
2003,240027,2,1,0,0,0,0,0,0,0,0,0,0
2003,240027,3,1,0,0,0,0,0,0,0,0,0,0
2003,240028,0,1,0,0,0,0,0,0,0,0,0,0
2003,240028,1,1,16,0,0,0,0,0,0,0,0,0
2003,240029,0,1,24,24,24,24,24,24,24,24,24,24
2003,240029,1,1,12,12,12,12,12,12,12,12,12,12
2003,240030,1,1,0,0,0,0,0,0,0,0,0,0
2003,240030,2,1,0,0,0,0,0,0,0,0,0,0
2003,240031,1,1,31,31,31,31,31,31,31,31,31,31
2003,240032,1,1,32,32,32,32,32,32,32,32,32,32
2003,240033,1,1,11,15,19,28,9,8,15,13,25,3
2003,240033,2,1,0,0,0,0,0,0,0,9,0,0
2003,240034,0,1,0,0,0,0,0,0,0,0,0,0
2003,240034,1,1,0,0,0,0,0,0,0,0,0,0
2003,240035,1,1,22,22,22,22,22,22,22,22,22,22
2003,240035,2,1,0,0,0,0,0,0,0,0,0,0
2003,240035,3,1,0,0,0,0,0,0,0,0,0,0
2003,240036,1,1,22,22,22,22,22,22,22,22,22,22
2003,240037,1,1,0,0,0,0,0,0,0,0,0,0
2003,240037,2,1,0,54,0,0,0,0,0,0,0,8
2003,240038,1,1,13,13,13,13,13,13,13,13,13,13
2003,240038,2,1,11,11,11,11,11,11,11,11,11,11
2003,240039,1,1,0,0,0,0,0,0,0,0,0,0
2003,240040,1,1,0,0,0,0,0,0,0,0,0,0
2003,240040,2,1,0,0,0,0,0,0,0,0,0,0
2003,240040,3,1,0,0,0,0,0,0,0,0,0,0
2003,240040,4,1,0,0,0,0,0,0,0,3,0,0
2003,240040,5,1,0,0,0,0,0,0,0,0,0,0
2003,240040,6,1,0,0,0,0,0,0,0,0,0,0
2003,240040,7,1,0,18,0,0,0,0,0,0,0,0
2003,240041,0,1,11,5,0,0,27,30,0,24,22,13
2003,240041,1,1,0,0,0,0,0,0,0,0,0,0
2003,240042,1,1,0,0,0,0,0,0,0,0,0,0
2003,240042,2,1,0,0,0,0,0,0,0,0,0,5
2003,240043,0,1,0,0,0,0,0,0,0,0,0,0
2003,240043,1,1,7,0,0,0,0,0,0,0,0,0
2003,240044,1,1,20,0,14,0,24,25,19,0,13,19
2003,240045,1,1,9,9,9,9,9,9,9,9,9,9
2003,240046,0,1,3,3,3,3,3,3,3,3,3,3
2003,240046,1,1,0,0,14,0,0,0,0,0,0,0
2003,240047,1,1,19,12,38,0,5,12,0,0,6,0
2003,240048,1,1,15,15,15,15,15,15,15,15,15,15
2003,240049,1,1,20,20,20,20,20,20,20,20,20,20
2003,240050,0,1,0,0,0,0,0,0,0,0,20,0
2003,240050,0,2,0,0,19,14,0,17,0,0,27,0
2003,240050,1,1,14,0,24,0,0,0,20,0,0,17
2003,240051,1,1,0,0,0,0,0,0,0,0,0,0
2003,240051,2,1,0,0,0,0,0,0,0,0,0,0
2003,240052,1,1,1,1,1,1,1,1,1,1,1,1
2003,240053,1,1,0,0,0,0,0,0,0,0,0,0
2003,240053,2,1,0,0,0,0,0,0,0,0,0,0
2003,240054,1,1,4,4,4,4,4,4,4,4,4,4
2003,240055,1,1,25,25,25,25,25,25,25,25,25,25
2003,240056,1,1,16,16,16,16,16,16,16,16,16,16
2003,240056,2,1,0,0,0,0,0,0,0,0,0,0
2003,240057,1,1,0,0,0,0,0,0,0,0,0,0
2003,240057,2,1,0,0,35,0,0,0,11,0,0,0
2003,240058,1,1,0,0,0,0,0,0,0,0,0,0
2003,240058,2,1,0,0,0,0,0,0,0,0,0,0
2003,240059,1,1,0,0,0,0,0,0,0,0,0,0
2003,240060,0,1,0,0,15,17,10,23,23,11,41,0
2003,240060,0,2,0,0,26,31,7,0,0,12,0,26
2003,240060,1,1,12,12,12,12,12,12,12,12,12,12
2003,240061,1,1,6,6,6,6,6,6,6,6,6,6
2003,240061,2,1,0,0,0,0,0,0,0,0,0,0
2003,240062,1,1,0,0,0,0,0,12,0,0,0,0
2003,240062,2,1,0,0,0,0,0,0,0,0,0,0
2003,240063,1,1,0,0,0,0,0,0,0,0,0,0
2003,240063,2,1,0,0,0,0,0,0,0,0,0,0
2003,240064,1,1,0,0,0,0,0,0,0,0,0,0
2003,240064,2,1,0,0,0,0,0,0,0,0,0,0
2003,240064,3,1,0,0,0,0,0,0,0,0,0,0
2003,240065,1,1,18,0,0,0,0,0,0,0,0,0
2003,240066,1,1,28,28,28,28,28,28,28,28,28,28
2003,240066,2,1,9,9,9,9,9,9,9,9,9,9
2003,240067,1,1,0,0,0,0,0,0,0,0,0,0
2003,240067,2,1,0,0,0,0,0,0,0,0,0,0
2003,240068,1,1,0,0,0,0,0,0,0,0,0,0
2003,240068,2,1,0,0,0,0,0,0,0,0,0,0
2003,240069,1,1,14,14,14,14,14,14,14,14,14,14
2003,240070,1,1,0,0,5,0,18,0,0,0,0,0
2003,240070,2,1,0,0,0,0,0,0,0,0,0,0
2003,240071,1,1,0,0,0,0,0,0,0,0,0,0
2003,240072,1,1,0,0,0,0,0,0,0,0,0,0
2003,240072,2,1,0,0,0,0,0,0,0,0,0,0
2003,240073,1,1,10,10,10,10,10,10,10,10,10,10
2003,240074,1,1,10,10,10,10,10,10,10,10,10,10
2003,240074,2,1,0,0,0,0,0,0,0,0,0,0
2003,240075,1,1,0,0,0,0,0,0,0,0,0,0
2003,240076,1,1,0,0,0,0,0,0,0,0,0,0
2003,240076,2,1,0,0,0,0,0,0,0,0,0,0
2003,240077,1,1,0,0,0,0,0,0,0,0,0,0
2003,240078,1,1,0,0,0,0,0,0,0,0,0,0
2003,240078,2,1,0,0,0,0,0,0,0,0,0,0
2003,240079,1,1,9,9,9,9,9,9,9,9,9,9
2003,240080,0,1,2,2,2,2,2,2,2,2,2,2
2003,240080,1,1,0,0,0,0,0,0,0,0,0,0
2003,240080,2,1,0,0,0,0,0,0,0,0,0,0
2003,240081,1,1,11,11,11,11,11,11,11,11,11,11
2003,240081,2,1,8,8,8,8,8,8,8,8,8,8
2003,240082,1,1,9,9,9,9,9,9,9,9,9,9
2003,240083,1,1,0,0,0,0,0,0,0,0,0,0
2003,240083,2,1,0,0,0,0,0,0,0,0,0,0
2003,240084,1,1,0,0,0,0,0,0,0,0,0,0
2003,240084,2,1,0,0,0,0,0,0,0,5,0,0
2003,240085,1,1,0,0,0,0,0,0,0,0,0,0
2003,240085,2,1,0,0,0,0,0,0,0,0,0,0
2003,240085,3,1,0,0,0,0,0,0,0,0,0,0
2003,240086,1,1,0,0,0,0,0,0,0,0,0,0
2003,240087,1,1,7,7,7,7,7,7,7,7,7,7
2003,240087,2,1,0,0,0,0,0,0,0,0,0,0
2003,240088,1,1,1,1,1,1,1,1,1,1,1,1
2003,240088,2,1,0,0,0,0,0,0,0,0,0,0
2003,240089,1,1,23,23,23,23,23,23,23,23,23,23
2003,240090,1,1,12,12,12,12,12,12,12,12,12,12
2003,240091,1,1,11,11,11,11,11,11,11,11,11,11
2003,240092,1,1,10,0,0,0,13,10,22,0,0,0
2003,240092,2,1,0,0,0,0,0,0,0,0,0,0
2003,240093,1,1,20,20,20,20,20,20,20,20,20,20
2003,240094,1,1,0,0,0,0,0,0,0,0,0,0
2003,240094,2,1,0,0,0,0,0,0,0,0,0,0
2003,240095,1,1,0,0,0,0,0,0,0,0,0,0
2003,240095,2,1,0,0,0,0,0,0,0,0,0,0
2003,240096,1,1,0,0,0,0,0,0,0,0,0,0
2003,240097,0,1,0,0,0,0,0,0,0,0,0,0
2003,240097,1,1,0,0,0,0,0,0,0,0,0,0
2003,240098,1,1,0,0,0,8,0,0,0,0,0,0
2003,240098,2,1,0,0,0,0,0,0,0,0,0,0
2003,240099,1,1,0,0,0,0,0,0,0,0,0,0
2003,240099,2,1,0,0,0,0,0,0,0,0,0,0
2003,240100,1,1,0,0,0,0,0,0,0,0,0,0
2003,240100,2,1,0,0,0,0,0,0,0,0,0,0
2003,240101,1,1,20,20,20,20,20,20,20,20,20,20
2003,240101,2,1,0,0,0,0,0,0,0,0,0,0
2003,240102,1,1,0,0,0,0,0,0,0,0,0,0
2003,240102,2,1,0,0,0,0,0,0,0,0,0,0
2003,240103,1,1,0,0,0,0,0,0,0,0,0,0
2003,240104,1,1,0,0,0,0,0,34,0,9,0,27
2003,240105,1,1,0,0,0,0,0,0,0,0,0,0
2003,240106,1,1,0,0,0,0,0,0,0,0,0,0
2003,240107,1,1,13,13,13,13,13,13,13,13,13,13
2003,240108,1,1,31,31,31,31,31,31,31,31,31,31
2003,240109,1,1,1,1,1,1,1,1,1,1,1,1
2003,240109,2,1,0,0,0,0,0,0,0,0,0,0
2003,240110,0,1,0,0,0,0,0,0,0,0,0,37
2003,240110,1,1,0,0,0,21,0,0,0,0,0,0
2003,240111,1,1,0,0,0,12,0,18,0,0,0,0
2003,240111,2,1,0,0,0,26,0,0,0,0,0,0
2003,240112,1,1,0,0,0,0,0,0,0,0,0,0
2003,240112,2,1,0,0,0,0,0,0,0,0,0,0
2003,240112,3,1,0,0,0,0,0,0,0,0,0,0
2003,240113,1,1,0,0,0,0,0,0,0,0,0,0
2003,240113,2,1,0,0,0,0,0,0,0,0,0,0
2003,240114,1,1,5,5,5,5,5,5,5,5,5,5
2003,240115,1,1,0,0,0,0,0,0,0,0,0,0
2003,240115,2,1,0,0,0,0,0,0,0,0,0,0
2003,240116,1,1,11,11,11,11,11,11,11,11,11,11
2003,240116,2,1,17,17,17,17,17,17,17,17,17,17
2003,240117,1,1,0,0,0,0,0,0,0,0,0,0
2003,240117,2,1,0,0,0,0,0,0,0,0,0,0
2003,240118,0,1,0,0,0,0,0,0,0,0,0,0
2003,240118,1,1,0,0,0,0,0,0,0,0,0,0
2003,240119,1,1,20,13,24,22,23,21,31,8,29,16
2003,240119,2,1,0,0,0,0,0,0,0,0,0,0
2003,240120,1,1,0,0,0,0,0,0,0,0,0,0
2003,240120,2,1,0,0,0,0,0,0,0,0,0,0
2003,240120,3,1,17,17,17,17,17,17,17,17,17,17
2003,240120,4,1,0,0,0,0,0,0,0,0,0,0
2003,240120,5,1,0,0,0,0,0,0,0,0,0,0
2003,240121,1,1,0,0,0,0,0,0,0,0,0,0
2003,240122,1,1,0,0,0,0,0,0,0,0,0,0
2003,240123,1,1,0,0,0,0,0,0,0,0,0,0
2003,240123,2,1,0,0,0,0,0,0,0,0,0,0
2003,240124,1,1,0,0,0,0,0,0,0,0,0,0
2003,240124,2,1,0,0,0,0,0,0,0,0,0,0
2003,240125,1,1,0,20,9,0,0,0,0,0,0,0
2003,240126,0,1,20,20,20,20,20,20,20,20,20,20
2003,240126,1,1,0,0,0,0,0,0,0,19,0,0
2003,240127,1,1,0,0,0,0,0,0,0,0,0,0
2003,240127,2,1,0,0,0,0,0,0,0,0,0,0
2003,240128,1,1,0,0,0,0,0,0,0,0,0,0
2003,240128,2,1,0,0,0,0,0,0,0,0,0,0
2003,240129,1,1,20,20,20,20,20,20,20,20,20,20
2003,240129,2,1,0,0,0,0,0,0,0,0,0,0
2003,240129,3,1,0,0,0,0,0,0,0,0,0,0
2003,240130,1,1,0,0,0,0,0,0,0,0,0,0
2003,240130,2,1,0,0,0,0,0,0,0,0,0,0
2003,240130,3,1,7,0,0,0,0,0,0,0,0,0
2003,240131,1,1,6,6,6,6,6,6,6,6,6,6
2003,240131,2,1,21,21,21,21,21,21,21,21,21,21
2003,240132,1,1,23,23,23,23,23,23,23,23,23,23
2003,240133,1,1,0,0,0,0,0,0,0,0,0,0
2003,240134,1,1,0,0,0,0,0,0,0,0,0,0
2003,240134,2,1,0,0,0,0,0,0,0,0,0,0
2003,240134,3,1,0,0,0,0,0,0,0,0,0,0
2003,240135,1,1,0,0,0,0,0,0,0,0,0,0
2003,240135,2,1,0,0,0,0,0,0,0,0,0,11
2003,240136,1,1,13,13,13,13,13,13,13,13,13,13
2003,240137,1,1,32,32,32,32,32,32,32,32,32,32
2003,240137,2,1,0,0,0,0,0,0,0,0,25,0
2003,240138,1,1,0,0,0,0,0,0,0,0,0,0
2003,240138,2,1,0,0,0,0,0,0,0,0,0,0
2003,240139,1,1,0,0,0,0,0,0,0,0,0,0
2003,240140,1,1,0,0,0,0,0,0,0,0,0,0
2003,240140,2,1,0,0,0,0,0,0,0,0,0,0
2003,240141,1,1,0,0,0,0,0,0,0,0,0,0
2003,240141,2,1,0,0,0,0,0,0,0,0,0,0
2003,240142,1,1,0,0,0,0,0,0,0,0,0,0
2003,240142,2,1,0,0,0,0,0,0,0,0,0,0
2003,240142,3,1,0,0,0,0,0,0,0,0,0,0
2003,240143,1,1,11,11,11,11,11,11,11,11,11,11
2003,240143,2,1,0,0,0,0,0,0,0,0,48,0
2003,240144,1,1,0,0,0,0,0,0,0,0,0,0
2003,240145,1,1,0,0,0,0,0,0,0,0,0,0
2003,240145,2,1,0,5,33,0,22,21,0,0,21,7
2003,240146,1,1,12,12,12,12,12,12,12,12,12,12
2003,240147,0,1,0,0,0,0,0,0,0,0,0,0
2003,240147,1,1,0,0,0,0,4,0,0,0,0,19
2003,240148,1,1,0,0,0,0,0,0,0,0,0,0
2003,240148,2,1,0,0,0,0,0,0,0,0,0,0
2003,240149,1,1,0,0,0,0,0,0,0,0,21,0
2003,240150,1,1,20,20,20,20,20,20,20,20,20,20
2003,240151,1,1,12,12,12,12,12,12,12,12,12,12
2003,240152,0,1,0,0,0,0,0,0,0,0,0,0
2003,240152,1,1,0,15,0,0,0,0,0,0,0,0
2003,240153,0,1,0,0,0,0,0,0,0,0,0,0
2003,240153,0,2,0,24,0,9,6,0,0,25,0,18
2003,240153,1,1,0,0,0,0,0,0,0,0,0,0
2003,240153,2,1,0,0,0,17,0,0,0,0,0,0
2003,240154,1,1,30,30,30,30,30,30,30,30,30,30
2003,240154,2,1,0,0,0,0,0,0,0,0,0,0
2003,240155,1,1,14,11,0,0,0,0,11,0,0,0
2003,240156,1,1,8,8,8,8,8,8,8,8,8,8
2003,240157,1,1,0,0,0,0,0,0,0,0,0,0
2003,240158,1,1,0,0,0,0,0,0,0,0,0,0
2003,240158,2,1,0,0,0,0,0,0,0,0,0,0
2003,240159,0,1,16,16,16,16,16,16,16,16,16,16
2003,240159,1,1,0,0,0,0,0,0,0,0,0,0
2003,240160,1,1,0,0,0,7,0,0,0,0,0,24
2003,240161,1,1,0,0,0,0,10,0,0,0,0,0
2003,240161,2,1,7,0,0,0,0,0,0,0,0,0
2003,240162,0,1,0,0,0,0,0,0,0,0,0,0
2003,240162,1,1,3,3,3,3,3,3,3,3,3,3
2003,240163,0,1,21,21,21,21,21,21,21,21,21,21
2003,240163,1,1,0,0,0,0,0,0,0,0,0,0
2003,240164,1,1,6,6,6,6,6,6,6,6,6,6
2003,240164,2,1,0,0,0,0,0,0,0,0,0,0
2003,240164,3,1,0,0,0,0,0,0,0,0,0,0
2003,240165,1,1,8,8,8,8,8,8,8,8,8,8
2003,240165,2,1,0,0,0,0,0,0,0,0,0,0
2003,240166,1,1,15,15,15,15,15,15,15,15,15,15
2003,240166,2,1,0,0,0,0,0,0,0,0,0,0
2003,240167,1,1,20,20,20,20,20,20,20,20,20,20
2003,240167,2,1,0,0,0,0,0,0,0,0,0,0
2003,240168,1,1,10,10,10,10,10,10,10,10,10,10
2003,240169,1,1,0,0,0,0,0,0,0,0,0,0
2003,240170,1,1,0,0,0,0,0,0,0,0,0,0
2003,240170,2,1,0,0,0,0,0,0,0,0,0,0
2003,240170,3,1,0,0,0,0,0,0,0,0,0,0
2003,240171,1,1,0,0,0,0,0,0,0,0,0,0
2003,240172,1,1,0,0,0,0,0,0,0,0,0,0
2003,240172,2,1,0,0,0,0,0,0,0,0,0,0
2003,240173,1,1,0,0,0,0,0,0,0,0,0,0
2003,240174,1,1,0,0,0,0,0,0,0,0,0,0
2003,240174,2,1,0,0,0,0,0,0,0,0,0,0
2003,240175,0,1,18,18,18,18,18,18,18,18,18,18
2003,240175,1,1,10,10,10,10,10,10,10,10,10,10
2003,240176,1,1,13,13,13,13,13,13,13,13,13,13
2003,240176,2,1,13,13,13,13,13,13,13,13,13,13
2003,240177,1,1,0,0,0,0,0,0,0,0,0,0
2003,240177,2,1,0,0,0,0,0,0,0,0,0,0
2003,240178,1,1,3,3,3,3,3,3,3,3,3,3
2003,240178,2,1,0,0,0,0,0,0,0,0,0,0
2003,240179,1,1,0,0,0,0,0,0,0,0,0,0
2003,240180,1,1,24,24,24,24,24,24,24,24,24,24
2003,240181,1,1,0,0,0,0,0,0,0,0,0,0
2003,240181,2,1,0,0,0,0,0,0,0,0,0,0
2003,240181,3,1,0,0,0,0,0,0,0,0,0,0
2003,240181,4,1,0,0,0,0,0,0,0,0,0,0
2003,240182,1,1,2,2,2,2,2,2,2,2,2,2
2003,240183,0,1,24,24,24,24,24,24,24,24,24,24
2003,240183,1,1,0,0,0,0,0,0,0,0,0,0
2003,240184,1,1,3,3,3,3,3,3,3,3,3,3
2003,240185,1,1,0,0,0,0,0,0,0,0,0,0
2003,240186,1,1,24,24,24,24,24,24,24,24,24,24
2003,240186,2,1,0,0,0,0,0,0,0,0,0,0
2003,240187,0,1,0,0,0,0,0,0,0,0,0,0
2003,240187,1,1,0,0,0,0,0,0,0,0,0,0
2003,240188,1,1,0,0,0,0,0,0,0,0,0,0
2003,240188,2,1,0,0,0,0,0,0,0,0,0,0
2003,240189,0,1,3,3,3,3,3,3,3,3,3,3
2003,240189,1,1,0,18,0,0,0,0,0,0,0,0
2003,240190,1,1,0,0,0,0,0,0,0,0,0,0
2003,240190,2,1,0,0,0,0,0,0,0,0,0,0
2003,240191,0,1,0,18,36,0,0,24,32,15,0,0
2003,240191,1,1,0,0,13,0,0,5,0,6,0,5
2003,240192,1,1,0,0,0,0,0,0,0,0,0,0
2003,240192,2,1,15,0,0,0,0,0,0,0,0,9
2003,240193,0,1,0,0,0,0,0,0,0,0,19,0
2003,240193,1,1,0,0,0,0,0,0,0,0,0,0
2003,240194,0,1,26,26,29,22,16,17,28,13,19,16
2003,240194,1,1,0,0,0,0,0,0,0,0,0,0
2003,240195,1,1,0,0,0,0,0,6,0,0,0,0
2003,240195,2,1,0,0,0,0,0,0,17,0,0,0
2003,240196,1,1,32,32,32,32,32,32,32,32,32,32
2003,240196,2,1,0,0,0,0,0,0,0,0,0,0
2003,240197,1,1,0,0,0,0,15,0,0,0,0,0
2003,240198,0,1,0,0,0,13,0,0,20,0,0,0
2003,240198,1,1,0,0,0,0,0,0,0,0,0,0
2003,240199,0,1,0,0,0,0,0,0,0,0,0,0
2003,240199,1,1,0,0,0,0,0,0,0,0,0,0
2003,240200,1,1,18,18,18,18,18,18,18,18,18,18
2003,240201,1,1,0,0,0,0,0,0,0,0,0,0
2003,240201,2,1,0,0,0,0,0,0,0,0,0,0
2003,240202,1,1,0,0,0,0,0,0,0,0,0,0
2003,240202,2,1,0,0,0,0,0,0,0,0,0,0
2003,240202,3,1,0,0,0,0,0,0,0,0,0,0
2003,240202,4,1,0,0,0,0,0,0,0,0,0,0
2003,240203,1,1,33,16,13,10,18,0,17,13,3,29
2003,240204,1,1,0,0,0,0,0,0,0,0,0,0
2003,240204,2,1,0,0,0,0,0,0,0,0,0,0
2003,240205,0,1,0,0,0,0,0,0,0,0,0,0
2003,240205,1,1,0,0,0,0,0,0,0,0,0,0
2003,240206,1,1,2,2,2,2,2,2,2,2,2,2
2003,240206,2,1,0,0,0,0,0,0,0,0,0,0
2003,240207,1,1,0,13,0,0,0,19,0,0,0,0
2003,240207,2,1,0,0,0,0,0,0,0,0,0,0
2003,240208,1,1,4,4,4,4,4,4,4,4,4,4
2003,240209,1,1,0,0,0,0,0,0,0,0,0,0
2003,240209,2,1,0,0,0,0,0,9,10,0,0,0
2003,240210,0,1,0,0,0,0,0,0,0,0,0,0
2003,240210,1,1,0,0,0,0,0,0,0,0,0,0
2003,240211,1,1,0,0,0,0,0,0,0,0,0,0
2003,240211,2,1,0,0,0,0,0,0,13,0,11,0
2003,240212,0,1,0,0,0,0,0,0,0,0,0,0
2003,240212,1,1,0,0,0,15,13,0,0,0,0,0
2003,240213,0,1,3,23,0,0,23,0,0,0,14,13
2003,240213,1,1,0,8,0,0,0,0,0,0,0,0
2003,240214,1,1,1,1,1,1,1,1,1,1,1,1
2003,240214,2,1,0,0,0,0,0,0,0,0,0,0
2003,240214,3,1,0,0,0,0,0,0,0,0,0,0
2003,240215,0,1,20,0,0,0,0,0,8,0,0,0
2003,240215,1,1,0,0,0,0,0,0,0,0,0,0
2003,240216,1,1,0,0,0,0,0,0,0,0,0,0
2003,240216,2,1,0,0,0,0,0,0,0,0,0,0
2003,240217,0,1,12,12,12,12,12,12,12,12,12,12
2003,240217,1,1,9,9,9,9,9,9,9,9,9,9
2003,240218,0,1,0,0,0,0,0,0,0,0,0,0
2003,240218,1,1,0,0,0,0,0,0,0,0,0,0
2003,240219,1,1,0,0,14,0,0,0,0,20,0,0
2003,240219,2,1,0,0,0,0,0,0,0,0,0,0
2003,240220,1,1,0,0,0,0,11,0,0,0,0,0
2003,240220,2,1,0,0,0,0,0,0,0,0,0,0
2003,240220,3,1,0,0,0,0,0,0,0,0,0,0
2003,240220,4,1,0,0,0,0,0,0,0,0,0,0
2003,240221,1,1,0,0,0,0,0,0,0,0,0,0
2003,240222,1,1,0,0,0,0,0,0,0,0,0,0
2003,240223,1,1,0,0,0,0,0,0,0,0,0,0
2003,240224,1,1,17,17,17,17,17,17,17,17,17,17
2003,240225,1,1,0,0,0,0,0,0,0,0,0,0
2003,240225,2,1,0,0,0,0,0,0,0,0,0,0
2003,240226,1,1,0,0,0,0,0,0,0,0,0,0
2003,240227,1,1,0,0,0,0,0,0,0,0,0,0
2003,240227,2,1,0,0,0,0,0,0,0,0,0,0
2003,240228,1,1,0,0,0,0,0,0,0,0,0,0
2003,240228,2,1,0,0,0,0,0,0,0,0,0,0
2003,240228,3,1,0,0,0,0,0,0,0,0,0,0
2003,240229,1,1,0,0,0,19,13,0,0,23,0,43
2003,240229,2,1,0,0,0,0,0,0,0,0,0,0
2003,240230,1,1,7,7,7,7,7,7,7,7,7,7