YEAR,ST_CASE,veh_no,per_no,P1,P2,P3,P4,P5,P6,P7,P8,P9,P10
2003,240230,2,1,0,0,0,0,0,0,0,0,11,0
2003,240231,1,1,0,0,0,0,0,0,0,0,29,0
2003,240232,1,1,0,0,0,0,0,0,0,0,0,0
2003,240233,1,1,0,0,0,0,0,0,0,0,0,0
2003,240233,2,1,0,0,0,0,0,0,0,0,0,0
2003,240233,3,1,0,9,0,0,0,0,0,0,0,0
2003,240233,4,1,0,0,0,0,0,0,0,0,0,0
2003,240233,5,1,0,0,0,0,0,0,0,0,25,0
2003,240234,1,1,0,0,0,0,0,0,0,0,0,0
2003,240234,2,1,0,0,0,0,0,0,0,0,0,0
2003,240235,1,1,0,0,0,0,0,0,0,0,0,0
2003,240235,2,1,0,0,0,0,0,0,0,0,0,0
2003,240235,3,1,0,0,0,0,0,0,0,0,0,0
2003,240236,1,1,0,0,0,0,0,0,0,0,0,0
2003,240236,2,1,0,0,0,0,0,0,0,0,0,0
2003,240237,1,1,0,0,0,0,0,0,0,0,0,0
2003,240237,2,1,0,0,0,0,0,0,0,0,0,0
2003,240238,1,1,0,0,0,0,0,0,0,0,0,0
2003,240238,2,1,0,0,0,0,0,0,0,0,0,0
2003,240239,1,1,0,0,0,0,0,0,0,0,0,0
2003,240239,2,1,0,0,0,0,0,0,0,0,0,0
2003,240240,1,1,0,0,0,0,0,0,0,0,0,0
2003,240240,2,1,0,0,0,0,22,0,0,0,7,0
2003,240241,1,1,21,21,21,21,21,21,21,21,21,21
2003,240242,1,1,18,18,18,18,18,18,18,18,18,18
2003,240243,1,1,5,0,0,0,0,0,0,0,0,17
2003,240243,2,1,0,0,0,0,0,0,0,0,0,0
2003,240244,1,1,0,0,0,0,0,0,0,0,0,0
2003,240245,1,1,0,0,0,0,0,0,0,0,0,0
2003,240245,2,1,0,0,0,0,0,0,0,0,0,0
2003,240245,3,1,0,0,0,0,9,0,0,0,0,0
2003,240246,1,1,2,2,2,2,2,2,2,2,2,2
2003,240247,1,1,0,0,0,0,0,0,0,0,0,0
2003,240247,2,1,0,0,0,0,0,0,0,0,0,0
2003,240248,0,1,0,0,0,0,0,0,0,0,0,0
2003,240248,1,1,0,0,0,13,0,0,0,0,0,0
2003,240249,1,1,7,7,7,7,7,7,7,7,7,7
2003,240250,0,1,12,12,12,12,12,12,12,12,12,12
2003,240250,1,1,0,0,0,0,0,0,0,0,0,0
2003,240251,1,1,0,0,0,0,0,0,0,0,0,0
2003,240251,2,1,0,0,0,0,0,0,0,0,0,0
2003,240252,1,1,0,0,0,0,0,0,0,0,0,0
2003,240252,2,1,0,0,0,0,0,0,0,0,0,0
2003,240253,1,1,0,0,0,0,0,0,0,0,0,0
2003,240253,2,1,0,0,0,0,0,0,0,0,0,0
2003,240254,0,1,27,27,27,27,27,27,27,27,27,27
2003,240254,1,1,0,0,0,0,7,0,0,0,0,0
2003,240255,1,1,0,0,0,0,0,0,0,0,0,0
2003,240255,2,1,0,0,0,0,0,0,0,0,0,0
2003,240255,3,1,0,0,0,0,0,0,0,0,0,0
2003,240256,1,1,0,0,0,0,0,0,0,0,0,0
2003,240256,2,1,0,0,0,0,0,0,0,0,0,0
2003,240257,1,1,0,0,0,0,0,0,0,0,0,0
2003,240258,1,1,13,13,13,13,13,13,13,13,13,13
2003,240259,1,1,0,0,0,0,0,0,0,0,0,0
2003,240259,2,1,0,0,0,0,0,0,0,0,5,0
2003,240260,1,1,10,10,10,10,10,10,10,10,10,10
2003,240260,2,1,0,13,0,0,0,0,0,0,0,0
2003,240261,1,1,0,0,0,0,0,11,0,12,0,0
2003,240261,2,1,9,0,17,0,0,0,1,0,0,0
2003,240262,1,1,0,0,0,0,0,0,0,0,0,0
2003,240262,2,1,0,0,0,0,0,0,0,0,0,0
2003,240263,1,1,0,0,0,0,0,0,0,0,0,0
2003,240263,2,1,0,0,0,0,0,0,0,0,0,0
2003,240263,3,1,0,0,0,0,0,0,0,0,0,0
2003,240264,1,1,22,22,22,22,22,22,22,22,22,22
2003,240265,1,1,0,0,0,0,0,0,0,0,0,0
2003,240266,1,1,0,0,0,0,0,0,0,7,0,15
2003,240266,2,1,0,0,0,0,0,0,0,0,0,0
2003,240267,1,1,0,0,0,0,0,0,0,0,0,0
2003,240267,2,1,0,0,0,0,0,0,0,0,0,0
2003,240268,1,1,23,23,23,23,23,23,23,23,23,23
2003,240268,2,1,0,0,0,0,0,0,0,0,0,0
2003,240268,3,1,0,0,0,0,0,0,0,0,0,0
2003,240268,4,1,0,0,0,0,0,0,0,0,0,0
2003,240269,0,1,0,0,0,0,0,0,0,0,0,0
2003,240269,1,1,0,0,0,0,0,0,0,0,15,0
2003,240270,1,1,0,0,0,0,0,0,0,0,12,0
2003,240270,2,1,0,0,0,0,0,0,0,0,0,0
2003,240271,1,1,17,17,17,17,17,17,17,17,17,17
2003,240272,1,1,0,0,0,0,0,0,0,0,0,0
2003,240273,0,1,16,16,16,16,16,16,16,16,16,16
2003,240273,1,1,0,0,0,0,0,0,0,0,0,0
2003,240274,0,1,0,0,0,0,0,0,0,0,0,0
2003,240274,1,1,12,0,0,0,0,0,0,0,0,0
2003,240275,1,1,24,8,4,25,13,45,17,12,13,22
2003,240276,0,1,17,17,17,17,17,17,17,17,17,17
2003,240276,1,1,0,0,0,12,0,0,0,0,0,0
2003,240277,0,1,10,10,10,10,10,10,10,10,10,10
2003,240277,1,1,18,18,18,18,18,18,18,18,18,18
2003,240278,1,1,15,15,15,15,15,15,15,15,15,15
2003,240279,1,1,18,18,18,18,18,18,18,18,18,18
2003,240280,1,1,0,0,0,0,0,0,0,0,0,0
2003,240280,2,1,0,0,0,0,0,0,0,0,0,0
2003,240281,1,1,0,0,0,0,0,0,0,0,0,0
2003,240281,2,1,0,9,0,0,0,0,0,0,0,0
2003,240282,1,1,0,0,0,0,0,0,0,0,0,0
2003,240282,2,1,0,0,0,0,0,0,0,0,0,0
2003,240283,1,1,0,0,0,0,0,0,0,0,0,0
2003,240283,2,1,0,0,0,0,0,0,0,0,0,0
2003,240284,0,1,5,5,5,5,5,5,5,5,5,5
2003,240284,1,1,0,0,0,0,0,0,0,0,0,0
2003,240285,1,1,26,26,26,26,26,26,26,26,26,26
2003,240286,1,1,0,0,0,0,0,0,0,0,0,0
2003,240286,2,1,0,0,0,0,0,0,0,0,0,0
2003,240287,1,1,0,0,0,0,0,0,0,0,0,0
2003,240287,2,1,0,0,0,0,0,0,0,0,0,0
2003,240288,1,1,2,2,2,2,2,2,2,2,2,2
2003,240288,2,1,0,0,0,0,0,0,0,0,0,0
2003,240289,1,1,0,0,0,0,0,0,0,0,0,0
2003,240289,2,1,0,0,0,0,0,0,0,0,0,0
2003,240289,3,1,21,0,0,9,16,0,0,0,0,0
2003,240290,1,1,0,0,0,0,0,0,0,0,0,0
2003,240291,0,1,0,0,0,15,0,0,24,0,0,0
2003,240291,1,1,0,0,0,0,0,0,0,0,0,0
2003,240292,1,1,14,14,14,14,14,14,14,14,14,14
2003,240293,1,1,10,10,10,10,10,10,10,10,10,10
2003,240294,1,1,13,23,28,5,11,6,15,15,6,28
2003,240295,0,1,0,0,0,0,0,0,0,0,0,0
2003,240295,1,1,0,0,0,0,0,0,12,0,0,0
2003,240296,1,1,0,0,0,0,0,0,0,0,0,0
2003,240296,2,1,0,0,0,0,0,0,0,0,0,0
2003,240296,3,1,0,0,0,0,0,0,0,0,0,0
2003,240297,1,1,0,0,0,0,0,0,0,0,0,0
2003,240297,2,1,0,0,0,0,0,0,0,0,0,0
2003,240297,3,1,0,0,0,0,0,15,0,0,0,0
2003,240298,1,1,0,0,0,0,0,0,0,0,0,0
2003,240298,2,1,18,0,0,0,0,0,0,0,0,0
2003,240299,1,1,0,0,0,0,0,0,0,0,0,0
2003,240300,0,1,16,16,16,16,16,16,16,16,16,16
2003,240300,1,1,0,16,0,0,0,0,0,28,15,0
2003,240301,1,1,12,12,12,12,12,12,12,12,12,12
2003,240301,2,1,0,0,0,0,0,0,0,0,0,0
2003,240302,1,1,0,0,0,0,0,0,0,0,0,0
2003,240302,2,1,0,0,0,0,0,0,0,0,0,0
2003,240304,1,1,0,12,0,0,0,0,0,0,0,0
2003,240304,2,1,0,0,0,0,0,0,0,0,0,0
2003,240305,1,1,0,0,0,0,0,0,0,0,0,4
2003,240305,2,1,0,0,0,0,0,0,0,0,0,0
2003,240306,0,1,1,1,1,1,1,1,1,1,1,1
2003,240306,1,1,0,0,0,0,0,0,0,0,0,0
2003,240307,1,1,19,19,19,19,19,19,19,19,19,19
2003,240308,1,1,5,5,5,5,5,5,5,5,5,5
2003,240309,1,1,3,3,3,3,3,3,3,3,3,3
2003,240309,2,1,1,1,1,1,1,1,1,1,1,1
2003,240310,1,1,0,0,0,0,0,0,0,0,0,0
2003,240310,2,1,0,0,0,0,0,0,0,0,0,0
2003,240311,1,1,0,0,0,0,0,0,0,0,0,0
2003,240312,1,1,2,2,2,2,2,2,2,2,2,2
2003,240313,1,1,0,0,0,0,0,0,0,0,0,0
2003,240313,2,1,0,0,0,0,0,0,0,0,0,0
2003,240314,1,1,0,0,0,0,0,0,0,0,0,0
2003,240315,1,1,0,0,0,12,0,0,0,0,0,0
2003,240315,2,1,0,0,0,0,0,0,0,0,0,0
2003,240315,3,1,0,0,0,0,0,0,0,0,0,0
2003,240315,4,1,0,0,0,0,0,0,0,0,0,0
2003,240316,1,1,0,0,0,0,0,0,0,14,0,0
2003,240316,2,1,0,0,0,0,0,0,0,0,0,0
2003,240317,1,1,0,0,0,0,0,0,0,0,0,0
2003,240318,1,1,1,1,1,1,1,1,1,1,1,1
2003,240319,1,1,29,29,29,29,29,29,29,29,29,29
2003,240319,2,1,0,0,0,0,0,0,0,0,0,0
2003,240320,1,1,0,0,0,0,0,0,0,0,0,0
2003,240321,1,1,0,0,0,0,0,0,0,0,0,0
2003,240321,2,1,0,0,0,0,0,0,0,0,0,0
2003,240322,0,1,17,17,17,17,17,17,17,17,17,17
2003,240322,1,1,0,0,0,0,13,0,0,16,0,0
2003,240323,1,1,15,15,15,15,15,15,15,15,15,15
2003,240324,1,1,0,0,0,0,0,0,0,0,0,0
2003,240325,1,1,0,24,0,0,0,0,0,17,0,0
2003,240325,2,1,0,0,0,0,0,0,0,0,0,3
2003,240326,1,1,0,0,0,0,0,0,0,0,0,0
2003,240327,1,1,19,19,19,19,19,19,19,19,19,19
2003,240328,1,1,0,0,0,0,0,0,0,0,0,0
2003,240329,0,1,0,0,0,0,0,0,0,0,0,0
2003,240329,1,1,0,0,0,0,0,0,0,0,0,0
2003,240330,1,1,10,10,10,10,10,10,10,10,10,10
2003,240331,0,1,0,0,0,0,0,0,0,0,0,0
2003,240331,1,1,0,0,0,0,0,0,0,0,0,0
2003,240332,0,1,0,0,0,0,0,0,0,0,0,0
2003,240332,1,1,0,0,0,0,0,0,0,0,0,0
2003,240333,1,1,0,0,0,0,0,0,0,0,0,0
2003,240334,1,1,1,1,1,1,1,1,1,1,1,1
2003,240334,2,1,0,0,12,0,0,0,0,0,0,0
2003,240335,1,1,0,0,0,0,12,18,0,12,0,25
2003,240336,1,1,0,0,0,0,0,0,0,0,0,0
2003,240336,2,1,0,0,0,0,0,0,0,0,0,0
2003,240337,1,1,8,8,8,8,8,8,8,8,8,8
2003,240338,1,1,0,0,0,0,0,0,0,0,0,0
2003,240338,2,1,9,9,9,9,9,9,9,9,9,9
2003,240339,1,1,0,0,0,0,0,0,0,0,0,0
2003,240339,2,1,0,0,0,0,0,0,0,0,0,0
2003,240340,1,1,0,0,0,0,0,0,0,0,0,0
2003,240340,2,1,0,0,0,0,0,0,0,0,0,0
2003,240341,1,1,0,0,0,0,0,0,0,0,0,0
2003,240341,2,1,0,0,0,0,0,0,0,0,0,0
2003,240342,1,1,0,0,0,0,0,0,0,0,0,0
2003,240342,2,1,0,0,0,0,0,0,0,0,0,0
2003,240342,3,1,0,0,0,0,0,0,0,0,0,0
2003,240343,0,1,0,0,0,0,0,0,0,0,0,0
2003,240343,1,1,0,0,0,0,0,0,0,0,0,0
2003,240344,1,1,0,0,0,8,0,0,11,12,0,0
2003,240344,2,1,0,0,0,0,0,0,0,0,0,0
2003,240345,1,1,0,0,0,0,0,0,0,0,0,0
2003,240346,0,1,26,26,26,26,26,26,26,26,26,26
2003,240346,1,1,0,9,0,0,0,0,0,0,0,0
2003,240346,2,1,0,0,0,0,0,11,0,20,0,5
2003,240347,1,1,8,8,8,8,8,8,8,8,8,8
2003,240348,1,1,0,0,0,0,0,0,0,0,0,0
2003,240349,1,1,0,26,0,8,6,0,21,19,13,0
2003,240350,1,1,0,0,0,0,0,0,0,0,0,0
2003,240351,1,1,0,0,0,0,0,0,0,0,0,0
2003,240351,2,1,0,0,0,0,0,0,0,0,0,0
2003,240352,0,1,0,0,0,0,0,0,0,0,0,0
2003,240352,1,1,2,2,2,2,2,2,2,2,2,2
2003,240353,1,1,0,0,0,0,0,0,0,0,0,0
2003,240353,2,1,0,0,0,0,0,0,0,0,0,0
2003,240354,1,1,18,18,18,18,18,18,18,18,18,18
2003,240354,2,1,9,9,9,9,9,9,9,9,9,9
2003,240354,3,1,0,0,0,0,0,0,0,0,0,0
2003,240355,1,1,0,17,0,0,18,20,0,15,0,0
2003,240355,2,1,0,0,0,0,0,0,0,0,0,0
2003,240356,1,1,0,0,0,0,0,0,0,0,0,0
2003,240357,0,1,2,2,2,2,2,2,2,2,2,2
2003,240357,1,1,0,0,0,0,0,0,0,0,0,0
2003,240358,1,1,0,0,0,0,0,0,0,0,0,0
2003,240359,1,1,15,15,15,15,15,15,15,15,15,15
2003,240360,1,1,10,10,10,10,10,10,10,10,10,10
2003,240360,2,1,0,0,0,0,0,0,0,0,0,0
2003,240360,3,1,18,18,18,18,18,18,18,18,18,18
2003,240361,0,1,20,20,20,20,20,20,20,20,20,20
2003,240361,1,1,10,10,10,10,10,10,10,10,10,10
2003,240362,0,1,0,0,0,0,0,0,0,0,0,0
2003,240362,1,1,11,16,12,12,22,13,8,18,22,17
2003,240363,1,1,7,7,7,7,7,7,7,7,7,7
2003,240363,2,1,6,6,6,6,6,6,6,6,6,6
2003,240364,1,1,0,0,0,0,0,0,0,0,0,0
2003,240364,2,1,0,0,0,0,0,0,0,0,0,0
2003,240365,1,1,8,8,8,8,8,8,8,8,8,8
2003,240366,1,1,0,0,0,0,0,0,0,0,0,0
2003,240366,2,1,0,0,0,0,0,0,0,0,0,0
2003,240367,1,1,0,0,0,0,0,0,0,0,0,0
2003,240367,2,1,0,0,0,0,0,0,0,20,0,0
2003,240368,0,1,1,1,1,1,1,1,1,1,1,1
2003,240368,1,1,0,0,0,0,0,0,0,0,0,0
2003,240369,1,1,19,19,19,19,19,19,19,19,19,19
2003,240370,1,1,20,20,20,20,20,20,20,20,20,20
2003,240371,1,1,0,0,0,0,0,0,0,0,0,0
2003,240372,1,1,5,5,5,5,5,5,5,5,5,5
2003,240372,2,1,0,0,10,0,35,0,0,0,23,16
2003,240373,0,1,30,30,30,30,30,30,30,30,30,30
2003,240373,1,1,0,0,0,3,0,0,0,0,0,0
2003,240374,1,1,0,0,0,0,0,0,0,0,0,0
2003,240375,1,1,0,0,0,0,0,0,0,0,0,0
2003,240376,1,1,14,14,14,14,14,14,14,14,14,14
2003,240376,2,1,0,0,0,0,0,0,0,0,0,0
2003,240377,1,1,0,0,0,0,0,0,0,0,0,0
2003,240377,2,1,0,0,0,0,0,0,0,0,0,0
2003,240377,3,1,0,0,0,0,0,0,0,0,0,0
2003,240378,0,1,0,0,0,0,0,0,0,0,0,0
2003,240378,1,1,0,0,0,0,0,0,0,0,0,0
2003,240378,2,1,0,12,0,0,0,0,0,0,0,0
2003,240378,3,1,0,0,0,0,0,0,0,0,0,0
2003,240378,4,1,0,0,0,0,0,0,0,0,0,0
2003,240378,5,1,0,0,0,0,0,0,0,0,0,0
2003,240378,6,1,0,0,0,0,0,0,0,0,0,0
2003,240378,7,1,5,0,0,0,0,0,0,0,0,0
2003,240378,8,1,0,0,0,0,0,0,0,0,0,0
2003,240378,9,1,0,0,0,0,0,0,0,0,0,0
2003,240378,10,1,0,0,0,0,0,0,0,0,0,0
2003,240378,11,1,0,0,0,0,0,0,0,0,0,0
2003,240378,12,1,0,0,0,0,0,0,0,0,0,0
2003,240378,13,1,0,0,0,0,0,0,0,0,0,0
2003,240378,14,1,0,0,0,0,0,0,0,0,0,0
2003,240378,15,1,0,0,0,0,0,0,0,0,0,0
2003,240378,16,1,0,0,0,0,0,0,0,0,0,0
2003,240378,17,1,0,0,0,0,0,0,0,0,0,0
2003,240378,18,1,0,0,0,0,0,0,0,0,0,0
2003,240378,19,1,0,0,0,0,0,0,0,0,0,0
2003,240378,20,1,0,0,0,0,0,0,0,0,0,0
2003,240378,21,1,0,0,0,0,0,0,0,0,0,0
2003,240378,22,1,0,0,0,0,0,0,0,0,0,0
2003,240378,23,1,0,0,0,0,0,0,0,0,0,0
2003,240378,24,1,0,0,0,0,0,0,0,0,0,0
2003,240378,25,1,0,0,0,0,0,0,0,0,0,0
2003,240378,26,1,0,0,0,0,0,0,0,0,0,0
2003,240378,27,1,0,0,0,0,0,0,0,0,0,0
2003,240378,28,1,0,0,0,0,0,0,0,0,0,0
2003,240378,30,1,0,0,0,0,0,0,0,0,0,0
2003,240378,31,1,0,0,0,0,0,0,0,0,0,0
2003,240378,32,1,0,0,0,0,0,0,0,0,0,0
2003,240378,33,1,0,0,0,0,0,0,0,0,0,0
2003,240378,34,1,0,0,0,0,0,0,0,0,0,0
2003,240378,35,1,0,0,0,0,0,0,0,0,0,0
2003,240378,36,1,0,0,0,0,0,0,0,0,0,0
2003,240378,37,1,0,0,0,0,0,0,0,0,0,0
2003,240378,38,1,0,0,0,0,0,0,0,0,0,0
2003,240378,39,1,0,0,0,0,0,0,0,0,0,0
2003,240378,40,1,0,0,0,0,0,0,0,0,0,0
2003,240378,41,1,0,0,0,0,0,0,0,0,0,0
2003,240378,42,1,0,0,0,0,0,0,0,0,0,0
2003,240378,43,1,0,0,0,0,0,0,0,0,0,0
2003,240378,44,1,0,0,0,0,0,0,0,0,0,0
2003,240378,45,1,0,0,0,0,0,0,0,0,0,0
2003,240379,1,1,23,23,23,23,23,23,23,23,23,23
2003,240379,2,1,23,23,23,23,23,23,23,23,23,23
2003,240379,3,1,0,0,0,0,0,0,0,0,0,0
2003,240379,4,1,0,0,0,0,0,32,0,0,0,0
2003,240380,1,1,0,0,0,0,0,0,0,0,0,0
2003,240380,2,1,0,0,0,0,0,0,11,0,0,0
2003,240380,3,1,0,9,0,0,0,0,12,0,0,0
2003,240381,1,1,0,0,0,0,0,0,0,0,0,0
2003,240381,2,1,0,0,0,0,0,0,0,0,0,0
2003,240382,0,1,24,24,24,24,24,24,24,24,24,24
2003,240382,1,1,0,0,0,0,0,0,0,20,0,0
2003,240383,0,1,0,0,0,0,0,0,0,0,0,0
2003,240383,1,1,0,0,0,0,0,0,0,0,0,0
2003,240384,1,1,25,25,25,25,25,25,25,25,25,25
2003,240385,1,1,0,0,0,0,0,0,0,0,0,0
2003,240386,1,1,7,7,7,7,7,7,7,7,7,7
2003,240386,2,1,0,0,0,0,0,0,0,0,0,0
2003,240387,1,1,2,2,2,2,2,2,2,2,2,2
2003,240388,1,1,0,0,0,0,0,0,0,0,0,0
2003,240389,1,1,0,0,0,0,0,0,0,0,0,0
2003,240389,2,1,0,0,0,0,0,0,0,0,0,0
2003,240390,1,1,0,0,0,0,0,0,0,0,0,0
2003,240390,2,1,0,0,0,0,0,0,0,0,0,0
2003,240390,3,1,0,0,0,0,0,0,0,0,0,0
2003,240391,1,1,0,0,0,0,0,0,0,0,0,26
2003,240392,1,1,0,0,0,0,0,0,0,0,0,0
2003,240392,2,1,0,0,0,0,0,0,0,0,0,0
2003,240393,1,1,0,0,0,0,0,0,0,0,0,0
2003,240393,2,1,0,0,0,0,0,0,0,29,0,0
2003,240393,3,1,0,0,0,0,0,0,0,0,0,0
2003,240393,4,1,0,0,0,0,0,0,0,0,0,0
2003,240394,1,1,0,15,0,0,0,0,0,0,0,0
2003,240394,2,1,0,0,0,0,0,0,0,0,0,0
2003,240395,0,1,0,0,0,0,0,0,0,0,0,0
2003,240395,1,1,8,8,8,8,8,8,8,8,8,8
2003,240396,1,1,0,0,0,0,0,0,0,0,0,0
2003,240396,2,1,0,0,0,22,0,0,0,0,0,0
2003,240397,1,1,13,13,13,13,13,13,13,13,13,13
2003,240398,0,1,0,0,12,0,0,0,0,0,30,0
2003,240398,0,2,6,54,20,11,24,21,0,9,0,22
2003,240398,1,1,0,0,0,0,0,0,0,0,0,0
2003,240398,2,1,0,0,0,0,0,0,0,0,0,9
2003,240398,3,1,0,0,0,0,0,0,0,0,0,0
2003,240398,5,1,0,0,0,0,0,0,0,0,0,0
2003,240399,1,1,24,24,24,24,24,24,24,24,24,24
2003,240400,1,1,0,0,0,0,0,0,0,0,0,0
2003,240401,1,1,21,17,13,23,24,14,18,9,18,28
2003,240402,1,1,9,9,9,9,9,9,9,9,9,9
2003,240403,1,1,7,7,7,7,7,7,7,7,7,7
2003,240403,2,1,0,0,6,0,0,0,0,0,0,8
2003,240404,1,1,0,0,0,0,0,0,0,0,0,0
2003,240404,2,1,0,0,0,0,0,0,0,0,0,0
2003,240405,1,1,0,0,0,0,0,0,0,0,0,0
2003,240405,2,1,0,0,0,0,0,0,0,0,0,0
2003,240406,0,1,27,27,27,27,27,27,27,27,27,27
2003,240406,1,1,0,0,0,0,0,0,0,0,0,25
2003,240407,1,1,2,2,2,2,2,2,2,2,2,2
2003,240407,2,1,0,0,0,0,0,0,0,0,0,0
2003,240408,1,1,0,0,0,0,0,0,0,0,0,0
2003,240408,2,1,0,0,0,0,0,0,0,0,0,0
2003,240409,1,1,0,0,0,0,0,0,0,0,0,0
2003,240409,2,1,0,0,0,0,0,0,0,0,0,0
2003,240410,1,1,17,17,17,17,17,17,17,17,17,17
2003,240411,0,1,0,0,0,0,0,0,0,0,0,0
2003,240411,1,2,0,0,0,0,0,0,0,0,0,0
2003,240412,1,1,7,7,7,7,7,7,7,7,7,7
2003,240413,1,1,29,29,29,29,29,29,29,29,29,29
2003,240413,2,1,0,0,0,0,0,0,0,0,0,0
2003,240414,1,1,25,25,25,25,25,25,25,25,25,25
2003,240415,0,1,2,2,2,2,2,2,2,2,2,2
2003,240415,1,1,0,0,0,0,0,0,0,0,0,0
2003,240416,1,1,0,0,0,0,0,0,0,0,0,0
2003,240416,2,1,0,0,0,0,0,0,0,0,0,0
2003,240417,0,1,0,0,0,0,0,0,0,0,0,0
2003,240417,1,1,0,0,0,0,0,0,0,0,0,0
2003,240418,1,1,17,17,17,17,17,17,17,17,17,17
2003,240419,1,1,0,0,0,0,0,0,0,0,0,0
2003,240419,2,1,0,0,0,0,0,0,0,0,0,0
2003,240419,3,1,0,0,0,0,0,0,0,0,0,0
2003,240419,4,1,0,0,0,0,0,0,0,13,0,0
2003,240419,5,1,0,0,0,0,0,0,0,0,0,0
2003,240420,1,1,0,0,0,0,0,0,0,0,0,0
2003,240420,2,1,0,0,0,0,0,0,0,0,0,0
2003,240421,1,1,3,3,3,3,3,3,3,3,3,3
2003,240421,2,1,0,0,0,0,0,0,0,0,0,0
2003,240421,3,1,0,0,0,0,0,0,0,0,0,0
2003,240422,1,1,0,0,0,0,0,0,0,0,0,0
2003,240422,2,1,0,0,0,0,0,0,0,0,0,0
2003,240422,3,1,0,0,0,0,0,0,0,0,0,0
2003,240423,1,1,7,7,7,7,7,7,7,7,7,7
2003,240424,1,1,4,4,4,4,4,4,4,4,4,4
2003,240425,1,1,0,0,0,0,0,0,0,0,0,0
2003,240426,1,1,4,4,4,4,4,4,4,4,4,4
2003,240426,2,1,0,0,0,0,0,0,0,0,0,0
2003,240427,1,1,0,0,0,0,0,0,0,0,0,0
2003,240427,2,1,0,0,0,0,0,0,0,0,0,0
2003,240427,3,1,0,0,0,0,0,0,0,0,0,0
2003,240428,1,1,0,0,0,7,0,0,0,0,0,0
2003,240429,1,1,0,0,0,0,0,0,0,0,0,0
2003,240429,2,1,0,0,0,0,0,0,0,0,0,0
2003,240430,0,1,0,0,0,0,0,0,0,0,0,0
2003,240430,1,1,7,7,7,7,7,7,7,7,7,7
2003,240430,2,1,0,0,0,0,0,0,0,0,0,0
2003,240431,1,1,0,0,0,0,0,0,21,0,0,0
2003,240431,2,1,0,0,0,0,0,0,0,0,0,0
2003,240432,1,1,0,0,0,0,0,0,0,0,0,0
2003,240432,2,1,0,0,0,0,0,0,0,0,0,0
2003,240433,0,1,0,0,0,0,0,0,0,0,0,0
2003,240433,1,1,10,10,10,10,10,10,10,10,10,10
2003,240434,1,1,5,5,5,5,5,5,5,5,5,5
2003,240435,1,1,9,9,9,9,9,9,9,9,9,9
2003,240435,2,1,0,0,0,0,0,0,0,9,0,0
2003,240436,1,1,1,1,1,1,1,1,1,1,1,1
2003,240437,1,1,14,14,14,14,14,14,14,14,14,14
2003,240438,0,1,0,0,0,0,0,0,0,0,0,0
2003,240438,1,1,0,0,0,0,0,0,0,0,0,0
2003,240439,1,1,0,0,0,0,0,0,0,0,0,0
2003,240439,2,1,0,0,0,0,0,0,0,0,0,0
2003,240440,0,1,0,0,0,0,0,0,0,0,0,0
2003,240440,1,1,0,0,0,0,0,0,0,0,0,0
2003,240441,0,1,12,12,12,12,12,12,12,12,12,12
2003,240441,1,1,0,0,0,0,6,0,0,0,0,0
2003,240441,2,1,0,0,0,0,0,0,0,0,0,0
2003,240441,3,1,0,0,0,0,0,0,0,0,0,0
2003,240441,4,1,0,0,0,0,0,0,18,0,0,0
2003,240442,1,1,0,0,0,0,0,0,0,0,0,0
2003,240442,2,1,0,0,0,0,0,0,0,0,0,0
2003,240443,0,1,0,0,0,0,0,0,0,0,0,0
2003,240443,1,1,0,0,0,0,0,0,0,0,0,0
2003,240444,1,1,0,0,0,0,0,0,0,0,0,0
2003,240444,2,1,0,0,0,0,0,0,0,0,0,0
2003,240445,0,1,0,0,0,0,0,0,0,0,0,0
2003,240445,1,1,0,0,0,0,0,0,0,0,0,0
2003,240446,1,1,0,0,0,0,0,0,0,0,0,0
2003,240447,0,1,0,0,0,0,0,0,0,0,0,0
2003,240447,1,1,0,0,0,0,0,0,0,0,0,0
2003,240448,1,1,0,0,0,0,0,0,0,0,0,0
2003,240448,2,1,0,0,0,0,0,0,0,0,0,0
2003,240449,1,1,23,23,23,23,23,23,23,23,23,23
2003,240450,1,1,0,0,0,0,0,0,0,0,0,0
2003,240450,2,1,10,0,0,0,0,0,0,0,0,0
2003,240451,1,1,0,0,0,0,0,0,0,0,0,0
2003,240451,2,1,0,0,0,0,0,0,0,0,0,0
2003,240452,0,1,15,15,15,15,15,15,15,15,15,15
2003,240452,1,1,0,0,0,0,0,0,0,0,0,0
2003,240453,1,1,0,0,0,0,0,0,0,0,0,0
2003,240453,2,1,0,0,0,0,0,0,0,0,0,0
2003,240453,3,1,0,0,0,0,0,0,0,0,0,0
2003,240454,1,1,0,0,0,0,0,0,0,0,0,0
2003,240454,2,1,0,0,0,0,18,0,0,0,0,0
2003,240455,1,1,0,0,0,0,0,0,0,0,0,0
2003,240455,2,1,0,0,0,0,0,0,0,0,0,0
2003,240456,1,1,0,0,0,0,0,0,0,0,0,0
2003,240456,2,1,0,0,0,0,0,0,0,0,0,0
2003,240457,0,1,9,9,9,9,9,9,9,9,9,9
2003,240457,1,1,0,0,0,0,0,0,0,0,0,0
2003,240458,1,1,15,15,15,15,15,15,15,15,15,15
2003,240459,1,1,20,20,20,20,20,20,20,20,20,20
2003,240459,2,1,0,0,0,0,0,0,0,0,0,0
2003,240460,1,1,0,0,0,0,0,0,14,0,0,0
2003,240460,2,1,0,0,0,0,0,0,0,0,0,0