YEAR,ST_CASE,veh_no,per_no,P1,P2,P3,P4,P5,P6,P7,P8,P9,P10
2003,250131,0,1,13,18,19,0,24,0,36,0,0,0
2003,250131,1,1,0,0,0,0,0,0,0,0,0,0
2003,250132,1,1,0,0,0,0,0,0,0,0,0,0
2003,250133,1,1,28,14,0,24,16,11,18,12,19,14
2003,250134,1,1,30,30,30,30,30,30,30,30,30,30
2003,250134,2,1,0,0,0,0,0,0,0,0,0,0
2003,250135,0,1,0,0,0,0,0,0,0,0,0,0
2003,250135,1,1,0,0,0,0,0,0,0,0,0,0
2003,250136,0,1,0,0,0,0,0,0,0,0,0,0
2003,250136,1,1,0,11,0,0,0,0,0,0,10,0
2003,250137,0,1,0,0,0,0,18,13,0,31,0,12
2003,250137,1,1,0,0,9,0,0,0,0,0,28,15
2003,250138,1,1,0,0,0,9,0,0,0,0,0,0
2003,250139,0,1,16,20,22,0,5,0,0,7,0,0
2003,250139,1,1,0,0,0,0,0,0,0,0,0,0
2003,250140,0,1,0,0,0,0,0,0,0,0,0,0
2003,250140,1,1,0,0,0,0,0,0,0,0,0,0
2003,250141,0,1,9,9,9,9,9,9,9,9,9,9
2003,250141,1,1,0,0,0,0,0,0,0,0,0,0
2003,250142,1,1,0,21,10,0,17,0,36,20,22,0
2003,250142,2,1,0,30,0,0,0,0,0,0,0,0
2003,250143,1,1,0,0,0,0,7,0,0,25,0,13
2003,250144,1,1,18,18,18,18,18,18,18,18,18,18
2003,250145,1,1,0,0,0,0,0,0,0,0,0,0
2003,250146,1,1,0,0,0,0,0,0,0,0,0,0
2003,250146,2,1,0,27,0,0,0,0,0,0,0,0
2003,250147,1,1,17,17,17,17,17,17,17,17,17,17
2003,250147,2,1,0,0,0,0,0,0,0,0,10,0
2003,250148,1,1,21,21,21,21,21,21,21,21,21,21
2003,250149,1,1,0,0,0,0,0,0,0,0,0,0
2003,250150,0,1,0,0,0,0,0,0,0,0,0,0
2003,250150,1,1,0,0,0,0,0,0,0,0,0,0
2003,250151,0,1,0,0,0,0,0,0,0,0,19,0
2003,250151,1,1,0,0,0,0,0,0,0,0,0,0
2003,250152,0,1,0,0,0,0,0,0,0,0,0,0
2003,250152,1,1,0,11,0,0,0,0,0,0,0,0
2003,250153,0,1,0,0,6,22,0,9,0,32,20,0
2003,250153,1,1,0,28,23,0,0,0,0,0,0,9
2003,250154,0,1,0,0,0,0,0,0,0,0,0,0
2003,250154,1,1,9,15,3,0,9,11,15,4,0,6
2003,250155,0,1,0,0,0,0,0,0,0,0,0,0
2003,250155,1,1,0,0,0,0,0,25,0,0,0,0
2003,250156,0,1,0,0,0,0,0,0,0,21,0,0
2003,250156,1,1,0,0,0,0,0,0,0,0,0,0
2003,250157,0,1,0,0,0,0,0,0,0,0,0,0
2003,250157,1,1,0,0,0,0,0,0,0,0,0,0
2003,250158,1,1,0,0,0,0,24,0,0,0,0,0
2003,250159,1,1,0,0,0,0,0,0,0,0,0,0
2003,250160,1,1,28,28,28,28,28,28,28,28,28,28
2003,250161,0,1,5,5,5,5,5,5,5,5,5,5
2003,250161,1,1,0,0,9,0,0,0,0,0,16,0
2003,250162,1,1,0,0,0,0,0,0,0,0,0,0
2003,250162,2,1,0,0,0,0,0,0,0,0,0,0
2003,250163,1,1,0,0,0,0,0,0,0,28,0,0
2003,250163,2,1,0,0,0,0,0,0,0,12,0,0
2003,250164,1,1,11,0,0,26,35,0,0,18,0,0
2003,250165,1,1,20,20,20,20,20,20,20,20,20,20
2003,250166,1,1,0,0,20,0,0,0,0,0,0,0
2003,250167,1,1,28,28,28,28,28,28,28,28,28,28
2003,250168,1,1,13,9,19,23,40,25,11,22,30,0
2003,250169,1,1,18,0,0,0,0,0,0,0,0,0
2003,250169,2,1,0,0,0,0,0,0,0,0,0,0
2003,250169,3,1,0,0,0,6,6,19,3,4,12,18
2003,250170,1,1,0,10,18,0,19,19,14,0,0,19
2003,250170,2,1,0,0,0,0,5,0,0,0,0,0
2003,250171,1,1,1,1,1,1,1,1,1,1,1,1
2003,250172,1,1,0,0,0,14,0,0,7,4,15,0
2003,250172,2,1,0,0,0,0,0,0,0,0,0,0
2003,250172,3,1,0,0,0,0,0,0,0,0,0,9
2003,250173,1,1,0,0,0,0,0,0,0,0,0,0
2003,250173,2,1,16,16,16,16,16,16,16,16,16,16
2003,250174,1,1,0,0,0,0,0,0,0,0,3,6
2003,250174,2,1,0,0,4,0,0,0,0,0,0,0
2003,250175,1,1,0,0,12,0,0,0,14,14,0,11
2003,250175,2,1,0,0,0,17,0,0,0,0,0,0
2003,250176,1,1,12,0,0,0,0,0,0,0,0,0
2003,250176,2,1,0,0,0,0,0,0,0,0,0,0
2003,250177,1,1,22,0,0,18,0,16,0,16,0,0
2003,250178,1,1,0,0,15,25,0,0,0,27,32,0
2003,250179,1,1,21,16,14,23,42,25,12,16,8,21
2003,250180,1,1,17,17,17,17,17,17,17,17,17,17
2003,250180,2,1,0,0,0,0,0,0,0,0,0,0
2003,250180,3,1,17,0,13,0,0,0,10,16,0,8
2003,250180,4,1,8,0,0,0,8,17,0,0,0,0
2003,250181,1,1,0,0,0,0,0,0,0,0,0,0
2003,250181,2,1,0,0,0,0,0,0,0,0,0,0
2003,250182,0,1,21,21,21,21,21,21,21,21,21,21
2003,250182,1,1,12,20,18,2,4,13,7,30,0,21
2003,250183,0,1,0,0,0,0,0,0,0,0,0,0
2003,250183,1,1,0,0,0,0,0,0,0,0,0,0
2003,250184,1,1,0,0,0,15,17,15,18,17,0,0
2003,250185,1,1,34,44,28,41,14,43,8,0,25,34
2003,250186,1,1,0,0,0,0,0,0,0,0,0,10
2003,250186,2,1,0,0,0,0,0,0,0,0,0,0
2003,250187,1,1,23,23,23,23,23,23,23,23,23,23
2003,250188,1,1,12,4,12,21,11,6,12,15,10,0
2003,250189,1,1,0,0,0,0,0,0,0,0,0,0
2003,250190,1,1,0,0,0,0,0,0,0,0,0,0
2003,250191,1,1,11,7,0,13,0,0,10,0,18,0
2003,250192,1,1,0,0,0,0,0,0,0,0,0,0
2003,250193,0,1,0,0,0,0,0,0,0,0,0,0
2003,250193,1,1,0,0,10,0,0,0,0,0,0,0
2003,250194,1,1,20,0,0,0,0,0,0,0,0,0
2003,250194,2,1,0,0,0,0,0,0,0,0,0,0
2003,250195,1,1,0,0,0,0,0,0,0,0,0,0
2003,250196,1,1,0,0,0,0,0,0,13,0,0,0
2003,250196,2,1,0,0,0,0,0,0,0,0,0,0
2003,250197,1,1,1,1,1,1,1,1,1,1,1,1
2003,250197,2,1,0,0,0,11,9,0,0,0,0,0
2003,250198,1,1,17,17,17,17,17,17,17,17,17,17
2003,250199,1,1,0,0,0,0,0,0,0,0,0,0
2003,250199,2,1,0,0,0,0,0,0,0,0,0,0
2003,250200,1,1,0,0,0,0,15,0,0,0,0,0
2003,250200,2,1,0,0,0,0,0,0,0,13,0,0
2003,250201,0,1,0,0,0,0,0,0,0,0,0,0
2003,250201,1,1,0,0,0,0,0,0,0,0,0,0
2003,250202,1,1,13,13,13,13,13,13,13,13,13,13
2003,250203,1,1,13,0,19,14,0,13,0,0,0,0
2003,250204,1,1,14,14,14,14,14,14,14,14,14,14
2003,250205,1,1,18,18,18,18,18,18,18,18,18,18
2003,250206,1,1,19,0,21,22,0,20,21,0,0,13
2003,250206,2,1,9,0,0,11,0,21,8,16,16,12
2003,250207,1,1,14,14,14,14,14,14,14,14,14,14
2003,250208,1,1,0,26,6,11,0,0,0,0,0,0
2003,250208,2,1,0,0,0,0,0,0,0,0,0,0
2003,250209,1,1,0,0,0,0,0,0,0,0,0,0
2003,250209,2,1,18,0,0,16,0,0,3,0,0,8
2003,250210,1,1,0,0,0,0,0,0,0,0,0,0
2003,250211,0,1,0,0,0,0,0,0,0,0,0,0
2003,250211,1,1,14,0,0,0,0,0,0,0,18,0
2003,250212,1,1,6,6,6,6,6,6,6,6,6,6
2003,250213,1,1,11,11,6,15,6,19,16,1,15,18
2003,250213,2,1,0,2,0,0,0,0,6,0,0,0
2003,250214,1,1,0,0,0,0,0,0,0,0,0,0
2003,250214,2,1,0,0,0,0,0,0,0,13,0,0
2003,250215,1,1,22,22,22,22,22,22,22,22,22,22
2003,250216,1,1,0,0,0,0,0,0,0,0,0,0
2003,250216,2,1,0,0,0,0,0,0,0,0,0,0
2003,250217,1,1,0,0,0,0,0,0,0,0,0,0
2003,250217,2,1,0,0,0,0,0,0,0,0,0,0
2003,250218,1,1,28,28,28,28,28,28,28,28,28,28
2003,250219,1,1,0,0,0,0,0,0,0,0,0,0
2003,250219,2,1,0,0,0,0,0,0,7,0,0,0
2003,250220,1,1,12,12,12,12,12,12,12,12,12,12
2003,250221,1,1,5,5,5,5,5,5,5,5,5,5
2003,250222,1,1,0,0,17,27,0,0,0,15,0,0
2003,250222,2,1,0,0,15,0,11,4,0,0,11,0
2003,250223,1,1,0,0,0,0,0,0,0,0,0,0
2003,250223,2,1,0,0,0,0,0,0,0,0,0,0
2003,250224,1,1,0,0,0,0,0,0,0,0,0,0
2003,250225,1,1,13,12,19,0,0,0,25,21,23,0
2003,250226,1,1,0,0,0,0,0,0,0,0,0,0
2003,250226,2,1,0,0,0,0,0,0,0,0,0,0
2003,250226,3,1,0,0,0,0,0,0,5,0,7,0
2003,250227,0,1,0,27,54,10,33,50,0,0,20,0
2003,250227,1,1,0,0,0,0,0,0,0,19,0,0
2003,250228,1,1,16,16,16,16,16,16,16,16,16,16
2003,250229,1,1,18,18,18,18,18,18,18,18,18,18
2003,250230,1,1,1,1,1,1,1,1,1,1,1,1
2003,250231,1,1,22,22,22,22,22,22,22,22,22,22
2003,250232,0,1,11,0,0,3,0,0,0,0,15,0
2003,250232,1,1,25,0,0,0,0,0,0,0,0,0
2003,250233,1,1,5,5,5,5,5,5,5,5,5,5
2003,250234,0,1,0,0,0,0,0,0,0,0,0,0
2003,250234,1,1,0,0,0,0,0,0,0,0,0,0
2003,250235,0,1,0,0,0,0,0,0,0,0,0,0
2003,250235,1,1,0,0,0,0,0,0,0,0,0,0
2003,250236,1,1,0,13,0,12,22,19,0,17,0,0
2003,250237,1,1,0,0,0,0,0,0,0,0,0,0
2003,250238,1,1,17,25,11,0,9,23,25,0,0,31
2003,250239,1,1,29,29,29,29,29,29,29,29,29,29
2003,250240,1,1,7,7,7,7,7,7,7,7,7,7
2003,250241,0,1,0,0,0,0,0,0,0,0,0,0
2003,250241,1,1,0,0,0,0,0,0,0,0,0,0
2003,250242,1,1,20,0,15,21,11,18,15,12,6,21
2003,250242,2,1,0,0,0,0,0,0,0,0,0,0
2003,250242,3,1,0,0,0,10,0,0,16,0,0,33
2003,250243,1,1,0,10,14,10,0,15,0,11,20,15
2003,250244,1,1,2,2,2,2,2,2,2,2,2,2
2003,250245,0,1,11,11,11,11,11,11,11,11,11,11
2003,250245,0,2,0,23,15,11,15,10,19,24,13,15
2003,250245,1,1,0,0,0,0,0,0,0,0,0,0
2003,250246,0,1,17,17,17,17,17,17,17,17,17,17
2003,250246,1,1,15,39,6,12,17,8,23,6,5,9
2003,250247,1,1,0,0,17,0,5,0,27,11,0,0
2003,250247,2,1,0,0,0,0,0,0,0,0,0,0
2003,250247,3,1,0,0,0,0,0,0,0,0,0,0
2003,250248,1,1,0,0,0,0,0,0,0,0,0,0
2003,250249,1,1,0,32,14,9,24,23,0,0,0,13
2003,250250,1,1,0,0,0,0,0,0,0,0,0,0
2003,250251,1,1,21,21,21,21,21,21,21,21,21,21
2003,250252,1,1,10,10,10,10,10,10,10,10,10,10
2003,250253,0,1,0,0,0,0,0,0,0,0,0,0
2003,250253,1,1,0,0,0,0,0,0,0,0,0,0
2003,250254,0,1,0,0,0,0,0,0,0,0,0,0
2003,250254,1,1,0,0,0,0,0,0,0,0,0,0
2003,250255,0,1,0,0,0,0,0,0,0,0,0,0
2003,250256,0,1,0,28,26,0,0,0,0,0,0,0
2003,250256,1,1,0,0,0,0,0,0,0,0,0,0
2003,250257,1,1,1,1,1,1,1,1,1,1,1,1
2003,250258,1,1,0,0,17,0,27,8,0,0,4,0
2003,250258,2,1,0,0,0,0,0,0,0,0,0,0
2003,250259,0,1,0,0,0,0,0,0,0,0,0,0
2003,250259,1,1,0,0,0,0,0,0,0,0,0,0
2003,250260,0,1,0,0,0,0,0,0,0,0,0,0
2003,250260,1,1,8,10,0,0,0,0,0,0,22,0
2003,250261,1,1,0,6,14,19,31,15,16,16,61,19
2003,250262,1,1,0,0,0,0,0,0,0,0,0,0
2003,250262,2,1,0,0,0,0,11,0,0,0,0,0
2003,250263,1,1,0,0,0,0,0,0,0,0,0,0
2003,250263,2,1,0,0,0,12,0,3,0,0,0,0
2003,250263,3,1,0,0,0,0,0,0,0,0,0,0
2003,250264,0,1,0,0,0,0,0,0,0,0,0,0
2003,250264,1,1,19,0,0,0,17,12,15,5,0,0
2003,250265,1,1,0,0,0,6,0,0,0,0,0,0
2003,250265,2,1,0,2,0,0,0,0,0,0,0,0
2003,250266,1,1,0,0,0,0,0,0,0,0,21,0
2003,250266,2,1,0,0,0,0,0,0,0,0,0,0
2003,250267,1,1,0,0,0,0,0,0,0,0,0,0
2003,250267,2,1,0,0,0,0,9,0,0,0,0,0
2003,250268,1,1,3,14,21,7,14,20,8,8,3,13
2003,250269,1,1,9,9,9,9,9,9,9,9,9,9
2003,250270,1,1,0,0,0,0,0,0,0,0,0,0
2003,250270,2,1,0,0,0,0,0,0,0,0,0,0
2003,250271,1,1,0,0,0,0,18,0,0,0,0,0
2003,250272,1,1,0,0,0,0,0,0,0,0,0,0
2003,250272,2,1,24,24,24,24,24,24,24,24,24,24
2003,250273,1,1,4,19,12,9,9,0,9,6,12,14
2003,250274,1,1,6,17,12,3,18,25,21,16,8,17
2003,250275,1,1,0,0,0,0,0,0,0,6,0,0
2003,250275,2,1,0,0,0,0,0,0,0,0,0,0
2003,250276,0,1,0,0,0,0,0,0,0,0,0,30
2003,250276,0,2,0,0,0,0,0,0,0,0,0,0
2003,250276,0,3,0,0,0,0,0,0,0,0,0,0
2003,250276,1,1,0,0,0,0,0,0,22,0,0,0
2003,250277,1,1,0,0,0,0,0,0,0,0,0,0
2003,250277,2,1,0,0,0,0,0,0,0,0,12,0
2003,250278,0,1,0,0,0,0,0,0,0,0,0,0
2003,250278,1,1,0,0,0,0,0,0,0,0,0,0
2003,250279,1,1,17,10,0,17,20,0,17,34,0,30
2003,250280,1,1,9,0,0,0,0,0,0,0,0,0
2003,250280,2,1,0,0,0,0,0,0,0,0,0,0
2003,250281,1,1,0,0,0,0,0,0,0,0,0,0
2003,250281,2,1,1,1,1,1,1,1,1,1,1,1
2003,250281,3,1,0,0,0,0,0,0,0,0,0,0
2003,250282,1,1,0,0,0,0,0,0,0,0,0,0
2003,250283,1,1,11,11,11,11,11,11,11,11,11,11
2003,250284,1,1,3,3,3,3,3,3,3,3,3,3
2003,250285,1,1,0,0,0,0,0,0,0,0,0,0
2003,250286,1,1,0,0,0,0,0,0,0,0,0,0
2003,250286,2,1,0,0,0,24,0,0,0,0,0,0
2003,250286,3,1,0,0,0,0,0,0,0,0,0,0
2003,250287,1,1,13,0,14,0,0,0,12,0,0,0
2003,250287,2,1,0,0,0,0,0,0,0,0,0,0
2003,250288,1,1,20,20,20,20,20,20,20,20,20,20
2003,250289,1,1,8,17,22,8,12,25,6,0,13,18
2003,250289,2,1,9,9,9,9,9,9,9,9,9,9
2003,250290,1,1,0,0,5,0,5,0,0,0,0,0
2003,250290,2,1,0,0,0,0,0,0,0,0,0,0
2003,250291,1,1,19,21,20,2,9,13,18,18,69,20
2003,250292,1,1,0,25,0,0,0,0,5,0,0,0
2003,250293,0,1,1,1,1,1,1,1,1,1,1,1
2003,250293,1,1,0,0,0,0,0,0,0,0,0,0
2003,250294,1,1,22,22,22,22,22,22,22,22,22,22
2003,250295,0,1,0,0,0,0,0,0,0,0,0,0
2003,250295,0,2,0,0,0,23,0,0,0,0,0,0
2003,250295,1,1,0,12,0,0,0,0,9,0,0,0
2003,250296,1,1,0,14,0,0,0,0,19,0,24,4
2003,250297,1,1,0,0,0,0,0,0,0,0,0,0
2003,250297,2,1,0,0,0,0,0,18,0,12,0,0
2003,250298,1,1,0,0,0,0,0,0,0,0,0,0
2003,250298,2,1,0,0,0,0,0,0,0,0,0,0
2003,250299,1,1,15,15,15,15,15,15,15,15,15,15
2003,250300,1,1,0,0,0,15,0,0,0,13,0,27
2003,250301,1,1,0,0,26,11,13,14,33,14,21,31
2003,250302,1,1,0,0,0,0,0,0,0,0,0,0
2003,250302,2,1,0,0,0,0,0,0,0,0,0,10
2003,250303,1,1,8,13,11,33,23,18,9,27,0,0
2003,250304,1,1,0,0,0,0,0,0,0,0,0,0
2003,250304,2,1,0,0,0,0,14,0,0,0,0,0
2003,250305,1,1,19,0,0,0,0,0,0,4,0,7
2003,250306,0,1,0,0,0,0,0,0,0,13,0,0
2003,250306,1,1,0,0,0,0,0,0,0,0,0,0
2003,250307,1,1,0,0,0,0,0,0,0,0,0,0
2003,250308,1,1,0,9,15,0,0,6,0,9,0,0
2003,250308,2,1,14,10,14,0,11,29,7,4,8,3
2003,250309,1,1,0,0,0,0,0,0,0,0,0,0
2003,250310,1,1,3,3,3,3,3,3,3,3,3,3
2003,250311,1,1,0,0,0,0,0,0,0,0,0,0
2003,250312,0,1,27,26,32,28,17,14,39,0,0,12
2003,250312,0,2,0,8,0,0,25,0,0,13,0,21
2003,250312,1,1,0,0,0,0,0,0,0,0,0,0
2003,250313,1,1,1,1,1,1,1,1,1,1,1,1
2003,250314,1,1,11,15,9,20,26,17,13,14,19,0
2003,250315,1,1,0,0,0,0,0,0,0,0,0,0
2003,250315,2,1,0,0,23,0,0,0,0,0,0,0
2003,250316,1,1,0,0,17,0,0,0,9,0,0,0
2003,250317,0,1,0,0,0,0,0,0,0,0,0,0
2003,250317,1,1,0,0,0,0,0,0,0,0,0,0
2003,250318,1,1,21,20,29,20,13,13,22,26,11,24
2003,250319,1,1,15,15,15,15,15,15,15,15,15,15
2003,250320,0,1,0,0,0,0,0,0,0,0,0,0
2003,250320,1,1,0,12,0,0,0,0,0,0,0,0
2003,250321,0,1,0,0,0,0,0,0,0,0,0,0
2003,250321,1,1,0,0,0,0,0,0,0,0,4,0
2003,250322,1,1,19,19,19,19,19,19,19,19,19,19
2003,250322,2,1,7,0,0,0,0,0,0,0,0,0
2003,250323,1,1,7,16,8,6,35,5,37,21,24,4
2003,250324,0,1,0,0,0,0,0,0,0,0,0,0
2003,250324,1,1,0,0,0,0,0,0,0,0,0,0
2003,250325,1,1,12,12,12,12,12,12,12,12,12,12
2003,250325,2,1,9,0,0,16,0,0,15,0,13,0
2003,250325,3,1,31,0,0,0,0,0,0,0,0,0
2003,250326,0,1,1,1,1,1,1,1,1,1,1,1
2003,250326,1,1,0,0,0,0,0,0,0,0,9,0
2003,250327,0,1,0,0,0,0,0,0,0,0,0,0
2003,250327,1,1,0,0,0,0,0,0,0,0,0,0
2003,250328,1,1,23,22,0,0,0,0,23,0,0,0
2003,250329,1,1,0,0,0,0,0,0,0,0,0,0
2003,250330,1,1,0,18,16,0,0,0,0,12,0,0
2003,250331,1,1,0,0,0,0,0,0,7,0,0,0
2003,250331,2,1,0,0,0,0,0,0,0,0,0,0
2003,250332,1,1,0,0,0,0,0,18,0,0,0,0
2003,250332,2,1,25,25,25,25,25,25,25,25,25,25
2003,250333,1,1,0,0,0,0,26,9,0,0,0,21
2003,250333,2,1,0,0,0,0,0,0,0,0,0,0
2003,250333,3,1,0,0,0,0,0,0,0,0,0,0
2003,250334,1,1,0,0,0,0,0,0,0,0,0,0
2003,250334,2,1,0,0,0,0,0,0,0,0,0,21
2003,250335,1,1,8,8,8,8,8,8,8,8,8,8
2003,250335,2,1,17,0,0,0,0,0,14,0,0,0
2003,250336,1,1,0,0,0,0,0,0,0,0,0,0
2003,250336,2,1,0,0,0,0,0,0,0,0,0,0
2003,250337,1,1,9,9,9,9,9,9,9,9,9,9
2003,250337,2,1,7,17,19,0,0,16,0,0,9,0
2003,250338,0,1,16,27,20,20,11,0,15,18,35,0
2003,250338,1,1,0,0,8,0,0,0,0,0,19,17
2003,250339,1,1,0,0,0,0,0,0,0,0,20,0
2003,250339,2,1,0,0,0,0,0,0,0,0,0,0
2003,250340,1,1,19,13,15,4,13,0,9,15,13,0
2003,250341,0,1,0,0,0,0,0,0,0,0,0,0
2003,250341,1,1,0,0,0,0,0,0,0,0,0,0
2003,250342,0,1,0,0,0,0,0,0,0,0,0,0
2003,250342,1,1,0,0,0,8,0,0,14,0,0,0
2003,250343,0,1,0,0,0,0,0,0,0,0,0,0
2003,250343,1,1,0,0,0,0,0,0,0,0,0,0
2003,250344,0,1,23,0,15,34,28,8,16,27,21,22
2003,250344,1,1,10,0,10,0,0,0,11,0,0,26
2003,250345,0,1,0,0,0,0,0,0,0,0,0,0
2003,250345,1,1,0,0,0,0,0,0,0,12,0,0
2003,250346,1,1,16,16,16,16,16,16,16,16,16,16
2003,250347,0,1,0,24,0,20,35,0,0,0,27,0
2003,250347,1,1,0,18,0,24,0,13,19,0,0,6
2003,250348,1,1,0,0,0,0,0,0,0,0,17,0
2003,250348,2,1,15,23,24,6,15,13,43,3,18,17
2003,250349,1,1,0,0,0,0,0,0,0,0,0,0
2003,250350,1,1,7,17,15,0,12,22,10,7,0,21
2003,250351,0,1,14,17,0,6,0,17,23,19,0,7
2003,250351,0,2,22,0,25,28,37,29,0,17,26,9
2003,250351,1,1,0,0,8,0,0,0,0,0,0,0
2003,250352,1,1,0,0,6,0,0,0,0,11,0,0
2003,250353,1,1,17,19,14,18,24,12,13,4,13,24
2003,250353,2,1,0,0,0,0,0,0,0,0,0,0
2003,250354,1,1,12,0,23,0,12,0,22,0,17,0
2003,250355,0,1,0,0,0,0,0,0,5,0,0,0
2003,250355,1,1,0,0,0,0,0,0,0,0,0,0
2003,250356,0,1,36,36,36,36,36,36,36,36,36,36
2003,250356,1,1,0,0,0,0,0,0,0,0,0,0
2003,250357,1,1,0,0,22,23,0,0,21,0,0,30
2003,250358,1,1,9,12,20,15,0,21,42,0,16,24
2003,250359,1,1,22,0,0,0,12,8,28,6,21,0
2003,250360,1,1,6,6,15,13,4,9,16,24,26,20
2003,250361,1,1,11,14,18,8,16,17,14,23,29,29
2003,250362,1,1,5,5,5,5,5,5,5,5,5,5
2003,250363,1,1,0,0,0,0,0,0,0,0,0,0
2003,250364,1,1,10,8,10,25,0,12,21,10,22,0
2003,250365,1,1,12,19,31,24,31,24,36,11,0,11
2003,250366,1,1,0,16,0,0,0,0,0,0,0,0
2003,250367,1,1,10,10,10,10,10,10,10,10,10,10
2003,250368,1,1,0,0,0,0,0,0,0,0,0,0
2003,250369,1,1,33,13,12,18,22,14,18,13,7,4
2003,250370,1,1,0,0,0,0,0,0,0,15,0,0
2003,250371,1,1,24,24,24,24,24,24,24,24,24,24
2003,250372,1,1,0,0,17,0,0,8,0,0,0,0
2003,250373,1,1,17,17,17,17,17,17,17,17,17,17
2003,250374,1,1,26,26,26,26,26,26,26,26,26,26
2003,250375,1,1,31,14,0,0,0,0,0,22,17,0
2003,250376,1,1,0,28,37,18,39,0,15,0,22,42
2003,250377,0,1,0,0,0,0,0,0,0,0,0,0
2003,250377,1,1,0,0,0,0,0,0,0,0,0,0
2003,250378,1,1,0,8,0,25,0,19,0,15,16,5
2003,250379,0,1,0,16,0,0,0,0,0,0,0,0
2003,250379,1,1,0,0,0,0,0,0,0,0,0,0
2003,250380,0,1,13,18,21,21,45,9,0,0,0,10
2003,250380,1,1,0,0,0,0,0,0,0,0,0,0
2003,250381,0,1,0,0,0,0,0,0,0,0,0,0
2003,250381,1,1,18,0,0,0,0,0,0,0,0,0
2003,250382,1,1,0,0,0,0,0,0,0,0,0,0
2003,250382,2,1,0,0,0,0,0,0,0,0,0,0
2003,250383,1,1,0,0,0,0,0,0,0,0,0,0
2003,250383,2,1,0,0,0,0,0,0,0,0,0,0
2003,250384,1,1,0,0,0,0,0,0,0,0,0,0
2003,250384,2,1,0,4,0,0,12,0,0,0,0,0
2003,250385,1,1,16,16,16,16,16,16,16,16,16,16
2003,250386,1,1,7,27,29,19,17,13,32,17,46,28
2003,250387,1,1,16,16,16,16,16,16,16,16,16,16
2003,250388,1,1,0,0,0,0,0,0,0,0,0,0
2003,250388,2,1,0,13,0,0,0,0,0,0,0,0
2003,250388,3,1,0,0,0,0,0,0,0,0,0,0
2003,250389,1,1,0,0,0,0,0,0,0,0,0,0
2003,250389,2,1,0,0,0,0,0,0,0,0,17,0
2003,250389,3,1,0,0,0,0,0,0,0,0,0,0
2003,250390,1,1,0,0,14,0,0,0,0,0,0,0
2003,250390,2,1,0,0,0,0,0,0,0,0,0,0
2003,250390,3,1,0,0,33,0,0,0,0,0,0,0
2003,250390,4,1,0,0,0,0,0,0,0,0,12,0
2003,250390,5,1,0,0,0,0,0,0,0,0,0,11
2003,250390,6,1,0,0,0,0,0,0,0,0,0,0
2003,250391,1,1,0,0,0,0,0,0,0,0,0,0
2003,250391,2,1,0,0,0,0,0,0,0,0,0,0
2003,250391,3,1,0,0,7,0,0,0,0,0,0,0
2003,250392,1,2,36,26,24,6,16,10,55,0,0,19
2003,250393,1,1,19,4,26,27,15,11,14,0,21,19
2003,250393,2,1,0,7,0,0,23,0,0,0,0,0
2003,250394,1,1,0,0,0,0,0,0,0,0,0,0
2003,250394,2,1,0,0,0,0,0,0,0,0,0,0
2003,250395,1,1,13,0,0,22,17,11,30,11,7,44
2003,250395,2,1,0,0,0,0,0,0,0,0,0,0
2003,250396,0,1,6,6,6,6,6,6,6,6,6,6
2003,250396,1,1,9,13,9,13,3,0,16,11,9,24
2003,250397,0,1,0,0,0,0,0,0,0,0,0,0
2003,250397,1,1,0,0,0,0,0,0,0,0,0,0
2003,250398,1,1,10,14,10,12,22,25,15,13,5,15
2003,250399,1,1,0,0,0,0,0,0,0,0,0,6
2003,250400,1,1,0,0,0,0,0,0,0,0,0,0
2003,250400,2,1,0,0,0,11,0,0,0,0,0,0
2003,250401,1,1,26,26,26,26,26,26,26,26,26,26
2003,250401,2,1,0,0,0,0,0,0,0,0,0,0
2003,250402,0,1,26,0,47,7,0,0,15,32,13,10
2003,250402,1,1,0,0,0,9,0,20,0,0,0,0
2003,250403,1,1,0,0,0,0,0,0,0,0,0,0
2003,250403,2,1,0,0,0,0,0,0,0,0,0,0
2003,250403,3,1,0,0,0,0,0,0,0,0,0,0
2003,250404,1,1,33,0,0,0,0,0,0,0,0,0
2003,250404,2,1,0,0,0,0,0,0,0,0,0,0
2003,250405,1,1,0,0,0,0,0,0,0,0,0,0
2003,250405,2,1,0,0,0,0,0,0,0,17,7,0
2003,250406,0,1,18,14,18,26,42,9,29,24,26,43
2003,250406,1,1,0,0,0,0,0,0,0,0,0,0
2003,250406,2,1,0,0,0,0,11,0,0,0,0,0
2003,250407,0,1,0,0,0,0,0,0,0,0,0,0
2003,250407,1,1,0,0,18,0,0,0,0,0,0,0
2003,250408,1,1,0,0,0,0,0,11,0,0,0,0
2003,250409,0,1,0,0,0,0,0,0,0,0,0,0
2003,250409,1,1,0,0,0,0,0,0,0,0,0,0