YEAR,ST_CASE,veh_no,per_no,P1,P2,P3,P4,P5,P6,P7,P8,P9,P10
2003,250410,1,1,0,0,0,0,0,0,0,0,0,0
2003,250411,1,1,0,16,0,0,0,0,0,0,0,0
2003,250411,2,1,0,0,0,0,0,0,0,0,0,0
2003,250412,1,1,0,0,0,0,0,0,0,0,0,0
2003,250412,2,1,0,0,0,0,0,0,0,0,0,10
2003,250412,3,1,6,0,0,0,10,0,0,0,0,0
2003,250413,1,1,21,0,0,0,0,0,0,0,0,0
2003,250413,2,1,1,1,1,1,1,1,1,1,1,1
2003,250413,3,1,0,11,0,0,0,0,0,0,0,0
2003,250414,1,1,19,0,0,20,6,43,11,10,28,12
2003,250414,2,1,0,0,0,0,0,0,0,0,0,0
2003,250415,1,1,0,0,0,0,0,0,0,0,0,0
2003,250415,2,1,0,0,0,0,0,0,0,0,15,0
2003,250415,3,1,0,0,0,0,9,0,0,0,0,0
2003,250416,1,1,0,0,0,0,0,0,0,0,0,0
2003,250416,2,1,0,0,0,0,0,0,0,0,0,0
2003,250417,0,1,0,0,0,0,0,0,0,0,0,0
2003,250417,1,1,0,0,0,0,0,0,0,0,0,0
2003,250418,1,1,0,0,0,0,0,0,0,0,0,0
2003,250419,0,1,0,0,0,0,0,0,0,0,0,0
2003,250419,1,1,0,0,0,0,0,0,0,0,3,0
2003,250420,1,1,0,8,27,8,18,12,25,23,18,0
2003,250421,1,1,1,1,1,1,1,1,1,1,1,1
2003,250421,2,1,0,0,17,0,0,0,0,0,0,0
2003,250421,3,1,0,0,0,0,0,0,0,0,0,0
2003,250422,0,1,0,0,0,0,0,12,0,0,0,0
2003,250422,1,1,0,0,0,0,0,0,0,0,0,0
2003,250423,0,1,0,0,0,0,0,0,0,0,0,0
2003,250423,1,1,0,0,0,0,0,0,0,0,0,0
2003,250424,1,1,0,0,0,0,0,0,0,0,0,0
2003,250424,2,1,2,2,2,2,2,2,2,2,2,2
2003,250425,1,1,0,0,0,0,0,0,0,0,0,0
2003,250425,2,1,0,0,0,0,0,0,0,0,0,0
2003,250426,1,1,6,6,6,6,6,6,6,6,6,6
2003,250426,2,1,0,0,0,0,0,0,0,0,0,0
2003,250427,1,1,18,24,13,9,6,15,10,5,14,10
2003,250427,2,1,20,11,9,9,0,24,17,15,0,12
2003,250428,0,1,0,0,0,0,0,0,0,0,0,0
2003,250428,2,1,0,0,0,0,0,0,0,0,0,0
2003,250429,1,1,0,0,0,0,0,0,0,0,0,0
2003,250429,2,1,0,0,0,0,0,0,0,0,0,0
2003,250430,1,1,0,0,0,0,0,0,0,0,0,0
2003,250431,1,1,0,0,0,0,0,0,0,0,0,0
2003,250431,2,1,0,0,0,0,0,0,0,0,0,0
2003,250431,3,1,0,0,0,0,0,0,0,0,0,0
2003,250431,4,1,0,0,0,0,0,0,0,0,0,0
2003,250432,1,1,18,18,18,18,18,18,18,18,18,18
2003,250432,2,1,11,0,16,0,9,0,0,17,0,0
2003,250433,1,1,0,0,0,0,29,0,3,0,0,0
2003,250433,2,1,0,0,0,0,0,0,0,0,0,0
2003,250434,1,1,0,0,0,0,0,0,0,0,0,0
2003,250434,2,1,0,0,0,11,0,0,0,0,0,0
2003,250434,3,1,0,0,16,0,0,0,0,0,0,0
2003,260001,1,1,0,0,0,0,0,0,0,0,0,0
2003,260001,2,1,0,0,0,0,0,0,0,0,0,0
2003,260002,1,1,27,27,27,27,27,27,27,27,27,27
2003,260002,2,1,0,0,0,0,0,0,0,0,0,0
2003,260003,0,1,0,0,0,0,0,0,0,13,5,0
2003,260003,1,1,0,0,0,0,0,0,0,0,0,0
2003,260004,0,1,30,30,30,30,30,30,30,30,30,30
2003,260004,1,1,11,11,11,11,11,11,11,11,11,11
2003,260005,1,1,13,13,13,13,13,13,13,13,13,13
2003,260006,1,1,20,20,20,20,20,20,20,20,20,20
2003,260007,1,1,21,21,21,21,21,21,21,21,21,21
2003,260008,1,1,14,14,14,14,14,14,14,14,14,14
2003,260009,1,1,0,0,0,0,0,0,0,0,0,0
2003,260009,2,1,0,0,0,0,0,0,0,0,0,0
2003,260010,1,1,0,0,0,0,0,0,0,0,0,0
2003,260011,1,1,0,0,0,0,0,0,0,0,0,0
2003,260012,1,1,0,0,0,0,0,0,0,0,0,0
2003,260013,1,1,18,18,18,18,18,18,18,18,18,18
2003,260014,1,1,40,40,40,40,40,40,40,40,40,40
2003,260015,1,1,20,17,16,17,8,23,24,14,16,25
2003,260016,0,1,0,18,0,9,0,0,0,0,0,28
2003,260016,1,1,0,0,0,0,0,0,0,0,0,0
2003,260017,1,1,0,0,0,0,0,0,0,0,0,0
2003,260017,2,1,0,0,0,0,0,0,0,0,0,0
2003,260018,1,1,0,0,0,0,0,0,0,0,0,0
2003,260018,2,1,0,0,0,0,0,0,0,0,0,0
2003,260019,1,1,7,7,7,7,7,7,7,7,7,7
2003,260020,1,1,0,0,0,0,0,0,0,0,0,0
2003,260020,2,1,0,0,0,0,0,0,0,0,0,0
2003,260021,1,1,0,0,0,0,0,0,0,0,0,0
2003,260021,2,1,0,0,0,0,0,0,0,0,0,0
2003,260022,1,1,0,0,0,0,0,0,0,0,0,0
2003,260022,2,1,0,0,12,0,0,0,0,0,0,0
2003,260023,1,1,0,0,0,0,0,0,0,0,0,0
2003,260023,2,1,0,0,0,0,0,0,0,0,18,0
2003,260024,1,1,16,16,16,16,16,16,16,16,16,16
2003,260025,1,1,0,0,0,6,0,0,0,0,0,0
2003,260025,2,1,0,0,0,0,0,0,0,0,0,0
2003,260026,1,1,0,0,0,0,0,0,0,0,0,0
2003,260027,0,1,9,9,9,9,9,9,9,9,9,9
2003,260027,1,1,0,0,0,0,0,0,0,0,0,0
2003,260028,1,1,0,0,0,0,0,0,0,0,0,0
2003,260028,2,1,0,0,0,0,0,0,0,0,0,0
2003,260029,1,1,0,6,0,0,0,0,0,0,0,20
2003,260029,2,1,0,0,0,0,0,0,0,0,0,0
2003,260030,0,1,0,0,0,0,0,0,0,0,0,0
2003,260030,1,1,0,0,0,0,0,0,0,0,0,0
2003,260031,1,1,0,0,0,0,0,0,0,0,0,0
2003,260031,2,1,0,0,0,0,0,0,0,0,0,0
2003,260032,1,1,0,0,0,0,0,0,0,0,0,0
2003,260032,2,1,0,0,0,0,0,0,0,0,0,0
2003,260032,3,1,0,0,0,0,0,0,0,0,0,0
2003,260033,1,1,0,0,0,0,0,0,13,0,0,0
2003,260034,1,1,7,7,7,7,7,7,7,7,7,7
2003,260035,1,1,0,0,0,0,0,0,0,0,0,0
2003,260035,2,1,0,0,0,0,0,0,0,0,0,0
2003,260036,1,1,0,0,0,0,0,0,0,0,0,0
2003,260037,1,1,18,18,18,18,18,18,18,18,18,18
2003,260038,1,1,0,0,0,0,0,0,0,0,0,0
2003,260038,2,1,0,0,0,0,9,0,0,0,0,0
2003,260039,1,1,0,0,0,0,0,0,0,0,0,0
2003,260040,1,1,0,0,0,0,0,0,0,0,0,0
2003,260041,1,1,0,0,0,0,0,0,0,0,0,0
2003,260041,2,1,0,0,0,0,0,0,0,0,0,0
2003,260042,1,1,31,31,31,31,31,31,31,31,31,31
2003,260042,2,1,0,0,0,0,0,0,0,0,0,0
2003,260043,1,1,25,25,25,25,25,25,25,25,25,25
2003,260044,1,1,0,0,0,0,0,0,0,0,0,0
2003,260045,0,1,0,0,0,0,0,0,0,0,0,0
2003,260045,1,1,0,0,0,0,0,0,0,0,0,26
2003,260046,1,1,9,9,9,9,9,9,9,9,9,9
2003,260047,1,1,19,19,19,19,19,19,19,19,19,19
2003,260047,2,1,18,0,0,0,24,0,0,0,0,17
2003,260048,1,1,0,0,0,0,0,0,0,0,0,0
2003,260049,1,1,0,0,0,0,0,0,0,0,0,0
2003,260050,1,1,0,0,0,0,0,0,0,0,0,0
2003,260051,1,1,0,0,0,0,10,0,0,8,0,0
2003,260052,1,1,0,0,19,0,0,0,0,0,0,0
2003,260052,2,1,0,0,0,0,0,0,0,0,0,0
2003,260053,1,1,0,0,0,0,0,0,0,0,18,0
2003,260053,2,1,0,0,0,0,0,0,0,0,0,0
2003,260053,3,1,0,0,0,0,0,0,0,0,0,0
2003,260054,0,1,0,0,0,0,0,0,0,0,0,0
2003,260054,2,1,0,0,0,0,0,0,0,0,0,0
2003,260054,3,1,0,0,0,0,0,0,0,0,0,0
2003,260055,0,1,24,24,24,24,24,24,24,24,24,24
2003,260055,1,1,0,0,8,0,0,10,0,0,12,0
2003,260056,1,1,0,0,0,0,0,0,0,0,0,0
2003,260056,2,1,0,0,0,0,0,0,0,0,0,0
2003,260058,1,1,23,23,23,23,23,23,23,23,23,23
2003,260059,0,1,37,37,37,37,37,37,37,37,37,37
2003,260059,1,1,0,0,0,0,0,0,0,0,0,0
2003,260060,1,1,17,13,18,4,3,6,16,17,16,9
2003,260061,1,1,0,0,0,0,0,6,0,0,0,0
2003,260061,2,1,0,0,0,0,0,0,0,0,0,0
2003,260062,1,1,0,0,0,0,0,0,0,0,0,0
2003,260063,1,1,15,15,15,15,15,15,15,15,15,15
2003,260064,1,1,0,0,0,0,0,0,0,0,0,0
2003,260064,2,1,0,0,0,0,0,0,0,0,0,0
2003,260065,1,1,0,0,0,0,0,0,0,0,0,0
2003,260065,2,1,0,0,0,16,0,0,0,0,0,0
2003,260066,1,1,0,0,0,0,0,0,0,0,0,0
2003,260066,2,1,0,0,0,0,0,0,0,0,0,0
2003,260067,1,1,0,0,0,0,0,0,0,0,0,0
2003,260067,2,1,0,0,0,0,0,0,0,0,0,0
2003,260068,0,1,0,0,0,0,0,0,0,0,0,0
2003,260068,1,1,15,2,35,20,14,17,0,13,9,0
2003,260069,1,1,0,0,0,0,0,0,0,0,0,0
2003,260069,2,1,0,0,0,0,0,0,0,0,0,0
2003,260070,0,1,0,0,0,0,0,0,0,0,0,0
2003,260070,1,1,0,0,0,0,0,0,10,0,0,0
2003,260071,1,1,0,0,0,0,0,0,0,0,0,0
2003,260071,2,1,0,0,0,0,0,0,0,0,0,0
2003,260071,3,1,0,0,0,0,0,0,0,0,0,0
2003,260071,4,1,0,0,0,0,0,0,0,0,0,0
2003,260072,0,1,0,0,0,0,0,0,0,0,0,0
2003,260072,1,1,0,0,30,0,0,0,0,28,28,0
2003,260073,0,1,17,17,17,17,17,17,17,17,17,17
2003,260073,1,1,14,14,14,14,14,14,14,14,14,14
2003,260074,1,1,0,0,0,0,0,0,0,0,0,0
2003,260074,2,1,0,0,0,0,0,0,0,0,0,0
2003,260075,1,1,23,23,23,23,23,23,23,23,23,23
2003,260076,1,1,0,0,0,0,0,0,0,0,0,0
2003,260076,2,1,0,0,0,0,0,0,0,0,0,0
2003,260076,3,1,0,0,0,0,0,0,0,0,0,0
2003,260077,1,1,0,0,0,0,0,0,0,0,0,0
2003,260077,2,1,0,0,0,0,0,0,0,0,0,0
2003,260078,1,1,0,0,0,0,0,0,0,0,0,0
2003,260079,0,1,6,33,27,23,26,0,25,17,6,26
2003,260079,1,1,0,0,0,0,0,0,0,0,0,0
2003,260080,1,1,0,0,0,0,0,0,0,0,0,0
2003,260080,2,1,0,0,0,0,0,0,0,0,0,0
2003,260081,1,1,0,0,0,0,0,0,0,0,0,0
2003,260081,2,1,0,0,0,0,0,0,0,0,0,0
2003,260082,1,1,0,0,0,0,0,0,0,0,0,0
2003,260083,1,1,0,0,0,0,0,0,0,0,0,0
2003,260083,2,1,7,0,0,0,0,0,0,0,0,0
2003,260084,1,1,19,0,0,0,7,0,13,0,0,19
2003,260085,1,1,0,0,0,0,0,0,0,0,0,0
2003,260085,2,1,0,0,0,0,0,0,0,0,0,0
2003,260086,1,1,22,22,22,22,22,22,22,22,22,22
2003,260087,1,1,0,0,0,0,0,0,0,0,0,0
2003,260087,2,1,0,0,0,0,0,0,0,0,0,0
2003,260088,1,1,0,0,0,0,0,0,0,0,0,0
2003,260088,2,1,0,0,0,0,0,0,0,0,0,0
2003,260089,1,1,0,0,0,0,0,0,0,0,0,0
2003,260090,1,1,17,26,39,6,11,22,17,9,22,20
2003,260091,0,1,26,26,26,26,26,26,26,26,26,26
2003,260091,1,1,0,0,0,0,15,0,0,0,0,0
2003,260092,1,1,0,0,0,0,0,0,0,0,0,0
2003,260093,0,1,10,10,10,10,10,10,10,10,10,10
2003,260093,1,1,13,13,13,13,13,13,13,13,13,13
2003,260094,1,1,0,0,0,0,0,0,0,0,0,0
2003,260094,2,1,0,14,0,0,0,0,0,0,0,0
2003,260094,3,1,0,0,0,0,0,0,0,0,0,0
2003,260095,1,1,10,10,10,10,10,10,10,10,10,10
2003,260096,1,1,23,23,23,23,23,23,23,23,23,23
2003,260097,1,1,0,0,0,0,0,0,0,0,0,0
2003,260098,1,1,0,32,0,0,0,0,0,0,9,0
2003,260099,0,1,20,20,20,20,20,20,20,20,20,20
2003,260099,1,1,36,0,13,3,0,0,0,0,0,0
2003,260100,0,1,0,19,29,29,0,0,0,20,0,21
2003,260100,1,1,0,0,0,0,0,0,0,0,0,0
2003,260101,1,1,0,0,0,0,0,0,0,0,0,0
2003,260101,2,1,0,0,0,0,0,0,0,0,0,0
2003,260102,1,1,15,0,0,0,0,0,0,0,0,0
2003,260102,2,1,0,0,0,0,0,0,0,0,0,8
2003,260103,1,1,0,0,0,0,0,0,0,0,15,0
2003,260104,0,1,0,0,0,0,0,0,0,0,0,0
2003,260104,1,1,0,0,0,0,0,0,0,0,0,0
2003,260104,2,1,0,0,0,0,0,0,0,0,0,0
2003,260105,1,1,0,0,0,0,0,0,0,0,0,0
2003,260106,1,1,0,0,0,0,0,0,0,0,0,0
2003,260107,1,1,0,0,0,0,0,0,0,0,0,0
2003,260107,2,1,0,0,0,0,0,0,0,0,0,0
2003,260108,1,1,0,0,0,0,0,0,0,0,0,0
2003,260108,2,1,0,0,0,0,0,0,0,0,0,0
2003,260109,0,1,0,0,0,0,0,0,0,0,0,0
2003,260109,1,1,0,0,0,0,0,0,0,0,0,0
2003,260110,1,1,20,20,20,20,20,20,20,20,20,20
2003,260110,2,1,0,0,0,0,11,0,10,0,0,0
2003,260111,0,1,23,23,23,23,23,23,23,23,23,23
2003,260111,1,1,0,0,0,0,0,0,0,0,0,0
2003,260112,1,1,0,0,0,0,0,0,18,0,0,0
2003,260112,2,1,0,0,0,10,0,0,0,0,0,0
2003,260113,1,1,0,0,0,0,0,0,0,0,0,0
2003,260113,2,1,0,0,0,0,0,0,0,0,0,0
2003,260114,1,1,0,0,0,0,0,0,0,0,0,0
2003,260114,2,1,0,0,0,0,0,0,0,0,0,0
2003,260115,0,1,0,0,0,0,0,0,0,0,0,0
2003,260115,1,1,0,0,18,0,0,0,0,0,0,0
2003,260116,1,1,18,0,0,9,0,0,0,0,0,0
2003,260116,2,1,0,0,0,0,0,0,0,0,0,0
2003,260116,3,1,0,0,0,0,0,0,0,0,0,0
2003,260117,0,1,0,0,0,0,0,0,0,0,0,0
2003,260117,1,1,0,0,0,21,0,0,0,0,26,0
2003,260118,0,1,0,0,0,0,0,0,0,0,0,0
2003,260118,1,1,0,0,0,0,0,0,0,0,0,0
2003,260119,0,1,0,0,0,0,0,0,0,0,0,0
2003,260119,1,1,0,11,0,0,14,0,17,0,0,0
2003,260120,0,1,0,0,0,0,24,0,0,18,0,0
2003,260120,1,1,0,0,0,0,0,0,0,0,0,0
2003,260121,1,1,0,0,0,8,0,0,27,0,0,0
2003,260121,2,1,0,0,5,0,0,0,0,0,0,0
2003,260121,3,1,6,6,6,6,6,6,6,6,6,6
2003,260122,1,1,0,0,0,0,0,0,0,0,0,0
2003,260122,2,1,0,0,0,0,0,0,0,0,0,0
2003,260123,1,1,0,0,0,0,0,0,0,0,0,0
2003,260123,2,1,0,0,0,0,0,0,0,0,0,0
2003,260124,0,1,0,0,0,0,0,21,0,0,22,0
2003,260124,1,1,0,0,0,0,0,0,0,0,0,0
2003,260125,0,1,4,0,0,5,23,0,26,0,20,25
2003,260125,1,1,24,13,9,16,18,11,0,12,0,9
2003,260126,1,1,0,0,0,0,0,0,0,0,0,0
2003,260126,2,1,0,0,0,0,0,0,0,0,0,0
2003,260127,1,1,0,0,0,0,0,0,0,0,0,0
2003,260127,2,1,0,0,0,0,0,0,0,0,0,0
2003,260128,1,1,0,0,0,0,0,0,17,0,0,0
2003,260128,2,1,0,0,0,0,0,0,0,0,0,0
2003,260129,0,1,0,0,0,0,0,0,0,0,0,0
2003,260129,1,1,0,0,0,0,0,0,0,0,0,0
2003,260129,2,1,0,0,0,0,0,0,0,0,0,0
2003,260130,1,1,20,0,0,0,0,0,0,0,18,0
2003,260131,1,1,25,25,25,25,25,25,25,25,25,25
2003,260132,1,1,0,0,0,0,0,0,0,0,0,0
2003,260132,2,1,0,0,0,0,0,0,0,0,0,0
2003,260133,1,1,0,0,0,0,0,0,0,0,0,0
2003,260133,2,1,0,0,0,0,0,0,0,15,0,0
2003,260134,1,1,22,16,15,15,17,26,15,12,21,21
2003,260135,1,1,0,0,0,0,0,0,0,0,0,0
2003,260136,1,1,0,0,0,0,0,0,0,0,0,0
2003,260136,2,1,0,0,0,0,0,0,0,0,0,0
2003,260137,1,1,0,0,0,0,0,0,0,0,0,0
2003,260137,2,1,0,0,0,0,0,0,0,0,0,0
2003,260138,1,1,0,18,0,0,0,0,0,0,0,0
2003,260138,2,1,0,0,0,0,0,0,20,0,0,0
2003,260139,1,1,0,0,0,0,0,0,0,0,0,0
2003,260139,2,1,0,0,0,0,0,0,0,0,0,0
2003,260140,1,1,14,14,14,14,14,14,14,14,14,14
2003,260141,1,1,0,0,0,0,0,0,0,0,0,0
2003,260141,2,1,0,0,0,0,0,0,0,0,0,0
2003,260141,3,1,0,0,0,0,15,0,0,0,0,0
2003,260142,1,1,15,15,15,15,15,15,15,15,15,15
2003,260142,2,1,0,0,0,0,0,0,0,0,0,0
2003,260143,1,1,0,0,0,0,0,0,0,0,0,0
2003,260143,2,1,0,0,0,0,0,0,0,0,0,0
2003,260144,1,1,0,0,0,0,0,0,0,0,0,0
2003,260144,2,1,0,0,0,0,0,0,0,0,0,0
2003,260144,3,1,0,0,0,0,0,0,0,0,0,0
2003,260145,1,1,0,0,0,0,0,0,0,0,0,0
2003,260146,1,1,18,18,18,18,18,18,18,18,18,18
2003,260147,1,1,0,0,0,0,0,0,0,0,0,0
2003,260147,2,1,0,0,0,0,0,0,0,0,0,0
2003,260148,1,1,0,0,0,0,0,0,0,0,0,0
2003,260148,2,1,0,0,7,0,0,14,0,0,4,0
2003,260149,1,1,22,24,17,23,6,17,6,8,5,17
2003,260149,2,1,0,28,13,0,0,0,10,0,0,19
2003,260150,0,1,0,0,0,0,0,0,0,0,0,0
2003,260150,1,1,0,0,0,0,0,0,0,0,0,0
2003,260150,2,1,0,0,0,0,0,21,0,0,0,0
2003,260150,3,1,0,0,0,0,0,0,0,0,0,0
2003,260151,1,1,0,0,0,0,0,0,0,0,0,0
2003,260152,1,1,0,0,0,0,0,0,0,0,0,0
2003,260152,2,1,0,0,0,0,0,0,0,0,0,0
2003,260153,0,1,0,0,0,0,0,0,0,0,0,0
2003,260153,1,1,0,0,0,0,0,0,0,0,0,0
2003,260154,1,1,0,0,0,0,0,0,0,0,0,0
2003,260154,2,1,0,0,0,0,0,0,0,0,0,0
2003,260155,0,1,0,0,0,0,0,0,0,0,0,0
2003,260155,1,1,0,0,0,0,0,0,0,0,0,0
2003,260156,1,1,17,17,17,17,17,17,17,17,17,17
2003,260156,2,1,0,0,0,0,0,0,0,0,0,0
2003,260157,1,1,0,0,0,0,0,0,0,0,0,0
2003,260157,2,1,0,0,0,0,0,0,0,0,0,0
2003,260158,1,1,0,0,0,0,0,0,0,0,0,0
2003,260158,2,1,0,0,0,0,0,0,0,0,3,0
2003,260158,3,1,0,0,0,0,0,0,9,0,0,0
2003,260159,1,1,0,0,0,0,0,0,0,0,0,12
2003,260159,2,1,0,0,0,0,0,0,0,0,0,0
2003,260160,1,1,0,0,0,0,8,21,0,3,17,13
2003,260160,2,1,0,0,0,0,0,0,0,0,0,0
2003,260161,0,1,24,24,24,24,24,24,24,24,24,24
2003,260161,1,1,0,0,0,0,0,0,0,0,0,9
2003,260162,1,1,15,15,15,15,15,15,15,15,15,15
2003,260163,1,1,0,0,0,0,0,0,0,0,0,0
2003,260163,2,1,0,0,0,0,0,0,0,0,0,0
2003,260164,0,1,0,0,0,0,0,0,0,0,0,0
2003,260164,1,1,0,0,0,0,0,0,0,0,0,0
2003,260165,0,1,35,0,27,15,20,22,30,11,20,20
2003,260165,1,1,0,0,0,0,0,0,0,0,0,0
2003,260166,1,1,0,0,0,0,0,0,0,0,0,0
2003,260166,2,1,0,0,0,0,0,0,0,0,0,0
2003,260167,1,1,23,23,23,23,23,23,23,23,23,23
2003,260167,2,1,0,0,0,0,6,0,0,0,0,0
2003,260167,3,1,0,0,0,0,0,0,0,0,0,21
2003,260168,0,1,0,0,0,0,0,0,0,0,0,0
2003,260168,1,1,0,0,0,0,0,0,0,0,0,0
2003,260169,1,1,0,0,0,0,0,0,0,0,0,0
2003,260170,1,1,11,11,11,11,11,11,11,11,11,11
2003,260171,1,1,0,0,0,0,0,0,0,0,0,0
2003,260171,2,1,0,0,0,0,0,0,0,0,0,0
2003,260173,1,1,22,22,22,22,22,22,22,22,22,22
2003,260174,0,1,0,0,0,0,0,0,0,0,0,0
2003,260174,1,1,0,0,0,0,0,0,0,0,0,0
2003,260175,1,1,3,3,3,3,3,3,3,3,3,3
2003,260176,1,1,15,15,15,15,15,15,15,15,15,15
2003,260176,2,1,11,11,11,11,11,11,11,11,11,11
2003,260177,1,1,0,0,0,0,0,0,0,0,0,0
2003,260178,0,1,5,18,20,0,0,26,25,0,0,0
2003,260178,1,1,0,0,0,0,0,0,0,0,0,0
2003,260179,1,1,0,0,0,0,0,0,0,0,0,0
2003,260179,2,1,0,0,0,0,0,0,0,0,0,4
2003,260180,1,1,0,0,0,0,0,0,0,0,0,0
2003,260182,1,1,0,0,0,0,0,10,0,0,0,12
2003,260183,0,1,0,0,0,0,0,0,0,0,0,0
2003,260183,1,1,0,0,0,0,0,0,0,0,0,0
2003,260184,0,1,22,20,29,20,22,30,26,28,0,7
2003,260184,1,1,13,13,13,13,13,13,13,13,13,13
2003,260185,0,1,27,27,27,27,27,27,27,27,27,27
2003,260185,1,1,0,0,0,0,0,0,0,0,0,0
2003,260186,1,1,0,20,0,4,0,0,25,17,0,13
2003,260186,2,1,0,0,0,0,0,0,0,0,0,0
2003,260187,1,1,0,0,0,0,0,0,0,0,0,0
2003,260187,2,1,0,0,0,0,0,0,0,0,0,0
2003,260187,3,1,0,0,0,0,0,0,0,0,0,0
2003,260188,1,1,0,0,0,0,0,0,0,0,0,0
2003,260189,1,1,0,0,0,0,0,0,0,0,0,0
2003,260189,2,1,0,0,0,4,0,0,0,0,0,0
2003,260190,1,1,0,0,0,0,0,0,0,0,0,0
2003,260190,2,1,0,0,0,0,0,0,0,0,0,0
2003,260191,1,1,0,0,0,0,0,0,0,0,0,0
2003,260191,2,1,0,0,0,0,0,0,0,0,0,0
2003,260192,1,1,0,0,0,0,0,0,0,0,0,0
2003,260192,2,1,0,0,0,0,0,0,0,0,0,0
2003,260193,1,1,0,0,0,0,0,0,0,0,0,0
2003,260193,2,1,0,0,0,0,0,0,0,0,0,0
2003,260194,1,1,0,0,0,0,0,0,0,0,0,0
2003,260194,2,1,0,0,0,0,0,0,0,0,0,0
2003,260195,1,1,17,17,17,17,17,17,17,17,17,17
2003,260196,1,1,0,0,0,0,0,0,0,0,0,0
2003,260196,2,1,0,0,0,0,0,0,0,0,0,0
2003,260197,1,1,0,0,0,0,0,0,0,0,0,0
2003,260198,1,1,7,7,7,7,7,7,7,7,7,7
2003,260198,2,1,11,22,11,0,12,2,10,7,17,6
2003,260199,1,1,0,0,0,0,0,0,0,0,0,0
2003,260200,0,1,8,8,8,8,8,8,8,8,8,8
2003,260200,1,1,0,0,0,0,0,0,0,0,0,0
2003,260201,1,1,0,0,0,0,0,0,0,0,0,0
2003,260201,2,1,0,0,0,0,0,0,0,0,0,0
2003,260202,1,1,18,18,18,18,18,18,18,18,18,18
2003,260203,1,1,0,0,0,0,0,0,0,0,0,0
2003,260204,1,1,22,22,22,22,22,22,22,22,22,22
2003,260205,1,1,0,0,0,0,0,0,0,0,0,0
2003,260206,1,1,0,0,0,0,0,0,0,0,0,0
2003,260206,2,1,0,0,0,0,0,0,0,0,0,0
2003,260207,1,1,11,11,11,11,11,11,11,11,11,11
2003,260207,2,1,0,0,0,0,0,0,0,0,0,0
2003,260208,1,1,15,15,15,15,15,15,15,15,15,15
2003,260208,2,1,0,0,0,0,0,0,0,0,0,0
2003,260209,1,1,0,0,0,0,0,0,0,0,0,0
2003,260210,0,1,43,37,15,0,0,26,19,29,0,0
2003,260210,0,3,21,35,5,24,19,0,21,29,17,5
2003,260210,1,1,0,0,0,0,0,0,0,0,0,0
2003,260211,1,1,0,0,0,0,0,0,0,0,0,0
2003,260211,2,1,8,8,8,8,8,8,8,8,8,8
2003,260212,1,1,0,25,6,0,0,0,0,0,0,0
2003,260212,2,1,0,0,0,0,0,0,0,0,0,0
2003,260212,3,1,4,0,0,0,0,8,0,0,0,0
2003,260213,1,1,0,0,0,0,0,0,0,0,0,0
2003,260214,1,1,33,33,33,33,33,33,33,33,33,33
2003,260215,0,1,0,0,0,21,0,0,16,0,0,0
2003,260215,1,1,0,0,0,0,0,0,0,0,0,0
2003,260216,0,1,0,0,0,0,0,0,0,0,0,0
2003,260216,1,1,0,0,0,0,0,0,0,13,0,0
2003,260216,2,1,0,0,0,0,0,0,0,0,0,0
2003,260217,1,1,10,0,37,0,0,23,0,0,15,21
2003,260218,1,1,15,15,15,15,15,15,15,15,15,15
2003,260219,1,1,0,0,0,0,0,0,0,0,0,0
2003,260220,1,1,13,13,13,13,13,13,13,13,13,13
2003,260221,1,1,0,0,0,0,0,0,0,0,0,0
2003,260222,0,1,2,2,2,2,2,2,2,2,2,2
2003,260222,1,1,0,0,0,0,0,0,0,0,0,0
2003,260223,1,1,25,25,25,25,25,25,25,25,25,25
2003,260224,1,1,0,0,0,0,0,0,0,0,0,0
2003,260225,1,1,0,0,0,0,0,0,0,0,0,0
2003,260225,2,1,0,4,2,0,6,6,5,2,5,8
2003,260226,1,1,0,0,0,0,0,0,0,0,0,0
2003,260227,1,1,0,0,0,9,20,31,16,12,3,16
2003,260228,0,1,0,0,0,0,0,0,0,0,0,0
2003,260228,1,1,0,0,0,0,0,0,0,0,0,0
2003,260229,1,1,0,0,0,0,0,0,0,0,0,0
2003,260229,2,1,0,0,0,0,0,0,0,0,0,0
2003,260230,1,1,0,0,0,0,0,0,0,0,0,0
2003,260230,2,1,0,0,0,0,0,0,0,0,0,0
2003,260230,3,1,0,0,0,0,0,0,0,0,0,0
2003,260231,1,1,0,0,0,0,0,0,0,0,0,0
2003,260231,2,1,0,0,0,0,0,0,0,0,0,0
2003,260232,1,1,0,0,0,0,0,0,18,0,0,0
2003,260232,2,1,0,0,0,0,0,0,0,0,0,0
2003,260233,1,1,12,12,12,12,12,12,12,12,12,12
2003,260233,2,1,0,0,0,0,0,0,0,0,0,0
2003,260234,1,1,0,0,0,0,0,0,0,0,0,0
2003,260234,2,1,0,0,0,0,0,0,0,0,0,0
2003,260235,1,1,0,0,0,0,0,0,0,0,0,0
2003,260235,2,1,0,0,0,0,0,0,0,0,0,0
2003,260236,1,1,0,0,0,0,0,0,0,0,0,0
2003,260236,2,1,0,0,0,20,0,0,0,0,27,26
2003,260236,3,1,0,0,0,0,0,0,0,0,0,15
2003,260236,4,1,0,0,0,0,0,0,0,0,0,0
2003,260236,5,1,0,0,0,11,0,0,0,0,0,0