YEAR,ST_CASE,veh_no,per_no,P1,P2,P3,P4,P5,P6,P7,P8,P9,P10
2003,260236,6,1,0,0,0,0,0,0,0,0,0,0
2003,260236,7,1,0,0,0,0,0,0,0,0,0,0
2003,260236,8,1,5,0,0,0,0,0,0,0,0,0
2003,260236,9,1,0,0,0,0,0,0,0,0,0,0
2003,260236,10,1,0,0,0,0,14,0,0,0,0,0
2003,260236,11,1,0,0,0,12,0,0,0,0,0,0
2003,260237,1,1,0,0,0,0,0,0,0,0,0,0
2003,260237,2,1,0,0,0,0,0,0,0,0,0,0
2003,260237,3,1,0,0,0,0,0,0,0,0,0,0
2003,260237,4,1,0,5,0,0,0,0,0,0,0,0
2003,260238,1,1,0,0,0,0,0,0,0,0,0,0
2003,260239,1,1,0,18,0,17,18,0,15,17,16,0
2003,260239,2,1,0,0,0,0,0,0,0,0,0,0
2003,260240,1,1,33,33,33,33,33,33,33,33,33,33
2003,260240,2,1,0,0,13,0,0,0,0,0,0,0
2003,260241,1,1,0,0,0,0,0,0,0,0,0,0
2003,260241,2,1,0,0,0,0,0,0,0,0,0,0
2003,260242,0,1,0,0,0,0,0,0,0,0,0,0
2003,260242,1,1,0,0,0,0,0,0,0,0,0,0
2003,260243,1,1,0,0,0,0,0,0,0,0,0,0
2003,260243,2,1,0,0,0,0,0,0,0,0,0,0
2003,260244,0,1,0,0,0,0,0,0,0,0,0,0
2003,260244,1,1,0,0,0,0,0,0,0,0,0,0
2003,260245,1,1,0,0,0,0,0,0,0,0,0,0
2003,260245,2,1,0,0,0,0,0,0,0,0,0,0
2003,260246,1,1,0,0,0,0,0,0,0,0,0,0
2003,260246,2,1,0,0,0,0,0,0,6,0,0,0
2003,260247,1,1,0,0,0,0,0,0,0,0,0,0
2003,260247,2,1,0,0,0,0,0,0,0,0,0,0
2003,260247,3,1,0,0,0,0,0,0,0,0,0,0
2003,260248,1,1,0,0,0,0,0,0,0,0,0,0
2003,260248,2,1,0,0,0,0,0,0,0,0,0,0
2003,260249,0,1,0,0,0,0,0,0,0,0,0,0
2003,260249,1,1,9,9,9,9,9,9,9,9,9,9
2003,260250,1,1,0,0,0,0,0,0,0,0,0,0
2003,260250,2,1,5,0,0,0,9,0,0,0,13,0
2003,260251,1,1,10,10,10,10,10,10,10,10,10,10
2003,260251,2,1,0,0,0,0,0,0,0,0,0,0
2003,260252,1,1,0,0,0,0,0,0,0,0,0,0
2003,260252,2,1,0,0,0,0,0,0,0,0,0,0
2003,260253,0,1,0,0,17,0,0,0,0,0,0,0
2003,260253,1,1,0,0,0,0,0,0,0,0,0,0
2003,260254,1,1,0,0,0,0,0,0,0,0,0,0
2003,260255,1,1,16,16,16,16,16,16,16,16,16,16
2003,260256,0,1,17,32,0,0,0,0,0,23,0,0
2003,260256,1,1,15,15,15,15,15,15,15,15,15,15
2003,260257,1,1,0,0,0,0,0,0,0,0,0,0
2003,260258,0,1,15,34,22,27,11,27,35,24,11,18
2003,260258,1,1,0,0,0,3,0,0,0,0,0,0
2003,260259,1,1,0,0,0,0,0,0,0,0,0,0
2003,260259,2,1,0,0,0,0,0,0,0,0,0,0
2003,260260,1,1,0,7,0,0,0,0,16,0,11,0
2003,260261,1,1,0,0,0,0,0,0,0,0,0,0
2003,260262,1,1,24,24,24,24,24,24,24,24,24,24
2003,260263,0,1,27,0,0,0,0,0,0,0,0,0
2003,260263,1,1,1,1,1,1,1,1,1,1,1,1
2003,260264,0,1,0,0,0,0,0,0,0,0,0,0
2003,260264,1,1,0,0,0,0,0,0,0,0,0,0
2003,260265,1,1,0,0,0,0,0,0,0,0,0,0
2003,260265,2,1,0,0,0,0,0,0,0,0,0,0
2003,260265,3,1,0,0,0,0,0,0,0,0,0,0
2003,260265,4,1,0,0,0,0,0,0,0,0,0,0
2003,260266,1,1,5,5,5,5,5,5,5,5,5,5
2003,260267,1,1,0,0,0,14,0,16,8,0,0,8
2003,260268,1,1,13,13,13,13,13,13,13,13,13,13
2003,260269,1,1,0,0,0,0,0,0,0,0,0,0
2003,260270,0,1,23,23,23,23,23,23,23,23,23,23
2003,260270,1,1,0,0,0,0,0,0,0,0,0,0
2003,260271,1,1,0,0,0,0,0,0,0,0,0,0
2003,260272,1,1,0,0,0,0,6,0,0,0,0,0
2003,260272,2,1,5,5,5,5,5,5,5,5,5,5
2003,260272,3,1,0,0,0,0,0,0,0,0,0,0
2003,260273,0,1,0,0,0,0,0,0,0,0,0,0
2003,260273,1,1,20,20,20,20,20,20,20,20,20,20
2003,260274,1,1,0,0,0,0,0,0,0,0,0,0
2003,260275,1,1,0,0,16,0,0,0,21,0,0,0
2003,260276,1,1,0,0,0,0,0,0,0,19,0,0
2003,260276,2,1,0,0,0,0,0,0,0,0,0,0
2003,260277,1,1,0,23,0,0,0,11,0,23,20,0
2003,260277,2,1,14,14,14,14,14,14,14,14,14,14
2003,260278,0,1,38,38,38,38,38,38,38,38,38,38
2003,260278,1,1,0,0,0,0,0,0,0,0,0,0
2003,260279,1,1,0,0,0,0,0,0,0,0,0,0
2003,260279,2,1,0,0,0,0,0,0,0,0,0,0
2003,260279,3,1,0,0,0,0,0,0,0,0,0,0
2003,260279,4,1,0,0,0,0,0,0,5,0,0,0
2003,260280,1,1,29,29,29,29,29,29,29,29,29,29
2003,260281,1,1,0,0,0,0,0,0,0,0,0,0
2003,260281,2,1,0,0,0,0,0,0,0,0,0,0
2003,260282,1,1,26,27,3,14,8,20,9,8,25,10
2003,260283,1,1,0,0,0,0,0,0,0,0,0,0
2003,260284,1,1,0,0,0,0,0,0,0,0,0,0
2003,260285,1,1,0,0,0,0,0,0,0,0,0,0
2003,260286,1,1,0,14,18,0,0,12,20,28,7,39
2003,260287,1,1,0,0,0,0,0,0,0,0,0,0
2003,260287,2,1,0,0,0,0,0,0,0,0,0,0
2003,260288,1,1,0,0,0,0,0,0,0,0,0,0
2003,260288,2,1,0,0,0,0,0,0,0,0,0,0
2003,260288,3,1,0,0,0,0,0,0,0,0,0,0
2003,260289,1,1,20,0,0,0,15,0,0,0,0,0
2003,260289,2,1,0,0,0,0,0,0,0,0,0,0
2003,260290,0,1,0,22,42,33,0,0,0,15,0,0
2003,260290,0,2,0,0,0,16,27,9,0,24,11,28
2003,260290,1,1,20,20,20,20,20,20,20,20,20,20
2003,260291,1,1,34,34,34,34,34,34,34,34,34,34
2003,260292,1,1,0,0,0,0,0,0,0,0,0,0
2003,260292,2,1,0,0,0,10,0,0,0,0,0,0
2003,260293,1,1,12,12,12,12,12,12,12,12,12,12
2003,260294,1,1,0,0,0,0,0,0,0,0,0,0
2003,260295,1,1,0,0,0,0,0,0,0,0,0,19
2003,260295,2,1,0,0,17,0,0,0,0,32,0,0
2003,260295,3,1,0,0,0,0,0,0,0,0,0,0
2003,260295,4,1,0,0,0,0,0,0,0,0,0,0
2003,260296,1,1,0,0,0,0,0,0,0,0,0,0
2003,260296,2,1,0,0,0,0,0,0,0,0,0,0
2003,260297,1,1,0,0,0,0,0,0,0,0,0,0
2003,260297,2,1,0,0,0,0,0,0,0,0,0,0
2003,260298,1,1,0,0,0,0,0,0,0,0,0,0
2003,260298,2,1,0,0,0,0,0,0,0,0,0,0
2003,260299,1,1,0,0,0,0,0,0,0,0,0,0
2003,260299,2,1,0,0,0,0,0,0,0,0,0,0
2003,260300,1,1,0,0,0,0,0,0,0,0,0,0
2003,260300,2,1,0,0,0,0,0,0,0,0,0,0
2003,260301,1,1,15,20,21,13,11,17,6,27,22,7
2003,260301,2,1,0,0,0,0,0,0,0,0,0,0
2003,260302,1,1,0,0,7,18,22,15,23,21,0,0
2003,260303,1,1,24,24,24,24,24,24,24,24,24,24
2003,260303,2,1,0,0,0,0,0,0,0,0,0,0
2003,260304,1,1,0,0,0,0,0,0,0,0,0,0
2003,260304,2,1,0,0,0,0,0,0,0,0,0,0
2003,260305,1,1,0,0,0,0,0,0,0,0,0,0
2003,260306,1,1,16,0,0,25,26,0,0,0,24,24
2003,260307,1,1,0,0,0,0,0,0,0,0,0,0
2003,260309,1,1,13,13,13,13,13,13,13,13,13,13
2003,260310,1,1,12,0,0,0,26,0,0,0,0,0
2003,260311,1,1,25,25,25,25,25,25,25,25,25,25
2003,260312,1,1,0,14,0,0,0,0,0,0,0,0
2003,260313,1,1,0,13,3,27,0,9,14,29,10,8
2003,260313,2,1,0,0,0,0,0,0,0,0,0,0
2003,260314,0,1,0,16,0,6,0,0,4,0,0,0
2003,260314,1,1,4,4,4,4,4,4,4,4,4,4
2003,260315,1,1,0,0,0,0,0,0,0,19,0,0
2003,260315,2,1,0,0,20,0,6,13,0,0,0,0
2003,260316,1,1,0,0,0,0,0,0,0,0,0,0
2003,260316,2,1,0,0,0,0,0,0,0,0,0,0
2003,260317,1,1,0,0,0,0,0,0,0,0,0,0
2003,260317,2,1,0,0,0,0,0,0,0,0,0,0
2003,260318,1,1,0,0,0,0,0,0,0,0,0,0
2003,260318,2,1,0,0,0,0,0,0,0,0,0,24
2003,260319,0,1,20,20,20,20,20,20,20,20,20,20
2003,260319,1,1,0,0,0,0,0,0,0,0,0,0
2003,260320,1,1,0,0,0,0,0,0,0,0,0,0
2003,260321,1,1,25,25,25,25,25,25,25,25,25,25
2003,260322,1,1,19,19,19,19,19,19,19,19,19,19
2003,260322,2,1,0,0,0,0,0,0,0,0,0,0
2003,260323,1,1,0,0,0,0,0,0,0,0,0,0
2003,260323,2,1,0,0,0,0,0,0,0,0,0,0
2003,260323,3,1,0,0,0,0,0,0,0,0,0,0
2003,260324,1,1,0,0,0,0,0,0,0,0,0,0
2003,260324,2,1,0,0,0,0,0,0,0,0,0,0
2003,260325,0,1,0,0,26,25,0,0,0,0,0,0
2003,260325,1,1,0,0,0,0,0,0,0,0,0,0
2003,260326,1,1,25,25,25,25,25,25,25,25,25,25
2003,260327,1,1,0,0,0,0,0,0,0,0,0,0
2003,260328,1,1,0,0,0,0,0,0,0,0,0,0
2003,260328,2,1,0,0,0,0,0,0,0,0,0,0
2003,260329,1,1,0,0,0,0,0,0,0,0,0,0
2003,260330,1,1,0,0,17,0,0,0,0,0,0,0
2003,260331,1,1,0,0,0,0,0,0,0,0,0,0
2003,260331,2,1,0,0,0,0,0,0,0,0,0,0
2003,260332,1,1,0,0,0,0,0,0,0,0,0,0
2003,260332,2,1,0,0,0,0,0,0,0,0,0,0
2003,260332,3,1,0,0,0,0,0,0,0,0,0,0
2003,260332,4,1,0,0,0,0,0,0,0,0,0,0
2003,260332,5,1,0,0,0,0,0,0,0,0,0,0
2003,260333,1,1,0,0,0,0,0,0,0,0,0,0
2003,260334,0,1,30,30,30,30,30,30,30,30,30,30
2003,260334,1,1,0,0,0,0,0,0,0,0,0,0
2003,260335,0,1,19,15,0,15,36,0,0,0,14,18
2003,260335,1,1,0,0,0,0,0,0,0,0,0,0
2003,260336,1,1,0,0,0,0,0,0,0,0,0,0
2003,260336,2,1,12,12,12,12,12,12,12,12,12,12
2003,260337,1,1,16,16,16,16,16,16,16,16,16,16
2003,260338,1,1,0,0,0,0,0,0,0,0,0,0
2003,260338,2,1,0,0,0,0,0,0,0,0,0,0
2003,260339,0,1,0,0,0,0,0,0,0,0,0,0
2003,260339,1,1,0,0,0,0,0,0,0,0,0,0
2003,260340,1,1,0,0,0,0,0,0,0,0,0,0
2003,260341,1,1,25,25,25,25,25,25,25,25,25,25
2003,260342,0,1,0,0,0,0,0,0,0,0,0,0
2003,260342,0,2,0,16,0,12,18,0,0,0,0,0
2003,260342,1,1,0,0,0,0,0,0,9,0,0,0
2003,260343,1,1,0,0,10,0,0,0,0,0,0,0
2003,260343,2,1,0,0,0,0,0,0,0,0,0,0
2003,260344,1,1,0,0,0,0,0,0,0,0,0,0
2003,260345,1,1,0,0,0,0,0,0,25,0,14,0
2003,260345,2,1,0,0,0,0,0,0,0,0,0,0
2003,260346,1,1,0,0,0,0,0,0,0,0,0,0
2003,260347,1,1,0,0,0,0,0,0,0,0,0,0
2003,260347,2,1,0,0,0,0,0,0,0,0,0,0
2003,260348,0,1,0,0,0,0,0,0,0,0,0,0
2003,260348,1,1,0,0,0,0,0,0,0,0,0,0
2003,260349,1,1,0,0,0,0,0,0,0,0,0,0
2003,260349,2,1,0,0,0,0,0,0,0,0,0,0
2003,260349,3,1,0,0,0,0,0,0,0,0,0,0
2003,260350,1,1,0,0,19,12,19,0,0,31,20,0
2003,260351,1,1,0,0,0,0,0,0,0,0,0,0
2003,260351,2,1,0,0,0,0,0,0,0,0,0,0
2003,260352,1,1,25,0,23,12,34,15,16,20,0,11
2003,260353,0,1,0,0,0,0,14,0,0,0,0,22
2003,260353,1,1,0,0,0,0,0,0,0,0,0,0
2003,260354,1,1,0,0,0,0,0,0,0,0,0,0
2003,260355,1,1,0,0,0,0,0,0,0,0,0,0
2003,260355,2,1,0,0,0,0,0,0,0,0,17,0
2003,260356,1,1,15,15,15,15,15,15,15,15,15,15
2003,260357,0,1,0,0,0,0,0,0,0,0,0,0
2003,260357,1,1,0,0,0,0,0,0,0,0,0,0
2003,260358,1,1,0,0,0,0,0,6,11,0,0,0
2003,260358,2,1,25,25,25,25,25,25,25,25,25,25
2003,260359,1,1,18,18,18,18,18,18,18,18,18,18
2003,260360,1,1,6,6,6,6,6,6,6,6,6,6
2003,260361,1,1,0,0,0,0,0,0,0,0,0,0
2003,260361,2,1,0,0,0,0,0,0,0,0,0,0
2003,260362,1,1,27,20,15,15,16,5,12,4,11,4
2003,260363,1,1,0,12,0,0,16,0,12,0,8,0
2003,260364,1,1,0,0,0,0,0,0,0,0,0,0
2003,260364,2,1,0,0,0,0,0,0,0,0,0,0
2003,260365,0,1,36,36,36,36,36,36,36,36,36,36
2003,260365,1,1,18,18,18,18,18,18,18,18,18,18
2003,260366,1,1,0,0,0,0,0,0,0,0,0,0
2003,260366,2,1,1,1,1,1,1,1,1,1,1,1
2003,260366,3,1,0,0,0,0,0,0,0,0,0,0
2003,260366,4,1,0,0,0,0,0,0,0,0,0,0
2003,260367,1,1,7,7,7,7,7,7,7,7,7,7
2003,260368,1,1,26,26,26,26,26,26,26,26,26,26
2003,260369,0,1,0,0,0,0,0,0,0,0,0,0
2003,260369,1,1,0,0,0,0,0,0,0,0,0,0
2003,260370,1,1,0,0,0,0,0,0,0,0,0,0
2003,260370,2,1,0,0,0,0,0,0,0,0,0,0
2003,260371,1,1,13,13,13,13,13,13,13,13,13,13
2003,260372,1,1,0,0,0,0,0,0,0,0,0,0
2003,260372,2,1,0,0,0,0,0,0,0,0,0,0
2003,260373,0,1,0,0,0,0,0,36,0,0,0,0
2003,260373,1,1,0,0,0,0,0,0,0,0,0,0
2003,260374,1,1,0,0,0,0,0,0,0,0,0,0
2003,260375,1,1,6,6,6,6,6,6,6,6,6,6
2003,260376,1,1,0,0,0,0,0,0,0,0,0,0
2003,260376,2,1,0,0,0,0,0,0,0,0,0,0
2003,260377,1,1,0,0,0,0,0,0,0,0,0,0
2003,260377,2,1,0,0,0,0,0,0,0,0,0,0
2003,260377,3,1,0,0,0,0,0,0,0,0,0,0
2003,260378,1,1,0,13,0,0,0,16,0,25,0,0
2003,260378,3,1,0,0,0,0,0,0,0,0,0,0
2003,260379,1,1,13,13,13,13,13,13,13,13,13,13
2003,260379,2,1,0,0,0,0,0,0,0,0,0,0
2003,260379,3,1,0,0,0,0,0,0,36,0,0,0
2003,260380,1,1,11,11,11,11,11,11,11,11,11,11
2003,260381,1,1,0,0,0,0,0,0,0,0,0,0
2003,260381,2,1,0,0,0,0,0,0,0,0,0,0
2003,260382,1,1,0,0,0,0,0,0,0,0,0,0
2003,260383,1,1,15,15,15,15,15,15,15,15,15,15
2003,260383,2,1,0,0,0,0,0,0,0,0,0,0
2003,260384,1,1,0,0,0,0,0,0,0,0,0,0
2003,260384,2,1,0,0,0,0,0,0,0,0,0,0
2003,260384,3,1,0,0,0,0,0,0,0,0,0,0
2003,260385,1,1,0,0,0,0,0,0,0,0,0,0
2003,260385,2,1,0,0,0,0,0,0,0,0,0,0
2003,260386,1,1,0,0,0,0,0,0,0,0,0,0
2003,260386,2,1,0,0,0,0,0,13,0,0,0,0
2003,260387,1,1,17,17,17,17,17,17,17,17,17,17
2003,260388,1,1,0,0,0,0,0,0,0,0,0,0
2003,260388,2,1,7,0,0,0,0,0,0,0,0,0
2003,260389,1,1,7,7,7,7,7,7,7,7,7,7
2003,260390,1,1,0,0,0,0,0,0,0,0,0,0
2003,260391,1,1,0,0,0,0,0,0,0,0,0,0
2003,260391,2,1,0,0,0,0,0,0,0,0,0,0
2003,260391,3,1,0,0,0,0,0,0,0,0,0,0
2003,260392,1,1,20,20,20,20,20,20,20,20,20,20
2003,260393,1,1,10,10,10,10,10,10,10,10,10,10
2003,260393,2,1,0,0,0,0,0,0,0,0,0,0
2003,260394,1,1,0,0,0,0,0,0,0,0,0,0
2003,260394,2,1,0,0,0,0,0,0,0,0,0,0
2003,260395,0,2,0,0,0,0,0,6,0,0,0,0
2003,260395,1,1,6,22,5,17,9,17,0,17,11,0
2003,260396,1,1,0,0,0,0,0,0,0,0,0,0
2003,260397,1,1,0,0,0,0,0,0,0,0,0,0
2003,260397,2,1,0,0,0,0,0,0,0,0,0,0
2003,260398,1,1,0,0,0,0,0,0,0,0,0,0
2003,260398,2,1,0,0,0,0,0,0,0,0,0,0
2003,260399,1,1,26,0,0,16,0,0,0,0,0,12
2003,260399,2,1,0,0,0,0,0,0,0,0,0,0
2003,260400,0,1,24,24,24,24,24,24,24,24,24,24
2003,260400,1,1,0,0,0,0,0,0,0,0,0,0
2003,260401,1,1,0,0,27,2,25,0,17,0,0,27
2003,260401,2,1,0,0,0,0,0,0,0,0,0,0
2003,260402,1,1,0,0,0,0,0,0,0,0,7,0
2003,260403,0,1,0,0,0,0,0,0,0,0,0,0
2003,260403,1,1,0,0,0,0,0,0,0,0,0,0
2003,260404,0,1,0,0,0,0,0,0,0,0,0,0
2003,260404,1,1,0,0,0,0,0,0,0,0,0,0
2003,260404,2,1,0,0,0,0,7,0,0,0,0,0
2003,260405,1,1,11,11,11,11,11,11,11,11,11,11
2003,260405,2,1,0,0,0,0,0,0,0,0,0,0
2003,260406,1,1,2,2,2,2,2,2,2,2,2,2
2003,260407,1,1,0,0,0,0,0,0,10,0,0,0
2003,260407,2,1,0,0,0,0,0,0,0,0,0,0
2003,260407,3,1,0,0,0,0,0,0,0,0,0,0
2003,260407,4,1,0,0,0,0,0,0,0,0,0,0
2003,260407,5,1,0,0,0,0,0,0,0,0,0,0
2003,260408,1,1,24,19,0,16,18,17,13,23,7,16
2003,260408,2,1,0,0,0,0,0,0,16,23,0,0
2003,260409,1,1,0,0,6,0,0,0,0,0,0,0
2003,260409,2,1,0,0,0,0,0,0,0,0,0,0
2003,260409,3,1,0,0,0,0,0,0,0,0,0,0
2003,260409,4,1,0,0,0,0,0,0,0,0,0,0
2003,260409,5,1,0,0,0,0,0,0,0,0,0,0
2003,260410,1,1,0,0,0,0,0,0,0,0,0,0
2003,260410,2,1,0,0,0,0,0,0,0,0,0,0
2003,260411,1,1,0,0,0,0,12,0,0,0,0,0
2003,260412,0,1,42,42,42,42,42,42,42,42,42,42
2003,260412,1,1,0,0,0,0,0,0,0,0,0,0
2003,260413,0,1,0,0,0,0,0,0,0,0,0,0
2003,260413,1,1,0,0,0,0,0,0,0,0,0,0
2003,260414,0,1,0,0,0,0,0,12,0,12,0,0
2003,260414,1,1,0,0,0,0,0,0,0,0,0,0
2003,260415,1,1,0,0,0,0,0,0,0,0,0,0
2003,260416,1,1,15,5,4,6,19,7,9,16,16,16
2003,260417,1,1,0,0,0,0,0,0,0,0,0,0
2003,260417,2,1,0,0,0,0,0,0,0,0,0,0
2003,260418,0,1,0,0,0,0,0,0,0,0,0,0
2003,260418,1,1,0,0,0,0,0,0,0,0,0,0
2003,260419,0,1,0,0,0,0,0,0,0,0,0,0
2003,260419,1,1,0,0,0,0,0,0,0,0,0,0
2003,260420,1,1,0,0,12,15,0,0,16,0,25,0
2003,260421,1,1,0,0,0,0,0,0,0,0,0,0
2003,260421,2,1,0,0,0,0,0,0,0,0,0,0
2003,260422,1,1,0,0,0,0,0,0,0,0,0,0
2003,260423,1,1,22,17,0,0,0,0,12,0,0,0
2003,260424,1,1,0,0,0,0,0,0,0,0,0,0
2003,260424,2,1,0,0,0,0,0,0,0,0,0,0
2003,260424,3,1,0,0,0,0,0,0,0,0,0,0
2003,260425,1,1,0,0,0,0,0,0,0,0,0,0
2003,260425,2,1,0,0,0,0,0,0,0,0,0,0
2003,260426,1,1,0,0,0,0,0,0,0,0,0,0
2003,260427,1,1,5,5,5,5,5,5,5,5,5,5
2003,260428,1,1,21,21,21,21,21,21,21,21,21,21
2003,260429,1,1,0,0,0,0,0,0,0,0,0,0
2003,260430,1,1,0,0,28,14,0,0,0,0,0,0
2003,260430,2,1,0,0,0,0,0,0,22,0,0,0
2003,260431,0,1,0,0,0,0,0,0,0,0,0,0
2003,260431,1,1,0,0,0,0,0,0,0,0,0,0
2003,260432,1,1,0,0,0,0,0,0,0,0,0,0
2003,260432,2,1,0,0,0,0,0,0,0,0,0,0
2003,260432,3,1,0,0,0,0,0,0,0,0,0,0
2003,260432,4,1,0,0,0,0,0,0,0,0,0,0
2003,260433,1,1,0,0,0,0,0,0,0,0,0,0
2003,260433,2,1,0,0,0,0,0,0,0,0,0,0
2003,260434,1,1,0,0,0,0,0,0,0,0,0,0
2003,260434,2,1,0,0,0,0,0,0,0,0,0,0
2003,260435,1,1,0,0,0,0,0,0,0,0,0,0
2003,260436,1,1,14,0,0,0,0,0,0,10,10,0
2003,260437,1,1,0,0,0,0,0,0,0,0,0,0
2003,260437,2,1,0,0,0,0,0,0,0,0,0,0
2003,260438,1,1,0,0,0,0,0,0,0,0,0,0
2003,260439,1,1,0,0,0,17,0,0,0,16,0,0
2003,260440,1,1,5,5,5,5,5,5,5,5,5,5
2003,260441,1,1,0,0,0,0,0,0,0,0,0,0
2003,260442,1,1,0,0,0,0,0,0,0,0,0,0
2003,260442,2,1,0,0,0,0,0,0,0,0,0,0
2003,260443,1,1,0,0,0,0,0,0,0,0,0,0
2003,260443,2,1,0,0,0,0,0,0,0,0,0,0
2003,260444,1,1,23,21,16,14,16,14,9,14,9,21
2003,260445,1,1,0,0,0,0,0,0,0,0,0,0
2003,260445,2,1,0,0,0,0,0,0,0,0,0,0
2003,260446,1,1,0,10,0,0,0,0,0,0,0,0
2003,260446,2,1,0,0,0,0,0,0,0,0,0,0
2003,260446,3,1,0,0,0,0,0,0,0,0,0,0
2003,260447,1,1,0,0,0,0,0,0,0,0,0,0
2003,260448,1,1,8,15,0,0,0,0,26,49,0,8
2003,260448,2,1,0,0,0,0,0,7,0,0,0,0
2003,260449,1,1,0,0,0,0,0,0,0,0,0,0
2003,260449,2,1,0,0,0,0,0,0,0,0,0,0
2003,260450,1,1,0,0,0,0,0,0,0,0,0,0
2003,260451,0,1,4,4,4,4,4,4,4,4,4,4
2003,260451,1,1,0,0,0,1,0,0,0,0,0,0
2003,260452,1,1,0,0,0,0,0,0,0,0,0,0
2003,260452,2,1,0,0,34,5,15,0,11,0,0,0
2003,260452,3,1,0,0,0,16,14,20,20,15,15,0
2003,260453,1,1,18,12,0,0,0,0,0,0,0,0
2003,260453,2,1,0,0,0,0,0,0,0,0,18,0
2003,260454,1,1,3,0,0,0,0,0,0,0,0,0
2003,260454,2,1,0,0,0,0,0,0,0,0,0,0
2003,260455,1,1,0,0,0,0,0,0,0,0,0,0
2003,260456,1,1,0,0,0,0,0,0,0,0,0,0
2003,260456,2,1,0,0,0,0,0,0,0,0,0,0
2003,260457,1,1,0,0,0,0,0,0,0,0,0,0
2003,260457,2,1,0,0,0,0,0,0,0,0,0,0
2003,260457,3,1,0,0,0,0,0,0,0,0,0,0
2003,260458,1,1,0,0,0,0,0,0,27,24,0,12
2003,260459,1,1,14,13,20,0,0,0,23,0,0,0
2003,260460,0,1,32,19,10,15,23,12,16,12,28,20
2003,260460,1,1,0,0,0,0,15,0,0,0,0,0
2003,260461,1,1,0,0,0,0,0,0,0,0,0,0
2003,260461,2,1,0,0,0,0,0,0,0,0,0,0
2003,260462,1,1,0,0,0,0,0,0,0,0,0,0
2003,260462,2,1,0,0,0,0,0,0,0,0,0,0
2003,260463,1,1,23,23,23,23,23,23,23,23,23,23
2003,260464,0,1,28,28,28,28,28,28,28,28,28,28
2003,260464,1,1,0,14,4,0,0,0,0,0,0,0
2003,260465,1,1,17,17,17,17,17,17,17,17,17,17
2003,260466,1,1,0,0,0,0,0,0,0,0,0,0
2003,260466,2,1,0,0,0,0,0,0,0,0,0,0
2003,260466,3,1,0,0,0,0,0,0,0,0,0,0
2003,260467,1,1,12,12,12,12,12,12,12,12,12,12
2003,260468,1,1,0,0,0,0,0,0,0,0,0,0
2003,260468,2,1,0,0,9,0,0,0,0,0,0,0
2003,260469,1,1,1,1,1,1,1,1,1,1,1,1
2003,260470,1,1,0,0,0,0,0,0,0,0,0,0
2003,260470,2,1,0,0,0,0,0,0,0,0,0,0
2003,260471,1,1,13,13,13,13,13,13,13,13,13,13
2003,260471,2,1,19,19,19,19,19,19,19,19,19,19
2003,260472,1,1,0,0,0,0,0,0,0,0,0,0
2003,260473,1,1,0,0,0,0,0,0,0,0,0,0
2003,260473,2,1,0,0,0,0,0,0,0,0,10,0
2003,260474,1,1,17,17,17,17,17,17,17,17,17,17
2003,260475,1,1,0,0,0,0,0,0,0,0,0,0
2003,260475,2,1,0,0,0,0,0,0,0,0,0,0
2003,260476,1,1,0,0,0,0,0,0,0,0,0,0
2003,260476,2,1,0,0,0,0,0,0,0,0,0,0
2003,260477,1,1,0,0,0,0,0,0,0,0,0,0
2003,260477,2,1,0,0,0,0,0,0,0,0,0,0
2003,260478,1,1,0,0,2,7,12,8,0,12,11,4
2003,260478,2,1,0,0,0,0,0,0,0,0,0,0
2003,260479,0,1,9,9,9,9,9,9,9,9,9,9
2003,260479,1,1,0,0,0,0,0,0,0,0,0,0
2003,260479,2,1,0,0,0,0,0,0,0,0,0,0
2003,260479,3,1,4,4,4,4,4,4,4,4,4,4
2003,260479,4,1,24,0,0,0,0,0,0,0,0,0
2003,260480,1,1,0,0,0,0,0,0,0,0,0,0
2003,260481,1,1,20,20,20,20,20,20,20,20,20,20
2003,260482,1,1,0,0,0,0,0,0,0,0,0,0
2003,260483,1,1,15,15,15,15,15,15,15,15,15,15
2003,260483,2,1,0,0,0,0,0,0,0,0,0,0
2003,260483,3,1,0,0,0,0,0,0,0,0,0,0
2003,260484,1,1,0,0,0,0,0,0,0,0,0,0
2003,260484,2,1,0,0,0,0,0,0,0,0,0,0
2003,260484,3,1,0,0,0,0,0,0,0,0,0,0
2003,260485,1,1,0,0,0,0,11,0,0,0,0,0
2003,260485,2,1,0,0,0,0,0,0,0,0,0,0
2003,260485,3,1,0,0,0,0,0,0,0,0,0,0
2003,260486,1,1,0,0,0,0,0,0,15,0,0,0
2003,260486,2,1,0,0,0,0,0,0,0,0,0,0
2003,260487,1,1,3,3,3,3,3,3,3,3,3,3
2003,260488,1,1,15,15,15,15,15,15,15,15,15,15
2003,260488,2,1,0,0,12,0,11,0,0,0,0,0
2003,260489,1,1,26,26,26,26,26,26,26,26,26,26
2003,260490,1,1,6,6,6,6,6,6,6,6,6,6
2003,260490,2,1,0,0,0,0,0,0,0,0,0,0
2003,260491,1,1,21,21,21,21,21,21,21,21,21,21
2003,260491,2,1,0,0,0,0,0,0,0,0,0,0
2003,260492,1,1,0,0,0,0,0,0,0,0,0,0
2003,260492,2,1,0,0,0,0,0,0,0,0,0,0