YEAR,ST_CASE,veh_no,per_no,P1,P2,P3,P4,P5,P6,P7,P8,P9,P10
2003,260493,1,1,0,0,0,0,0,0,0,0,0,0
2003,260493,2,1,0,0,0,0,0,0,0,0,0,0
2003,260494,1,1,7,7,7,7,7,7,7,7,7,7
2003,260495,1,1,0,0,0,8,0,0,0,0,0,0
2003,260495,2,1,0,0,0,0,0,0,0,0,0,0
2003,260496,0,1,0,0,0,0,0,0,0,0,0,0
2003,260496,0,2,0,0,0,0,0,0,0,0,0,0
2003,260496,1,1,0,0,0,0,0,0,0,0,0,0
2003,260496,2,1,0,0,0,0,0,0,0,0,0,0
2003,260497,1,1,0,0,0,0,0,0,0,0,0,0
2003,260498,1,1,0,0,0,0,0,0,0,0,0,0
2003,260498,2,1,0,0,0,0,0,0,0,0,0,0
2003,260499,1,1,0,11,0,7,2,0,23,18,13,0
2003,260500,0,1,0,0,0,0,0,0,0,0,0,0
2003,260500,1,1,14,14,14,14,14,14,14,14,14,14
2003,260501,1,1,0,0,0,0,0,0,0,0,0,0
2003,260502,1,1,0,0,0,0,0,0,0,0,0,0
2003,260502,2,1,0,0,0,0,0,0,0,0,0,0
2003,260503,1,1,0,0,0,0,0,0,0,21,0,0
2003,260504,1,1,21,21,21,21,21,21,21,21,21,21
2003,260504,2,1,0,0,0,0,0,0,0,0,0,0
2003,260505,0,1,0,0,0,0,0,41,0,0,0,0
2003,260505,1,1,0,0,0,0,0,0,0,0,0,0
2003,260506,1,1,0,0,0,0,0,0,0,0,0,0
2003,260507,1,1,0,0,0,0,0,0,0,0,0,0
2003,260508,1,1,0,0,0,0,0,0,0,0,0,0
2003,260509,1,1,0,0,0,0,0,0,0,0,0,0
2003,260509,2,1,0,0,0,0,0,0,0,6,0,0
2003,260510,1,1,7,7,7,7,7,7,7,7,7,7
2003,260511,1,1,4,4,4,4,4,4,4,4,4,4
2003,260511,2,1,0,0,0,10,0,0,0,0,0,0
2003,260512,0,1,0,0,0,0,0,0,0,0,0,0
2003,260512,1,1,0,0,0,0,0,0,0,0,0,0
2003,260513,0,1,0,0,0,0,0,0,0,0,0,0
2003,260513,1,1,0,5,0,0,0,3,15,0,0,0
2003,260514,1,1,9,9,9,9,9,9,9,9,9,9
2003,260515,1,1,17,17,17,17,17,17,17,17,17,17
2003,260515,2,1,0,0,0,0,0,0,0,0,0,0
2003,260515,3,1,0,0,0,0,0,0,0,0,0,0
2003,260516,1,1,10,10,10,10,10,10,10,10,10,10
2003,260517,0,1,0,0,0,0,0,0,0,0,0,0
2003,260517,1,1,0,0,0,0,0,0,0,0,0,0
2003,260518,1,1,0,0,0,0,0,0,5,0,0,0
2003,260518,2,1,0,0,0,0,0,0,0,0,0,0
2003,260518,3,1,0,0,0,0,0,0,0,0,0,0
2003,260519,1,1,0,0,0,0,0,0,0,0,0,0
2003,260519,2,1,0,0,0,0,0,0,0,0,0,0
2003,260520,0,1,0,0,10,0,14,0,0,0,11,0
2003,260520,0,2,0,13,0,19,11,26,0,0,0,13
2003,260520,0,3,5,0,28,0,29,0,11,0,12,0
2003,260520,1,1,0,0,0,0,0,0,0,0,0,0
2003,260521,1,1,21,21,21,21,21,21,21,21,21,21
2003,260522,1,1,10,0,8,21,12,0,0,0,5,0
2003,260523,1,1,0,0,0,0,0,0,0,0,0,0
2003,260523,2,1,0,0,0,0,0,0,0,0,0,0
2003,260524,1,1,0,0,0,0,0,0,0,0,0,0
2003,260524,2,1,0,0,0,0,0,0,0,0,20,0
2003,260525,1,1,2,2,2,2,2,2,2,2,2,2
2003,260525,2,1,19,0,12,0,0,0,0,0,16,12
2003,260526,1,1,0,0,0,0,0,0,0,0,0,0
2003,260526,2,1,0,0,0,0,0,0,0,0,0,0
2003,260527,1,1,0,0,0,0,0,0,0,0,0,0
2003,260528,1,1,0,8,0,0,8,0,0,0,0,0
2003,260529,0,1,0,0,0,0,0,0,0,0,0,0
2003,260529,1,1,1,1,1,1,1,1,1,1,1,1
2003,260530,1,1,0,0,0,0,0,0,0,0,0,0
2003,260531,1,1,19,19,19,19,19,19,19,19,19,19
2003,260531,2,1,0,0,0,0,0,0,0,0,0,0
2003,260532,1,1,0,0,0,0,0,0,0,0,0,0
2003,260533,1,1,0,0,0,0,0,0,0,0,0,0
2003,260533,2,1,18,0,0,0,0,0,8,0,0,0
2003,260534,0,1,0,0,0,0,0,0,0,0,0,0
2003,260534,1,1,0,0,11,0,0,0,0,0,0,23
2003,260535,1,1,21,21,21,21,21,21,21,21,21,21
2003,260536,0,1,0,0,0,0,0,0,0,0,0,0
2003,260536,1,1,0,0,0,0,0,0,0,0,0,0
2003,260537,1,1,27,27,27,27,27,27,27,27,27,27
2003,260538,1,1,0,0,0,0,0,0,0,0,0,0
2003,260539,1,1,1,1,1,1,1,1,1,1,1,1
2003,260540,0,1,0,0,0,0,20,0,0,0,0,0
2003,260540,1,1,0,0,0,0,0,0,0,0,0,0
2003,260541,1,1,1,1,1,1,1,1,1,1,1,1
2003,260542,0,1,0,0,0,0,0,0,0,0,0,0
2003,260542,1,1,0,0,0,0,0,0,0,0,0,0
2003,260543,1,1,0,0,0,0,0,0,0,0,0,0
2003,260543,2,1,0,0,0,0,0,0,0,0,0,0
2003,260544,1,1,0,0,0,5,20,0,0,18,0,0
2003,260544,2,1,0,0,0,0,0,0,0,0,0,0
2003,260545,0,1,29,29,29,29,29,29,29,29,29,29
2003,260545,1,1,0,0,0,0,0,0,0,0,0,0
2003,260546,0,1,0,0,0,0,0,0,0,0,0,0
2003,260546,1,1,0,0,0,0,0,0,0,0,0,0
2003,260547,1,1,0,0,0,0,0,0,15,0,0,0
2003,260547,2,1,0,0,0,0,0,0,0,0,0,0
2003,260548,1,1,0,0,0,0,0,0,0,0,0,0
2003,260548,2,1,0,0,0,0,0,0,0,0,0,0
2003,260549,0,1,0,0,0,0,0,0,0,0,0,0
2003,260549,1,1,3,3,3,3,3,3,3,3,3,3
2003,260550,0,1,0,0,0,0,0,0,0,0,0,0
2003,260550,1,1,0,0,0,0,0,0,0,0,0,0
2003,260551,1,1,0,0,0,0,0,0,0,0,0,0
2003,260551,2,1,0,0,0,0,0,0,0,0,15,0
2003,260552,1,1,0,0,0,0,0,0,0,0,0,0
2003,260553,1,1,0,0,0,0,0,0,0,0,0,0
2003,260553,2,1,0,0,0,0,0,0,0,0,0,0
2003,260553,3,1,0,0,0,0,0,0,0,0,0,0
2003,260553,4,1,0,0,0,0,0,0,0,0,0,0
2003,260554,1,1,0,0,0,0,0,0,0,0,0,0
2003,260554,2,1,0,0,0,0,0,0,0,0,0,0
2003,260555,1,1,28,25,0,21,21,0,17,0,0,23
2003,260556,1,1,0,0,0,0,0,0,0,0,0,0
2003,260556,2,1,0,0,0,0,0,0,0,0,0,0
2003,260557,1,1,0,0,0,0,0,0,0,0,0,0
2003,260557,2,1,0,0,0,0,0,0,0,0,0,0
2003,260558,1,1,30,30,30,30,30,30,30,30,30,30
2003,260559,1,1,0,0,0,0,0,0,0,0,0,0
2003,260559,2,1,0,0,0,0,0,0,0,0,0,0
2003,260560,1,1,0,0,0,0,0,0,0,0,0,0
2003,260560,2,1,0,0,0,0,0,0,0,0,3,0
2003,260560,3,1,0,0,0,0,0,0,0,0,0,0
2003,260561,1,1,17,19,22,10,18,37,34,29,21,15
2003,260562,1,1,0,0,0,0,0,0,0,0,0,0
2003,260562,2,1,0,0,0,0,0,0,0,0,0,0
2003,260563,1,1,0,0,0,0,0,0,0,0,0,0
2003,260564,1,1,0,0,0,0,0,0,0,0,0,0
2003,260565,0,1,25,0,13,0,25,20,26,21,31,26
2003,260565,0,2,11,20,24,26,20,32,0,14,18,12
2003,260565,1,1,0,0,0,0,0,0,0,0,0,0
2003,260565,4,1,0,0,0,0,0,0,0,0,0,0
2003,260566,1,1,0,0,0,0,0,0,0,0,0,0
2003,260566,2,1,0,0,0,0,0,0,0,23,0,0
2003,260566,3,1,0,0,0,0,0,0,0,0,0,0
2003,260566,4,1,0,0,0,22,0,0,0,0,0,0
2003,260567,1,1,11,8,0,8,12,0,7,6,1,14
2003,260568,1,1,15,15,15,15,15,15,15,15,15,15
2003,260569,1,1,22,22,22,22,22,22,22,22,22,22
2003,260569,2,1,0,0,0,0,0,0,0,0,0,0
2003,260570,1,1,0,0,0,0,7,0,0,0,0,0
2003,260570,2,1,0,0,0,0,0,0,0,0,0,0
2003,260571,1,1,0,0,0,0,0,0,0,0,0,0
2003,260571,2,1,0,0,0,0,0,0,0,0,0,0
2003,260571,3,1,0,0,0,0,0,0,0,0,0,0
2003,260571,4,1,0,0,0,0,0,0,0,0,0,0
2003,260571,5,1,0,0,0,0,0,0,0,0,0,0
2003,260572,1,1,27,11,3,20,3,23,17,18,14,18
2003,260573,1,1,0,0,0,0,0,0,0,0,0,0
2003,260573,2,1,0,0,0,0,0,0,0,0,0,0
2003,260574,1,1,30,26,19,19,42,35,16,20,24,41
2003,260575,1,1,2,2,2,2,2,2,2,2,2,2
2003,260576,1,1,0,0,0,0,0,0,0,0,0,0
2003,260577,1,1,22,22,22,22,22,22,22,22,22,22
2003,260578,0,1,0,0,0,0,0,0,0,0,0,0
2003,260578,1,1,14,14,14,14,14,14,14,14,14,14
2003,260579,1,1,6,6,6,6,6,6,6,6,6,6
2003,260580,1,1,0,0,0,0,0,0,0,0,0,0
2003,260580,2,1,0,0,0,0,0,0,0,0,0,0
2003,260581,1,1,0,0,0,0,0,0,0,0,0,0
2003,260581,2,1,0,0,0,0,0,0,0,0,0,0
2003,260582,1,1,22,22,22,22,22,22,22,22,22,22
2003,260583,1,1,0,0,0,0,0,0,0,0,0,0
2003,260583,2,1,0,0,0,0,0,0,0,0,0,0
2003,260584,1,1,0,0,0,0,0,0,0,0,0,0
2003,260585,0,1,0,7,4,0,0,0,0,0,0,0
2003,260585,0,2,0,0,7,7,17,21,0,0,0,0
2003,260585,1,1,0,0,0,0,0,0,0,0,0,0
2003,260586,1,1,0,0,0,0,0,0,0,0,0,0
2003,260586,2,1,0,0,0,0,0,0,0,0,0,0
2003,260586,3,1,0,0,0,0,0,0,0,0,0,0
2003,260587,1,1,13,13,13,13,13,13,13,13,13,13
2003,260587,2,1,0,0,0,0,0,0,0,0,0,0
2003,260588,1,1,0,0,0,0,0,0,0,0,0,0
2003,260589,1,1,0,0,0,0,0,0,0,0,0,0
2003,260590,1,1,0,0,0,0,0,0,0,0,0,0
2003,260590,2,1,0,0,0,0,0,0,0,0,0,0
2003,260591,1,1,0,0,0,0,0,0,0,0,0,0
2003,260592,1,1,21,21,21,21,21,21,21,21,21,21
2003,260593,1,1,0,0,0,0,0,0,0,0,0,0
2003,260593,2,1,0,0,0,0,0,0,0,0,0,0
2003,260593,3,1,0,0,0,0,0,0,0,0,0,0
2003,260594,1,1,0,0,0,0,0,0,0,0,0,0
2003,260594,2,1,0,0,0,0,0,0,0,0,0,0
2003,260595,1,1,9,0,17,0,0,18,0,7,23,2
2003,260595,2,1,0,0,0,0,0,0,16,0,21,0
2003,260596,0,1,0,0,0,0,0,0,0,0,0,0
2003,260596,1,1,0,0,0,0,0,0,0,0,0,0
2003,260596,2,1,0,0,0,0,0,0,0,0,0,0
2003,260597,1,1,0,0,0,0,0,0,0,0,0,0
2003,260597,2,1,0,0,0,0,0,0,0,0,0,0
2003,260597,3,1,0,0,0,0,0,0,0,0,0,0
2003,260597,4,1,0,0,0,0,0,6,0,0,0,0
2003,260598,1,1,25,13,4,9,7,15,12,17,7,15
2003,260599,1,1,17,17,17,17,17,17,17,17,17,17
2003,260600,1,1,0,0,0,0,0,0,0,0,0,0
2003,260600,2,1,0,0,0,0,0,0,0,0,0,0
2003,260601,1,1,0,0,20,0,0,0,0,0,0,0
2003,260601,2,1,0,0,10,0,0,0,0,0,0,0
2003,260601,3,1,0,0,0,0,0,0,0,0,0,0
2003,260602,1,1,0,0,0,0,0,0,0,0,0,0
2003,260602,2,1,0,0,0,0,0,0,0,0,0,0
2003,260603,1,1,8,8,8,8,8,8,8,8,8,8
2003,260603,2,1,0,0,0,0,0,0,0,0,0,0
2003,260604,1,1,14,14,14,14,14,14,14,14,14,14
2003,260605,1,1,0,0,0,0,0,0,0,0,0,0
2003,260605,2,1,0,18,0,0,0,0,38,0,0,0
2003,260605,3,1,6,0,23,11,0,0,0,0,0,14
2003,260606,0,1,30,30,30,30,30,30,30,30,30,30
2003,260606,1,1,22,0,0,0,0,0,0,0,17,0
2003,260607,1,1,21,0,8,0,0,3,13,17,6,19
2003,260608,1,1,18,18,18,18,18,18,18,18,18,18
2003,260609,0,1,22,22,22,22,22,22,22,22,22,22
2003,260609,1,1,5,5,5,5,5,5,5,5,5,5
2003,260610,1,1,18,18,18,18,18,18,18,18,18,18
2003,260611,0,1,17,17,17,17,17,17,17,17,17,17
2003,260611,1,1,3,3,3,3,3,3,3,3,3,3
2003,260612,1,1,0,0,0,0,0,0,0,0,0,0
2003,260612,2,1,0,0,0,0,0,0,0,0,0,0
2003,260613,1,1,0,0,0,0,0,0,0,0,0,0
2003,260614,1,1,21,21,21,21,21,21,21,21,21,21
2003,260615,1,1,0,0,0,0,0,0,0,0,0,0
2003,260615,2,1,0,0,0,0,0,0,0,0,0,0
2003,260616,1,1,16,0,0,0,0,0,0,0,0,0
2003,260616,2,1,0,0,0,0,0,0,0,0,0,0
2003,260617,1,1,0,0,0,0,0,15,31,0,13,16
2003,260618,1,1,21,21,21,21,21,21,21,21,21,21
2003,260619,0,1,11,11,11,11,11,11,11,11,11,11
2003,260619,1,1,0,0,0,0,0,0,0,0,0,10
2003,260620,1,1,0,0,0,0,0,0,0,0,0,0
2003,260620,2,1,0,0,0,0,0,0,0,0,0,0
2003,260621,1,1,0,0,0,0,0,0,0,0,0,0
2003,260621,2,1,0,0,0,0,0,0,0,0,0,0
2003,260622,1,1,22,22,22,22,22,22,22,22,22,22
2003,260623,1,1,0,0,0,0,0,0,0,0,0,0
2003,260623,2,1,0,0,0,0,0,0,0,0,0,0
2003,260624,1,1,5,5,5,5,5,5,5,5,5,5
2003,260624,2,1,0,0,0,0,0,0,0,0,0,0
2003,260624,3,1,0,0,0,0,0,0,0,0,0,0
2003,260625,0,1,23,23,23,23,23,23,23,23,23,23
2003,260625,1,1,0,0,0,0,0,0,0,0,0,0
2003,260626,1,1,15,15,15,15,15,15,15,15,15,15
2003,260627,1,1,0,0,23,0,0,0,0,0,0,0
2003,260627,2,1,0,0,0,0,0,0,0,0,0,0
2003,260627,3,1,0,0,0,0,0,0,0,0,0,0
2003,260628,1,1,26,0,6,18,10,0,0,9,0,0
2003,260628,2,1,0,0,13,0,0,0,0,0,0,0
2003,260628,3,1,0,0,0,16,0,0,0,13,0,0
2003,260629,1,1,0,0,0,0,0,0,0,0,0,0
2003,260629,2,1,0,0,0,0,0,0,0,8,0,0
2003,260630,1,1,0,0,9,9,8,0,0,0,0,12
2003,260630,2,1,0,0,0,0,0,0,0,0,0,0
2003,260631,1,1,5,4,15,14,10,16,16,11,0,21
2003,260632,1,1,23,23,23,23,23,23,23,23,23,23
2003,260632,2,1,0,0,0,0,0,0,0,0,0,0
2003,260633,1,1,37,15,17,25,17,7,24,17,16,39
2003,260634,1,1,0,0,0,0,0,0,0,0,0,0
2003,260634,2,1,0,0,0,0,0,0,0,0,0,0
2003,260635,1,1,0,0,0,0,0,0,0,0,0,0
2003,260635,2,1,0,0,0,0,0,0,0,0,0,0
2003,260636,1,1,16,0,0,11,0,0,8,0,0,0
2003,260636,2,1,0,0,0,0,0,0,0,0,0,0
2003,260637,1,1,15,12,0,24,16,7,9,18,24,22
2003,260637,2,1,4,4,4,4,4,4,4,4,4,4
2003,260638,1,1,0,0,0,0,0,0,0,0,0,0
2003,260638,2,1,0,0,4,0,0,0,0,0,0,0
2003,260639,1,1,0,17,26,14,6,9,25,19,25,11
2003,260640,1,1,0,0,0,0,0,0,28,12,0,0
2003,260641,0,1,24,24,24,24,24,24,24,24,24,24
2003,260641,1,1,0,0,0,0,0,0,0,0,0,14
2003,260642,1,1,0,0,0,0,0,0,0,0,0,0
2003,260642,2,1,0,0,0,0,0,0,0,0,0,0
2003,260643,1,1,11,11,11,11,11,11,11,11,11,11
2003,260644,1,1,0,0,0,0,0,0,0,7,0,0
2003,260644,2,1,0,0,0,0,0,0,0,0,0,0
2003,260645,1,1,0,0,0,0,0,0,0,7,0,0
2003,260645,2,1,0,0,0,0,0,0,0,0,0,0
2003,260646,1,1,0,0,0,0,0,0,0,0,0,0
2003,260646,2,1,0,19,0,0,11,0,15,0,22,21
2003,260647,1,1,0,0,0,0,0,0,0,0,0,0
2003,260648,1,1,30,30,30,30,30,30,30,30,30,30
2003,260649,0,1,0,0,0,0,0,0,0,0,0,0
2003,260649,1,1,0,0,0,0,0,0,0,0,10,0
2003,260650,1,1,0,0,0,0,0,0,0,0,0,0
2003,260650,2,1,0,0,0,0,0,0,11,0,0,0
2003,260650,3,1,0,0,0,0,0,0,0,0,0,0
2003,260651,1,1,0,0,0,0,0,0,0,0,0,0
2003,260652,1,1,23,23,23,23,23,23,23,23,23,23
2003,260653,1,1,0,0,0,0,0,0,0,0,0,0
2003,260654,0,1,12,12,12,12,12,12,12,12,12,12
2003,260654,0,2,7,7,7,7,7,7,7,7,7,7
2003,260654,1,1,0,0,0,0,0,0,0,0,0,0
2003,260655,1,1,0,0,0,0,0,0,0,0,0,0
2003,260655,2,1,0,24,0,0,0,22,0,0,0,0
2003,260656,1,1,0,0,0,0,0,0,0,0,0,0
2003,260656,2,1,0,0,0,0,0,0,0,0,0,0
2003,260657,0,1,0,0,0,0,0,0,0,0,0,0
2003,260657,1,1,18,0,0,0,0,0,0,0,0,0
2003,260658,1,1,0,0,0,0,0,0,0,0,0,0
2003,260658,2,1,0,0,0,0,0,0,0,0,0,0
2003,260659,1,1,11,11,11,11,11,11,11,11,11,11
2003,260659,2,1,8,8,8,8,8,8,8,8,8,8
2003,260660,1,1,0,0,0,0,0,0,0,0,0,0
2003,260660,2,1,0,0,0,0,0,0,0,0,0,0
2003,260661,1,1,0,0,0,0,0,0,0,0,0,0
2003,260662,1,1,0,0,0,0,0,0,0,0,0,0
2003,260662,2,1,0,0,0,0,0,0,0,0,0,0
2003,260662,3,1,0,0,0,0,0,0,0,0,0,0
2003,260662,4,1,0,0,0,0,0,0,0,0,0,0
2003,260663,1,1,0,0,0,0,0,0,0,0,0,0
2003,260663,2,1,0,0,0,0,0,0,0,0,0,0
2003,260664,1,1,0,20,0,0,0,0,0,0,0,0
2003,260665,1,1,0,0,0,0,0,0,0,0,0,0
2003,260665,2,1,0,0,0,0,0,0,0,0,0,0
2003,260666,1,1,0,0,0,0,0,0,0,0,0,0
2003,260666,2,1,0,0,0,0,0,0,0,0,0,0
2003,260667,0,1,0,0,0,0,0,0,0,0,0,0
2003,260667,1,1,0,0,0,0,0,0,0,0,0,0
2003,260668,1,1,0,0,0,0,0,0,0,0,0,0
2003,260669,0,1,0,0,0,0,0,0,0,0,0,0
2003,260669,1,1,0,0,0,0,0,0,0,0,0,0
2003,260670,0,1,0,0,0,0,0,0,0,0,0,0
2003,260670,1,1,0,0,0,0,0,0,0,0,0,0
2003,260671,1,1,0,0,0,0,0,0,0,0,0,0
2003,260672,1,1,10,10,10,10,10,10,10,10,10,10
2003,260673,1,1,14,0,0,0,31,11,0,0,0,19
2003,260674,1,1,0,0,0,0,0,0,0,0,0,0
2003,260674,2,1,0,0,0,0,0,0,0,0,0,0
2003,260675,1,1,0,0,0,0,0,0,0,0,0,0
2003,260675,2,1,0,0,0,0,0,0,0,0,9,0
2003,260676,1,1,0,0,0,0,0,0,0,0,0,0
2003,260676,2,1,0,0,0,0,0,0,0,13,0,0
2003,260678,1,1,0,0,0,0,0,0,0,0,0,0
2003,260678,2,1,0,0,0,0,0,0,0,0,0,0
2003,260679,1,1,0,0,0,0,0,0,0,0,0,0
2003,260680,1,1,0,0,0,0,0,0,0,0,0,0
2003,260681,1,1,0,0,0,0,0,0,0,0,0,0
2003,260681,2,1,0,0,17,0,0,0,0,0,0,0
2003,260682,1,1,0,0,0,0,0,0,0,0,0,0
2003,260682,2,1,0,0,0,0,0,0,0,0,0,0
2003,260682,3,1,0,0,0,0,0,0,0,0,0,0
2003,260683,0,1,17,17,17,17,17,17,17,17,17,17
2003,260683,1,1,0,0,0,0,0,0,0,0,0,0
2003,260684,1,1,12,12,12,12,12,12,12,12,12,12
2003,260685,1,1,0,0,0,0,0,0,0,0,0,0
2003,260685,2,1,0,0,0,0,0,0,0,0,0,0
2003,260686,0,1,0,0,0,0,0,0,0,0,0,0
2003,260686,1,1,22,0,19,13,6,13,13,13,10,6
2003,260687,1,1,0,0,0,0,0,0,0,0,0,0
2003,260687,2,1,0,0,0,0,0,0,0,0,0,0
2003,260688,1,1,23,23,23,23,23,23,23,23,23,23
2003,260689,1,1,2,12,16,20,9,21,0,17,0,27
2003,260690,1,1,18,18,18,18,18,18,18,18,18,18
2003,260691,1,1,0,0,0,0,0,0,0,0,0,0
2003,260691,2,1,0,0,0,0,0,0,0,0,0,0
2003,260692,1,1,6,6,6,6,6,6,6,6,6,6
2003,260693,1,1,0,0,0,0,0,0,0,18,0,0
2003,260693,2,1,0,0,0,0,0,0,0,0,0,0
2003,260694,1,1,0,0,0,0,0,0,0,0,0,0
2003,260695,1,1,0,0,0,0,0,0,0,0,0,0
2003,260695,2,1,0,0,0,0,0,18,0,0,0,0
2003,260695,3,1,0,0,0,0,0,0,0,0,0,0
2003,260696,0,1,21,21,21,21,21,21,21,21,21,21
2003,260696,1,1,0,0,0,0,0,0,0,0,0,0
2003,260697,1,1,0,0,0,0,0,0,0,0,0,0
2003,260697,2,1,0,0,0,0,0,0,0,0,0,0
2003,260698,1,1,0,0,0,0,0,0,0,0,0,0
2003,260698,2,1,0,0,0,0,0,0,0,0,0,0
2003,260699,1,1,20,20,20,20,20,20,20,20,20,20
2003,260700,1,1,22,22,22,22,22,22,22,22,22,22
2003,260701,1,1,19,19,19,19,19,19,19,19,19,19
2003,260702,1,1,17,0,6,7,16,0,13,16,24,0
2003,260702,2,1,0,0,0,0,0,0,0,0,0,0
2003,260703,1,1,13,13,13,13,13,13,13,13,13,13
2003,260704,1,1,21,0,0,0,0,0,0,13,10,0
2003,260704,2,1,0,0,0,0,0,0,0,0,0,0
2003,260705,1,1,0,0,0,0,0,0,0,0,0,0
2003,260705,2,1,0,0,0,0,0,0,0,0,0,0
2003,260706,1,1,0,0,0,0,0,0,0,0,0,0
2003,260706,2,1,0,0,0,0,13,0,0,0,0,10
2003,260706,3,1,0,0,0,0,0,12,0,0,0,0
2003,260707,1,1,0,0,0,0,0,0,0,0,0,0
2003,260707,2,1,0,0,0,0,0,0,0,0,0,0
2003,260708,1,1,0,0,0,0,0,0,0,0,0,24
2003,260708,2,1,0,0,0,0,0,0,0,0,0,0
2003,260708,3,1,0,0,6,0,0,0,0,0,0,0
2003,260709,1,1,0,0,0,0,0,0,0,0,0,0
2003,260709,2,1,0,0,0,0,0,0,0,0,0,0
2003,260710,1,1,0,0,0,0,0,0,0,0,0,0
2003,260710,2,1,0,0,0,0,0,0,0,0,0,0
2003,260710,3,1,0,0,0,0,0,0,0,0,0,0
2003,260711,1,1,0,0,0,0,0,0,0,0,0,0
2003,260712,1,1,0,0,0,0,0,0,0,0,0,0
2003,260713,1,1,12,12,12,12,12,12,12,12,12,12
2003,260714,1,1,0,0,0,0,0,0,0,0,0,0
2003,260715,1,1,20,16,25,10,20,16,3,3,12,0
2003,260716,1,1,19,4,17,6,23,10,22,10,13,18
2003,260716,2,1,0,0,0,0,0,0,0,0,0,0
2003,260717,1,1,0,0,0,0,0,0,0,0,0,0
2003,260717,2,1,0,0,0,0,0,0,0,0,0,0
2003,260718,1,1,0,0,0,0,0,0,0,0,0,0
2003,260719,1,1,4,30,6,16,22,15,0,12,2,16
2003,260719,2,1,24,8,31,18,0,21,0,12,11,18
2003,260720,1,1,21,0,0,0,0,0,0,0,0,0
2003,260721,1,1,25,25,25,25,25,25,25,25,25,25
2003,260722,1,1,0,0,0,0,0,0,0,0,0,0
2003,260722,2,1,0,0,0,0,0,0,0,0,0,0
2003,260723,1,1,19,19,19,19,19,19,19,19,19,19
2003,260724,1,1,0,0,0,0,0,0,0,0,0,0
2003,260725,0,1,0,0,0,0,0,0,0,0,0,0
2003,260725,1,1,0,0,0,0,0,0,0,0,0,0
2003,260726,1,1,0,0,0,0,0,0,0,0,0,0
2003,260726,2,1,0,0,0,0,0,0,0,0,0,0
2003,260727,1,1,16,16,16,16,16,16,16,16,16,16
2003,260728,0,1,0,0,0,0,0,0,0,0,0,0
2003,260728,1,1,0,0,0,0,0,0,0,0,0,0
2003,260729,1,1,0,0,0,0,0,0,0,0,0,0
2003,260729,2,1,0,0,0,0,0,0,0,0,0,0
2003,260730,1,1,0,0,0,0,0,0,0,0,0,0
2003,260730,2,1,1,1,1,1,1,1,1,1,1,1
2003,260731,1,1,2,2,2,2,2,2,2,2,2,2
2003,260732,1,1,20,20,20,20,20,20,20,20,20,20
2003,260733,1,1,0,0,0,0,0,0,0,0,5,0
2003,260733,2,1,0,0,0,0,0,0,0,0,0,0
2003,260734,1,1,0,0,0,0,0,0,0,0,0,0
2003,260735,1,1,12,12,12,12,12,12,12,12,12,12
2003,260736,1,1,0,0,0,0,0,0,0,0,0,0
2003,260737,1,1,0,0,0,0,0,16,0,0,0,0
2003,260737,2,1,0,0,0,0,0,0,0,0,0,0
2003,260738,1,1,0,0,0,0,0,0,0,0,0,0
2003,260739,1,1,0,0,0,0,0,0,0,0,0,0
2003,260739,2,1,0,0,0,0,0,0,0,0,0,0
2003,260741,1,1,0,0,0,0,0,0,0,0,0,0
2003,260742,1,1,7,7,7,7,7,7,7,7,7,7
2003,260742,2,1,0,17,0,0,0,0,0,0,0,0
2003,260743,1,1,0,0,0,0,0,0,0,0,0,0
2003,260743,2,1,0,0,0,0,0,0,0,0,0,0
2003,260744,1,1,11,11,11,11,11,11,11,11,11,11
2003,260745,1,1,14,14,14,14,14,14,14,14,14,14
2003,260746,1,1,0,0,0,0,0,0,0,0,0,0
2003,260746,2,1,0,0,0,0,0,0,0,0,0,0
2003,260746,3,1,0,0,0,0,0,0,0,0,0,0
2003,260747,1,1,0,0,0,2,0,0,0,0,0,0
2003,260747,2,1,0,0,0,0,0,0,0,0,0,0
2003,260748,0,1,0,0,0,0,0,0,0,0,0,0
2003,260748,1,1,0,0,0,0,0,0,0,8,0,10
2003,260749,1,1,0,0,0,0,0,0,0,0,0,0
2003,260749,2,1,0,0,0,0,0,0,0,0,0,0
2003,260750,1,1,0,0,0,0,0,0,0,0,0,0
2003,260750,2,1,0,0,0,0,0,0,0,0,0,0
2003,260751,0,1,0,0,0,0,0,0,0,0,0,0
2003,260751,1,1,0,0,0,0,0,0,0,0,0,0
2003,260752,1,1,22,22,22,22,22,22,22,22,22,22
2003,260753,1,1,0,0,0,0,0,0,0,0,0,0
2003,260754,1,1,15,15,15,15,15,15,15,15,15,15
2003,260754,2,1,0,0,0,0,0,0,0,0,0,0
2003,260754,3,1,0,0,0,0,0,0,0,0,0,0
2003,260755,1,1,0,0,0,0,0,0,0,0,0,0
2003,260756,0,1,0,0,0,0,0,0,0,0,0,0
2003,260756,1,1,0,3,0,0,0,0,0,0,0,0
2003,260757,1,1,16,28,19,0,5,10,2,41,10,8
2003,260758,1,1,0,0,0,0,0,15,0,0,0,0
2003,260758,2,1,0,0,0,0,0,0,0,0,0,0
2003,260759,1,1,0,0,0,0,0,0,0,0,0,0
2003,260760,1,1,11,54,27,10,18,15,19,21,15,14