YEAR,ST_CASE,veh_no,per_no,P1,P2,P3,P4,P5,P6,P7,P8,P9,P10
2003,261020,0,1,0,0,0,0,0,0,0,0,0,0
2003,261020,1,1,0,21,0,7,0,0,0,0,0,0
2003,261021,0,1,0,20,0,0,17,4,28,0,0,0
2003,261021,1,1,0,0,0,0,0,0,0,0,0,0
2003,261022,1,1,0,0,0,0,0,0,0,0,0,0
2003,261022,2,1,0,0,0,0,0,0,0,0,0,0
2003,261023,1,1,38,38,38,38,38,38,38,38,38,38
2003,261023,2,1,0,0,0,0,0,0,0,0,0,0
2003,261024,1,1,28,28,28,28,28,28,28,28,28,28
2003,261025,1,1,21,21,21,21,21,21,21,21,21,21
2003,261026,0,1,6,6,6,6,6,6,6,6,6,6
2003,261026,1,1,0,0,0,0,0,0,0,0,0,0
2003,261027,0,1,0,0,0,0,0,0,0,0,0,0
2003,261028,1,1,0,0,0,0,0,0,0,0,0,0
2003,261028,2,1,0,0,0,0,0,0,0,0,0,0
2003,261029,1,1,0,0,0,11,12,9,0,14,5,0
2003,261029,2,1,7,5,11,0,3,8,0,12,0,0
2003,261030,1,1,20,20,20,20,20,20,20,20,20,20
2003,261030,2,1,0,0,0,0,0,0,0,0,0,0
2003,261031,1,1,9,21,0,0,0,0,0,17,17,12
2003,261032,1,1,0,0,0,0,0,0,0,0,0,0
2003,261032,2,1,0,0,0,0,0,0,0,0,0,0
2003,261033,1,1,0,0,0,0,0,0,0,0,0,0
2003,261034,1,1,0,0,0,0,0,0,0,0,0,0
2003,261035,1,1,0,0,0,0,0,0,0,0,0,0
2003,261036,0,1,0,0,0,0,0,0,0,0,0,0
2003,261036,0,2,0,29,30,0,49,21,22,0,9,0
2003,261036,1,1,0,0,0,0,0,0,0,0,0,0
2003,261036,2,1,0,0,0,0,0,0,0,0,0,0
2003,261037,1,1,0,0,0,0,0,0,0,0,0,0
2003,261037,2,1,0,0,0,0,0,0,0,0,0,0
2003,261037,3,1,0,0,0,0,0,0,0,0,22,0
2003,261038,0,1,0,0,0,0,0,0,0,0,0,0
2003,261038,1,1,0,0,0,0,0,0,0,0,0,0
2003,261039,1,1,7,21,16,12,12,1,37,25,19,32
2003,261039,2,1,13,9,8,4,15,4,16,5,5,5
2003,261040,1,1,21,21,21,21,21,21,21,21,21,21
2003,261041,1,1,0,0,0,0,0,0,0,0,0,0
2003,261042,1,1,0,0,0,16,0,0,0,0,0,0
2003,261042,2,1,0,0,0,0,0,15,0,0,0,0
2003,261043,0,1,16,0,0,0,27,0,27,18,23,0
2003,261043,1,1,0,0,0,0,0,0,0,0,0,0
2003,261044,1,1,0,0,0,0,0,0,0,0,0,0
2003,261045,1,1,0,0,0,0,0,0,0,0,0,0
2003,261045,2,1,0,0,0,0,0,0,0,0,0,0
2003,261046,1,1,0,0,0,0,0,0,0,0,0,0
2003,261047,1,1,0,0,0,0,0,0,0,0,0,0
2003,261047,2,1,0,0,0,0,0,0,0,0,0,0
2003,261048,1,1,0,0,0,0,17,0,35,30,17,19
2003,261049,1,1,0,0,0,0,0,0,0,0,0,19
2003,261050,1,1,0,0,0,0,0,0,0,0,0,0
2003,261050,2,1,0,0,0,0,0,0,0,0,0,0
2003,261051,1,1,0,0,0,0,0,0,0,0,0,0
2003,261051,2,1,0,0,0,0,0,0,0,0,0,0
2003,261052,1,1,0,0,0,0,0,0,0,0,0,0
2003,261053,1,1,0,0,0,0,0,0,0,0,0,0
2003,261053,2,1,0,0,0,0,0,0,0,0,0,0
2003,261053,3,1,0,0,0,0,0,19,0,0,0,0
2003,261054,1,1,0,0,0,0,0,0,0,0,0,0
2003,261054,2,1,0,0,0,0,0,0,0,0,0,0
2003,261055,0,1,26,26,26,26,26,26,26,26,26,26
2003,261055,1,1,9,9,9,9,9,9,9,9,9,9
2003,261056,1,1,0,0,0,0,0,0,0,0,0,19
2003,261056,2,1,0,0,0,0,0,0,0,0,0,0
2003,261057,0,1,0,0,0,0,20,0,0,37,20,22
2003,261057,1,1,0,0,0,0,0,0,0,0,0,0
2003,261058,1,1,22,22,22,22,22,22,22,22,22,22
2003,261058,2,1,0,0,0,0,0,0,0,0,0,0
2003,261059,1,1,0,0,0,0,0,0,0,0,0,0
2003,261059,2,1,0,0,0,0,0,0,0,0,0,0
2003,261060,1,1,0,0,0,0,0,0,0,0,0,0
2003,261060,2,1,0,0,18,23,0,14,0,0,0,0
2003,261061,1,1,12,12,12,12,12,12,12,12,12,12
2003,261062,1,1,14,14,14,14,14,14,14,14,14,14
2003,261063,1,1,0,0,0,0,0,0,0,0,0,0
2003,261063,2,1,0,0,0,13,0,0,0,0,0,0
2003,261064,0,1,20,20,20,20,20,20,20,20,20,20
2003,261064,0,2,18,18,18,18,18,18,18,18,18,18
2003,261064,1,1,22,22,22,22,22,22,22,22,22,22
2003,261065,1,1,0,0,0,0,0,0,0,0,0,0
2003,261065,2,1,0,0,0,0,0,0,0,0,0,0
2003,261066,1,1,13,13,13,13,13,13,13,13,13,13
2003,261067,1,1,0,0,0,0,0,23,4,0,0,16
2003,261067,2,1,0,0,0,0,0,0,0,0,0,0
2003,261068,1,1,0,0,0,0,0,0,33,0,0,0
2003,261068,2,1,0,0,0,0,0,0,0,0,0,0
2003,261069,1,1,35,11,23,8,22,24,27,30,15,7
2003,261070,1,1,0,0,0,0,0,0,0,0,0,0
2003,261070,2,1,0,0,0,0,0,0,9,0,0,0
2003,261071,1,1,0,0,0,0,0,5,0,0,0,0
2003,261071,2,1,0,0,0,0,0,0,0,0,0,11
2003,261072,1,1,0,0,0,0,0,0,0,0,0,0
2003,261072,2,1,0,0,0,0,0,0,0,0,0,0
2003,261073,1,1,0,0,0,0,0,0,0,0,0,0
2003,261073,2,1,0,0,0,0,0,0,0,0,0,0
2003,261074,1,1,0,0,0,0,0,0,0,0,0,0
2003,261075,1,1,0,0,0,0,0,0,0,0,0,0
2003,261075,2,1,0,0,0,0,0,0,0,0,0,0
2003,261076,0,1,0,0,0,0,0,0,0,0,0,0
2003,261076,1,1,0,0,0,0,0,0,0,0,0,0
2003,261077,1,1,0,0,0,0,0,0,0,0,0,0
2003,261078,1,1,24,24,24,24,24,24,24,24,24,24
2003,261079,1,1,0,0,0,0,0,0,0,0,0,0
2003,261080,1,1,0,0,0,0,0,0,0,0,0,0
2003,261080,2,1,0,0,0,0,0,0,0,0,0,0
2003,261081,1,1,0,0,0,0,0,0,0,0,0,0
2003,261082,1,1,0,0,0,0,0,0,0,0,0,0
2003,261082,2,1,0,0,0,0,0,0,0,0,0,0
2003,261083,1,1,0,0,0,0,0,0,0,0,0,0
2003,261083,2,1,0,0,0,16,0,0,0,0,0,0
2003,261084,1,1,13,13,13,13,13,13,13,13,13,13
2003,261084,2,1,0,0,0,0,0,0,0,0,0,0
2003,261084,3,1,0,0,0,0,0,0,0,0,0,0
2003,261085,1,1,0,0,0,0,0,0,0,0,0,0
2003,261085,2,1,0,0,0,0,0,0,0,0,0,0
2003,261085,3,1,0,0,0,0,0,0,0,0,0,0
2003,261086,1,1,8,8,8,8,8,8,8,8,8,8
2003,261087,0,1,29,29,29,29,29,29,29,29,29,29
2003,261087,1,1,0,0,0,0,0,0,0,0,0,0
2003,261088,1,1,23,23,23,23,23,23,23,23,23,23
2003,261089,1,1,14,0,32,0,0,0,14,0,23,0
2003,261089,2,1,0,0,0,0,0,0,0,0,0,0
2003,261090,1,1,15,15,15,15,15,15,15,15,15,15
2003,261091,1,1,4,4,4,4,4,4,4,4,4,4
2003,261091,2,1,0,0,0,0,0,0,0,0,0,0
2003,261092,0,1,25,28,37,0,0,30,23,0,15,0
2003,261092,1,1,0,17,0,22,30,0,0,20,0,14
2003,261093,1,1,0,0,0,0,0,0,0,0,0,0
2003,261093,2,1,0,0,0,0,0,0,0,0,0,0
2003,261094,1,1,0,0,0,0,0,0,0,0,0,0
2003,261094,2,1,0,0,0,0,0,0,0,0,0,0
2003,261095,1,1,0,0,0,0,0,0,0,0,0,0
2003,261095,2,1,0,0,0,0,0,0,0,0,0,0
2003,261096,1,1,29,29,29,29,29,29,29,29,29,29
2003,261096,2,1,0,0,0,0,0,0,0,0,0,0
2003,261097,0,1,0,0,0,0,0,0,0,0,0,0
2003,261097,1,1,0,0,0,0,0,0,0,0,0,0
2003,261098,1,1,7,7,7,7,7,7,7,7,7,7
2003,261098,2,1,0,0,0,0,0,0,0,0,0,0
2003,261099,1,1,15,15,15,15,15,15,15,15,15,15
2003,261100,0,1,0,18,0,14,36,0,0,0,15,0
2003,261100,1,1,0,0,0,0,0,0,0,0,0,0
2003,261101,0,1,26,26,26,26,26,26,26,26,26,26
2003,261101,1,1,0,0,0,0,0,0,0,0,0,0
2003,261102,0,1,0,0,0,0,0,0,0,0,0,0
2003,261102,1,1,0,0,0,0,0,0,0,0,0,0
2003,261102,2,1,0,0,0,0,0,0,0,0,0,0
2003,261102,3,1,0,0,0,0,0,0,0,0,0,0
2003,261103,0,1,20,20,20,20,20,20,20,20,20,20
2003,261103,1,1,0,0,0,0,0,0,0,0,0,0
2003,261104,1,1,0,0,0,0,0,0,0,0,0,0
2003,261104,2,1,0,0,0,0,0,24,0,0,0,0
2003,261105,1,1,10,10,10,10,10,10,10,10,10,10
2003,261105,2,1,0,0,0,0,0,0,0,0,0,0
2003,261106,1,1,8,8,8,8,8,8,8,8,8,8
2003,261107,1,1,0,0,0,0,0,0,0,0,0,0
2003,261107,2,1,0,0,0,0,0,0,0,0,0,0
2003,261108,1,1,0,0,0,0,0,0,0,0,0,0
2003,261108,2,1,0,0,0,0,0,0,0,0,0,0
2003,261109,1,1,0,0,0,0,0,0,0,0,0,0
2003,261109,2,1,0,0,0,0,0,0,0,0,0,0
2003,261110,1,1,0,0,0,0,0,0,0,0,0,0
2003,261110,2,1,0,0,0,0,0,0,0,0,0,0
2003,261111,1,1,0,8,0,0,11,0,0,0,0,13
2003,261112,0,1,27,27,27,27,27,27,27,27,27,27
2003,261112,1,1,0,0,0,0,0,0,0,0,0,0
2003,261113,1,1,0,0,4,15,18,0,0,21,32,15
2003,261114,1,1,0,0,0,0,0,0,0,0,0,0
2003,261115,0,1,0,0,0,0,0,0,0,0,0,0
2003,261115,1,1,0,0,5,0,0,0,16,8,0,26
2003,261116,1,1,20,20,20,20,20,20,20,20,20,20
2003,261117,1,1,16,16,16,16,16,16,16,16,16,16
2003,261118,1,1,0,0,0,0,0,0,0,0,0,0
2003,261118,2,1,0,0,0,0,0,0,0,0,0,0
2003,261119,1,1,0,0,0,0,0,0,0,0,0,0
2003,261119,2,1,0,0,0,0,0,0,0,0,12,0
2003,261120,0,1,0,47,13,0,31,0,12,0,11,29
2003,261120,1,1,0,0,0,0,0,0,0,12,0,0
2003,261121,1,1,0,0,0,0,0,0,0,0,0,0
2003,261122,0,1,19,7,0,0,11,0,14,0,0,20
2003,261122,1,1,0,0,0,0,10,0,28,12,0,0
2003,261122,2,1,0,20,0,0,0,0,0,0,0,0
2003,261122,3,1,0,0,0,0,0,0,0,0,0,0
2003,261123,1,1,0,0,12,0,0,0,0,0,0,0
2003,261123,2,1,0,0,10,18,0,0,0,0,4,0
2003,261124,1,1,10,21,19,13,0,10,5,16,20,7
2003,261124,2,1,0,0,0,0,0,0,0,0,0,0
2003,261125,1,1,0,0,0,0,0,0,0,0,0,0
2003,261125,2,1,0,0,0,0,0,0,0,0,0,0
2003,261125,3,1,0,0,0,0,0,0,0,0,0,0
2003,261126,0,1,5,5,5,5,5,5,5,5,5,5
2003,261126,1,1,0,0,0,0,0,0,0,0,0,0
2003,261127,1,1,1,1,1,1,1,1,1,1,1,1
2003,261127,2,1,0,0,0,0,0,0,0,0,0,0
2003,261128,0,1,0,19,0,0,25,32,15,0,0,0
2003,261128,0,2,0,0,0,0,0,0,0,20,7,0
2003,261128,1,1,0,0,0,0,0,0,0,0,0,0
2003,261129,1,1,0,18,0,0,0,0,9,0,0,0
2003,261129,2,1,0,0,0,0,0,0,0,0,0,0
2003,261129,3,1,0,0,0,0,0,0,0,0,0,0
2003,261130,1,1,14,7,25,21,9,21,26,12,0,13
2003,261131,1,1,0,0,0,0,0,0,0,0,0,0
2003,261131,2,1,0,0,0,0,14,0,0,0,0,0
2003,261132,1,1,0,0,0,0,0,0,0,0,0,0
2003,261132,2,1,0,0,0,0,0,0,0,0,0,0
2003,261133,1,1,0,0,0,0,0,0,0,0,0,0
2003,261134,1,1,0,0,0,0,0,0,0,0,0,0
2003,261134,2,1,0,0,0,0,0,0,0,0,0,0
2003,261134,3,1,0,0,0,0,0,0,0,0,0,0
2003,261134,4,1,0,0,0,0,0,0,0,0,0,0
2003,261135,1,1,0,0,0,0,4,0,0,0,0,0
2003,261135,2,1,0,0,0,0,0,0,0,0,0,0
2003,261136,1,1,0,0,0,0,0,0,0,0,0,0
2003,261136,2,1,0,0,0,0,0,0,0,0,0,0
2003,261137,0,1,6,6,6,6,6,6,6,6,6,6
2003,261137,1,1,0,0,0,0,0,0,0,0,0,0
2003,261138,1,1,0,0,0,0,0,0,0,0,0,0
2003,261138,2,1,0,0,0,0,0,0,0,0,0,0
2003,261139,1,1,10,10,10,10,10,10,10,10,10,10
2003,261139,2,1,28,28,28,28,28,28,28,28,28,28
2003,261140,1,1,0,0,0,0,0,0,0,0,0,0
2003,261140,2,1,0,0,0,0,0,0,0,0,0,0
2003,261141,1,1,0,0,0,0,0,0,0,0,0,0
2003,261142,1,1,23,23,23,23,23,23,23,23,23,23
2003,261142,2,1,0,0,0,0,0,0,0,0,0,0
2003,261143,1,1,0,0,0,0,0,0,0,0,0,0
2003,261143,2,1,0,0,0,0,0,0,0,0,0,0
2003,261144,1,1,13,13,13,13,13,13,13,13,13,13
2003,261145,1,1,0,35,27,40,0,18,24,0,12,22
2003,261146,1,1,33,33,33,33,33,33,33,33,33,33
2003,261147,1,1,0,0,0,0,0,0,0,0,0,0
2003,261147,2,1,0,0,0,0,0,0,0,0,0,0
2003,261148,1,1,0,0,0,0,0,0,0,0,0,0
2003,261148,2,1,0,8,0,0,0,0,0,0,0,0
2003,261149,1,1,0,0,0,0,0,0,0,0,0,0
2003,261150,1,1,0,0,0,0,0,0,0,0,0,0
2003,261150,2,1,0,0,0,0,0,0,0,0,0,0
2003,261151,1,1,30,30,30,30,30,30,30,30,30,30
2003,261151,2,1,0,0,0,0,0,0,0,0,0,0
2003,261152,0,1,0,0,0,0,8,0,0,0,3,0
2003,261152,1,1,0,0,0,0,0,0,0,0,0,0
2003,261153,0,1,0,0,0,0,0,0,0,0,0,0
2003,261153,1,1,0,0,0,0,0,0,0,0,0,0
2003,261154,1,1,0,0,0,0,0,0,7,0,0,0
2003,261154,2,1,0,0,0,0,0,0,0,0,0,0
2003,261155,1,1,0,0,0,0,0,0,0,0,0,0
2003,261155,2,1,0,0,0,0,0,0,0,0,0,0
2003,261156,1,1,0,0,0,0,0,0,0,0,0,0
2003,261156,2,1,0,0,0,0,0,0,0,0,0,0
2003,261156,3,1,0,0,0,0,0,0,0,0,0,0
2003,261157,1,1,0,0,0,0,0,0,0,0,0,0
2003,261157,2,1,0,0,0,0,0,0,0,0,0,0
2003,261157,3,1,0,0,0,0,0,0,0,0,0,0
2003,261158,1,1,0,0,0,0,0,0,0,0,0,0
2003,261158,2,1,0,0,0,0,0,0,0,0,0,0
2003,261159,1,1,0,0,0,0,0,0,0,0,0,0
2003,261160,1,1,18,18,18,18,18,18,18,18,18,18
2003,261161,1,1,1,1,1,1,1,1,1,1,1,1
2003,261161,2,1,0,0,0,0,0,0,0,0,0,0
2003,261162,1,1,0,0,0,0,0,0,0,0,0,0
2003,261162,2,1,0,0,0,0,0,0,0,0,0,0
2003,261163,1,1,0,0,12,0,0,0,0,0,0,0
2003,261163,2,1,18,11,20,27,26,11,12,0,15,25
2003,261164,0,1,25,25,25,25,25,25,25,25,25,25
2003,261164,1,1,0,0,0,0,0,0,0,0,0,0
2003,261165,1,1,0,0,0,0,0,0,0,0,0,0
2003,261165,2,1,0,0,0,0,0,0,0,35,0,22
2003,261166,1,1,16,16,16,16,16,16,16,16,16,16
2003,261166,2,1,0,0,0,0,0,0,0,0,0,0
2003,261167,1,1,11,14,30,0,0,8,10,12,14,0
2003,261168,1,1,0,0,0,0,0,0,0,0,16,0
2003,261168,2,1,0,0,14,0,0,0,0,0,0,0
2003,261169,1,1,0,0,0,0,0,0,0,0,0,0
2003,261169,2,1,0,0,0,0,0,0,0,0,0,0
2003,261170,0,1,0,0,0,0,0,0,0,0,0,0
2003,261170,0,2,0,0,0,0,0,0,0,0,0,0
2003,261170,1,1,0,0,0,0,0,0,0,0,12,0
2003,261171,0,1,35,11,15,37,23,12,24,0,0,15
2003,261171,1,1,0,3,0,0,0,0,0,0,34,0
2003,261172,1,1,0,0,0,0,0,0,0,0,0,0
2003,261172,2,1,3,3,3,3,3,3,3,3,3,3
2003,261173,1,1,17,17,17,17,17,17,17,17,17,17
2003,261174,1,1,0,0,0,0,0,0,0,0,0,0
2003,261174,2,1,0,0,0,0,0,0,0,0,0,0
2003,261175,0,1,0,0,0,38,21,48,0,26,0,21
2003,261175,1,1,9,9,9,9,9,9,9,9,9,9
2003,261176,1,1,0,0,0,0,0,0,0,0,0,0
2003,261177,1,1,0,0,0,0,0,0,0,0,0,0
2003,261177,2,1,0,0,0,0,0,0,0,0,0,0
2003,261177,3,1,0,0,0,0,0,0,0,0,0,0
2003,261178,1,1,0,0,0,0,0,0,0,0,0,0
2003,261178,2,1,0,0,0,0,0,0,0,0,0,0
2003,261179,1,1,16,16,16,16,16,16,16,16,16,16
2003,270001,1,1,0,0,0,0,0,0,0,0,0,0
2003,270001,2,1,0,0,0,0,0,0,0,0,0,0
2003,270002,1,1,13,13,13,13,13,13,13,13,13,13
2003,270003,1,1,23,23,23,23,23,23,23,23,23,23
2003,270004,1,1,22,22,22,22,22,22,22,22,22,22
2003,270005,0,1,0,0,0,0,0,0,0,0,0,0
2003,270005,0,2,27,19,0,0,0,23,0,27,0,0
2003,270005,1,1,0,0,0,0,0,0,0,0,0,0
2003,270006,1,1,0,0,0,0,0,0,0,0,0,0
2003,270007,1,1,29,29,29,29,29,29,29,29,29,29
2003,270008,1,1,0,0,0,0,0,0,0,0,0,0
2003,270009,1,1,0,0,0,0,0,0,0,0,0,0
2003,270009,2,1,0,0,0,0,0,0,0,0,0,0
2003,270010,1,1,38,38,38,38,38,38,38,38,38,38
2003,270011,1,1,0,0,0,0,0,0,0,0,0,0
2003,270012,1,1,0,0,0,0,0,0,0,0,0,0
2003,270013,1,1,0,0,0,0,0,0,0,0,0,0
2003,270014,0,1,0,0,0,0,0,0,0,0,0,0
2003,270014,1,1,0,0,0,0,0,0,0,0,0,0
2003,270015,0,1,0,0,0,0,0,0,0,0,0,0
2003,270015,1,1,0,0,0,0,0,0,0,0,0,0
2003,270016,1,1,22,22,22,22,22,22,22,22,22,22
2003,270016,2,1,0,0,0,0,0,0,0,0,0,0
2003,270017,1,1,0,0,0,0,0,0,0,0,0,0
2003,270017,2,1,0,0,0,0,0,0,0,0,0,0
2003,270017,3,1,0,0,0,0,0,0,0,0,0,0
2003,270018,1,1,0,0,0,0,0,0,0,0,0,0
2003,270018,2,1,0,0,0,0,0,0,0,0,0,0
2003,270018,3,1,0,0,0,0,0,0,0,0,0,0
2003,270019,1,1,0,0,0,0,0,0,0,0,0,0
2003,270020,1,1,25,15,8,5,16,19,17,27,32,3
2003,270021,0,1,19,19,19,19,19,19,19,19,19,19
2003,270021,1,1,0,0,0,0,0,0,0,0,0,0
2003,270022,1,1,0,0,0,0,10,0,0,0,0,0
2003,270022,2,1,0,0,0,0,0,0,0,0,0,0
2003,270023,1,1,0,0,0,27,0,0,0,0,0,0
2003,270024,1,1,0,0,0,0,0,0,0,0,0,0
2003,270024,2,1,0,0,0,0,0,0,0,0,0,0
2003,270025,1,1,0,0,0,0,0,0,0,0,0,0
2003,270026,1,1,24,24,24,24,24,24,24,24,24,24
2003,270027,1,1,21,21,21,21,21,21,21,21,21,21
2003,270028,1,1,4,4,4,4,4,4,4,4,4,4
2003,270029,1,1,23,23,23,23,23,23,23,23,23,23
2003,270030,1,1,0,0,0,0,0,0,0,0,0,0
2003,270030,2,1,0,0,0,0,0,0,0,0,0,0
2003,270031,1,1,0,0,0,0,0,0,0,0,6,0
2003,270031,2,1,0,0,0,0,0,0,0,0,0,0
2003,270032,1,1,19,19,19,19,19,19,19,19,19,19
2003,270033,1,1,0,0,0,0,0,0,0,0,0,0
2003,270033,2,1,0,0,0,0,0,0,0,0,0,0
2003,270034,1,1,0,0,0,0,0,0,0,0,0,0
2003,270034,2,1,0,0,0,0,0,0,0,0,0,0
2003,270036,1,1,20,20,20,20,20,20,20,20,20,20
2003,270037,1,1,0,0,0,0,0,0,0,0,0,0
2003,270038,1,1,6,6,6,6,6,6,6,6,6,6
2003,270039,1,1,0,0,0,0,21,0,0,0,0,0
2003,270040,1,1,0,0,0,0,0,0,0,0,0,0
2003,270040,2,1,0,0,0,0,0,0,0,0,0,0
2003,270041,1,1,23,23,23,23,23,23,23,23,23,23
2003,270041,2,1,0,0,0,0,0,0,0,0,0,0
2003,270042,1,1,0,0,0,0,0,0,0,0,0,0
2003,270043,1,1,7,7,7,7,7,7,7,7,7,7
2003,270044,0,1,0,0,0,0,0,0,0,0,0,0
2003,270044,1,1,0,0,0,0,0,0,0,0,0,0
2003,270045,1,1,25,25,25,25,25,25,25,25,25,25
2003,270046,1,1,8,8,8,8,8,8,8,8,8,8
2003,270046,2,1,0,0,0,0,0,0,0,0,0,0
2003,270047,1,1,21,21,21,21,21,21,21,21,21,21
2003,270048,1,1,0,0,0,10,0,0,0,0,0,0
2003,270048,2,1,15,15,15,15,15,15,15,15,15,15
2003,270049,1,1,0,0,0,0,0,0,0,0,0,0
2003,270050,1,1,0,0,0,0,0,0,0,0,0,0
2003,270051,1,1,0,0,0,0,0,0,0,0,0,0
2003,270051,2,1,0,0,0,0,0,0,0,0,0,0
2003,270052,1,1,21,21,21,21,21,21,21,21,21,21
2003,270053,1,1,22,22,22,22,22,22,22,22,22,22
2003,270054,1,1,0,0,0,0,0,0,0,0,17,0
2003,270054,2,1,0,0,0,0,0,0,0,0,0,0
2003,270055,1,1,0,0,0,0,0,0,0,0,0,0
2003,270055,2,1,7,0,0,0,0,0,0,0,0,0
2003,270056,1,1,0,0,0,0,0,0,0,0,0,0
2003,270056,2,1,0,0,0,0,0,0,0,0,0,0
2003,270057,1,1,27,27,27,27,27,27,27,27,27,27
2003,270058,1,1,0,0,0,0,0,0,0,0,0,0
2003,270058,2,1,0,0,0,0,0,0,0,0,0,0
2003,270058,3,1,0,0,0,0,0,0,0,0,0,0
2003,270059,1,1,0,0,0,0,0,0,0,0,0,0
2003,270059,2,1,0,0,0,0,0,0,0,0,0,0
2003,270060,1,1,0,0,0,0,0,0,0,0,0,0
2003,270060,2,1,0,0,0,0,0,0,0,6,0,0
2003,270061,1,1,0,0,0,0,0,0,0,0,0,0
2003,270062,1,1,32,32,32,32,32,32,32,32,32,32
2003,270062,2,1,11,11,11,11,11,11,11,11,11,11
2003,270063,1,1,0,0,0,0,0,0,0,0,0,0
2003,270063,2,1,0,0,0,0,0,0,0,0,0,0
2003,270064,1,1,0,0,0,0,0,0,0,0,0,0
2003,270064,2,1,0,0,0,0,0,0,0,0,0,0
2003,270065,1,1,0,0,0,0,0,0,0,0,0,0
2003,270065,2,1,0,0,0,0,0,0,0,0,0,0
2003,270067,1,1,19,19,19,19,19,19,19,19,19,19
2003,270068,1,1,0,0,0,0,0,0,0,0,0,0
2003,270069,1,1,0,0,0,0,0,0,0,0,0,0
2003,270070,1,1,0,0,0,0,0,0,0,0,0,0
2003,270071,1,1,0,0,0,0,0,0,0,0,0,0
2003,270071,2,1,24,24,24,24,24,24,24,24,24,24
2003,270072,1,1,16,16,16,16,16,16,16,16,16,16
2003,270072,2,1,0,0,0,0,0,0,0,0,0,0
2003,270072,3,1,0,0,0,12,0,0,0,0,0,0
2003,270073,1,1,0,0,0,0,0,0,0,0,0,0
2003,270074,1,1,0,0,0,0,0,0,0,0,0,0
2003,270074,2,1,0,0,0,0,0,0,0,0,18,0
2003,270075,1,1,0,0,0,0,0,0,0,0,0,0
2003,270075,2,1,0,0,0,0,0,0,0,0,0,0
2003,270076,1,1,0,0,0,0,0,0,0,0,0,0
2003,270076,2,1,0,0,0,0,0,0,0,0,0,0
2003,270077,1,1,21,21,21,21,21,21,21,21,21,21
2003,270078,1,1,0,0,0,0,0,0,0,0,0,0
2003,270078,2,1,0,0,0,0,0,0,0,0,0,0
2003,270078,3,1,0,0,0,0,0,0,0,0,0,0
2003,270079,1,1,7,7,7,7,7,7,7,7,7,7
2003,270080,1,1,0,0,0,0,0,0,0,0,0,0
2003,270080,2,1,0,0,0,0,0,0,0,0,0,0
2003,270081,1,1,0,0,0,0,0,0,0,0,0,0
2003,270081,2,1,0,0,0,0,0,0,0,0,0,0
2003,270082,1,1,0,0,0,0,0,0,0,0,0,0
2003,270082,2,1,0,0,0,0,0,0,0,0,0,0
2003,270083,1,1,0,0,0,0,0,0,0,0,0,0
2003,270084,1,1,0,0,0,0,0,0,0,0,0,0
2003,270084,2,1,0,0,0,0,0,0,0,0,0,0
2003,270085,1,1,0,0,0,0,0,0,0,0,0,0
2003,270086,1,1,0,0,0,0,0,0,0,0,0,0
2003,270086,2,1,0,0,0,0,0,0,0,0,0,0
2003,270087,0,1,0,0,0,0,0,0,0,0,0,0
2003,270087,1,1,1,1,1,1,1,1,1,1,1,1
2003,270088,1,1,0,0,0,0,0,0,0,0,0,0
2003,270088,2,1,0,0,0,0,0,0,0,0,0,0
2003,270089,1,1,24,24,24,24,24,24,24,24,24,24
2003,270090,1,1,0,0,0,0,0,0,0,0,0,0
2003,270090,2,1,0,0,0,0,0,0,0,0,13,0
2003,270091,1,1,7,7,7,7,7,7,7,7,7,7
2003,270092,1,1,0,0,0,0,0,0,0,0,0,0
2003,270093,1,1,0,0,0,0,0,0,0,0,0,0
2003,270094,1,1,0,0,0,0,0,0,0,0,0,0
2003,270094,2,1,0,0,0,0,0,0,0,0,0,0
2003,270095,1,1,0,0,0,0,0,0,0,0,0,0
2003,270096,0,1,17,17,17,17,17,17,17,17,17,17
2003,270096,1,1,0,0,0,0,0,0,0,0,0,0
2003,270097,1,1,17,17,17,17,17,17,17,17,17,17
2003,270098,1,1,24,24,24,24,24,24,24,24,24,24
2003,270099,1,1,15,15,15,15,15,15,15,15,15,15
2003,270100,1,1,12,12,12,12,12,12,12,12,12,12
2003,270100,2,1,0,0,0,0,0,0,0,0,0,0
2003,270101,1,1,0,0,0,0,0,0,0,0,0,0
2003,270101,2,1,2,2,2,2,2,2,2,2,2,2
2003,270102,0,1,0,0,0,0,0,0,0,0,0,0
2003,270102,1,1,0,0,0,0,0,0,0,0,0,0
2003,270103,1,1,19,19,19,19,19,19,19,19,19,19
2003,270104,1,1,0,0,0,0,0,0,0,0,0,0
2003,270105,1,1,8,8,8,8,8,8,8,8,8,8
2003,270106,1,1,14,14,14,14,14,14,14,14,14,14
2003,270107,1,1,0,0,0,0,0,0,0,0,0,0
2003,270108,1,2,0,7,0,0,0,0,0,34,0,0
2003,270109,1,1,0,0,0,0,0,0,0,0,0,0
2003,270110,1,1,0,0,0,0,0,0,0,0,0,0
2003,270110,2,1,0,0,0,0,0,0,0,0,0,0
2003,270111,1,1,0,0,0,0,0,0,0,0,0,0
2003,270112,1,1,0,0,0,0,0,0,0,0,0,0