YEAR,ST_CASE,veh_no,per_no,P1,P2,P3,P4,P5,P6,P7,P8,P9,P10
2003,270113,1,1,0,0,0,0,0,0,0,0,0,0
2003,270113,2,1,0,0,0,0,0,0,0,0,0,0
2003,270113,3,1,0,0,0,0,0,0,0,0,0,0
2003,270114,0,1,14,14,14,14,14,14,14,14,14,14
2003,270115,1,1,22,5,13,0,17,24,25,38,0,0
2003,270116,1,1,8,8,8,8,8,8,8,8,8,8
2003,270117,1,1,0,0,0,0,0,0,0,0,0,0
2003,270117,2,1,0,0,0,0,0,0,0,0,0,0
2003,270118,0,1,0,0,0,0,0,0,0,0,0,0
2003,270118,1,1,0,0,0,0,0,13,0,0,0,0
2003,270119,1,1,17,17,17,17,17,17,17,17,17,17
2003,270120,1,1,0,0,0,0,0,0,0,0,0,0
2003,270120,2,1,0,0,0,0,0,0,0,0,0,0
2003,270121,1,1,20,20,20,20,20,20,20,20,20,20
2003,270122,1,1,0,0,0,0,0,0,0,0,0,0
2003,270123,1,1,0,0,0,0,0,0,0,0,0,0
2003,270124,1,1,0,0,0,0,0,0,0,0,0,0
2003,270125,1,1,0,0,0,0,0,0,0,0,0,0
2003,270126,1,1,16,16,16,16,16,16,16,16,16,16
2003,270127,1,1,0,0,0,0,0,0,0,0,0,0
2003,270128,1,1,0,0,0,0,0,0,0,0,0,0
2003,270128,2,1,3,3,3,3,3,3,3,3,3,3
2003,270129,1,1,21,21,21,21,21,21,21,21,21,21
2003,270129,2,1,0,0,0,0,0,0,0,0,0,0
2003,270130,1,1,0,0,0,0,0,0,0,0,0,0
2003,270130,2,1,0,0,0,0,0,0,0,0,0,0
2003,270131,1,1,0,0,0,0,0,0,0,0,0,0
2003,270131,2,1,0,0,0,0,0,0,0,0,0,0
2003,270131,3,1,0,0,0,0,0,0,0,0,0,0
2003,270132,1,1,0,0,0,0,0,0,0,0,0,0
2003,270132,2,1,0,0,0,0,0,0,0,0,0,0
2003,270133,1,1,16,16,16,16,16,16,16,16,16,16
2003,270134,1,1,0,0,0,0,0,0,0,0,0,0
2003,270134,2,1,0,0,0,0,0,0,0,0,0,0
2003,270135,1,1,0,0,0,0,0,0,0,0,0,0
2003,270136,1,1,15,15,15,15,15,15,15,15,15,15
2003,270136,2,1,0,0,0,0,0,0,0,0,0,0
2003,270137,1,1,0,0,0,0,0,0,0,0,0,0
2003,270137,2,1,0,0,0,0,0,0,0,0,0,0
2003,270139,1,1,18,18,18,18,18,18,18,18,18,18
2003,270140,1,1,0,0,0,0,0,0,0,0,0,0
2003,270141,1,1,20,20,20,20,20,20,20,20,20,20
2003,270141,2,1,3,3,3,3,3,3,3,3,3,3
2003,270142,1,1,10,10,10,10,10,10,10,10,10,10
2003,270143,1,1,0,12,0,0,0,0,0,0,12,0
2003,270143,2,1,4,4,4,4,4,4,4,4,4,4
2003,270144,2,1,0,12,0,0,0,0,0,8,0,0
2003,270145,1,1,0,0,0,0,0,0,0,0,0,0
2003,270146,1,1,2,2,2,2,2,2,2,2,2,2
2003,270146,2,1,3,3,3,3,3,3,3,3,3,3
2003,270147,1,1,14,14,14,14,14,14,14,14,14,14
2003,270147,2,1,0,0,0,0,0,0,0,0,0,0
2003,270147,3,1,0,0,0,0,0,0,0,0,0,0
2003,270148,1,1,0,16,0,0,0,0,0,13,0,0
2003,270148,2,1,0,0,0,0,0,0,0,0,0,0
2003,270148,3,1,0,0,0,0,0,0,0,0,0,0
2003,270148,4,1,0,0,0,0,0,0,0,0,0,0
2003,270149,1,1,0,0,0,0,0,0,0,0,0,0
2003,270150,1,1,0,0,0,0,0,0,0,0,0,0
2003,270151,1,1,0,0,0,0,0,0,0,0,0,0
2003,270151,2,1,0,0,0,0,0,0,0,0,0,0
2003,270151,3,1,0,0,0,0,0,0,0,0,0,0
2003,270151,4,1,0,0,0,0,0,0,0,0,0,0
2003,270152,1,1,0,0,0,0,0,0,0,0,0,0
2003,270152,2,1,0,0,0,0,0,0,0,0,0,0
2003,270153,1,1,22,22,22,22,22,22,22,22,22,22
2003,270154,1,1,0,16,12,9,12,3,0,0,16,32
2003,270155,1,1,0,0,0,0,0,0,0,0,0,0
2003,270156,1,1,17,17,17,17,17,17,17,17,17,17
2003,270156,2,1,0,0,0,0,0,0,0,0,0,0
2003,270156,3,1,0,9,0,0,0,0,0,0,0,0
2003,270157,0,1,0,0,0,0,0,0,0,0,0,0
2003,270157,1,1,6,6,6,6,6,6,6,6,6,6
2003,270158,1,1,0,0,0,0,0,0,0,0,0,0
2003,270158,2,1,0,0,0,0,0,0,0,0,0,0
2003,270159,1,1,0,0,0,0,0,0,0,0,0,0
2003,270159,2,1,0,0,0,0,0,0,0,0,0,0
2003,270159,3,1,0,0,0,0,0,0,0,0,0,0
2003,270160,1,1,0,0,0,0,0,0,0,0,0,0
2003,270160,2,1,0,0,0,0,0,0,0,0,0,0
2003,270161,1,1,0,0,0,0,0,0,0,0,0,0
2003,270161,2,1,0,0,0,0,0,0,0,0,0,0
2003,270162,0,1,0,0,0,0,0,0,0,0,0,0
2003,270162,1,1,6,6,6,6,6,6,6,6,6,6
2003,270163,0,1,0,0,0,0,0,0,0,0,0,0
2003,270163,1,1,0,0,0,0,0,0,0,0,0,0
2003,270164,0,1,0,0,0,0,0,0,0,0,0,0
2003,270164,1,1,0,0,0,0,0,0,0,0,0,0
2003,270165,1,1,34,34,34,34,34,34,34,34,34,34
2003,270166,1,1,30,30,30,30,30,30,30,30,30,30
2003,270167,1,1,0,7,0,0,0,0,0,18,9,12
2003,270167,2,1,5,5,5,5,5,5,5,5,5,5
2003,270168,1,1,0,0,0,0,0,0,0,0,0,0
2003,270168,2,1,0,0,0,0,0,0,0,0,0,0
2003,270169,1,1,0,0,0,0,0,0,0,0,0,0
2003,270170,1,1,16,16,16,16,16,16,16,16,16,16
2003,270171,1,1,19,19,19,19,19,19,19,19,19,19
2003,270172,1,1,0,0,0,0,0,0,0,0,0,0
2003,270172,2,1,0,0,0,0,0,0,0,0,0,0
2003,270173,1,1,30,30,30,30,30,30,30,30,30,30
2003,270174,1,1,18,18,18,18,18,18,18,18,18,18
2003,270175,1,1,0,0,0,0,0,0,0,0,0,0
2003,270176,1,1,0,0,0,0,0,0,0,0,0,0
2003,270177,1,1,2,2,2,2,2,2,2,2,2,2
2003,270177,2,1,0,0,0,0,0,0,0,0,0,0
2003,270178,1,1,0,0,0,0,0,0,0,0,0,0
2003,270178,2,1,0,0,0,0,0,0,0,0,0,0
2003,270178,3,1,0,0,0,0,0,0,0,0,0,0
2003,270179,1,1,0,0,0,0,0,0,0,0,0,0
2003,270180,1,1,0,0,0,0,0,0,0,0,0,0
2003,270180,2,1,0,0,0,0,0,0,0,0,0,0
2003,270181,1,1,10,10,10,10,10,10,10,10,10,10
2003,270182,1,1,0,0,0,0,0,0,0,0,0,0
2003,270182,2,1,0,0,0,0,0,0,0,0,0,0
2003,270183,1,1,0,0,0,0,0,0,0,0,0,0
2003,270183,2,1,0,0,0,0,0,0,0,0,0,0
2003,270184,1,1,11,11,11,11,11,11,11,11,11,11
2003,270185,1,2,17,0,0,0,14,0,19,0,7,28
2003,270186,1,1,0,0,0,0,0,0,0,0,0,0
2003,270187,1,1,0,0,0,0,0,0,0,0,0,0
2003,270188,1,1,23,23,23,23,23,23,23,23,23,23
2003,270189,1,1,0,0,0,0,0,0,0,0,0,0
2003,270189,2,1,0,0,0,0,0,0,0,0,0,0
2003,270189,3,1,0,0,0,0,0,0,0,0,0,0
2003,270190,1,1,24,24,24,24,24,24,24,24,24,24
2003,270191,1,1,0,0,0,0,0,0,0,0,0,0
2003,270191,2,1,0,0,0,0,0,0,0,0,0,0
2003,270192,1,1,14,14,14,14,14,14,14,14,14,14
2003,270193,1,1,0,0,0,0,0,0,0,0,0,0
2003,270194,1,1,18,18,18,18,18,18,18,18,18,18
2003,270195,1,1,20,20,20,20,20,20,20,20,20,20
2003,270195,2,1,0,0,0,0,0,0,0,0,0,0
2003,270196,1,1,0,0,0,0,0,0,0,0,0,0
2003,270196,2,1,0,0,0,0,0,0,0,0,0,0
2003,270197,1,1,0,0,0,0,0,0,0,0,0,0
2003,270197,2,1,1,1,1,1,1,1,1,1,1,1
2003,270198,1,1,23,23,23,23,23,23,23,23,23,23
2003,270199,1,1,0,0,0,0,0,0,0,0,0,0
2003,270200,1,1,0,0,0,0,0,0,0,0,0,0
2003,270201,0,1,0,0,0,0,0,0,0,0,0,0
2003,270201,1,1,0,0,0,0,0,0,0,0,0,0
2003,270202,1,1,13,13,13,13,13,13,13,13,13,13
2003,270202,2,1,0,0,0,0,0,0,0,0,0,0
2003,270203,1,1,0,0,0,0,0,0,0,0,0,0
2003,270203,2,1,0,0,0,0,0,0,0,0,0,0
2003,270204,1,1,25,25,25,25,25,25,25,25,25,25
2003,270205,1,1,0,0,0,0,0,0,0,0,0,0
2003,270205,2,1,0,0,0,0,0,0,0,0,0,0
2003,270206,1,1,0,0,0,0,0,0,0,0,0,0
2003,270207,0,1,0,0,0,0,0,0,0,0,0,0
2003,270207,1,1,0,0,0,0,0,0,0,0,0,0
2003,270208,0,1,0,0,0,0,0,0,0,0,0,0
2003,270208,1,1,0,0,0,0,0,0,0,0,0,0
2003,270209,1,1,0,0,0,0,0,0,0,0,0,0
2003,270209,2,1,0,0,0,0,0,0,0,0,0,0
2003,270210,0,1,0,0,0,0,0,0,0,0,0,0
2003,270210,1,1,0,0,0,0,0,0,0,0,0,0
2003,270211,1,1,9,9,9,9,9,9,9,9,9,9
2003,270211,2,1,0,0,0,0,0,0,0,0,0,0
2003,270212,1,1,8,8,8,8,8,8,8,8,8,8
2003,270212,2,1,7,7,7,7,7,7,7,7,7,7
2003,270213,1,1,17,17,17,17,17,17,17,17,17,17
2003,270214,1,1,24,24,24,24,24,24,24,24,24,24
2003,270215,1,1,0,0,0,0,0,0,0,0,0,0
2003,270216,1,1,16,16,16,16,16,16,16,16,16,16
2003,270216,2,1,0,0,0,0,0,0,0,0,0,0
2003,270216,3,1,0,0,0,0,0,0,0,0,0,0
2003,270216,4,1,0,0,0,0,0,0,0,0,0,0
2003,270217,1,1,0,0,0,0,0,0,0,0,0,0
2003,270217,2,1,0,0,0,0,0,0,0,0,0,0
2003,270218,1,1,1,1,1,1,1,1,1,1,1,1
2003,270219,1,1,18,18,18,18,18,18,18,18,18,18
2003,270220,1,1,0,0,0,0,0,0,0,0,0,0
2003,270220,2,1,0,0,0,0,0,0,0,0,0,0
2003,270221,0,1,0,0,0,0,0,0,0,0,0,0
2003,270221,1,1,0,0,0,0,0,0,0,0,0,0
2003,270222,1,1,15,15,15,15,15,15,15,15,15,15
2003,270223,1,1,0,0,11,0,0,0,0,0,19,0
2003,270224,1,1,13,0,0,0,0,0,0,0,0,0
2003,270225,1,1,2,2,2,2,2,2,2,2,2,2
2003,270226,1,1,0,0,19,28,16,12,28,16,15,10
2003,270227,0,1,0,0,0,0,0,0,0,0,0,0
2003,270227,1,1,0,0,0,0,0,0,0,0,0,0
2003,270228,0,1,0,0,0,0,0,0,0,0,0,0
2003,270228,1,1,0,0,0,0,0,0,0,0,0,0
2003,270229,1,1,0,0,0,0,0,0,9,0,0,0
2003,270230,1,1,0,0,0,0,0,0,0,0,0,0
2003,270230,2,1,0,0,0,0,0,0,0,0,0,0
2003,270231,1,1,2,0,2,0,0,0,0,0,0,0
2003,270232,1,1,0,0,0,0,0,0,0,0,0,0
2003,270233,1,1,10,10,10,10,10,10,10,10,10,10
2003,270233,2,1,0,0,0,0,0,0,0,0,0,0
2003,270234,1,1,0,0,0,0,0,0,0,0,0,0
2003,270235,1,1,21,21,21,21,21,21,21,21,21,21
2003,270236,1,1,0,0,0,0,0,0,0,0,0,0
2003,270236,2,1,0,0,0,0,0,0,0,0,0,0
2003,270236,3,1,0,0,0,0,0,0,0,0,0,0
2003,270237,1,1,19,19,19,19,19,19,19,19,19,19
2003,270238,0,1,0,0,0,0,0,0,0,0,0,0
2003,270238,1,1,0,0,0,0,0,0,0,0,0,0
2003,270239,1,1,0,0,0,0,0,0,0,0,0,0
2003,270240,1,1,0,0,0,0,0,0,0,0,0,0
2003,270240,2,1,0,0,0,0,0,0,0,0,0,0
2003,270241,0,1,0,0,0,0,0,0,0,0,0,0
2003,270241,1,1,0,0,0,0,0,0,0,0,0,0
2003,270242,1,1,0,0,0,0,0,0,0,0,0,0
2003,270242,2,1,0,0,0,0,0,0,0,0,0,9
2003,270243,1,1,0,0,0,0,0,0,0,0,0,0
2003,270243,2,1,0,0,11,0,0,0,0,0,0,0
2003,270244,1,1,0,0,0,0,0,0,0,0,0,0
2003,270244,2,1,0,0,0,0,0,0,0,0,0,0
2003,270245,1,1,4,4,4,4,4,4,4,4,4,4
2003,270246,1,1,0,0,0,0,0,0,0,0,0,0
2003,270246,2,1,0,0,0,0,0,0,0,0,0,0
2003,270247,1,1,0,0,0,0,0,0,0,0,0,0
2003,270247,2,1,0,0,0,0,0,0,0,0,0,0
2003,270248,1,1,0,0,0,0,0,0,0,0,0,0
2003,270248,2,1,0,0,0,0,0,0,0,0,0,0
2003,270249,0,1,22,22,22,22,22,22,22,22,22,22
2003,270249,1,1,0,0,0,0,0,0,0,0,0,0
2003,270250,1,1,0,0,0,0,0,0,0,0,0,0
2003,270251,1,1,0,0,0,0,0,0,0,0,0,0
2003,270252,1,1,0,0,0,0,0,0,0,0,0,0
2003,270252,2,1,0,0,0,0,0,0,0,0,0,0
2003,270253,1,1,0,0,0,0,0,0,0,0,0,0
2003,270253,2,1,0,0,0,0,0,0,0,0,0,0
2003,270254,1,1,0,0,0,0,0,0,0,0,0,0
2003,270254,2,1,0,0,0,0,0,0,0,0,0,0
2003,270255,1,1,15,15,15,15,15,15,15,15,15,15
2003,270256,1,1,0,0,0,0,0,0,0,0,0,0
2003,270257,1,1,24,24,24,24,24,24,24,24,24,24
2003,270258,1,1,0,0,0,0,0,9,0,15,0,0
2003,270258,2,1,0,0,0,0,0,0,0,0,0,0
2003,270259,1,1,0,0,0,0,0,0,0,0,0,0
2003,270259,2,1,0,0,0,0,0,0,0,0,0,0
2003,270259,3,1,0,0,0,0,0,0,0,0,0,0
2003,270260,1,1,13,13,13,13,13,13,13,13,13,13
2003,270260,2,1,0,0,0,0,0,0,0,0,0,0
2003,270261,1,1,0,0,0,0,0,0,0,0,0,0
2003,270261,2,1,0,0,0,0,0,0,0,0,0,0
2003,270262,1,1,11,11,11,11,11,11,11,11,11,11
2003,270262,2,1,0,0,0,0,0,0,0,0,0,0
2003,270263,1,1,7,7,7,7,7,7,7,7,7,7
2003,270264,1,1,0,0,18,0,28,0,0,0,0,0
2003,270264,2,1,0,0,0,0,0,0,0,0,0,0
2003,270264,3,1,0,0,0,0,0,0,0,0,0,10
2003,270265,1,1,0,0,0,0,0,0,0,0,0,0
2003,270265,2,1,0,0,0,0,0,0,0,0,0,0
2003,270265,3,1,0,0,0,0,0,0,0,0,0,0
2003,270265,4,1,0,0,0,0,0,0,0,0,0,0
2003,270265,5,1,0,0,0,0,0,0,0,0,0,0
2003,270265,6,1,0,0,0,0,0,0,0,0,0,0
2003,270265,7,1,17,23,0,0,0,0,0,0,0,0
2003,270266,1,1,2,2,2,2,2,2,2,2,2,2
2003,270266,2,1,0,0,0,0,0,0,0,0,0,0
2003,270267,1,1,0,0,0,0,0,0,0,0,0,0
2003,270268,1,1,24,24,24,24,24,24,24,24,24,24
2003,270269,1,1,8,8,8,8,8,8,8,8,8,8
2003,270270,1,1,0,0,0,0,0,0,0,0,0,0
2003,270270,2,1,5,5,5,5,5,5,5,5,5,5
2003,270270,3,1,0,0,0,0,0,0,0,0,0,0
2003,270271,1,1,0,0,0,0,0,0,0,0,0,0
2003,270272,1,1,0,0,0,0,0,0,0,0,0,0
2003,270272,2,1,0,0,0,0,0,0,0,0,0,0
2003,270273,1,1,0,0,0,0,0,0,0,0,0,0
2003,270273,2,1,0,0,0,0,0,0,0,0,0,0
2003,270274,1,1,6,6,6,6,6,6,6,6,6,6
2003,270274,2,1,11,11,11,11,11,11,11,11,11,11
2003,270275,1,1,0,0,0,0,0,0,0,0,0,0
2003,270275,2,1,0,0,0,0,0,0,0,0,0,0
2003,270276,1,1,25,25,25,25,25,25,25,25,25,25
2003,270277,1,1,23,8,16,21,28,26,27,11,9,16
2003,270278,1,1,0,0,0,0,0,0,0,0,0,0
2003,270278,2,1,0,0,0,0,0,0,0,0,0,0
2003,270279,1,1,0,0,0,0,0,0,0,0,0,0
2003,270280,1,1,0,0,0,0,0,0,0,0,0,0
2003,270281,1,1,0,0,0,0,0,0,0,0,0,0
2003,270281,2,1,0,0,0,0,0,0,0,0,0,0
2003,270282,1,1,20,20,20,20,20,20,20,20,20,20
2003,270282,2,1,14,14,14,14,14,14,14,14,14,14
2003,270283,1,1,2,2,2,2,2,2,2,2,2,2
2003,270284,1,1,0,0,0,0,0,0,0,0,0,0
2003,270284,2,1,0,0,0,0,0,0,0,0,0,0
2003,270285,1,1,0,0,0,0,0,0,0,0,0,0
2003,270285,2,1,0,0,0,0,0,0,0,0,0,0
2003,270286,1,1,0,0,0,0,0,0,0,0,0,0
2003,270287,1,1,22,22,22,22,22,22,22,22,22,22
2003,270288,1,1,0,0,0,0,0,0,0,0,0,0
2003,270288,2,1,0,0,0,0,0,0,0,0,0,0
2003,270289,0,1,24,24,24,24,24,24,24,24,24,24
2003,270289,1,1,3,3,3,3,3,3,3,3,3,3
2003,270290,1,1,18,18,18,18,18,18,18,18,18,18
2003,270291,1,1,0,0,9,0,6,22,0,0,0,0
2003,270291,2,1,0,0,0,0,0,0,0,0,0,0
2003,270292,1,1,12,12,12,12,12,12,12,12,12,12
2003,270292,2,1,0,0,0,0,0,0,0,0,0,0
2003,270293,1,1,0,0,0,0,0,0,0,0,0,0
2003,270293,2,1,0,0,0,0,0,0,0,0,0,0
2003,270294,1,1,16,16,16,16,16,16,16,16,16,16
2003,270294,2,1,0,0,0,0,0,0,0,0,0,0
2003,270295,1,1,32,32,32,32,32,32,32,32,32,32
2003,270295,2,1,0,0,0,0,0,0,0,0,0,0
2003,270296,1,1,0,0,0,0,0,0,0,0,0,0
2003,270297,0,1,8,8,8,8,8,8,8,8,8,8
2003,270297,1,1,9,9,9,9,9,9,9,9,9,9
2003,270299,1,1,0,0,0,0,0,0,0,0,0,0
2003,270300,1,1,11,11,11,11,11,11,11,11,11,11
2003,270301,0,1,0,14,39,32,20,21,12,0,0,0
2003,270301,1,1,0,0,0,0,0,0,0,8,29,16
2003,270302,1,1,11,11,11,11,11,11,11,11,11,11
2003,270303,1,1,0,0,0,0,0,0,0,0,0,0
2003,270303,2,1,0,0,0,0,0,0,0,0,0,0
2003,270304,1,1,23,23,23,23,23,23,23,23,23,23
2003,270305,1,1,0,0,0,0,0,0,0,0,0,0
2003,270306,1,1,18,18,18,18,18,18,18,18,18,18
2003,270306,2,1,0,0,0,0,0,0,0,0,0,0
2003,270307,1,1,15,15,15,15,15,15,15,15,15,15
2003,270308,1,1,0,0,0,0,11,0,0,0,0,0
2003,270308,2,1,0,0,0,0,0,0,0,0,0,0
2003,270309,0,1,23,31,0,0,33,0,18,0,0,0
2003,270309,1,1,6,6,6,6,6,6,6,6,6,6
2003,270310,1,1,0,0,0,0,0,0,0,0,0,0
2003,270311,1,1,0,0,0,0,0,0,0,0,0,0
2003,270312,1,1,7,7,7,7,7,7,7,7,7,7
2003,270313,1,1,24,24,24,24,24,24,24,24,24,24
2003,270314,1,1,6,6,6,6,6,6,6,6,6,6
2003,270315,1,1,18,18,18,18,18,18,18,18,18,18
2003,270315,2,1,0,0,0,0,0,0,0,0,0,0
2003,270316,1,1,8,8,8,8,8,8,8,8,8,8
2003,270317,1,1,0,2,0,0,0,0,0,0,0,0
2003,270317,2,1,0,0,0,0,0,0,0,0,18,0
2003,270318,1,1,0,0,0,0,0,0,0,0,0,0
2003,270318,2,1,0,0,0,0,0,0,0,0,0,0
2003,270319,1,1,0,0,0,0,0,0,0,0,0,0
2003,270319,2,1,0,0,0,0,0,0,0,0,0,0
2003,270320,1,1,0,0,0,0,0,0,0,0,0,0
2003,270320,2,1,0,0,0,0,0,0,0,0,0,0
2003,270321,1,1,0,0,0,0,0,0,0,0,0,0
2003,270321,2,1,17,17,17,17,17,17,17,17,17,17
2003,270322,1,1,0,0,0,0,0,0,0,0,0,0
2003,270322,2,1,0,0,0,0,0,0,0,0,0,0
2003,270323,1,1,17,17,17,17,17,17,17,17,17,17
2003,270323,2,1,0,0,0,0,0,0,0,0,0,0
2003,270324,1,1,0,0,0,0,0,0,0,0,0,0
2003,270325,0,1,24,24,24,24,24,24,24,24,24,24
2003,270325,1,1,0,0,0,0,0,13,23,16,0,0
2003,270326,1,1,15,15,15,15,15,15,15,15,15,15
2003,270327,1,1,0,0,0,0,0,0,0,0,0,0
2003,270328,1,1,13,13,13,13,13,13,13,13,13,13
2003,270328,2,1,0,0,0,0,0,0,0,0,0,0
2003,270329,1,1,1,1,1,1,1,1,1,1,1,1
2003,270329,2,1,0,0,0,0,0,0,0,0,0,0
2003,270331,1,1,0,0,0,0,0,0,0,0,0,0
2003,270331,2,1,0,0,0,0,0,0,0,0,0,0
2003,270332,0,1,1,1,1,1,1,1,1,1,1,1
2003,270332,1,1,14,14,14,14,14,14,14,14,14,14
2003,270333,1,1,0,0,0,0,0,0,0,0,0,0
2003,270334,1,1,17,17,17,17,17,17,17,17,17,17
2003,270335,1,1,0,0,0,0,0,0,0,0,0,0
2003,270335,2,1,0,0,0,0,0,0,0,0,0,0
2003,270336,1,1,10,10,10,10,10,10,10,10,10,10
2003,270337,1,1,0,0,0,0,0,0,0,0,0,0
2003,270337,2,1,0,0,0,0,0,0,0,0,0,0
2003,270338,1,1,0,0,0,0,0,0,0,0,0,0
2003,270338,2,1,12,12,12,12,12,12,12,12,12,12
2003,270339,1,1,13,13,13,13,13,13,13,13,13,13
2003,270340,1,1,0,0,0,0,0,0,0,0,0,0
2003,270340,2,1,0,0,0,0,0,0,0,0,0,0
2003,270341,1,1,0,0,0,0,0,0,0,0,0,0
2003,270342,1,1,0,0,0,0,0,0,0,0,0,0
2003,270342,2,1,0,0,0,0,0,0,0,0,0,0
2003,270343,0,1,0,0,0,0,0,0,0,0,0,0
2003,270343,1,1,0,0,0,0,0,0,0,0,0,0
2003,270344,1,1,0,0,0,0,0,13,0,0,0,0
2003,270345,1,1,20,20,20,20,20,20,20,20,20,20
2003,270346,1,1,0,0,0,0,0,0,0,0,0,0
2003,270346,2,1,0,0,0,0,0,0,0,0,0,0
2003,270347,1,1,33,33,33,33,33,33,33,33,33,33
2003,270347,2,1,0,0,0,0,0,0,0,0,0,0
2003,270348,1,1,0,0,0,0,0,0,0,0,0,0
2003,270348,2,1,0,0,0,0,0,0,0,0,0,0
2003,270349,0,1,0,0,19,0,0,0,0,0,0,0
2003,270349,1,1,0,0,0,0,0,0,0,0,0,0
2003,270350,0,1,17,4,38,0,0,0,21,0,0,9
2003,270350,1,1,17,17,17,17,17,17,17,17,17,17
2003,270351,1,1,0,0,0,0,0,0,0,0,0,0
2003,270351,2,1,0,0,0,0,0,0,0,0,0,0
2003,270352,1,1,0,0,0,0,0,0,0,0,0,0
2003,270353,1,1,0,0,0,0,0,0,0,0,0,0
2003,270353,2,1,0,0,0,0,0,0,0,0,0,0
2003,270354,1,1,0,0,0,0,0,0,0,0,0,0
2003,270354,2,1,0,0,0,0,0,0,0,0,0,0
2003,270354,3,1,0,0,0,0,0,0,0,0,0,0
2003,270355,1,1,0,0,0,0,0,0,0,0,0,0
2003,270355,2,1,0,0,0,0,0,0,0,0,0,0
2003,270356,1,1,0,0,0,0,0,0,0,0,0,0
2003,270356,2,1,0,0,0,0,0,0,0,0,0,0
2003,270357,1,1,0,0,0,0,0,0,0,0,0,0
2003,270358,1,1,0,0,0,0,0,0,0,0,0,0
2003,270358,2,1,0,0,0,0,0,0,0,0,0,0
2003,270359,1,1,19,19,19,19,19,19,19,19,19,19
2003,270360,1,1,0,0,0,0,0,0,0,0,0,0
2003,270360,2,1,0,0,0,0,0,0,0,0,0,0
2003,270361,1,1,0,0,0,0,0,0,0,0,0,0
2003,270361,2,1,0,0,0,0,0,0,0,0,0,0
2003,270362,1,1,0,0,0,0,0,0,0,0,0,0
2003,270362,2,1,0,0,0,0,0,0,0,0,0,0
2003,270362,3,1,0,0,0,0,0,0,0,0,0,0
2003,270362,4,1,0,0,0,0,0,0,0,0,0,0
2003,270362,5,1,0,0,0,0,0,0,0,0,0,0
2003,270363,1,1,0,0,0,0,0,0,0,0,0,0
2003,270364,1,1,0,0,0,0,0,0,0,0,0,0
2003,270365,1,1,13,13,13,13,13,13,13,13,13,13
2003,270366,0,1,0,0,0,0,0,0,0,0,0,0
2003,270366,1,1,0,0,0,0,0,0,0,0,0,0
2003,270367,1,1,0,0,0,0,0,0,0,0,0,0
2003,270367,2,1,0,0,0,0,0,0,0,0,0,0
2003,270368,1,1,2,2,2,2,2,2,2,2,2,2
2003,270368,2,1,0,0,0,0,0,0,0,0,0,0
2003,270369,1,1,0,0,0,0,0,0,0,0,0,0
2003,270369,2,1,0,0,0,0,0,0,0,0,0,0
2003,270370,1,1,0,0,0,0,0,0,0,0,0,0
2003,270371,1,1,0,0,0,0,0,0,0,0,0,0
2003,270372,1,1,0,0,0,0,0,0,0,0,0,0
2003,270372,2,1,9,9,9,9,9,9,9,9,9,9
2003,270373,1,1,21,21,21,21,21,21,21,21,21,21
2003,270374,1,1,0,0,0,0,0,0,0,0,0,0
2003,270375,1,1,1,1,1,1,1,1,1,1,1,1
2003,270376,1,1,0,0,0,0,0,0,0,0,0,0
2003,270376,2,1,0,0,0,0,0,0,0,0,0,0
2003,270377,1,1,3,3,3,3,3,3,3,3,3,3
2003,270378,1,1,0,0,0,0,0,0,0,0,0,0
2003,270379,1,1,0,0,0,0,0,0,0,0,0,0
2003,270379,2,1,0,0,0,0,0,0,0,0,0,0
2003,270380,1,1,0,0,5,0,0,0,0,0,3,0
2003,270381,1,1,24,24,24,24,24,24,24,24,24,24
2003,270382,1,1,19,18,16,21,17,21,36,9,19,19
2003,270383,1,1,25,25,25,25,25,25,25,25,25,25
2003,270384,1,1,23,23,23,23,23,23,23,23,23,23
2003,270385,1,1,13,13,13,13,13,13,13,13,13,13
2003,270386,1,1,0,0,0,0,0,0,0,0,0,0
2003,270386,2,1,0,0,0,0,0,0,0,0,0,0
2003,270387,1,1,15,15,15,15,15,15,15,15,15,15
2003,270388,1,1,0,0,0,0,0,0,0,0,0,0
2003,270389,1,1,0,0,0,0,0,0,0,0,0,0
2003,270389,2,1,0,0,0,0,0,0,0,0,6,0
2003,270390,1,1,24,24,24,24,24,24,24,24,24,24
2003,270390,2,1,0,0,0,0,0,0,0,0,0,0
2003,270391,1,1,0,0,0,0,0,0,0,0,0,0
2003,270391,2,1,0,0,0,0,0,0,0,0,0,0
2003,270392,0,1,27,27,27,27,27,27,27,27,27,27
2003,270392,1,1,0,0,0,0,0,0,0,0,0,0
2003,270393,1,1,22,22,22,22,22,22,22,22,22,22
2003,270393,2,1,0,0,0,0,0,0,0,0,0,0
2003,270394,1,1,12,12,12,12,12,12,12,12,12,12
2003,270395,1,1,0,0,0,0,0,0,0,0,0,0
2003,270396,1,1,1,1,1,1,1,1,1,1,1,1
2003,270396,2,1,0,0,0,0,0,0,0,0,0,0
2003,270397,1,1,25,25,25,25,25,25,25,25,25,25