YEAR,ST_CASE,veh_no,per_no,P1,P2,P3,P4,P5,P6,P7,P8,P9,P10
2003,270398,1,1,22,22,22,22,22,22,22,22,22,22
2003,270399,1,1,14,14,14,14,14,14,14,14,14,14
2003,270399,2,1,0,0,0,0,0,0,0,0,0,0
2003,270400,1,1,0,0,0,0,0,0,0,0,0,0
2003,270400,2,1,0,0,0,0,0,0,0,0,0,0
2003,270401,1,1,0,0,0,0,0,0,0,0,0,0
2003,270401,2,1,0,0,0,0,0,0,0,0,0,0
2003,270402,1,1,17,17,17,17,17,17,17,17,17,17
2003,270403,1,1,0,0,0,0,0,0,0,0,0,0
2003,270404,1,1,0,0,0,0,0,0,0,0,0,0
2003,270404,2,1,0,0,0,0,0,0,0,0,0,0
2003,270404,3,1,0,0,0,0,0,0,0,0,0,0
2003,270405,0,1,0,0,0,0,0,0,0,19,0,0
2003,270405,1,1,0,0,0,0,0,0,0,0,0,0
2003,270406,1,1,0,0,0,0,0,0,0,0,0,0
2003,270406,2,1,0,0,0,0,0,0,0,0,15,0
2003,270407,1,1,0,0,0,0,0,0,0,0,0,0
2003,270408,1,1,0,0,0,0,0,0,0,0,0,0
2003,270408,2,1,0,0,0,0,0,0,0,0,0,0
2003,270409,1,1,13,13,13,13,13,13,13,13,13,13
2003,270410,1,1,23,23,23,23,23,23,23,23,23,23
2003,270411,1,1,20,20,20,20,20,20,20,20,20,20
2003,270412,1,1,23,23,23,23,23,23,23,23,23,23
2003,270413,1,1,0,0,0,0,0,0,0,0,0,0
2003,270413,2,1,0,0,0,0,0,0,0,0,0,0
2003,270414,1,1,24,24,24,24,24,24,24,24,24,24
2003,270415,1,1,0,0,0,0,0,0,0,0,0,0
2003,270415,2,1,0,0,0,0,0,0,0,0,0,0
2003,270415,3,1,0,0,0,0,0,0,0,0,0,0
2003,270416,1,1,0,0,0,0,0,0,0,0,0,0
2003,270416,2,1,0,0,0,0,0,0,0,0,0,0
2003,270417,1,1,0,21,0,0,0,0,0,0,0,0
2003,270418,1,1,10,10,10,10,10,10,10,10,10,10
2003,270418,2,1,0,0,0,0,0,0,0,0,0,0
2003,270419,1,1,15,15,15,15,15,15,15,15,15,15
2003,270420,1,1,0,0,0,0,0,0,0,0,0,0
2003,270420,2,1,0,0,0,0,0,0,0,0,0,0
2003,270421,0,1,0,0,0,0,0,0,0,0,0,0
2003,270421,1,1,2,2,2,2,2,2,2,2,2,2
2003,270422,0,1,0,0,0,0,0,0,0,0,0,0
2003,270422,1,1,0,0,0,0,0,0,0,0,0,0
2003,270423,1,1,0,0,0,0,0,0,0,0,0,0
2003,270423,2,1,0,0,0,0,0,0,0,0,0,0
2003,270424,1,1,0,0,0,0,0,0,0,0,0,0
2003,270424,2,1,0,0,0,0,0,0,0,0,0,0
2003,270425,0,1,30,30,30,30,30,30,30,30,30,30
2003,270425,1,1,0,0,0,0,0,0,0,0,0,0
2003,270426,1,1,0,0,0,0,0,0,0,0,0,0
2003,270427,1,1,0,0,0,0,0,0,0,0,7,0
2003,270427,2,1,0,0,0,0,0,0,0,0,0,0
2003,270428,1,1,0,0,0,0,0,0,0,0,0,0
2003,270428,2,1,10,10,10,10,10,10,10,10,10,10
2003,270429,0,1,0,0,0,0,0,0,0,0,0,0
2003,270429,1,1,0,0,0,0,0,0,0,0,0,0
2003,270430,0,1,0,0,0,0,0,0,0,0,0,0
2003,270430,1,1,0,0,0,0,0,0,0,0,0,0
2003,270432,1,1,0,0,0,0,0,0,0,0,0,0
2003,270433,1,1,0,0,0,0,0,0,0,0,0,0
2003,270433,2,1,0,0,0,0,0,0,0,0,0,0
2003,270433,3,1,0,0,0,0,0,0,0,0,0,0
2003,270434,1,1,0,0,0,0,0,0,0,0,0,0
2003,270434,2,1,0,0,0,0,0,0,0,0,0,0
2003,270435,1,1,0,0,0,0,0,0,0,0,0,0
2003,270435,2,1,0,0,0,0,0,0,0,0,0,0
2003,270436,1,1,0,0,0,8,17,0,5,0,0,0
2003,270436,2,1,0,0,0,0,0,0,0,0,0,0
2003,270437,1,1,0,0,0,0,0,0,0,0,0,0
2003,270438,1,1,0,0,0,0,0,0,0,0,0,0
2003,270438,2,1,0,0,0,0,0,0,0,0,0,0
2003,270439,1,1,0,0,0,0,0,0,0,0,0,0
2003,270440,1,1,0,0,0,0,0,0,0,0,0,0
2003,270441,1,1,0,0,0,0,0,0,0,0,0,0
2003,270442,0,1,0,0,0,0,0,0,0,0,0,0
2003,270442,1,1,0,0,0,0,0,0,0,0,0,0
2003,270443,1,1,0,0,0,0,0,0,0,0,0,0
2003,270444,1,1,12,12,12,12,12,12,12,12,12,12
2003,270445,1,1,0,0,0,0,0,0,0,0,0,0
2003,270445,2,1,0,0,0,0,0,0,0,0,0,0
2003,270446,1,1,0,0,0,0,0,0,0,0,0,0
2003,270446,2,1,0,0,0,0,0,0,0,0,0,0
2003,270447,1,1,0,0,0,0,0,0,0,0,0,0
2003,270447,2,1,0,0,0,0,0,0,0,0,0,0
2003,270448,1,1,0,0,0,0,0,0,0,0,0,0
2003,270448,2,1,0,0,0,0,0,0,0,0,0,0
2003,270449,0,1,0,0,0,0,0,0,0,0,0,0
2003,270449,1,1,0,0,0,0,0,0,0,0,0,0
2003,270450,0,1,0,0,0,0,0,0,0,0,0,0
2003,270450,1,1,0,0,0,13,0,0,0,0,0,0
2003,270451,1,1,0,0,0,0,0,0,0,0,0,0
2003,270451,2,1,0,0,0,0,0,0,0,0,0,0
2003,270452,1,1,15,15,15,15,15,15,15,15,15,15
2003,270453,1,1,7,7,7,7,7,7,7,7,7,7
2003,270454,1,1,0,0,0,0,0,0,0,0,0,0
2003,270454,2,1,2,2,2,2,2,2,2,2,2,2
2003,270455,1,1,0,0,0,0,0,0,0,0,0,0
2003,270455,2,1,0,0,0,0,0,0,0,0,0,0
2003,270456,1,1,0,0,0,0,0,0,0,0,0,0
2003,270456,2,1,1,1,1,1,1,1,1,1,1,1
2003,270457,1,1,12,12,12,12,12,12,12,12,12,12
2003,270458,1,1,18,18,18,18,18,18,18,18,18,18
2003,270459,1,1,0,0,0,0,0,0,0,0,0,0
2003,270459,2,1,0,0,0,0,0,0,0,0,0,0
2003,270460,1,1,17,17,17,17,17,17,17,17,17,17
2003,270461,1,1,0,0,0,0,0,0,0,0,0,0
2003,270462,1,1,0,0,0,0,0,0,0,0,0,0
2003,270463,1,1,0,0,0,0,0,0,0,0,0,0
2003,270463,2,1,0,0,0,0,0,0,0,0,0,0
2003,270464,1,1,0,0,0,0,0,0,0,0,0,0
2003,270464,2,1,0,0,0,0,0,0,0,0,0,0
2003,270464,3,1,0,0,0,0,0,0,0,0,0,0
2003,270465,1,1,0,0,0,0,0,0,0,0,0,0
2003,270465,2,1,0,0,0,0,0,0,0,0,0,0
2003,270466,1,1,22,22,22,22,22,22,22,22,22,22
2003,270466,2,1,0,0,0,0,0,0,0,0,0,0
2003,270467,1,1,25,25,25,25,25,25,25,25,25,25
2003,270468,1,1,0,0,0,0,0,0,0,0,0,0
2003,270468,2,1,0,0,0,0,0,0,0,0,0,0
2003,270469,1,1,0,0,0,0,0,0,0,0,0,0
2003,270470,0,1,0,0,0,0,0,0,0,0,0,0
2003,270470,1,1,3,3,3,3,3,3,3,3,3,3
2003,270471,1,1,0,0,0,0,0,0,0,0,0,0
2003,270471,2,1,0,0,0,0,0,0,0,0,0,0
2003,270472,0,1,0,0,0,0,0,0,0,0,0,0
2003,270472,1,1,0,0,0,0,0,0,0,0,0,0
2003,270473,1,1,0,0,0,0,0,0,0,0,0,0
2003,270473,2,1,0,0,0,0,0,0,0,0,0,0
2003,270474,1,1,9,9,9,9,9,9,9,9,9,9
2003,270475,1,1,0,0,0,0,0,0,0,0,0,0
2003,270475,2,1,0,0,0,0,0,0,0,0,0,0
2003,270476,1,1,36,36,36,36,36,36,36,36,36,36
2003,270476,2,1,0,0,0,0,0,0,0,0,0,0
2003,270477,1,1,22,22,22,22,22,22,22,22,22,22
2003,270478,1,1,33,33,33,33,33,33,33,33,33,33
2003,270479,1,1,8,0,0,0,0,0,0,0,0,0
2003,270479,2,1,0,0,0,0,0,0,0,0,0,0
2003,270480,1,1,0,0,0,0,0,0,20,0,0,0
2003,270480,2,1,0,0,0,0,0,0,0,0,0,0
2003,270481,1,1,15,15,15,15,15,15,15,15,15,15
2003,270482,1,1,15,15,15,15,15,15,15,15,15,15
2003,270483,1,1,0,0,0,0,0,0,0,0,0,0
2003,270483,2,1,0,0,0,0,0,0,0,0,0,0
2003,270484,1,1,0,0,0,0,0,0,0,0,0,0
2003,270484,2,1,0,0,0,0,0,0,0,0,0,0
2003,270485,1,1,0,0,0,0,0,0,0,0,0,0
2003,270485,2,1,0,0,0,0,0,0,0,0,0,0
2003,270486,1,1,20,20,20,20,20,20,20,20,20,20
2003,270487,0,1,14,14,14,14,14,14,14,14,14,14
2003,270487,1,1,10,25,15,0,10,18,18,15,20,17
2003,270488,1,1,0,0,0,0,0,0,0,0,0,0
2003,270488,2,1,0,0,0,0,0,0,0,0,0,0
2003,270488,3,1,0,0,0,0,0,0,0,0,0,0
2003,270489,1,1,0,0,0,0,0,0,0,0,0,0
2003,270489,2,1,0,0,0,0,0,0,0,0,0,0
2003,270490,0,1,0,0,0,0,0,0,0,0,0,0
2003,270490,1,1,0,0,0,0,0,0,0,0,0,0
2003,270491,1,1,0,0,0,0,0,0,0,0,0,0
2003,270492,1,1,19,19,19,19,19,19,19,19,19,19
2003,270493,1,1,0,0,0,0,0,0,0,0,0,0
2003,270494,1,1,0,0,0,0,0,0,0,0,0,0
2003,270494,2,1,0,0,0,0,0,0,0,0,0,0
2003,270495,1,1,0,0,0,0,0,0,0,0,0,0
2003,270495,2,1,0,0,0,0,0,0,0,0,0,0
2003,270496,1,1,0,0,0,0,0,0,0,0,0,0
2003,270496,2,1,0,0,0,0,0,0,0,7,0,0
2003,270497,1,1,0,0,0,0,0,17,0,0,0,9
2003,270498,1,1,13,13,13,13,13,13,13,13,13,13
2003,270498,2,1,0,0,0,0,0,0,0,0,0,0
2003,270498,3,1,0,0,0,0,10,0,0,0,0,0
2003,270498,4,1,0,0,0,0,0,0,0,29,0,0
2003,270499,1,1,0,0,0,0,0,0,0,0,0,0
2003,270499,2,1,0,0,0,0,0,0,0,0,0,0
2003,270500,1,1,0,0,0,0,0,0,0,0,0,0
2003,270500,2,1,0,0,0,0,0,0,0,0,0,0
2003,270501,1,1,14,14,14,14,14,14,14,14,14,14
2003,270502,1,1,0,0,0,0,0,0,0,0,0,0
2003,270503,0,1,0,0,0,0,0,0,0,0,0,0
2003,270503,1,1,0,0,0,0,13,0,0,0,0,0
2003,270504,1,1,0,0,0,0,0,0,5,0,0,0
2003,270504,2,1,0,0,0,0,0,0,0,0,0,0
2003,270505,1,1,0,26,11,0,0,0,0,0,0,0
2003,270506,1,1,5,0,0,0,0,0,10,0,0,0
2003,270506,2,1,0,0,0,0,0,0,0,0,0,12
2003,270507,1,1,0,0,0,0,0,0,0,0,0,0
2003,270507,2,1,0,0,0,0,0,0,0,0,0,0
2003,270507,3,1,0,0,0,0,8,0,0,0,0,0
2003,270508,1,1,0,0,0,0,0,0,0,0,0,0
2003,270508,2,1,0,0,0,0,0,0,0,0,0,0
2003,270509,1,1,12,12,12,12,12,12,12,12,12,12
2003,270510,1,1,24,24,24,24,24,24,24,24,24,24
2003,270511,1,1,11,11,11,11,11,11,11,11,11,11
2003,270512,1,1,23,23,23,23,23,23,23,23,23,23
2003,270513,1,1,0,0,0,0,0,0,0,0,0,0
2003,270513,2,1,0,0,0,0,0,0,0,0,0,0
2003,270514,1,1,15,15,15,15,15,15,15,15,15,15
2003,270515,1,1,22,22,22,22,22,22,22,22,22,22
2003,270516,1,1,0,0,0,0,0,0,0,0,0,0
2003,270516,2,1,0,0,0,0,0,0,0,0,0,0
2003,270517,1,1,0,0,0,0,0,0,0,0,0,0
2003,270517,2,1,0,0,0,0,0,0,0,0,0,0
2003,270518,1,1,0,15,0,0,0,0,0,0,0,0
2003,270518,2,1,0,0,0,0,0,0,0,0,0,0
2003,270519,1,1,20,20,20,20,20,20,20,20,20,20
2003,270520,1,1,0,0,0,0,0,0,0,0,0,0
2003,270520,2,1,0,0,0,0,0,0,0,0,0,0
2003,270521,1,1,15,15,15,15,15,15,15,15,15,15
2003,270522,1,1,16,16,16,16,16,16,16,16,16,16
2003,270523,1,1,0,0,0,0,0,0,0,0,0,0
2003,270524,1,1,19,19,19,19,19,19,19,19,19,19
2003,270524,2,1,0,0,0,0,0,0,0,0,0,0
2003,270525,1,1,0,0,0,0,0,0,0,0,0,0
2003,270526,1,1,0,0,0,0,0,0,0,0,0,0
2003,270526,2,1,0,0,0,0,0,0,0,0,0,0
2003,270527,1,1,17,17,17,17,17,17,17,17,17,17
2003,270528,1,1,23,23,23,23,23,23,23,23,23,23
2003,270529,1,1,7,7,7,7,7,7,7,7,7,7
2003,270530,1,1,31,31,31,31,31,31,31,31,31,31
2003,270530,2,1,6,0,0,0,0,0,0,0,0,0
2003,270531,1,1,0,0,0,0,0,0,0,0,0,0
2003,270531,2,1,0,0,0,0,0,0,0,0,0,0
2003,270532,1,1,0,0,0,0,0,0,0,0,0,0
2003,270532,2,1,0,0,0,0,0,0,0,0,0,0
2003,270533,1,1,32,32,32,32,32,32,32,32,32,32
2003,270534,1,1,0,0,0,0,0,0,0,0,0,0
2003,270534,2,1,0,0,0,0,0,0,0,0,0,0
2003,270535,0,1,17,17,17,17,17,17,17,17,17,17
2003,270535,1,1,20,20,20,20,20,20,20,20,20,20
2003,270536,1,1,0,0,0,0,0,0,0,0,0,0
2003,270536,2,1,0,0,0,0,0,0,0,0,0,0
2003,270537,0,1,0,0,0,0,0,0,0,0,0,0
2003,270537,1,1,0,0,0,0,0,0,0,0,0,0
2003,270538,1,1,0,0,0,0,0,0,0,0,0,0
2003,270538,2,1,0,0,0,0,0,0,0,0,0,0
2003,270539,1,1,28,0,0,0,0,0,0,0,0,0
2003,270540,1,1,23,23,23,23,23,23,23,23,23,23
2003,270541,1,1,0,0,0,0,0,0,0,0,0,0
2003,270541,2,1,0,0,0,0,0,0,0,0,0,0
2003,270542,1,1,0,0,0,0,0,0,0,0,0,0
2003,270542,2,1,0,0,0,0,0,0,0,0,0,0
2003,270543,1,1,14,14,14,14,14,14,14,14,14,14
2003,270544,1,1,0,0,0,0,0,0,0,0,0,0
2003,270545,1,1,9,9,9,9,9,9,9,9,9,9
2003,270546,1,1,0,0,0,0,0,0,0,0,0,0
2003,270547,1,1,0,0,0,0,0,0,0,0,0,0
2003,270548,1,1,0,0,0,0,0,0,0,0,0,0
2003,270548,2,1,0,0,0,0,0,0,0,0,0,0
2003,270548,3,1,0,0,0,0,0,0,0,0,0,0
2003,270549,1,1,0,0,0,0,0,0,0,0,0,0
2003,270549,2,1,0,0,0,0,0,0,0,0,0,0
2003,270550,0,1,0,0,0,0,0,0,0,0,0,0
2003,270550,1,1,0,0,0,0,0,0,0,0,0,0
2003,270551,1,1,20,20,20,20,20,20,20,20,20,20
2003,270552,1,1,0,0,0,0,0,0,0,0,0,0
2003,270553,1,1,11,11,11,11,11,11,11,11,11,11
2003,270554,1,1,0,0,0,0,0,0,0,0,0,0
2003,270554,2,1,0,0,0,0,0,0,0,0,0,0
2003,270555,1,1,16,16,16,16,16,16,16,16,16,16
2003,270556,1,1,0,0,0,0,0,0,0,0,0,0
2003,270556,2,1,2,0,0,0,0,0,0,0,0,0
2003,270557,1,1,15,15,15,15,15,15,15,15,15,15
2003,270558,1,1,9,9,9,9,9,9,9,9,9,9
2003,270558,2,1,16,16,16,16,16,16,16,16,16,16
2003,270559,1,1,0,0,0,0,0,0,0,0,0,0
2003,270560,1,1,24,24,24,24,24,24,24,24,24,24
2003,270561,0,1,1,1,1,1,1,1,1,1,1,1
2003,270561,1,1,24,24,24,24,24,24,24,24,24,24
2003,270562,1,1,0,0,0,0,0,0,0,0,0,0
2003,270563,1,1,0,0,0,0,0,0,0,0,0,0
2003,270563,2,1,0,0,0,0,0,0,0,8,0,0
2003,270564,1,1,0,0,0,0,0,0,0,0,0,0
2003,270564,2,1,0,0,0,0,0,0,0,0,0,0
2003,270565,1,1,0,0,0,0,0,0,0,0,0,0
2003,270566,1,1,27,27,27,27,27,27,27,27,27,27
2003,270567,0,1,45,0,0,0,0,0,0,0,0,0
2003,270567,0,2,11,0,0,0,0,0,0,0,0,3
2003,270567,1,1,0,0,0,0,0,0,0,0,0,0
2003,270568,1,1,0,0,0,0,0,0,0,0,0,0
2003,270569,1,1,17,17,17,17,17,17,17,17,17,17
2003,270570,1,1,0,0,0,0,0,0,0,0,0,0
2003,270570,2,1,0,0,0,0,0,0,4,0,0,0
2003,270571,1,1,0,0,0,0,0,0,15,0,0,0
2003,270571,2,1,0,0,0,0,0,0,0,0,0,0
2003,270572,1,1,0,0,0,0,0,0,0,0,0,0
2003,270573,1,1,0,0,0,0,0,0,0,0,0,0
2003,270574,1,1,0,0,0,0,0,0,0,0,0,0
2003,270575,1,1,0,0,0,0,0,0,0,0,0,0
2003,270575,2,1,0,0,0,0,0,0,0,0,0,0
2003,270576,1,1,0,0,0,0,0,0,0,0,0,0
2003,270576,2,1,0,0,0,0,0,0,0,0,0,0
2003,270577,1,1,0,0,0,0,0,0,0,0,0,0
2003,270578,1,1,21,21,21,21,21,21,21,21,21,21
2003,270578,2,1,0,0,0,0,0,0,0,0,0,0
2003,270579,0,1,0,8,5,15,0,0,0,0,0,0
2003,270579,1,1,0,0,0,0,0,0,0,0,0,0
2003,270580,0,1,0,0,0,0,0,0,0,0,0,0
2003,270580,1,1,0,0,0,0,0,0,0,0,0,0
2003,270580,2,1,0,0,0,0,0,0,0,0,0,0
2003,270581,1,1,0,0,0,0,0,0,0,0,0,0
2003,270581,2,1,0,0,0,0,0,0,0,0,0,0
2003,270582,1,1,0,0,0,0,0,0,0,0,0,0
2003,270582,2,1,0,0,0,6,0,0,0,0,0,0
2003,270583,1,1,0,0,18,0,0,10,0,30,0,11
2003,270584,0,1,18,0,0,0,0,0,0,0,0,0
2003,270584,1,1,0,0,0,0,0,0,0,0,0,0
2003,270585,1,1,11,11,11,11,11,11,11,11,11,11
2003,270586,1,1,0,14,12,0,0,0,16,0,20,21
2003,270587,1,1,0,0,0,0,0,0,0,0,0,0
2003,270587,2,1,0,0,0,0,0,0,0,0,0,0
2003,270588,0,1,0,0,18,25,13,0,0,57,0,0
2003,270588,0,2,0,0,0,21,11,0,22,0,18,0
2003,270588,1,1,20,10,14,16,14,0,18,13,20,13
2003,270589,1,1,34,12,0,18,29,19,0,0,18,0
2003,280001,1,1,15,15,15,15,15,15,15,15,15,15
2003,280002,1,1,35,35,35,35,35,35,35,35,35,35
2003,280003,1,1,0,0,0,0,0,0,0,0,0,0
2003,280004,1,1,0,0,0,0,0,0,0,0,0,0
2003,280004,2,1,0,0,0,0,0,0,0,0,0,0
2003,280004,3,1,0,0,0,0,27,0,0,0,0,0
2003,280004,4,1,0,0,0,0,0,0,14,0,0,0
2003,280005,1,1,0,0,0,0,0,0,0,0,0,0
2003,280006,1,1,0,0,0,0,0,0,0,0,0,0
2003,280007,1,1,21,21,21,21,21,21,21,21,21,21
2003,280007,2,1,0,0,0,0,0,0,0,0,0,0
2003,280008,1,1,0,0,0,0,0,0,0,0,0,0
2003,280009,1,1,17,17,17,17,17,17,17,17,17,17
2003,280010,1,1,14,0,0,0,0,7,0,18,39,0
2003,280011,1,1,0,0,0,0,0,0,0,0,0,0
2003,280011,2,1,11,13,0,0,0,0,0,0,0,0
2003,280012,1,1,0,0,0,0,0,0,0,0,0,0
2003,280013,1,1,0,0,0,0,0,14,24,0,12,11
2003,280014,1,1,0,0,0,0,0,0,0,0,0,0
2003,280015,1,1,0,0,0,0,0,0,0,0,0,0
2003,280015,2,1,0,0,0,0,0,0,0,0,0,0
2003,280015,3,1,0,0,0,0,0,0,0,0,0,0
2003,280016,1,1,12,0,0,0,20,0,18,14,0,0
2003,280017,1,1,0,0,0,0,0,0,0,0,0,0
2003,280017,2,1,0,0,0,0,0,0,0,11,8,0
2003,280018,1,1,0,0,0,0,0,0,0,0,0,0
2003,280019,1,1,0,0,18,0,12,0,10,32,0,0
2003,280020,1,1,34,34,34,34,34,34,34,34,34,34
2003,280021,1,1,24,9,12,16,0,18,19,0,38,19
2003,280022,1,1,0,0,0,0,0,0,0,0,0,0
2003,280023,1,1,24,0,25,17,27,0,32,28,26,13
2003,280024,1,1,27,0,16,9,13,14,11,14,31,16
2003,280025,1,1,0,0,0,0,0,0,0,0,0,0
2003,280026,1,1,0,0,0,0,0,0,0,0,0,0
2003,280026,2,1,0,0,0,0,0,0,0,0,0,0
2003,280027,1,1,0,0,0,0,0,0,0,0,0,0
2003,280028,1,1,0,0,0,0,0,0,0,0,0,0
2003,280029,1,1,0,0,0,0,27,0,0,0,0,0
2003,280029,2,1,0,0,0,0,0,0,0,0,0,0
2003,280030,1,1,0,0,0,0,0,0,0,0,0,0
2003,280030,2,1,0,0,0,0,0,0,0,0,0,0
2003,280031,1,1,24,24,24,24,24,24,24,24,24,24
2003,280032,1,1,0,0,17,0,0,20,0,13,11,0
2003,280033,1,1,0,0,0,0,0,0,0,0,0,0
2003,280033,2,1,0,0,0,0,0,0,0,0,0,0
2003,280034,1,1,0,0,0,0,0,0,0,0,0,0
2003,280034,2,1,0,0,0,0,0,0,0,0,0,0
2003,280035,1,1,0,0,0,17,27,0,0,24,0,0
2003,280035,2,1,0,0,0,0,0,0,0,0,0,0
2003,280036,1,1,15,15,15,15,15,15,15,15,15,15
2003,280037,1,1,0,0,0,0,0,0,0,0,0,0
2003,280038,1,1,11,11,11,11,11,11,11,11,11,11
2003,280039,1,1,0,0,0,0,0,0,0,0,0,0
2003,280039,2,1,0,0,0,0,0,0,0,0,0,0
2003,280040,1,1,0,0,0,9,0,0,0,0,5,0
2003,280041,1,1,0,0,0,0,0,0,0,0,0,0
2003,280041,2,1,0,0,0,0,0,0,0,0,0,0
2003,280042,1,1,0,0,0,0,0,0,0,0,0,0
2003,280043,0,1,0,21,0,16,22,0,0,21,0,0
2003,280043,1,1,0,0,0,0,0,0,0,0,0,0
2003,280044,1,1,0,0,0,0,0,0,0,0,0,0
2003,280045,1,1,0,0,0,0,0,0,0,0,0,0
2003,280046,1,1,0,0,0,0,0,0,0,0,0,0
2003,280047,1,1,0,0,0,0,0,0,0,0,0,0
2003,280047,2,1,0,0,0,0,0,0,0,0,0,0
2003,280047,3,1,0,0,0,0,0,0,0,0,0,0
2003,280048,1,1,0,0,0,0,0,0,0,0,0,0
2003,280048,2,1,0,0,0,0,0,0,0,0,0,0
2003,280049,1,1,12,12,12,12,12,12,12,12,12,12
2003,280050,1,1,0,19,32,0,31,10,0,24,0,0
2003,280051,1,1,0,0,0,0,0,0,0,0,0,0
2003,280052,1,1,0,0,0,0,0,0,0,0,0,0
2003,280052,2,1,0,0,0,0,0,0,0,0,0,0
2003,280053,1,1,0,0,0,0,0,0,0,0,0,0
2003,280053,2,1,0,0,0,0,0,0,0,0,0,0
2003,280054,1,1,0,0,0,0,0,0,0,0,0,0
2003,280054,2,1,0,0,0,0,0,0,0,0,0,0
2003,280055,0,1,0,0,0,0,0,0,0,0,34,0
2003,280055,1,1,0,0,0,0,0,0,0,0,0,0
2003,280056,1,1,17,17,17,17,17,17,17,17,17,17
2003,280057,1,1,0,0,0,0,0,0,0,0,4,0
2003,280057,2,1,0,0,0,0,0,0,0,0,0,0
2003,280058,1,1,0,0,0,0,0,0,0,0,0,0
2003,280058,2,1,12,11,8,0,0,0,0,0,19,0
2003,280059,1,1,9,0,0,0,0,0,0,0,33,0
2003,280060,1,1,0,0,7,0,0,0,0,0,0,22
2003,280060,2,1,0,0,0,0,0,0,0,0,0,0
2003,280061,1,1,12,12,12,12,12,12,12,12,12,12
2003,280062,1,1,0,0,0,0,0,0,0,0,0,0
2003,280063,1,1,0,0,0,0,0,0,0,0,0,0
2003,280063,2,1,0,0,0,0,0,0,0,0,0,0
2003,280064,1,1,0,0,0,0,0,0,0,0,0,0
2003,280064,2,1,0,0,0,0,0,0,0,0,0,0
2003,280064,3,1,0,0,0,0,0,0,0,0,0,0
2003,280065,1,1,0,0,0,0,0,0,0,0,11,0
2003,280065,2,1,0,0,0,0,0,0,0,0,0,0
2003,280066,1,1,0,0,0,0,0,0,0,0,0,0
2003,280066,2,1,0,18,0,0,0,0,0,0,0,0
2003,280067,0,1,0,0,0,0,0,0,0,0,0,0
2003,280067,1,1,0,0,0,0,0,0,0,0,0,0
2003,280068,1,1,11,11,11,11,11,11,11,11,11,11
2003,280069,1,1,0,0,0,0,0,0,9,0,0,0
2003,280070,1,1,0,0,0,0,0,0,0,0,0,0
2003,280071,1,1,0,0,12,0,0,12,0,0,0,0
2003,280072,1,1,0,0,0,0,0,0,0,0,0,0
2003,280072,2,1,24,24,24,24,24,24,24,24,24,24
2003,280073,1,1,0,0,0,0,0,0,0,0,0,0
2003,280073,2,1,0,0,0,0,0,0,0,0,0,0
2003,280074,0,1,0,0,0,0,0,0,0,0,0,0
2003,280074,1,1,0,0,0,0,0,0,0,0,0,0
2003,280075,1,1,0,0,14,0,12,0,0,0,0,0
2003,280076,1,1,0,0,0,0,0,0,0,0,0,0
2003,280076,2,1,0,0,0,0,0,0,0,0,0,0
2003,280077,1,1,25,25,25,25,25,25,25,25,25,25
2003,280078,1,1,0,0,16,0,0,0,0,3,15,0
2003,280079,1,1,0,0,0,0,0,0,0,0,0,0
2003,280079,2,1,0,0,0,0,0,0,0,0,0,0
2003,280080,1,1,30,30,30,30,30,30,30,30,30,30
2003,280081,1,1,0,0,0,14,0,0,0,0,0,0
2003,280082,1,1,22,22,22,22,22,22,22,22,22,22
2003,280083,1,1,20,0,0,0,0,0,0,0,0,0
2003,280083,2,1,0,0,0,0,0,0,0,0,0,0
2003,280083,3,1,0,5,0,0,0,0,0,0,0,0
2003,280083,4,1,0,0,0,0,0,0,0,0,0,0
2003,280083,5,1,0,0,0,0,0,0,0,0,0,0
2003,280084,1,1,20,20,20,20,20,20,20,20,20,20
2003,280085,1,1,0,0,0,0,0,0,0,0,0,0
2003,280085,2,1,3,3,3,3,3,3,3,3,3,3
2003,280086,1,1,22,24,10,17,22,14,0,15,21,10
2003,280087,1,1,0,0,0,0,0,0,0,0,0,0
2003,280087,2,1,0,0,0,0,0,0,0,0,0,0
2003,280088,1,1,15,3,0,0,10,0,0,0,0,0
2003,280089,1,1,0,0,18,0,3,13,0,0,20,0
2003,280089,2,1,0,31,0,15,0,0,17,31,0,12
2003,280090,1,1,18,18,18,18,18,18,18,18,18,18
2003,280091,1,1,0,0,0,0,0,0,0,0,0,0
2003,280091,2,1,33,33,33,33,33,33,33,33,33,33
2003,280092,1,1,0,0,0,0,0,0,0,0,0,0
2003,280093,1,1,0,0,0,0,0,0,0,0,0,0
2003,280094,1,1,0,0,0,0,0,26,17,9,6,0
2003,280095,1,1,15,15,15,15,15,15,15,15,15,15
2003,280096,1,1,0,0,0,0,0,0,0,0,0,0
2003,280097,1,1,8,0,0,22,13,14,0,27,0,0
2003,280098,1,1,0,0,0,0,0,0,0,0,0,0
2003,280099,1,1,0,0,0,0,0,0,0,0,0,0
2003,280100,1,1,17,17,17,17,17,17,17,17,17,17
2003,280101,1,1,21,21,21,21,21,21,21,21,21,21