YEAR,ST_CASE,veh_no,per_no,P1,P2,P3,P4,P5,P6,P7,P8,P9,P10
2003,280102,1,1,0,0,0,0,0,0,0,0,0,0
2003,280102,2,1,0,0,0,0,0,0,0,0,0,0
2003,280103,1,1,0,0,0,0,0,0,0,0,0,0
2003,280104,1,1,0,26,0,0,0,5,0,0,0,0
2003,280105,1,1,28,28,28,28,28,28,28,28,28,28
2003,280106,1,1,0,0,0,22,0,0,0,0,11,0
2003,280107,1,1,18,18,18,18,18,18,18,18,18,18
2003,280108,1,1,0,0,0,0,0,0,0,0,0,0
2003,280109,1,1,18,0,0,0,0,0,0,0,0,0
2003,280109,2,1,0,0,0,0,0,0,0,0,0,12
2003,280110,1,1,0,0,0,0,0,0,0,0,0,0
2003,280111,1,1,35,0,21,21,9,0,0,11,20,11
2003,280112,1,1,0,0,0,0,0,0,0,0,0,0
2003,280113,1,1,10,10,10,10,10,10,10,10,10,10
2003,280114,1,1,0,0,0,0,0,0,0,0,0,0
2003,280114,2,1,0,0,0,0,0,0,0,0,0,0
2003,280115,1,1,0,0,0,0,0,0,0,0,0,0
2003,280116,1,1,0,0,0,0,0,0,0,0,0,0
2003,280117,1,1,13,4,0,0,5,0,0,0,0,0
2003,280118,1,1,25,0,14,16,2,0,8,0,9,0
2003,280118,2,1,8,12,0,15,18,0,0,0,11,11
2003,280119,1,1,18,0,0,0,0,0,0,0,0,9
2003,280120,1,1,13,13,13,13,13,13,13,13,13,13
2003,280121,1,1,0,0,5,16,0,17,0,0,10,10
2003,280121,2,1,23,13,0,0,0,0,8,0,7,23
2003,280122,1,1,0,0,0,0,0,12,0,0,0,0
2003,280122,2,1,0,0,0,0,0,0,0,0,0,0
2003,280123,1,1,0,18,14,0,17,17,11,19,0,0
2003,280124,0,1,0,0,0,0,0,0,0,0,0,0
2003,280124,0,2,0,0,0,0,0,0,0,0,0,0
2003,280124,1,1,0,0,0,0,0,0,9,0,0,0
2003,280125,1,1,0,0,0,0,0,0,0,0,0,0
2003,280126,0,1,0,0,0,0,0,0,0,0,0,0
2003,280126,1,1,0,0,0,0,0,0,0,0,0,0
2003,280127,1,1,16,16,16,16,16,16,16,16,16,16
2003,280128,1,1,0,23,0,0,8,14,0,0,0,0
2003,280129,1,1,0,12,0,0,9,0,0,0,0,0
2003,280129,2,1,0,0,0,0,0,0,0,0,0,0
2003,280130,1,1,0,0,0,0,9,0,23,6,0,0
2003,280130,2,1,0,0,0,0,8,0,0,0,0,0
2003,280131,1,1,0,0,0,0,0,0,0,0,0,0
2003,280131,2,1,0,0,0,0,0,0,0,0,0,0
2003,280132,1,1,10,22,8,0,0,21,13,0,18,15
2003,280132,2,1,0,0,0,0,0,0,0,8,0,0
2003,280133,1,1,0,0,0,0,0,0,0,0,0,0
2003,280133,2,1,0,20,0,23,0,10,0,19,0,0
2003,280134,1,1,18,18,18,18,18,18,18,18,18,18
2003,280135,1,1,15,15,15,15,15,15,15,15,15,15
2003,280135,2,1,0,0,0,0,0,0,0,0,0,0
2003,280136,1,1,26,6,21,0,0,7,0,28,0,0
2003,280137,1,1,0,0,0,0,0,0,0,0,0,0
2003,280137,2,1,12,12,12,12,12,12,12,12,12,12
2003,280138,1,1,13,13,13,13,13,13,13,13,13,13
2003,280139,1,1,13,13,13,13,13,13,13,13,13,13
2003,280139,2,1,0,0,0,0,0,0,0,0,0,0
2003,280140,1,1,0,0,0,0,0,0,0,0,15,0
2003,280141,1,1,15,15,15,15,15,15,15,15,15,15
2003,280141,2,1,0,0,0,0,0,0,0,0,0,0
2003,280142,1,1,11,11,11,11,11,11,11,11,11,11
2003,280143,1,1,15,15,15,15,15,15,15,15,15,15
2003,280143,2,1,0,0,0,0,0,0,0,0,0,0
2003,280144,1,1,0,0,0,0,0,0,0,0,0,0
2003,280144,2,1,0,0,0,0,0,0,0,0,0,0
2003,280145,0,1,0,0,0,0,0,0,0,0,0,0
2003,280145,1,1,0,0,0,0,0,0,0,0,0,3
2003,280146,1,1,0,0,0,0,0,0,0,0,0,0
2003,280147,1,1,0,0,0,0,0,0,0,0,0,0
2003,280147,2,1,0,0,0,0,11,0,0,0,0,0
2003,280148,1,1,11,0,19,0,21,15,31,29,20,0
2003,280149,1,1,0,0,0,0,0,0,0,0,0,0
2003,280149,2,1,0,0,0,0,0,0,0,0,0,0
2003,280150,1,1,0,0,0,0,0,0,0,0,0,0
2003,280151,1,1,22,22,22,22,22,22,22,22,22,22
2003,280152,1,1,0,0,0,0,0,0,0,0,0,0
2003,280153,1,1,0,0,0,0,0,0,0,0,0,0
2003,280154,1,1,0,0,0,0,0,0,0,0,0,0
2003,280155,0,1,0,19,0,0,0,0,0,0,0,0
2003,280155,1,1,0,0,0,0,0,0,0,0,0,0
2003,280156,1,1,0,0,0,11,22,0,0,0,0,0
2003,280157,1,1,0,0,0,0,0,0,0,0,0,0
2003,280157,2,1,0,0,0,0,0,0,0,0,0,0
2003,280158,1,1,17,0,21,0,0,0,0,0,0,0
2003,280159,1,1,0,0,0,0,0,0,0,0,0,0
2003,280159,2,1,0,0,0,0,0,0,0,0,0,0
2003,280160,1,1,0,0,0,0,0,0,0,0,0,0
2003,280160,2,1,0,0,0,0,0,0,0,14,0,0
2003,280161,1,1,0,0,0,0,0,0,0,0,0,0
2003,280161,2,1,0,0,0,0,0,0,0,0,0,0
2003,280162,1,1,0,0,0,0,0,0,19,0,0,0
2003,280163,1,1,0,0,0,0,0,0,0,0,0,0
2003,280163,2,1,0,0,0,0,0,0,0,0,0,0
2003,280164,1,1,0,0,0,0,0,0,0,0,0,0
2003,280164,2,1,0,0,0,0,0,0,0,0,0,0
2003,280165,1,1,0,22,15,21,5,11,8,11,0,23
2003,280166,0,1,27,20,4,0,23,0,0,0,0,0
2003,280166,1,1,5,0,0,0,0,0,7,0,0,0
2003,280167,1,1,27,0,0,0,0,0,0,0,37,0
2003,280167,2,1,0,0,0,0,0,0,0,0,0,0
2003,280168,1,1,17,0,0,0,0,0,0,0,14,0
2003,280169,1,1,0,0,0,0,0,0,0,0,0,0
2003,280170,1,1,11,11,11,11,11,11,11,11,11,11
2003,280171,1,1,0,0,0,0,0,0,0,0,0,0
2003,280172,1,1,0,0,0,0,0,0,0,0,0,0
2003,280173,1,1,0,0,0,0,0,0,0,0,0,0
2003,280173,2,1,0,0,0,0,0,0,0,0,0,0
2003,280174,1,1,0,0,0,0,0,0,0,0,0,0
2003,280174,2,1,0,0,0,0,0,0,0,0,0,0
2003,280175,1,1,0,0,0,0,0,0,0,0,0,0
2003,280176,1,1,15,15,15,15,15,15,15,15,15,15
2003,280177,0,1,0,29,9,0,33,9,29,3,16,14
2003,280177,1,1,0,0,0,0,0,0,0,0,0,0
2003,280178,1,1,11,11,11,11,11,11,11,11,11,11
2003,280178,2,1,0,0,0,0,0,0,0,0,0,0
2003,280179,1,1,9,0,13,8,10,8,15,20,14,19
2003,280180,1,1,17,17,17,17,17,17,17,17,17,17
2003,280181,1,1,15,18,0,0,0,29,0,0,14,0
2003,280182,1,1,2,0,27,0,0,0,0,0,20,21
2003,280182,2,1,0,0,0,0,0,0,0,0,0,0
2003,280183,1,1,0,0,25,0,0,4,0,12,0,0
2003,280183,2,1,0,10,0,4,0,0,4,0,0,0
2003,280184,1,1,0,0,0,0,0,0,0,0,0,0
2003,280185,1,1,0,0,0,0,0,0,0,0,0,0
2003,280186,1,1,0,0,0,0,0,0,0,0,0,0
2003,280187,1,1,0,22,22,0,0,0,0,0,0,0
2003,280188,1,1,18,18,18,18,18,18,18,18,18,18
2003,280190,1,1,22,22,22,22,22,22,22,22,22,22
2003,280191,1,1,14,14,14,14,14,14,14,14,14,14
2003,280191,2,1,13,13,13,13,13,13,13,13,13,13
2003,280192,1,1,0,20,0,0,0,0,0,0,0,0
2003,280192,2,1,0,0,0,0,0,0,0,0,0,16
2003,280193,1,1,8,0,12,10,0,0,8,18,18,0
2003,280194,1,1,0,0,15,0,0,0,0,0,0,0
2003,280194,2,1,0,0,0,0,0,0,0,0,0,0
2003,280195,1,1,0,0,0,0,0,0,0,0,0,0
2003,280195,2,1,0,0,0,0,0,0,0,0,0,0
2003,280196,1,1,0,27,6,17,0,0,0,0,0,0
2003,280197,0,1,28,0,10,0,0,18,0,6,31,27
2003,280197,1,1,0,0,21,5,0,0,11,12,0,0
2003,280198,1,1,14,0,0,0,0,0,0,0,0,0
2003,280198,2,1,0,0,0,0,14,0,0,0,0,0
2003,280199,1,1,0,0,0,0,0,0,0,0,0,0
2003,280200,1,1,15,15,15,15,15,15,15,15,15,15
2003,280201,1,1,0,27,25,0,46,21,22,36,33,18
2003,280202,1,1,0,0,0,0,0,0,0,0,23,0
2003,280202,2,1,0,0,0,0,0,0,0,0,0,0
2003,280203,1,1,30,30,30,30,30,30,30,30,30,30
2003,280204,1,1,0,0,0,0,0,0,0,0,0,0
2003,280204,2,1,0,0,0,0,0,0,0,0,0,0
2003,280205,1,1,0,0,0,0,0,0,0,0,0,0
2003,280205,2,1,24,0,0,0,19,21,5,0,0,0
2003,280206,1,1,0,0,0,0,0,0,0,0,0,0
2003,280206,2,1,0,0,0,0,0,0,0,0,0,0
2003,280207,1,1,0,0,0,0,0,0,0,0,0,0
2003,280208,1,1,0,0,0,0,0,0,0,0,0,0
2003,280208,2,1,0,0,0,0,0,0,0,0,0,0
2003,280209,1,1,0,0,0,0,0,0,0,0,0,0
2003,280209,2,1,0,0,0,0,0,0,0,0,0,0
2003,280210,1,1,0,0,0,0,0,0,0,0,0,0
2003,280211,1,1,0,0,0,0,0,0,0,0,0,0
2003,280212,1,1,24,24,24,24,24,24,24,24,24,24
2003,280213,1,1,0,0,0,15,0,0,18,0,0,0
2003,280214,1,1,0,20,0,25,19,0,0,18,0,0
2003,280214,2,1,0,0,0,0,0,0,5,0,0,21
2003,280215,1,1,12,15,22,22,24,11,25,14,20,7
2003,280216,1,1,0,0,0,0,0,0,0,0,0,0
2003,280216,2,1,0,0,0,0,0,0,0,0,0,0
2003,280217,1,1,0,0,0,0,0,0,0,0,0,0
2003,280218,1,1,18,18,18,18,18,18,18,18,18,18
2003,280219,1,1,30,30,30,30,30,30,30,30,30,30
2003,280220,1,1,22,22,22,22,22,22,22,22,22,22
2003,280221,1,1,0,0,0,0,0,0,0,0,0,0
2003,280222,1,1,0,0,0,0,0,0,0,0,0,0
2003,280222,2,1,0,0,0,0,0,0,0,0,0,0
2003,280223,1,1,0,0,0,0,15,0,0,0,0,0
2003,280224,1,1,21,18,16,0,27,26,17,9,16,13
2003,280225,1,1,25,10,10,16,20,27,0,0,0,15
2003,280226,1,1,0,0,0,0,0,0,0,0,0,0
2003,280226,2,1,0,0,0,0,0,0,16,0,0,0
2003,280227,1,1,0,0,0,15,0,4,6,0,8,7
2003,280228,1,1,24,0,11,26,18,0,0,0,19,24
2003,280229,1,1,0,0,0,0,0,0,0,0,0,0
2003,280230,1,1,0,0,0,0,0,0,0,0,0,0
2003,280231,1,1,0,0,0,0,0,0,0,0,0,0
2003,280232,1,1,0,0,0,0,0,0,0,0,0,0
2003,280233,1,1,11,11,11,11,11,11,11,11,11,11
2003,280234,1,1,0,0,0,10,0,0,0,0,0,0
2003,280234,2,1,5,0,0,0,0,0,0,0,0,0
2003,280235,1,1,0,0,0,0,0,0,0,0,0,0
2003,280235,2,1,0,0,0,0,0,0,0,0,0,0
2003,280235,3,1,0,0,17,0,0,0,0,0,0,0
2003,280236,1,1,0,0,0,0,0,0,0,0,0,0
2003,280236,2,1,0,0,0,0,0,0,0,0,0,0
2003,280237,1,1,6,6,6,6,6,6,6,6,6,6
2003,280238,1,1,0,0,7,8,22,35,0,0,33,3
2003,280239,1,1,18,18,18,18,18,18,18,18,18,18
2003,280240,1,1,8,0,0,0,0,0,0,0,8,0
2003,280240,2,1,0,0,0,0,0,0,0,0,0,0
2003,280241,1,1,29,30,0,0,17,0,9,29,0,17
2003,280242,1,1,0,0,0,0,0,0,0,19,0,15
2003,280242,2,1,0,0,0,0,0,0,0,0,0,0
2003,280243,1,1,23,23,23,23,23,23,23,23,23,23
2003,280244,1,1,0,0,0,0,0,0,0,0,0,0
2003,280245,1,1,0,0,0,0,25,0,0,0,12,0
2003,280246,0,1,8,8,8,8,8,8,8,8,8,8
2003,280246,1,1,0,0,0,0,0,0,4,0,0,14
2003,280247,1,1,0,7,11,12,0,0,0,0,0,0
2003,280248,1,1,7,7,7,7,7,7,7,7,7,7
2003,280249,1,1,0,13,0,10,14,0,18,15,0,0
2003,280249,2,1,0,0,0,31,23,14,0,0,0,23
2003,280250,1,1,0,0,0,0,0,0,0,0,0,0
2003,280250,2,1,0,0,8,0,16,0,0,0,0,0
2003,280251,0,1,0,0,0,0,0,0,0,0,0,0
2003,280251,1,1,0,0,0,0,0,0,0,0,0,0
2003,280252,1,1,2,2,2,2,2,2,2,2,2,2
2003,280252,2,1,0,0,0,0,0,0,0,0,0,0
2003,280253,1,1,0,17,0,0,0,19,12,0,18,0
2003,280254,1,1,0,0,0,0,0,0,0,0,12,0
2003,280255,1,1,0,0,0,0,0,0,0,0,0,0
2003,280255,2,1,4,0,0,17,0,10,11,0,12,0
2003,280256,1,1,0,0,0,0,0,0,0,0,0,0
2003,280257,1,1,14,14,14,14,14,14,14,14,14,14
2003,280258,1,1,12,31,22,9,0,14,0,4,0,12
2003,280258,2,1,0,0,20,0,0,0,0,0,19,0
2003,280259,1,1,0,0,0,0,0,0,0,0,0,0
2003,280259,2,1,7,0,0,0,0,0,28,8,0,0
2003,280260,1,1,0,0,7,21,0,0,20,0,0,6
2003,280261,1,1,31,0,0,0,0,0,18,0,0,0
2003,280262,1,1,11,27,0,0,17,0,9,0,0,4
2003,280263,1,1,10,10,10,10,10,10,10,10,10,10
2003,280264,1,1,0,0,0,0,0,0,0,0,0,0
2003,280265,1,1,0,0,0,0,0,0,0,0,0,0
2003,280265,2,1,0,0,0,0,0,0,0,0,0,0
2003,280266,1,1,0,0,0,0,6,0,2,0,0,6
2003,280267,1,1,0,0,0,0,0,0,15,0,0,0
2003,280268,1,1,0,0,0,0,0,0,0,0,0,0
2003,280268,2,1,0,0,0,0,0,0,0,0,0,0
2003,280269,1,1,15,15,15,15,15,15,15,15,15,15
2003,280270,1,1,0,0,0,0,0,0,24,0,0,0
2003,280271,1,1,14,14,14,14,14,14,14,14,14,14
2003,280272,1,1,3,0,0,0,0,0,0,0,0,0
2003,280273,1,1,0,0,0,0,0,0,0,0,0,0
2003,280274,1,1,11,11,11,11,11,11,11,11,11,11
2003,280274,2,1,0,0,0,0,0,0,0,0,0,0
2003,280275,1,1,0,0,0,16,0,0,19,0,0,0
2003,280275,2,1,0,0,0,0,0,8,0,0,0,32
2003,280276,1,1,21,21,21,21,21,21,21,21,21,21
2003,280277,1,1,0,0,18,16,0,0,0,0,0,0
2003,280278,1,1,0,0,0,0,0,0,0,0,0,0
2003,280278,2,1,12,17,0,15,10,0,8,11,0,0
2003,280279,1,1,0,14,0,28,0,12,20,0,5,0
2003,280279,2,1,0,25,0,0,0,0,0,15,6,0
2003,280280,1,1,11,11,11,11,11,11,11,11,11,11
2003,280280,2,1,0,0,0,0,0,0,0,0,0,0
2003,280281,1,1,0,0,0,0,0,0,0,0,0,0
2003,280281,2,1,0,0,0,0,0,0,0,0,0,0
2003,280282,1,1,0,0,0,0,0,0,0,0,0,0
2003,280282,2,1,0,0,0,0,0,0,0,0,0,0
2003,280283,1,1,0,0,0,0,0,0,0,0,0,0
2003,280283,2,1,0,0,0,0,0,0,0,0,0,0
2003,280283,3,1,0,0,0,0,0,0,0,0,0,0
2003,280284,1,1,0,0,0,0,0,0,15,0,0,0
2003,280284,2,1,0,0,0,0,0,0,0,0,0,0
2003,280285,1,1,0,10,0,0,0,0,0,0,0,0
2003,280285,2,1,28,0,33,10,11,0,0,0,0,0
2003,280285,3,1,18,14,0,15,13,14,9,0,26,15
2003,280286,1,1,0,0,0,0,0,0,0,0,0,0
2003,280286,2,1,0,0,0,0,0,0,0,0,0,0
2003,280287,1,1,0,0,0,0,8,0,33,0,0,28
2003,280288,0,1,16,0,0,0,0,0,26,36,15,0
2003,280288,1,1,11,0,5,0,0,0,0,0,0,0
2003,280289,1,1,0,0,0,0,0,0,0,0,0,0
2003,280290,1,1,8,0,0,0,0,9,0,0,0,14
2003,280291,1,1,0,0,0,0,0,0,0,0,0,0
2003,280291,2,1,0,0,3,0,0,0,15,0,0,0
2003,280292,1,1,0,0,0,0,0,0,0,0,0,0
2003,280292,2,1,0,0,0,0,0,0,27,0,12,2
2003,280293,1,1,14,14,14,14,14,14,14,14,14,14
2003,280294,1,1,14,14,14,14,14,14,14,14,14,14
2003,280294,2,1,27,27,27,27,27,27,27,27,27,27
2003,280295,1,1,7,12,5,0,0,0,26,0,23,0
2003,280295,2,1,0,0,0,0,0,0,0,0,0,0
2003,280296,1,1,0,0,0,0,0,0,0,0,0,0
2003,280297,1,1,0,0,0,0,0,0,0,0,0,0
2003,280298,1,1,27,27,27,27,27,27,27,27,27,27
2003,280299,1,1,0,0,0,0,0,0,0,0,0,0
2003,280300,1,1,21,21,21,21,21,21,21,21,21,21
2003,280301,1,1,0,0,0,0,0,0,0,0,0,0
2003,280301,2,1,0,0,0,0,0,0,0,9,0,0
2003,280302,1,1,39,21,18,1,15,14,0,16,10,10
2003,280303,1,1,0,29,16,0,0,19,17,0,34,0
2003,280304,0,1,0,0,0,31,14,50,2,0,0,0
2003,280304,1,1,15,0,13,0,0,0,0,2,15,0
2003,280305,1,1,0,0,0,0,0,0,0,0,0,0
2003,280305,2,1,0,0,0,0,0,0,0,0,0,0
2003,280306,1,1,0,0,0,0,0,0,0,0,0,0
2003,280307,1,1,0,0,0,0,0,0,0,0,0,0
2003,280308,1,1,0,0,0,0,0,0,0,0,0,0
2003,280308,2,1,0,0,0,0,0,0,0,0,0,0
2003,280309,1,1,13,0,12,0,22,28,11,0,9,0
2003,280310,1,1,0,0,0,0,0,0,0,0,0,0
2003,280311,0,1,0,0,0,0,0,0,0,0,0,0
2003,280311,1,1,0,9,0,0,20,0,7,0,0,0
2003,280312,1,1,0,0,0,0,0,0,0,0,0,0
2003,280313,1,1,0,9,14,39,11,0,0,16,22,0
2003,280314,1,1,0,0,0,0,0,0,0,0,0,0
2003,280314,2,1,0,0,0,0,0,0,0,0,0,0
2003,280314,3,1,0,0,0,0,0,0,0,0,0,0
2003,280315,1,1,0,0,0,0,0,0,0,0,0,0
2003,280315,2,1,0,0,0,0,0,0,24,0,8,0
2003,280316,0,1,0,0,0,0,0,0,0,0,0,0
2003,280316,1,1,0,0,0,0,0,15,0,0,3,0
2003,280317,1,1,14,14,14,14,14,14,14,14,14,14
2003,280318,1,1,0,0,0,10,27,0,0,0,0,0
2003,280318,2,1,0,0,0,0,4,0,0,0,0,0
2003,280319,1,1,0,0,0,6,0,0,0,0,0,0
2003,280320,1,1,0,0,11,20,0,0,0,0,0,0
2003,280320,2,1,0,0,27,0,0,0,0,16,0,0
2003,280321,1,1,0,0,0,0,0,11,0,0,0,3
2003,280321,2,1,0,0,0,0,0,0,0,0,12,0
2003,280321,3,1,0,17,0,0,0,0,0,0,0,27
2003,280322,1,1,0,0,0,0,0,0,0,0,0,0
2003,280322,2,1,10,0,0,0,0,0,0,0,0,0
2003,280323,1,1,19,19,19,19,19,19,19,19,19,19
2003,280323,2,1,0,6,0,15,0,0,0,0,0,0
2003,280324,1,1,15,0,22,11,0,0,12,16,10,16
2003,280324,2,1,0,0,0,0,0,0,0,0,0,0
2003,280325,1,1,0,0,0,0,0,0,0,0,0,0
2003,280325,2,1,0,0,0,0,0,0,0,0,0,0
2003,280326,1,1,0,0,0,0,0,0,0,0,0,0
2003,280327,1,1,0,0,0,9,0,0,0,0,0,15
2003,280328,1,1,0,0,0,0,0,0,0,0,0,0
2003,280329,1,1,0,0,0,0,0,0,12,0,17,0
2003,280330,1,1,0,24,6,0,17,22,0,20,14,9
2003,280331,1,1,0,0,0,0,0,0,0,0,0,0
2003,280331,2,1,0,0,0,0,0,0,0,0,0,0
2003,280331,3,1,0,0,0,0,0,0,0,0,0,0
2003,280332,1,1,0,0,29,15,0,0,0,0,0,0
2003,280332,2,1,1,1,1,1,1,1,1,1,1,1
2003,280333,1,1,0,0,0,0,0,0,0,0,0,0
2003,280333,2,1,0,0,0,0,0,22,0,21,0,0
2003,280334,1,1,15,15,15,15,15,15,15,15,15,15
2003,280335,1,1,0,0,0,0,0,0,0,0,0,0
2003,280335,2,1,0,0,0,0,0,0,0,0,0,0
2003,280336,1,1,0,0,0,0,0,0,0,0,0,0
2003,280336,2,1,0,0,0,0,0,0,0,0,0,0
2003,280337,1,1,0,0,0,0,0,0,0,0,19,0
2003,280338,1,1,0,0,0,0,0,0,0,0,0,0
2003,280339,1,1,0,0,0,0,0,0,0,0,0,0
2003,280340,1,1,0,0,0,0,0,0,0,0,0,0
2003,280340,2,1,0,0,0,0,0,0,0,0,0,0
2003,280341,1,1,0,0,0,0,0,0,0,0,0,0
2003,280341,2,1,0,0,0,0,0,0,0,0,0,0
2003,280342,1,1,28,28,28,28,28,28,28,28,28,28
2003,280343,1,1,8,6,0,0,0,0,0,0,0,0
2003,280344,1,1,0,16,0,0,16,0,0,0,0,0
2003,280344,2,1,0,0,0,0,0,0,0,0,0,0
2003,280345,1,1,15,0,0,0,45,12,0,21,17,0
2003,280346,0,1,0,0,0,0,0,0,0,0,0,0
2003,280346,1,1,0,0,0,0,0,0,0,0,0,0
2003,280347,1,1,0,0,0,0,0,0,0,0,16,0
2003,280348,1,1,0,0,0,0,0,0,0,0,0,0
2003,280348,2,1,0,29,0,0,0,0,0,0,0,0
2003,280348,3,1,0,0,0,0,0,0,0,0,0,0
2003,280349,1,1,0,0,0,0,0,0,0,0,0,0
2003,280350,1,1,0,0,0,0,0,0,0,0,0,0
2003,280351,1,1,18,18,18,18,18,18,18,18,18,18
2003,280352,1,1,21,15,30,23,0,0,0,0,21,0
2003,280353,1,1,0,0,0,0,0,0,0,0,0,0
2003,280354,1,1,0,0,0,0,0,0,0,0,0,0
2003,280355,1,1,0,12,0,0,0,0,32,0,0,5
2003,280356,1,1,0,0,0,0,0,0,0,0,0,0
2003,280356,2,1,0,0,0,0,0,0,0,15,0,0
2003,280356,3,1,0,0,0,0,0,0,0,0,0,0
2003,280357,1,1,0,0,0,0,0,0,0,0,0,0
2003,280357,2,1,0,0,0,0,0,0,0,0,0,0
2003,280358,1,1,0,0,0,0,0,0,0,0,0,0
2003,280358,2,1,0,0,0,0,0,0,0,0,0,0
2003,280359,1,1,0,0,0,0,0,0,0,0,16,0
2003,280360,1,1,0,0,0,0,0,0,0,0,0,0
2003,280360,2,1,0,0,0,0,0,0,0,0,0,0
2003,280361,1,1,0,0,0,0,0,0,0,0,0,0
2003,280361,2,1,0,0,0,0,0,0,0,0,0,0
2003,280362,1,1,0,0,0,0,0,0,0,0,0,0
2003,280362,2,1,0,0,0,7,0,0,0,0,0,0
2003,280363,1,1,0,0,0,0,0,0,0,0,0,0
2003,280364,1,1,0,0,0,0,0,0,0,0,0,0
2003,280364,2,1,0,0,0,0,0,0,0,0,0,0
2003,280365,1,1,0,0,0,0,0,0,0,0,0,0
2003,280366,1,1,0,15,0,0,17,9,0,0,0,0
2003,280367,1,1,18,18,18,18,18,18,18,18,18,18
2003,280368,1,1,0,0,0,0,0,0,0,0,0,0
2003,280369,1,1,19,0,7,14,22,14,60,0,17,0
2003,280370,1,1,13,22,10,21,14,28,0,17,27,20
2003,280371,1,1,0,0,0,0,0,0,0,0,0,0
2003,280371,2,1,0,0,0,0,0,0,0,0,0,0
2003,280371,3,1,0,0,0,0,0,0,0,0,0,0
2003,280372,1,1,27,0,26,24,0,0,0,0,20,26
2003,280372,2,1,0,0,29,28,20,22,0,0,19,17
2003,280373,0,1,0,0,0,27,9,24,24,0,35,0
2003,280373,1,1,0,0,0,0,12,0,10,0,26,0
2003,280374,1,1,0,0,25,19,23,26,0,6,0,21
2003,280375,1,1,0,0,0,0,0,0,0,0,0,0
2003,280376,1,1,28,28,28,28,28,28,28,28,28,28
2003,280377,1,1,0,0,0,0,0,0,0,0,0,0
2003,280377,2,1,9,0,0,0,26,0,0,0,0,0
2003,280377,3,1,0,0,0,0,0,0,0,6,0,0
2003,280378,1,1,16,16,16,16,16,16,16,16,16,16
2003,280379,1,1,2,2,2,2,2,2,2,2,2,2
2003,280379,2,1,0,0,0,0,0,0,0,13,0,0
2003,280380,1,1,1,1,1,1,1,1,1,1,1,1
2003,280381,1,1,0,0,0,0,0,0,0,0,0,0
2003,280381,2,1,0,0,0,0,0,0,0,0,0,0
2003,280382,1,1,8,8,8,8,8,8,8,8,8,8
2003,280383,1,1,0,0,0,0,0,0,0,0,0,0
2003,280384,1,1,0,0,0,0,0,0,0,0,0,0
2003,280385,1,1,11,0,13,0,26,0,0,13,0,7
2003,280385,2,1,0,0,0,0,0,0,5,0,0,0
2003,280386,1,1,10,0,0,0,0,0,0,0,0,0
2003,280386,2,1,6,0,0,0,0,0,0,0,0,12
2003,280387,1,1,0,0,15,0,0,0,51,22,0,0
2003,280388,1,1,0,0,0,0,0,0,0,0,0,0
2003,280389,1,1,0,0,0,0,0,0,0,0,0,0
2003,280390,1,1,17,18,24,20,18,16,27,24,18,33
2003,280391,1,1,11,0,0,0,0,0,0,0,0,0
2003,280392,0,1,35,5,11,24,23,12,16,0,6,40
2003,280392,1,1,0,0,13,0,7,0,0,0,17,0
2003,280393,1,1,19,22,16,17,19,0,20,15,13,15
2003,280394,1,1,0,0,0,0,0,0,0,0,0,0
2003,280394,2,1,0,0,0,0,0,0,0,0,0,4
2003,280395,1,1,20,0,0,0,0,16,0,0,0,0
2003,280396,1,1,0,0,0,0,0,0,0,0,0,0
2003,280396,2,1,0,0,0,0,0,0,0,0,0,0
2003,280397,1,1,0,0,0,0,0,0,0,0,0,0
2003,280398,1,1,17,17,17,17,17,17,17,17,17,17
2003,280399,0,1,0,25,0,18,9,26,0,23,0,6
2003,280399,0,2,11,10,13,11,0,0,17,0,0,14
2003,280399,1,1,0,0,0,0,0,0,0,0,0,0
2003,280400,1,1,0,0,0,0,0,0,0,0,0,0
2003,280400,2,1,0,0,0,0,0,0,0,0,0,0
2003,280401,1,1,0,0,11,21,0,12,0,0,0,0
2003,280402,1,1,0,0,0,0,0,0,0,0,0,13
2003,280402,2,1,0,0,0,0,0,0,0,0,0,0
2003,280403,1,1,0,0,0,0,0,0,0,0,0,0
2003,280403,2,1,0,0,0,0,0,0,0,0,0,0
2003,280404,1,1,0,0,0,0,0,0,0,0,0,0
2003,280404,2,1,0,0,0,0,0,0,0,0,0,0
2003,280405,1,1,0,0,0,0,5,0,0,0,0,18
2003,280406,1,1,4,0,7,0,0,33,7,0,0,0
2003,280407,1,1,0,0,8,0,0,0,0,0,0,0
2003,280407,2,1,0,0,0,0,0,0,0,0,0,0
2003,280408,1,1,0,24,0,0,0,0,0,0,6,0
2003,280409,1,1,0,0,0,0,30,0,14,11,0,0
2003,280410,1,1,0,0,0,0,0,0,0,0,0,0
2003,280410,2,1,0,0,12,0,0,0,0,0,0,0
2003,280411,1,1,5,5,5,5,5,5,5,5,5,5
2003,280412,1,1,12,0,0,0,9,0,0,0,0,12
2003,280412,2,1,0,0,0,0,0,0,0,0,17,8