YEAR,ST_CASE,veh_no,per_no,P1,P2,P3,P4,P5,P6,P7,P8,P9,P10
2003,290214,2,1,0,0,0,0,0,0,0,0,0,0
2003,290215,1,1,0,0,30,0,20,18,0,36,24,0
2003,290216,1,1,0,0,0,0,0,0,0,0,0,0
2003,290216,2,1,0,0,0,0,0,0,0,0,0,0
2003,290217,1,1,28,0,0,0,0,0,0,0,0,0
2003,290217,2,1,0,12,0,0,0,0,0,0,22,20
2003,290218,1,1,29,29,29,29,29,29,29,29,29,29
2003,290219,1,1,16,16,16,16,16,16,16,16,16,16
2003,290220,1,1,0,0,0,0,0,0,0,0,0,0
2003,290221,1,1,15,15,15,15,15,15,15,15,15,15
2003,290222,1,1,0,0,0,0,0,0,0,0,0,0
2003,290223,1,1,0,0,0,0,0,0,0,0,0,0
2003,290223,2,1,0,0,0,0,0,0,0,6,0,0
2003,290223,3,1,0,0,0,0,0,0,0,0,0,0
2003,290224,1,1,0,0,0,21,0,0,3,22,22,15
2003,290225,1,1,15,15,15,15,15,15,15,15,15,15
2003,290226,0,1,20,20,20,20,20,20,20,20,20,20
2003,290226,1,1,10,10,11,3,20,7,8,0,10,0
2003,290227,1,1,0,0,0,0,0,0,0,0,0,0
2003,290227,2,1,0,0,23,0,0,0,0,0,0,0
2003,290228,1,1,18,18,18,18,18,18,18,18,18,18
2003,290229,1,1,0,0,0,0,0,0,0,0,0,0
2003,290230,1,1,0,0,0,0,0,0,0,0,0,0
2003,290230,2,1,0,0,0,0,0,0,0,19,0,17
2003,290231,1,1,17,17,17,17,17,17,17,17,17,17
2003,290232,1,1,0,0,0,0,0,0,0,0,0,0
2003,290233,1,1,0,8,19,7,19,23,29,11,10,5
2003,290233,2,1,0,0,0,0,0,0,0,0,0,0
2003,290234,1,1,10,0,0,0,0,0,0,0,0,0
2003,290234,2,1,0,0,0,0,0,0,0,0,0,0
2003,290235,1,1,0,0,0,0,0,0,0,0,0,0
2003,290235,2,1,0,12,0,0,0,0,0,0,0,5
2003,290235,3,1,0,0,0,0,0,0,0,0,0,0
2003,290235,4,1,18,21,0,0,0,0,0,16,7,0
2003,290236,1,1,0,0,0,0,0,0,0,0,0,0
2003,290236,2,1,0,0,0,0,0,0,0,0,0,0
2003,290237,1,1,0,0,17,0,0,0,0,22,0,12
2003,290238,1,1,21,21,21,21,21,21,21,21,21,21
2003,290239,1,1,24,24,24,24,24,24,24,24,24,24
2003,290240,1,1,18,18,18,18,18,18,18,18,18,18
2003,290240,2,1,17,8,8,0,18,0,0,0,0,0
2003,290241,1,1,0,0,0,0,0,0,0,0,0,0
2003,290241,2,1,0,0,0,0,0,0,0,0,0,0
2003,290242,1,1,0,0,0,0,0,0,0,0,0,0
2003,290242,2,1,0,0,0,0,0,0,0,0,0,0
2003,290242,3,1,0,0,0,0,0,0,0,0,0,0
2003,290242,4,1,0,0,0,0,0,0,0,0,0,0
2003,290243,1,1,0,0,0,0,0,0,0,0,0,0
2003,290243,2,1,0,0,8,0,0,0,0,16,0,0
2003,290244,1,1,13,13,13,13,13,13,13,13,13,13
2003,290245,1,1,31,15,9,21,25,26,15,15,21,17
2003,290246,1,1,0,0,0,0,0,0,0,0,0,0
2003,290246,2,1,0,0,0,0,0,0,0,0,0,0
2003,290247,1,1,0,0,0,0,0,0,0,0,0,0
2003,290248,1,1,0,0,0,0,0,0,0,0,0,0
2003,290248,2,1,0,0,0,0,0,0,0,0,0,0
2003,290249,1,1,0,0,0,0,0,0,0,0,0,0
2003,290250,1,1,0,0,0,0,0,0,0,0,0,0
2003,290250,2,1,5,5,5,5,5,5,5,5,5,5
2003,290251,1,1,0,0,0,0,0,0,21,15,16,0
2003,290252,1,1,23,23,23,23,23,23,23,23,23,23
2003,290253,1,1,12,12,12,12,12,12,12,12,12,12
2003,290254,1,1,0,0,0,0,0,0,0,0,0,0
2003,290255,1,1,0,13,0,0,0,21,6,28,16,19
2003,290256,1,1,0,0,0,0,0,0,0,0,0,0
2003,290257,1,1,0,0,0,0,0,0,0,0,0,0
2003,290257,2,1,0,0,0,0,0,0,0,0,0,0
2003,290257,3,1,0,0,0,0,0,8,0,0,0,0
2003,290258,1,1,0,0,0,0,0,0,0,0,0,0
2003,290258,2,1,0,0,0,0,0,0,0,0,0,0
2003,290259,1,1,0,0,0,0,0,0,0,0,0,0
2003,290259,2,1,0,0,0,0,0,0,0,0,0,0
2003,290260,1,1,0,0,0,0,0,0,0,0,0,0
2003,290260,2,1,0,0,0,0,0,0,0,0,0,0
2003,290261,1,1,44,44,44,44,44,44,44,44,44,44
2003,290261,2,1,0,0,0,0,0,0,0,0,0,0
2003,290262,1,1,0,0,0,0,0,0,0,0,0,0
2003,290262,2,1,13,0,0,0,0,0,0,0,0,0
2003,290263,1,1,35,35,35,35,35,35,35,35,35,35
2003,290264,1,1,0,0,0,0,0,0,0,0,0,0
2003,290265,1,1,25,25,25,25,25,25,25,25,25,25
2003,290265,2,1,8,11,0,0,0,0,0,0,0,18
2003,290266,0,1,36,36,36,36,36,36,36,36,36,36
2003,290266,1,1,0,0,0,0,7,0,17,0,0,0
2003,290267,1,1,0,0,0,0,0,0,0,0,0,0
2003,290267,2,1,0,0,0,0,0,0,0,0,0,0
2003,290268,1,1,0,0,0,0,0,0,0,0,0,0
2003,290268,2,1,0,0,0,0,0,0,0,0,0,0
2003,290269,1,1,0,0,0,0,0,0,0,0,0,0
2003,290269,2,1,0,0,0,0,0,0,0,0,0,0
2003,290270,1,1,16,16,16,16,16,16,16,16,16,16
2003,290271,1,1,10,10,10,10,10,10,10,10,10,10
2003,290271,2,1,0,0,0,0,0,0,0,0,0,0
2003,290272,1,1,0,0,16,0,0,0,0,0,0,0
2003,290272,2,1,0,0,0,0,0,0,0,0,0,0
2003,290273,1,1,0,0,0,0,0,0,0,0,0,0
2003,290274,1,1,0,0,0,0,30,0,0,0,16,18
2003,290275,0,1,0,0,0,0,0,0,0,0,0,0
2003,290275,1,1,0,22,0,7,0,21,0,0,0,0
2003,290276,1,1,0,0,0,0,0,0,0,0,0,0
2003,290276,2,1,0,0,0,0,0,0,0,0,0,0
2003,290277,1,1,21,21,21,21,21,21,21,21,21,21
2003,290278,1,1,0,0,0,0,0,0,0,0,0,0
2003,290278,2,1,0,0,0,0,0,14,9,0,0,0
2003,290278,3,1,0,0,0,0,0,0,0,13,0,0
2003,290278,4,1,6,0,0,0,0,0,11,0,19,0
2003,290279,0,1,16,18,12,0,15,0,24,0,0,0
2003,290279,1,1,0,0,0,6,0,0,0,13,0,0
2003,290280,1,1,0,0,0,0,0,0,0,0,0,0
2003,290281,1,1,15,0,0,0,0,0,0,0,17,17
2003,290281,2,1,0,0,0,0,0,0,0,0,0,0
2003,290282,1,1,5,0,0,0,11,0,15,0,31,0
2003,290283,0,1,0,0,0,0,0,0,0,0,0,0
2003,290283,1,1,0,0,0,0,0,0,0,0,0,0
2003,290284,0,1,0,0,0,0,0,0,0,0,0,0
2003,290284,1,1,0,0,0,0,0,0,15,0,0,0
2003,290285,1,1,0,0,0,0,0,0,0,0,0,0
2003,290285,2,1,0,0,0,0,0,0,0,0,0,0
2003,290286,1,1,13,13,13,13,13,13,13,13,13,13
2003,290287,1,1,0,0,0,0,0,0,0,0,0,0
2003,290287,2,1,0,0,0,0,0,0,0,0,0,0
2003,290288,1,1,0,0,0,0,0,0,0,0,0,0
2003,290288,2,1,0,0,0,0,0,0,0,0,0,0
2003,290289,1,1,0,0,0,0,0,0,0,0,0,0
2003,290290,1,1,0,0,0,0,0,0,0,0,0,0
2003,290290,2,1,0,0,0,0,0,0,0,0,0,0
2003,290291,1,1,0,0,0,0,0,0,0,0,0,0
2003,290292,1,1,0,0,0,0,0,0,0,0,0,0
2003,290292,2,1,0,0,0,0,0,0,0,0,0,0
2003,290293,1,1,1,1,1,1,1,1,1,1,1,1
2003,290293,2,1,0,0,0,0,0,0,0,0,0,0
2003,290294,1,1,0,0,0,0,0,0,0,0,0,0
2003,290294,2,1,0,0,0,0,0,0,0,0,0,0
2003,290294,3,1,0,0,0,0,0,0,0,15,0,0
2003,290295,1,1,0,0,0,0,0,0,0,0,0,0
2003,290295,2,1,0,0,0,0,0,0,0,0,0,0
2003,290296,1,1,15,9,12,7,0,0,23,0,0,22
2003,290297,1,1,25,25,25,25,25,25,25,25,25,25
2003,290298,1,1,0,0,0,0,0,0,0,0,0,0
2003,290298,2,1,0,0,12,0,0,0,0,0,0,0
2003,290299,1,1,21,21,21,21,21,21,21,21,21,21
2003,290299,2,1,0,25,5,0,0,0,32,11,0,10
2003,290300,1,1,0,0,0,0,0,0,0,0,0,0
2003,290300,2,1,0,0,0,0,0,0,0,0,0,0
2003,290301,1,1,8,8,8,8,8,8,8,8,8,8
2003,290302,1,1,0,0,0,0,0,0,0,0,0,0
2003,290302,2,1,0,0,0,0,0,0,0,0,0,0
2003,290303,1,1,0,0,0,0,0,0,0,0,0,0
2003,290304,1,1,0,0,0,0,26,0,0,0,0,0
2003,290304,2,1,28,0,0,0,0,0,0,0,0,0
2003,290305,1,1,0,0,0,0,0,0,0,0,0,0
2003,290306,1,1,0,0,0,10,8,0,0,6,0,0
2003,290306,2,1,0,0,0,0,0,0,0,0,0,0
2003,290307,1,1,0,0,0,0,0,0,0,0,0,0
2003,290307,2,1,0,0,0,0,0,0,0,0,0,0
2003,290308,0,1,0,0,0,0,0,0,0,0,0,0
2003,290308,1,1,0,0,0,0,0,0,0,0,0,0
2003,290309,1,1,18,0,10,15,0,0,0,19,26,14
2003,290310,1,1,11,16,14,0,30,28,19,12,0,0
2003,290311,1,1,20,20,20,20,20,20,20,20,20,20
2003,290312,1,1,17,17,17,17,17,17,17,17,17,17
2003,290313,1,1,0,0,0,0,0,0,0,0,0,0
2003,290314,1,1,0,0,0,0,0,0,0,0,0,0
2003,290314,2,1,0,0,0,0,0,0,0,0,0,0
2003,290315,1,1,6,6,6,6,6,6,6,6,6,6
2003,290316,1,1,0,0,0,0,0,0,0,0,0,0
2003,290316,2,1,0,0,0,0,0,0,0,0,0,0
2003,290317,1,1,0,0,0,0,0,0,0,0,0,0
2003,290317,2,1,0,0,0,0,0,29,0,0,0,0
2003,290317,3,1,0,0,0,0,0,0,0,0,0,0
2003,290318,1,1,0,0,0,0,0,0,0,0,0,0
2003,290319,1,1,0,0,0,0,22,0,0,16,15,0
2003,290319,2,1,0,0,0,0,10,0,0,0,0,7
2003,290320,0,1,0,0,0,0,0,0,0,0,0,0
2003,290320,1,1,0,0,0,0,0,0,0,0,0,0
2003,290321,1,1,13,12,12,21,26,17,31,32,21,10
2003,290322,1,1,0,0,0,0,0,0,0,0,0,0
2003,290323,1,1,0,0,0,0,0,0,0,0,0,18
2003,290324,1,1,18,18,18,18,18,18,18,18,18,18
2003,290324,2,1,20,15,0,13,0,7,22,0,2,17
2003,290325,1,1,0,0,0,0,0,0,6,0,0,0
2003,290325,2,1,9,9,9,9,9,9,9,9,9,9
2003,290326,1,1,0,0,0,0,0,0,0,0,0,0
2003,290326,2,1,0,0,0,17,0,0,0,0,0,0
2003,290326,3,1,0,0,0,13,0,0,0,0,0,0
2003,290327,1,1,0,0,0,0,0,0,0,0,0,0
2003,290327,2,1,4,4,4,4,4,4,4,4,4,4
2003,290328,1,1,27,27,27,27,27,27,27,27,27,27
2003,290329,1,1,13,13,13,13,13,13,13,13,13,13
2003,290330,1,1,0,0,0,0,0,0,0,0,0,0
2003,290331,0,1,0,0,0,0,0,0,0,0,0,0
2003,290331,1,1,23,19,25,0,0,12,0,0,16,20
2003,290331,2,1,3,0,0,0,8,0,18,0,0,0
2003,290332,1,1,0,0,0,0,0,0,0,0,0,0
2003,290332,2,1,0,0,0,0,0,0,0,0,0,0
2003,290333,1,1,21,21,21,21,21,21,21,21,21,21
2003,290334,1,1,0,0,0,0,0,0,0,0,0,0
2003,290335,1,1,0,0,0,0,0,0,0,0,0,0
2003,290335,2,1,0,0,0,0,0,0,0,0,0,0
2003,290336,1,1,22,22,22,22,22,22,22,22,22,22
2003,290336,2,1,0,0,0,0,0,0,0,0,0,0
2003,290337,1,1,0,0,0,0,0,0,0,0,0,0
2003,290337,2,1,0,0,0,0,0,0,0,0,0,0
2003,290338,1,1,0,0,0,0,0,0,0,0,0,0
2003,290338,2,1,0,0,0,0,0,0,0,0,0,0
2003,290338,3,1,0,0,0,0,0,0,0,0,0,0
2003,290339,1,1,27,11,13,48,31,28,44,11,12,24
2003,290339,2,1,0,0,0,24,10,0,0,0,0,0
2003,290340,1,1,0,12,21,0,0,0,12,0,0,0
2003,290340,2,1,0,0,0,0,0,0,0,0,0,0
2003,290341,1,1,0,0,0,0,0,0,0,0,0,0
2003,290342,1,1,0,0,0,0,0,0,0,0,0,0
2003,290342,2,1,0,0,0,0,0,0,0,0,0,0
2003,290343,1,1,0,0,0,0,0,0,0,0,0,0
2003,290343,2,1,0,0,0,0,0,0,0,0,0,0
2003,290343,3,1,0,0,0,0,0,0,0,0,0,0
2003,290343,4,1,0,0,0,0,0,0,0,0,0,0
2003,290344,1,1,0,0,0,0,0,0,0,0,0,0
2003,290345,1,1,22,16,9,4,0,7,0,21,16,13
2003,290345,2,1,18,0,0,0,0,0,0,0,0,0
2003,290346,1,1,0,0,0,0,0,0,0,0,0,0
2003,290347,1,1,0,0,0,0,0,0,0,0,0,0
2003,290347,2,1,0,0,0,0,0,0,0,0,0,0
2003,290348,1,1,0,0,0,0,0,0,0,0,0,0
2003,290349,1,1,18,0,0,0,26,0,0,0,0,0
2003,290349,2,1,55,55,55,55,55,55,55,55,55,55
2003,290350,1,1,22,22,22,22,22,22,22,22,22,22
2003,290350,2,1,0,0,0,0,0,0,0,0,0,10
2003,290351,1,1,0,0,0,0,0,0,4,0,9,0
2003,290353,1,1,0,0,0,0,0,0,0,0,0,0
2003,290354,1,1,0,0,0,0,0,0,0,0,0,0
2003,290355,1,1,1,1,1,1,1,1,1,1,1,1
2003,290356,1,1,7,7,7,7,7,7,7,7,7,7
2003,290357,1,1,0,0,0,0,0,0,0,17,15,0
2003,290357,2,1,0,0,0,0,0,0,0,0,0,0
2003,290358,1,1,17,0,0,23,14,0,18,0,7,32
2003,290359,1,1,10,0,0,7,27,26,0,0,10,12
2003,290360,1,1,0,0,0,0,0,0,0,0,0,0
2003,290360,2,1,0,0,8,0,0,0,0,0,0,0
2003,290361,1,1,0,0,0,0,0,0,0,0,0,0
2003,290361,2,1,0,0,0,0,0,0,0,0,0,0
2003,290362,1,1,28,28,28,28,28,28,28,28,28,28
2003,290363,1,1,0,0,0,0,0,0,0,0,0,0
2003,290363,2,1,0,0,0,0,0,0,0,0,0,0
2003,290364,1,1,0,0,0,8,0,0,0,17,0,0
2003,290364,2,1,0,0,0,0,0,0,0,0,0,0
2003,290364,3,1,0,0,0,0,0,0,0,0,0,0
2003,290365,1,1,0,0,0,0,0,0,0,0,0,0
2003,290365,2,1,0,0,0,0,0,0,0,0,0,0
2003,290366,1,1,0,16,0,9,11,0,0,25,41,0
2003,290366,2,1,0,0,0,0,0,0,0,0,0,0
2003,290367,1,1,4,4,4,4,4,4,4,4,4,4
2003,290367,2,1,0,20,0,0,0,23,13,0,0,0
2003,290368,1,1,0,0,0,0,0,0,0,0,0,0
2003,290368,2,1,10,0,0,0,0,0,0,18,0,0
2003,290369,1,1,0,0,0,0,0,0,0,0,0,0
2003,290369,2,1,0,0,0,0,0,0,0,0,0,0
2003,290370,1,1,0,0,29,0,0,22,23,0,0,0
2003,290370,2,1,0,0,0,0,0,0,0,0,0,0
2003,290371,1,1,24,0,0,0,0,0,0,0,0,0
2003,290372,1,1,0,0,0,0,0,0,0,0,0,0
2003,290373,1,1,0,0,0,0,0,0,0,0,0,0
2003,290374,1,1,0,0,0,0,0,0,0,0,0,0
2003,290375,1,1,0,0,0,0,0,0,0,0,0,0
2003,290375,2,1,0,0,0,0,0,0,0,0,0,0
2003,290376,1,1,0,0,0,0,0,0,0,0,0,0
2003,290376,2,1,10,0,0,15,0,0,0,0,0,0
2003,290376,3,1,0,0,0,0,0,0,0,0,0,0
2003,290377,1,1,0,0,0,0,0,0,0,0,0,0
2003,290377,2,1,0,0,0,0,0,0,0,0,0,0
2003,290378,1,1,0,0,0,0,0,0,0,0,0,0
2003,290378,2,1,0,0,0,0,0,0,0,0,0,0
2003,290379,0,1,0,0,0,0,0,0,0,0,0,0
2003,290379,1,1,0,0,0,0,0,0,0,0,0,0
2003,290380,1,1,15,0,0,0,0,0,0,0,0,0
2003,290380,2,1,0,0,15,0,0,0,0,0,0,0
2003,290380,3,1,0,0,0,0,0,0,0,0,0,0
2003,290381,1,1,32,32,32,32,32,32,32,32,32,32
2003,290382,1,1,8,8,8,8,8,8,8,8,8,8
2003,290383,1,1,12,12,12,12,12,12,12,12,12,12
2003,290384,1,1,0,0,0,0,0,0,0,0,5,19
2003,290384,2,1,0,0,0,0,0,0,0,0,0,0
2003,290385,1,1,0,21,0,13,13,9,38,11,13,19
2003,290386,1,1,11,0,0,17,0,0,0,0,0,0
2003,290386,2,1,0,0,0,0,0,0,0,0,0,0
2003,290386,3,1,0,0,0,0,0,0,0,0,0,0
2003,290387,1,1,29,29,29,29,29,29,29,29,29,29
2003,290389,1,1,13,13,13,13,13,13,13,13,13,13
2003,290389,2,1,0,0,0,0,0,0,0,0,0,0
2003,290389,3,1,16,0,0,0,18,0,0,0,0,0
2003,290390,1,1,0,0,0,0,0,0,0,0,0,0
2003,290390,2,1,0,0,0,0,0,3,0,0,0,0
2003,290391,1,1,0,0,0,0,0,0,0,0,0,0
2003,290391,2,1,0,0,0,0,0,0,0,0,0,0
2003,290391,3,1,0,0,0,0,0,0,0,0,0,0
2003,290391,4,1,0,0,0,0,0,0,0,0,0,10
2003,290392,1,1,3,3,3,3,3,3,3,3,3,3
2003,290393,1,1,0,0,0,0,0,0,0,0,0,0
2003,290394,1,1,0,0,0,0,0,0,0,0,0,0
2003,290394,2,1,0,0,0,0,0,0,0,0,0,0
2003,290394,3,1,0,0,0,0,0,0,0,0,0,0
2003,290395,1,1,0,0,0,0,0,0,0,0,0,0
2003,290396,1,1,0,0,0,0,0,0,0,0,0,0
2003,290397,1,1,0,0,0,0,0,0,0,0,0,0
2003,290397,2,1,0,0,0,0,0,0,0,0,0,0
2003,290398,1,1,0,0,0,0,0,0,0,0,0,0
2003,290398,2,1,0,0,0,0,0,0,0,0,0,0
2003,290399,0,1,10,10,10,10,10,10,10,10,10,10
2003,290399,1,1,7,12,5,19,9,15,0,14,22,25
2003,290400,0,1,0,0,0,0,0,0,0,0,0,0
2003,290400,1,1,0,0,0,0,0,0,0,0,0,0
2003,290401,1,1,0,0,0,0,0,0,0,0,0,0
2003,290401,2,1,0,0,0,0,0,0,0,0,0,0
2003,290402,1,1,27,27,27,27,27,27,27,27,27,27
2003,290402,2,1,0,0,0,0,0,0,0,0,0,0
2003,290403,1,1,0,0,0,0,0,0,0,0,0,0
2003,290403,2,1,0,0,0,0,0,0,0,0,11,0
2003,290404,1,1,0,0,0,0,0,0,0,0,0,0
2003,290404,2,1,0,0,0,0,0,0,0,0,0,0
2003,290405,1,1,4,15,19,8,0,0,20,3,4,9
2003,290406,1,1,0,0,24,0,0,0,15,17,0,0
2003,290407,1,1,0,0,0,0,0,0,0,0,0,0
2003,290408,1,1,2,2,2,2,2,2,2,2,2,2
2003,290408,2,1,0,0,0,0,0,0,0,0,0,0
2003,290409,1,1,18,24,0,18,20,13,18,32,28,13
2003,290410,1,1,12,12,12,12,12,12,12,12,12,12
2003,290410,2,1,0,0,0,0,0,0,0,0,0,0
2003,290411,1,1,15,15,15,15,15,15,15,15,15,15
2003,290412,1,1,0,0,0,0,0,0,0,0,0,0
2003,290412,2,1,0,0,0,0,0,0,0,0,0,0
2003,290413,1,1,0,0,0,0,0,0,0,0,0,0
2003,290413,2,1,0,0,0,0,0,0,0,0,0,0
2003,290414,1,1,0,0,0,0,0,0,0,0,0,0
2003,290415,1,1,0,0,0,0,0,0,0,0,0,0
2003,290416,1,1,0,0,0,0,0,0,0,0,0,0
2003,290417,1,1,0,0,0,0,0,0,0,0,0,0
2003,290418,1,1,0,19,0,0,0,0,0,0,0,0
2003,290419,1,1,0,0,0,0,0,0,0,0,15,0
2003,290419,2,1,0,0,0,0,0,0,0,0,0,0
2003,290420,1,1,0,0,0,0,0,0,0,0,0,0
2003,290420,2,1,0,0,0,0,0,4,5,21,0,9
2003,290421,1,1,0,0,0,0,0,0,0,0,0,0
2003,290422,1,1,0,0,0,0,0,0,0,0,0,0
2003,290423,1,1,0,0,0,0,0,0,0,0,0,0
2003,290423,2,1,0,0,0,0,0,0,0,0,0,0
2003,290424,1,1,0,0,0,0,0,0,0,0,0,0
2003,290424,2,1,10,10,10,10,10,10,10,10,10,10
2003,290425,1,1,0,0,0,0,0,0,0,0,0,0
2003,290426,1,1,18,18,18,18,18,18,18,18,18,18
2003,290427,1,1,15,15,15,15,15,15,15,15,15,15
2003,290428,1,1,19,21,14,18,15,16,7,7,13,16
2003,290429,1,1,0,0,0,0,0,0,0,0,0,0
2003,290429,2,1,0,0,0,0,20,0,0,0,0,0
2003,290430,0,1,0,0,0,0,0,0,0,0,0,0
2003,290430,1,1,0,0,0,0,0,0,0,0,0,0
2003,290431,1,1,0,0,0,0,0,0,0,0,0,0
2003,290431,2,1,0,0,0,0,0,0,0,0,0,0
2003,290432,1,1,0,0,0,0,0,0,0,0,0,0
2003,290432,2,1,0,0,0,0,0,0,0,0,0,0
2003,290432,3,1,0,0,0,0,0,0,0,0,0,0
2003,290433,1,1,0,0,0,0,0,0,0,0,0,0
2003,290434,1,1,0,0,0,0,0,0,0,0,0,0
2003,290434,2,1,0,0,0,0,0,0,0,0,0,0
2003,290435,1,1,0,0,0,19,23,0,0,0,0,0
2003,290436,1,1,35,35,35,35,35,35,35,35,35,35
2003,290437,0,1,16,16,16,16,16,16,16,16,16,16
2003,290437,1,1,0,0,0,0,0,0,0,0,0,0
2003,290438,1,1,0,0,0,0,3,0,0,0,0,0
2003,290439,1,1,0,0,14,0,0,0,0,20,0,16
2003,290440,1,1,13,13,13,13,13,13,13,13,13,13
2003,290440,2,1,4,4,4,4,4,4,4,4,4,4
2003,290441,1,1,11,11,11,11,11,11,11,11,11,11
2003,290442,1,1,0,0,0,0,0,0,0,0,0,0
2003,290443,1,1,24,24,24,24,24,24,24,24,24,24
2003,290444,1,1,28,28,28,28,28,28,28,28,28,28
2003,290445,1,1,16,16,16,16,16,16,16,16,16,16
2003,290446,1,1,11,11,11,11,11,11,11,11,11,11
2003,290447,1,1,0,0,0,0,0,0,0,0,0,0
2003,290448,1,1,0,0,0,0,0,0,0,0,0,0
2003,290448,2,1,0,0,14,0,0,0,17,0,0,0
2003,290449,1,1,0,0,0,0,0,0,0,0,0,0
2003,290449,2,1,0,0,0,0,0,0,0,0,0,0
2003,290450,1,1,14,14,14,14,14,14,14,14,14,14
2003,290451,1,1,21,21,21,21,21,21,21,21,21,21
2003,290452,1,1,18,18,18,18,18,18,18,18,18,18
2003,290453,1,1,7,7,7,7,7,7,7,7,7,7
2003,290453,2,1,0,0,0,0,0,0,0,0,0,0
2003,290454,1,1,0,0,0,0,0,0,0,0,0,0
2003,290454,2,1,0,0,0,0,0,12,0,0,0,0
2003,290455,1,1,0,0,0,0,0,0,0,0,0,0
2003,290455,2,1,0,0,0,0,0,0,0,0,0,0
2003,290456,1,1,6,0,0,0,23,0,13,0,3,0
2003,290457,1,1,0,0,0,0,0,0,0,0,0,0
2003,290457,2,1,0,0,0,0,0,0,0,0,0,0
2003,290457,3,1,0,0,0,0,0,0,0,0,0,8
2003,290458,1,1,26,26,26,26,26,26,26,26,26,26
2003,290459,0,1,8,8,8,8,8,8,8,8,8,8
2003,290459,1,1,0,8,0,11,6,8,8,24,11,0
2003,290460,1,1,21,21,21,21,21,21,21,21,21,21
2003,290461,1,1,24,24,24,24,24,24,24,24,24,24
2003,290462,1,1,0,0,0,16,0,0,0,0,0,0
2003,290463,1,1,3,3,3,3,3,3,3,3,3,3
2003,290464,1,1,0,20,0,0,0,0,18,0,0,22
2003,290464,2,1,0,0,0,0,0,0,0,0,0,0
2003,290465,1,1,0,0,0,0,0,0,0,0,0,0
2003,290466,1,1,0,16,17,3,0,33,0,22,6,0
2003,290467,1,1,24,24,24,24,24,24,24,24,24,24
2003,290468,1,1,0,0,0,0,0,0,0,0,0,0
2003,290469,1,1,0,0,0,0,0,0,0,0,0,0
2003,290470,1,1,0,0,0,0,0,0,0,0,0,0
2003,290471,0,1,0,0,0,0,0,0,0,0,0,0
2003,290471,1,1,0,0,0,0,0,0,0,0,0,0
2003,290472,1,1,16,16,16,16,16,16,16,16,16,16
2003,290473,1,1,0,0,0,0,0,0,0,0,15,0
2003,290474,1,1,28,28,28,28,28,28,28,28,28,28
2003,290474,2,1,12,0,0,0,12,0,0,0,0,0
2003,290475,1,1,0,10,6,4,0,19,0,14,8,26
2003,290475,2,1,0,0,0,0,0,0,0,0,0,0
2003,290476,1,1,23,23,23,23,23,23,23,23,23,23
2003,290477,1,1,1,1,1,1,1,1,1,1,1,1
2003,290477,2,1,34,34,34,34,34,34,34,34,34,34
2003,290478,1,1,19,19,19,19,19,19,19,19,19,19
2003,290479,1,1,0,0,0,0,0,0,0,0,0,0
2003,290479,2,1,0,0,0,0,0,0,0,0,0,0
2003,290480,1,1,2,2,2,2,2,2,2,2,2,2
2003,290481,1,1,0,0,0,0,0,0,0,0,0,0
2003,290481,2,1,0,0,0,0,0,0,0,0,0,0
2003,290481,3,1,0,0,0,0,0,0,0,0,0,0
2003,290482,1,1,30,30,30,30,30,30,30,30,30,30
2003,290483,1,1,0,0,0,0,0,0,0,0,0,0
2003,290484,1,1,22,22,22,22,22,22,22,22,22,22
2003,290485,1,1,26,26,26,26,26,26,26,26,26,26
2003,290486,0,1,35,35,35,35,35,35,35,35,35,35
2003,290486,1,1,0,8,18,10,0,0,7,0,0,11
2003,290487,1,1,0,0,0,0,0,0,0,0,0,0
2003,290487,2,1,0,0,0,0,0,0,0,0,0,0
2003,290488,1,1,0,0,0,0,0,0,0,0,0,0
2003,290488,2,1,0,0,0,0,0,9,0,0,0,0
2003,290489,1,1,0,0,0,0,0,0,0,0,0,0
2003,290489,2,1,0,0,0,0,0,0,0,0,0,0
2003,290489,3,1,0,0,0,0,0,0,0,0,0,0
2003,290490,1,1,0,0,0,0,0,0,0,0,0,0
2003,290490,2,1,13,0,7,0,13,11,10,25,8,30
2003,290491,1,1,0,0,0,0,0,0,0,0,0,0
2003,290491,2,1,0,0,0,0,0,0,0,0,0,0
2003,290492,1,1,0,0,0,0,0,0,0,0,0,0
2003,290492,2,1,0,0,0,0,0,0,0,0,0,0
2003,290493,1,1,0,0,14,0,0,0,0,12,0,0
2003,290493,2,1,8,8,8,8,8,8,8,8,8,8
2003,290494,1,1,0,0,0,0,0,0,0,0,0,0
2003,290494,2,1,0,0,0,0,0,0,0,0,0,0
2003,290495,0,1,0,0,0,0,0,0,0,0,0,0
2003,290495,0,2,0,10,0,0,19,52,39,0,0,20
2003,290495,0,3,0,0,0,16,23,0,0,0,0,9
2003,290495,0,4,0,0,0,0,0,0,0,0,0,0
2003,290495,1,1,2,0,0,0,0,0,0,8,0,0
2003,290496,0,1,0,0,0,0,0,0,0,0,0,0