YEAR,ST_CASE,veh_no,per_no,P1,P2,P3,P4,P5,P6,P7,P8,P9,P10
2003,291082,1,1,0,0,23,16,0,0,22,0,4,0
2003,291082,2,1,0,13,21,0,0,29,0,0,0,0
2003,291083,1,1,17,17,17,17,17,17,17,17,17,17
2003,291084,1,1,19,19,19,19,19,19,19,19,19,19
2003,291084,2,1,0,0,0,0,28,0,0,0,0,0
2003,291085,1,1,0,0,0,0,0,0,0,0,0,0
2003,291085,2,1,0,0,0,0,0,0,0,0,0,0
2003,291086,1,1,0,0,0,0,0,0,0,0,0,0
2003,291086,2,1,0,0,0,0,0,0,0,0,0,0
2003,291087,1,1,0,0,0,0,0,0,0,0,0,0
2003,291088,1,1,16,16,16,16,16,16,16,16,16,16
2003,291089,1,1,0,0,0,0,0,0,0,0,0,0
2003,291089,2,1,0,0,0,0,0,0,16,0,0,0
2003,291090,1,1,0,0,0,0,0,0,0,0,0,0
2003,291090,2,1,0,0,0,0,0,0,23,0,0,0
2003,291091,0,1,0,0,0,0,0,0,0,0,0,0
2003,291091,1,1,0,0,0,0,12,0,0,0,0,11
2003,291092,1,1,0,0,0,0,0,0,0,0,0,0
2003,291093,1,1,18,18,18,18,18,18,18,18,18,18
2003,291094,1,1,18,18,18,18,18,18,18,18,18,18
2003,291095,1,1,16,16,16,16,16,16,16,16,16,16
2003,291096,1,1,0,0,0,0,0,0,0,0,0,0
2003,291097,1,1,19,0,0,19,20,19,0,0,20,17
2003,291098,1,1,15,0,13,0,7,0,0,0,11,0
2003,291098,2,1,6,6,6,6,6,6,6,6,6,6
2003,291098,3,1,0,0,0,0,0,0,0,0,0,0
2003,291099,0,1,0,0,0,0,0,0,0,0,0,0
2003,291100,1,1,0,0,0,0,0,0,0,0,8,0
2003,291100,2,1,0,0,0,0,0,0,0,0,0,0
2003,291101,0,1,0,0,27,0,25,15,7,0,0,12
2003,291101,1,1,0,0,0,0,0,0,0,0,0,0
2003,291102,1,1,0,0,0,0,0,0,0,0,0,0
2003,291103,1,1,0,0,0,0,0,0,10,0,0,0
2003,291104,1,1,0,0,5,0,0,0,0,0,0,0
2003,291104,2,1,0,0,0,0,0,0,0,0,0,0
2003,300001,1,1,3,3,3,3,3,3,3,3,3,3
2003,300002,1,1,4,4,4,4,4,4,4,4,4,4
2003,300003,1,1,16,16,16,16,16,16,16,16,16,16
2003,300004,1,1,17,17,17,17,17,17,17,17,17,17
2003,300005,1,1,0,0,0,0,0,0,0,0,0,0
2003,300005,2,1,36,36,36,36,36,36,36,36,36,36
2003,300006,1,1,0,0,0,0,0,0,0,0,0,0
2003,300007,1,1,0,0,0,0,0,0,0,0,0,0
2003,300007,2,1,0,0,0,0,0,0,0,0,0,0
2003,300008,1,1,0,10,0,0,0,0,0,0,0,0
2003,300009,1,1,0,0,0,0,0,0,0,0,0,0
2003,300010,1,1,0,0,0,0,0,0,0,0,0,0
2003,300010,2,1,0,0,0,0,0,0,0,0,0,0
2003,300011,1,1,18,18,18,18,18,18,18,18,18,18
2003,300012,1,1,0,0,0,0,0,0,0,0,0,0
2003,300013,1,1,29,29,29,29,29,29,29,29,29,29
2003,300014,1,1,0,0,0,0,0,0,0,0,0,0
2003,300014,2,1,0,0,0,0,0,0,0,0,0,0
2003,300015,1,1,0,0,0,0,0,0,0,0,0,0
2003,300015,2,1,0,0,0,0,0,0,0,0,0,0
2003,300016,1,1,0,0,0,15,0,0,0,0,0,0
2003,300017,1,1,24,24,24,24,24,24,24,24,24,24
2003,300018,0,1,10,10,10,10,10,10,10,10,10,10
2003,300018,1,1,0,0,0,0,0,0,0,0,0,0
2003,300019,1,1,1,1,1,1,1,1,1,1,1,1
2003,300020,1,1,0,0,0,0,0,0,0,0,0,0
2003,300020,2,1,0,0,0,0,0,0,0,0,0,0
2003,300021,1,1,0,0,0,0,0,0,0,0,0,0
2003,300021,2,1,0,0,0,0,0,0,0,0,0,0
2003,300022,1,1,0,0,0,0,0,14,0,0,0,0
2003,300023,1,1,0,16,0,16,0,0,0,14,0,0
2003,300024,1,1,30,13,8,0,15,3,8,8,11,22
2003,300025,1,1,24,24,24,24,24,24,24,24,24,24
2003,300026,1,1,17,17,17,17,17,17,17,17,17,17
2003,300027,1,1,0,0,0,0,0,0,0,0,0,0
2003,300028,1,1,0,0,0,0,0,0,0,0,0,0
2003,300028,2,1,0,0,0,0,0,0,0,0,0,0
2003,300029,1,1,3,3,3,3,3,3,3,3,3,3
2003,300030,1,1,10,10,10,10,10,10,10,10,10,10
2003,300031,1,1,17,17,17,17,17,17,17,17,17,17
2003,300032,1,1,0,0,0,0,0,0,0,0,0,0
2003,300033,1,1,5,5,5,5,5,5,5,5,5,5
2003,300033,2,1,0,0,0,0,0,0,0,0,0,0
2003,300033,3,1,0,0,0,0,0,0,0,0,0,0
2003,300034,1,1,0,0,0,0,0,0,0,0,0,0
2003,300035,1,1,26,26,26,26,26,26,26,26,26,26
2003,300036,1,1,0,0,0,0,0,0,0,0,6,0
2003,300037,1,1,19,19,19,19,19,19,19,19,19,19
2003,300038,1,1,0,0,0,0,0,0,0,0,0,0
2003,300038,2,1,0,0,0,0,0,0,0,0,0,0
2003,300039,1,1,10,10,10,10,10,10,10,10,10,10
2003,300040,1,1,0,0,0,0,0,0,0,0,0,0
2003,300041,1,1,0,0,0,0,13,0,7,0,0,0
2003,300042,1,1,0,0,0,0,0,0,0,0,0,0
2003,300042,2,1,0,0,0,0,0,0,0,0,0,0
2003,300043,1,1,0,0,0,0,0,0,0,0,0,0
2003,300043,2,1,0,0,0,0,0,0,0,0,0,0
2003,300044,1,1,13,13,13,13,13,13,13,13,13,13
2003,300044,2,1,0,0,0,0,0,0,0,0,0,0
2003,300045,1,1,18,18,18,18,18,18,18,18,18,18
2003,300046,1,1,13,13,13,13,13,13,13,13,13,13
2003,300047,1,1,0,0,0,0,0,0,0,0,0,0
2003,300047,2,1,0,0,0,0,0,0,0,0,0,0
2003,300048,1,1,0,0,0,0,0,0,0,0,0,0
2003,300049,1,1,27,22,9,18,18,16,13,24,12,13
2003,300050,0,1,0,0,0,0,0,0,0,0,0,0
2003,300050,1,1,0,0,0,0,0,0,0,0,0,0
2003,300051,1,1,16,0,12,17,0,0,22,8,23,6
2003,300052,1,1,14,14,14,14,14,14,14,14,14,14
2003,300053,1,1,12,16,12,12,13,17,43,3,11,9
2003,300054,1,1,10,10,10,10,10,10,10,10,10,10
2003,300055,1,1,14,14,14,14,14,14,14,14,14,14
2003,300056,1,1,22,22,22,22,22,22,22,22,22,22
2003,300057,1,1,18,18,18,18,18,18,18,18,18,18
2003,300058,1,1,6,20,14,19,23,32,6,19,3,14
2003,300059,1,1,21,21,21,21,21,21,21,21,21,21
2003,300060,1,1,0,0,0,0,0,0,0,0,0,0
2003,300061,1,1,26,26,26,26,26,26,26,26,26,26
2003,300062,1,1,0,0,0,0,0,0,0,0,0,0
2003,300062,2,1,0,0,0,0,0,0,0,0,0,0
2003,300063,1,1,15,15,15,15,15,15,15,15,15,15
2003,300064,1,1,12,16,0,12,30,18,0,9,9,38
2003,300064,2,1,0,0,0,0,5,0,0,0,0,0
2003,300065,1,1,25,25,25,25,25,25,25,25,25,25
2003,300066,1,1,0,0,0,0,0,0,16,0,5,0
2003,300067,1,1,0,0,0,0,0,0,0,0,0,0
2003,300067,2,1,0,0,0,0,0,0,0,0,0,0
2003,300068,1,1,18,18,18,18,18,18,18,18,18,18
2003,300069,1,1,19,19,19,19,19,19,19,19,19,19
2003,300070,1,1,0,0,0,0,0,0,0,0,0,0
2003,300071,1,1,0,0,0,0,0,0,0,0,0,0
2003,300071,2,1,0,0,0,0,0,0,0,0,0,0
2003,300072,1,1,8,8,8,8,8,8,8,8,8,8
2003,300073,1,1,2,2,2,2,2,2,2,2,2,2
2003,300074,1,1,0,0,0,0,0,0,0,0,0,0
2003,300074,2,1,0,0,0,9,0,0,0,0,0,0
2003,300074,3,1,0,0,0,0,0,0,0,0,0,0
2003,300075,1,1,0,0,0,0,0,0,0,0,0,0
2003,300075,2,1,0,0,0,0,0,0,0,0,0,0
2003,300076,1,1,2,2,2,2,2,2,2,2,2,2
2003,300077,0,1,22,22,22,22,22,22,22,22,22,22
2003,300077,1,1,17,12,27,0,0,0,0,12,0,0
2003,300078,1,1,2,9,0,28,0,14,13,18,21,8
2003,300079,1,1,0,0,0,0,0,0,0,0,0,0
2003,300079,2,1,0,0,0,0,0,0,0,0,0,0
2003,300079,3,1,0,0,0,0,0,0,0,0,0,0
2003,300080,1,1,0,0,0,0,0,0,0,0,0,0
2003,300081,1,1,16,16,16,16,16,16,16,16,16,16
2003,300082,1,1,0,0,0,0,0,0,0,0,0,0
2003,300082,2,1,0,0,0,0,0,0,0,0,0,0
2003,300083,1,1,0,0,0,0,0,0,0,0,0,0
2003,300083,2,1,0,0,0,0,0,0,0,0,0,0
2003,300084,1,1,0,0,0,0,0,0,0,0,0,0
2003,300084,2,1,0,0,0,0,0,0,0,0,0,0
2003,300085,1,1,24,24,24,24,24,24,24,24,24,24
2003,300086,1,1,0,0,0,0,0,0,0,0,0,0
2003,300086,2,1,0,0,0,0,0,0,0,0,0,0
2003,300087,1,1,0,0,0,0,0,0,0,0,0,0
2003,300088,1,1,17,17,17,17,17,17,17,17,17,17
2003,300089,1,1,24,24,24,24,24,24,24,24,24,24
2003,300090,1,1,0,0,0,0,0,0,0,0,0,0
2003,300090,2,1,0,0,0,0,0,0,0,0,0,0
2003,300091,1,1,20,20,20,20,20,20,20,20,20,20
2003,300092,1,1,0,0,0,0,0,0,0,0,0,0
2003,300092,2,1,0,0,0,0,0,0,0,0,0,0
2003,300093,1,1,7,12,10,0,14,0,8,9,12,0
2003,300094,1,1,0,0,0,0,0,0,0,0,0,0
2003,300094,2,1,0,0,0,0,0,0,0,0,0,0
2003,300095,1,1,7,7,7,7,7,7,7,7,7,7
2003,300096,1,1,0,0,0,0,0,0,0,0,0,0
2003,300096,2,1,0,0,0,0,0,0,0,0,0,0
2003,300096,3,1,0,0,0,0,0,0,0,0,0,0
2003,300097,1,1,0,0,3,0,0,0,0,0,0,0
2003,300098,1,1,18,18,18,18,18,18,18,18,18,18
2003,300099,1,1,13,13,13,13,13,13,13,13,13,13
2003,300099,2,1,6,21,6,15,17,10,4,26,16,12
2003,300100,1,1,24,24,24,24,24,24,24,24,24,24
2003,300101,1,1,19,19,19,19,19,19,19,19,19,19
2003,300102,1,1,0,0,0,0,0,0,0,0,0,0
2003,300103,1,1,13,13,13,13,13,13,13,13,13,13
2003,300103,2,1,0,0,0,0,0,0,0,0,0,0
2003,300104,1,1,20,20,20,20,20,20,20,20,20,20
2003,300105,1,1,0,0,0,0,0,0,0,0,0,0
2003,300106,1,1,0,0,0,0,0,0,0,0,0,0
2003,300106,2,1,0,0,0,0,0,0,0,0,0,0
2003,300107,1,1,0,0,0,0,0,0,0,0,0,0
2003,300108,1,1,0,0,0,0,0,0,0,0,0,0
2003,300109,1,1,0,0,7,0,0,0,0,0,0,0
2003,300109,2,1,0,0,0,0,0,0,0,0,0,0
2003,300110,1,1,20,20,20,20,20,20,20,20,20,20
2003,300111,1,1,0,0,0,0,0,0,0,0,0,0
2003,300112,1,1,0,0,0,0,0,0,0,0,0,0
2003,300113,1,1,0,0,0,0,0,0,0,0,0,0
2003,300114,1,1,0,0,0,0,0,0,0,0,0,0
2003,300115,1,1,9,9,9,9,9,9,9,9,9,9
2003,300116,1,1,22,22,22,22,22,22,22,22,22,22
2003,300117,1,1,11,11,11,11,11,11,11,11,11,11
2003,300118,1,1,17,17,17,17,17,17,17,17,17,17
2003,300119,1,1,0,0,0,0,0,0,0,0,0,0
2003,300120,1,1,0,0,0,0,0,0,0,0,0,0
2003,300121,1,1,14,14,14,14,14,14,14,14,14,14
2003,300122,1,1,0,0,0,0,0,0,0,0,0,0
2003,300122,2,1,0,0,0,0,0,0,0,0,0,0
2003,300123,1,1,12,12,12,12,12,12,12,12,12,12
2003,300124,1,1,18,18,18,18,18,18,18,18,18,18
2003,300125,1,1,0,0,0,0,0,0,0,0,0,0
2003,300125,2,1,8,8,8,8,8,8,8,8,8,8
2003,300126,1,1,0,0,0,0,0,0,0,0,0,0
2003,300126,2,1,0,0,0,0,0,0,0,0,0,0
2003,300127,1,1,0,0,0,0,0,0,0,0,0,0
2003,300128,1,1,0,0,0,0,0,0,0,0,0,0
2003,300128,2,1,0,30,16,0,16,0,0,0,0,0
2003,300129,1,1,0,0,0,0,0,0,0,0,0,0
2003,300130,1,1,0,0,0,0,0,0,0,0,0,0
2003,300130,2,1,12,12,12,12,12,12,12,12,12,12
2003,300131,1,1,31,31,31,31,31,31,31,31,31,31
2003,300131,2,1,0,0,0,0,0,0,0,0,0,0
2003,300131,3,1,0,0,0,0,0,0,0,0,0,0
2003,300132,1,1,0,0,0,0,0,0,0,0,0,0
2003,300133,1,1,3,3,3,3,3,3,3,3,3,3
2003,300134,1,1,0,0,0,0,0,0,0,0,0,0
2003,300135,1,1,0,0,0,0,0,0,0,0,0,0
2003,300136,1,1,12,0,0,0,0,0,0,0,0,0
2003,300137,1,1,0,0,0,0,0,0,0,0,0,0
2003,300138,1,1,0,0,0,0,0,0,0,0,0,0
2003,300138,2,1,0,0,0,0,0,0,0,0,0,0
2003,300139,0,1,0,0,0,0,0,0,0,0,0,0
2003,300139,1,1,0,0,0,0,0,0,0,0,0,0
2003,300140,1,1,19,19,19,19,19,19,19,19,19,19
2003,300141,1,1,1,1,1,1,1,1,1,1,1,1
2003,300141,2,1,0,0,0,0,0,0,0,0,0,0
2003,300142,1,1,0,0,0,0,0,0,0,0,0,0
2003,300143,1,1,0,0,0,0,0,0,0,0,0,0
2003,300144,0,1,0,0,0,0,0,0,0,0,0,0
2003,300144,1,1,0,0,0,0,0,0,0,0,0,0
2003,300145,1,1,0,0,0,0,0,0,0,0,0,0
2003,300146,1,1,0,7,0,0,0,13,0,0,0,0
2003,300147,1,1,0,0,0,0,0,0,0,0,0,0
2003,300147,2,1,0,0,0,0,0,0,0,0,0,0
2003,300148,1,1,16,16,16,16,16,16,16,16,16,16
2003,300149,1,1,10,10,10,10,10,10,10,10,10,10
2003,300150,1,1,0,0,0,0,0,0,0,0,0,0
2003,300151,1,1,0,0,0,0,0,20,0,0,0,0
2003,300152,1,1,0,0,0,0,0,0,0,0,0,0
2003,300152,2,1,0,0,0,0,0,0,0,0,0,0
2003,300153,1,1,0,0,0,0,0,0,0,0,0,0
2003,300154,1,1,19,0,0,17,0,10,18,13,0,0
2003,300154,2,1,0,0,0,0,0,0,0,0,0,0
2003,300154,3,1,0,0,0,0,0,0,0,0,0,0
2003,300155,1,1,13,13,13,13,13,13,13,13,13,13
2003,300156,1,1,24,24,24,24,24,24,24,24,24,24
2003,300156,2,1,0,0,0,0,0,0,0,0,0,0
2003,300157,1,1,0,0,0,0,0,0,0,0,0,0
2003,300157,2,1,0,0,0,0,0,0,0,0,0,0
2003,300158,1,1,22,22,22,22,22,22,22,22,22,22
2003,300159,1,1,0,0,0,0,0,0,0,0,0,0
2003,300160,1,1,24,24,24,24,24,24,24,24,24,24
2003,300161,1,1,17,22,13,17,14,0,30,17,22,6
2003,300161,2,1,0,0,0,0,0,0,0,0,0,0
2003,300162,1,1,28,28,28,28,28,28,28,28,28,28
2003,300163,1,1,0,0,0,0,0,0,0,0,0,0
2003,300163,2,1,0,0,0,0,0,0,0,0,0,0
2003,300164,1,1,0,0,0,0,0,0,0,0,0,0
2003,300165,1,1,4,4,4,4,4,4,4,4,4,4
2003,300166,1,1,19,19,19,19,19,19,19,19,19,19
2003,300167,1,1,0,0,0,0,0,0,0,0,0,0
2003,300168,1,1,0,0,0,0,0,0,0,0,0,0
2003,300168,2,1,23,23,23,23,23,23,23,23,23,23
2003,300169,0,1,0,0,0,0,0,0,0,0,0,0
2003,300169,1,1,0,0,0,0,0,0,0,0,0,0
2003,300170,1,1,34,15,11,0,12,19,3,21,0,0
2003,300170,2,1,5,0,0,0,0,0,0,0,0,0
2003,300171,1,1,25,32,24,9,24,0,34,17,18,40
2003,300172,1,1,0,0,0,0,0,0,0,0,0,0
2003,300172,2,1,0,0,0,0,0,0,0,0,0,0
2003,300172,3,1,0,0,0,0,0,0,0,0,0,0
2003,300172,4,1,0,0,0,0,0,0,0,0,0,0
2003,300173,1,1,18,18,18,18,18,18,18,18,18,18
2003,300174,1,1,23,0,14,13,23,15,23,33,22,15
2003,300175,1,1,14,15,16,16,23,14,35,18,22,10
2003,300176,1,1,0,0,0,0,0,0,0,0,0,0
2003,300177,1,1,17,37,25,15,0,33,15,19,20,12
2003,300178,1,1,0,0,0,0,0,0,0,0,0,0
2003,300179,1,1,13,13,13,13,13,13,13,13,13,13
2003,300180,1,1,21,21,21,21,21,21,21,21,21,21
2003,300181,1,1,0,0,0,0,0,0,0,0,0,0
2003,300181,2,1,19,19,19,19,19,19,19,19,19,19
2003,300182,1,1,23,23,23,23,23,23,23,23,23,23
2003,300182,2,1,0,0,0,0,0,0,0,0,0,0
2003,300183,1,1,11,11,11,11,11,11,11,11,11,11
2003,300184,1,1,0,0,0,0,0,0,0,0,0,0
2003,300185,1,1,0,0,0,0,0,0,0,0,0,0
2003,300186,1,1,8,0,0,19,0,0,0,0,0,0
2003,300186,2,1,0,0,0,0,0,0,0,0,0,0
2003,300187,1,1,0,0,0,0,0,0,0,0,0,0
2003,300188,1,1,13,7,9,9,16,19,13,3,19,13
2003,300189,1,1,22,22,22,22,22,22,22,22,22,22
2003,300190,1,1,20,14,14,10,23,12,15,14,10,10
2003,300191,1,1,14,14,14,14,14,14,14,14,14,14
2003,300192,0,1,18,18,18,18,18,18,18,18,18,18
2003,300192,1,1,0,0,0,0,0,0,0,0,0,0
2003,300193,0,1,0,0,0,0,0,0,0,0,0,0
2003,300193,1,1,0,0,0,0,0,0,0,0,0,0
2003,300194,1,1,14,14,14,14,14,14,14,14,14,14
2003,300195,1,1,0,0,0,0,0,0,0,0,0,0
2003,300195,2,1,3,3,3,3,3,3,3,3,3,3
2003,300196,1,1,0,0,0,0,0,0,0,0,0,0
2003,300197,1,1,0,0,0,0,0,0,0,0,0,0
2003,300198,1,1,0,0,0,0,0,0,0,0,0,0
2003,300198,2,1,0,0,0,0,0,0,0,0,0,0
2003,300199,1,1,0,0,0,0,0,0,0,0,0,0
2003,300200,0,1,0,0,0,0,0,0,8,9,0,0
2003,300200,0,2,0,0,0,0,0,0,0,0,0,0
2003,300200,1,1,9,9,9,9,9,9,9,9,9,9
2003,300201,1,1,21,21,21,21,21,21,21,21,21,21
2003,300202,1,1,0,0,0,0,0,0,0,0,0,0
2003,300202,2,1,17,0,0,0,0,0,0,0,0,0
2003,300202,3,1,0,0,0,0,0,0,0,0,0,0
2003,300203,0,1,24,17,22,0,0,26,7,15,0,21
2003,300203,1,1,0,0,0,0,0,0,0,0,0,0
2003,300203,2,1,0,0,0,0,0,0,0,0,0,0
2003,300203,3,1,0,0,0,0,0,0,0,0,0,0
2003,300204,1,1,0,0,0,0,0,0,0,0,0,0
2003,300204,2,1,0,0,0,0,0,0,0,0,0,0
2003,300205,1,1,19,19,19,19,19,19,19,19,19,19
2003,300205,2,1,0,0,0,0,0,0,0,0,0,0
2003,300206,1,1,0,0,0,0,0,0,0,0,0,0
2003,300207,2,1,10,10,10,10,10,10,10,10,10,10
2003,300208,1,1,0,0,0,0,0,0,0,0,0,0
2003,300209,1,1,0,0,14,0,0,0,22,0,0,19
2003,300210,1,1,8,8,8,8,8,8,8,8,8,8
2003,300210,2,1,11,11,11,11,11,11,11,11,11,11
2003,300211,0,1,24,24,24,24,24,24,24,24,24,24
2003,300211,1,1,0,0,0,0,0,0,0,0,0,0
2003,300212,1,1,21,21,21,21,21,21,21,21,21,21
2003,300213,1,1,24,24,24,24,24,24,24,24,24,24
2003,300214,1,1,14,14,14,14,14,14,14,14,14,14
2003,300215,1,1,0,0,0,0,0,0,0,0,0,0
2003,300215,2,1,0,0,0,0,0,0,0,0,0,0
2003,300216,0,1,28,28,28,28,28,28,28,28,28,28
2003,300216,1,1,0,0,0,0,0,0,0,0,0,0
2003,300216,2,1,0,0,0,0,0,0,0,0,0,0
2003,300217,1,1,0,0,0,0,0,0,0,0,0,0
2003,300217,2,1,0,0,0,0,0,0,0,0,0,0
2003,300218,1,1,0,0,0,0,0,0,0,0,0,0
2003,300219,1,1,0,0,0,0,0,0,0,0,0,0
2003,300219,2,1,0,0,0,0,0,0,0,0,0,0
2003,300220,1,1,8,8,8,8,8,8,8,8,8,8
2003,300221,1,1,20,20,20,20,20,20,20,20,20,20
2003,300222,1,1,0,0,0,0,0,0,0,0,0,0
2003,300223,1,1,0,0,0,0,0,0,0,0,0,0
2003,300224,1,1,0,0,0,0,0,0,0,0,0,0
2003,300225,1,1,0,0,0,0,0,0,0,0,0,0
2003,300226,1,1,9,9,9,9,9,9,9,9,9,9
2003,300227,1,1,0,0,0,0,0,0,0,0,0,0
2003,300228,1,1,19,13,0,0,0,0,0,0,26,0
2003,300229,1,1,6,6,6,6,6,6,6,6,6,6
2003,300229,2,1,0,0,0,0,0,0,0,0,0,0
2003,300230,1,1,0,0,0,0,0,0,0,0,0,0
2003,300231,1,1,0,0,0,0,0,0,0,0,0,0
2003,300232,1,1,0,0,0,0,0,0,0,0,0,0
2003,300233,1,1,23,23,23,23,23,23,23,23,23,23
2003,300234,1,1,0,0,0,0,0,0,0,0,0,0
2003,300234,2,1,0,0,0,0,0,0,0,0,0,0
2003,300235,1,1,0,0,0,0,0,0,0,0,0,0
2003,300235,2,1,0,0,0,0,0,0,0,0,0,0
2003,300236,1,1,24,24,24,24,24,24,24,24,24,24
2003,300236,2,1,0,0,0,0,0,0,0,0,0,0
2003,300237,1,1,10,13,27,32,23,11,13,22,4,31
2003,300238,1,1,0,0,0,0,0,0,0,0,0,0
2003,300238,2,1,0,0,0,0,0,0,0,0,0,0
2003,300239,0,1,0,0,0,0,0,0,0,0,0,0
2003,300239,1,1,0,0,0,0,0,0,0,0,0,0
2003,310001,1,1,11,11,11,11,11,11,11,11,11,11
2003,310001,2,1,0,0,0,0,0,0,0,0,0,0
2003,310002,1,1,0,0,0,0,0,0,0,0,0,0
2003,310003,1,1,0,0,0,0,0,0,0,0,0,0
2003,310004,1,1,0,0,0,0,0,0,0,0,0,0
2003,310004,2,1,0,0,0,0,0,0,0,0,0,0
2003,310005,1,1,0,0,0,0,0,0,0,0,0,0
2003,310005,2,1,0,0,0,0,0,0,0,0,0,0
2003,310006,1,1,0,0,0,0,0,0,0,0,0,0
2003,310007,1,1,9,9,9,9,9,9,9,9,9,9
2003,310008,1,1,0,0,0,0,0,0,0,0,0,0
2003,310008,2,1,0,0,0,0,0,0,0,0,0,0
2003,310009,1,1,0,0,0,0,0,0,0,0,0,0
2003,310009,2,1,0,0,0,0,0,0,0,0,0,0
2003,310010,1,1,26,26,26,26,26,26,26,26,26,26
2003,310011,1,1,0,0,0,0,0,0,0,0,0,0
2003,310012,1,1,32,32,32,32,32,32,32,32,32,32
2003,310013,1,1,28,28,28,28,28,28,28,28,28,28
2003,310014,0,1,0,0,0,0,0,0,0,0,0,0
2003,310014,1,1,0,0,0,0,0,0,0,0,0,0
2003,310015,1,1,0,0,0,0,0,0,0,0,0,0
2003,310016,1,1,0,0,0,0,0,0,0,0,0,0
2003,310017,1,1,0,0,0,0,0,0,0,0,0,0
2003,310017,2,1,0,0,0,0,0,0,0,0,0,0
2003,310018,0,1,0,0,0,0,0,0,0,0,0,0
2003,310018,0,2,0,0,0,0,0,0,0,0,0,0
2003,310018,1,1,13,0,0,0,0,0,0,0,0,23
2003,310019,1,1,12,12,12,12,12,12,12,12,12,12
2003,310020,1,1,0,0,0,0,0,0,0,0,0,0
2003,310021,0,1,0,0,0,0,0,0,0,0,0,0
2003,310021,1,1,24,0,0,23,22,0,0,0,10,0
2003,310022,1,1,13,13,13,13,13,13,13,13,13,13
2003,310023,1,1,23,23,23,23,23,23,23,23,23,23
2003,310024,1,1,0,0,0,0,0,0,0,0,0,0
2003,310024,2,1,0,0,0,0,0,9,0,0,0,0
2003,310025,1,1,0,0,0,0,0,0,0,0,0,0
2003,310025,2,1,0,0,0,0,0,0,0,0,0,0
2003,310026,1,1,19,19,19,19,19,19,19,19,19,19
2003,310027,1,1,28,28,28,28,28,28,28,28,28,28
2003,310028,1,1,19,19,19,19,19,19,19,19,19,19
2003,310028,2,1,0,0,0,0,0,0,0,0,0,0
2003,310029,1,1,0,0,0,0,0,0,0,0,0,0
2003,310030,1,1,0,0,0,0,0,0,0,0,0,0
2003,310030,2,1,11,11,11,11,11,11,11,11,11,11
2003,310031,1,1,0,0,0,0,0,0,0,0,0,0
2003,310032,1,1,0,0,0,0,0,0,0,0,0,0
2003,310033,1,1,0,0,0,0,0,0,0,0,0,0
2003,310034,1,1,0,0,0,0,0,0,0,0,0,0
2003,310034,2,1,0,0,0,0,0,0,0,0,0,0
2003,310035,1,1,22,22,22,22,22,22,22,22,22,22
2003,310036,1,1,0,0,0,0,0,0,0,0,0,0
2003,310036,2,1,0,0,0,0,0,0,0,0,0,0
2003,310037,1,1,0,0,0,0,0,0,0,0,0,0
2003,310037,2,1,16,16,16,16,16,16,16,16,16,16
2003,310038,1,1,0,0,0,0,0,0,0,0,0,0
2003,310038,2,1,0,0,0,0,0,0,0,0,0,0
2003,310039,1,1,0,0,0,0,0,0,12,0,0,0
2003,310040,1,1,9,0,0,0,0,0,0,21,0,0
2003,310041,1,1,18,18,18,18,18,18,18,18,18,18
2003,310041,2,1,13,13,13,13,13,13,13,13,13,13
2003,310042,1,1,13,13,13,13,13,13,13,13,13,13
2003,310043,1,1,0,0,0,0,0,0,0,0,0,0
2003,310044,1,1,0,0,0,0,13,0,0,0,0,0
2003,310044,2,1,0,0,0,0,0,0,0,0,0,0
2003,310045,1,1,0,0,0,0,0,0,0,0,0,0
2003,310045,2,1,0,0,0,0,0,0,0,0,0,0
2003,310046,1,1,0,0,0,0,0,0,0,0,0,0
2003,310047,1,1,13,13,13,13,13,13,13,13,13,13
2003,310048,1,1,0,0,0,0,0,0,0,0,0,0
2003,310048,2,1,0,0,0,0,0,0,0,0,0,0
2003,310049,1,1,20,20,20,20,20,20,20,20,20,20
2003,310050,1,1,18,18,18,18,18,18,18,18,18,18
2003,310051,1,1,0,0,0,0,0,0,0,0,0,0
2003,310051,2,1,0,0,0,0,0,0,0,0,0,0
2003,310052,1,1,0,0,0,0,0,0,0,0,0,0
2003,310052,2,1,0,0,0,0,0,0,0,0,0,0
2003,310053,0,1,0,0,0,0,0,0,0,0,0,0
2003,310053,0,2,0,9,0,0,0,0,23,7,0,0
2003,310053,1,1,7,0,0,0,0,0,0,0,0,0
2003,310054,1,1,20,20,20,20,20,20,20,20,20,20
2003,310055,1,1,0,0,0,0,0,0,0,0,0,0