YEAR,ST_CASE,veh_no,per_no,P1,P2,P3,P4,P5,P6,P7,P8,P9,P10
2003,310055,2,1,0,0,0,0,0,0,0,0,0,0
2003,310056,1,1,14,14,14,14,14,14,14,14,14,14
2003,310057,1,1,19,19,19,19,19,19,19,19,19,19
2003,310058,1,1,0,0,0,0,0,0,0,0,0,0
2003,310058,2,1,0,0,0,0,0,0,0,0,0,0
2003,310059,1,1,21,21,21,21,21,21,21,21,21,21
2003,310059,2,1,0,0,0,0,0,0,0,0,0,0
2003,310059,3,1,0,0,0,0,0,0,0,0,0,0
2003,310060,1,1,14,14,14,14,14,14,14,14,14,14
2003,310060,2,1,0,0,0,0,0,0,0,0,0,0
2003,310061,1,1,4,4,4,4,4,4,4,4,4,4
2003,310062,1,1,8,8,8,8,8,8,8,8,8,8
2003,310063,1,1,0,0,0,0,0,0,0,0,0,0
2003,310063,2,1,0,0,0,0,0,0,0,0,0,0
2003,310064,1,1,0,0,0,0,0,0,0,0,0,0
2003,310064,2,1,0,0,0,0,0,0,0,0,0,0
2003,310065,1,1,18,18,18,18,18,18,18,18,18,18
2003,310066,1,1,20,20,20,20,20,20,20,20,20,20
2003,310067,1,1,0,0,0,0,0,0,0,0,0,0
2003,310067,2,1,0,0,0,0,0,0,0,0,0,0
2003,310068,1,1,0,0,0,17,4,0,14,7,0,20
2003,310069,0,1,0,0,0,0,0,0,0,0,0,0
2003,310069,1,1,0,0,0,0,0,0,0,0,0,0
2003,310070,1,1,0,0,0,0,0,0,0,0,0,0
2003,310071,1,1,28,28,28,28,28,28,28,28,28,28
2003,310072,1,2,0,17,0,0,0,0,0,0,0,0
2003,310073,1,1,0,0,0,0,0,0,0,0,0,0
2003,310073,2,1,0,0,0,0,0,0,0,0,0,0
2003,310074,1,1,0,0,0,0,0,0,0,0,0,0
2003,310075,1,1,0,0,0,0,0,0,0,0,0,0
2003,310076,1,1,14,14,14,14,14,14,14,14,14,14
2003,310077,1,1,22,22,22,22,22,22,22,22,22,22
2003,310078,1,1,0,0,0,0,0,0,0,0,0,0
2003,310078,2,1,0,0,0,0,0,0,0,0,0,0
2003,310079,1,1,6,0,11,0,9,22,6,10,0,15
2003,310080,1,1,0,0,0,0,0,0,0,0,0,0
2003,310080,2,1,0,0,0,0,0,0,0,0,0,0
2003,310081,1,1,0,0,0,0,0,0,0,0,0,0
2003,310082,1,1,0,0,0,0,0,0,0,0,0,22
2003,310083,1,1,19,19,19,19,19,19,19,19,19,19
2003,310083,2,1,0,0,0,0,0,0,0,0,0,0
2003,310084,1,1,0,0,0,0,0,0,0,0,0,0
2003,310084,2,1,0,0,0,0,0,0,0,0,0,0
2003,310085,1,1,18,18,18,18,18,18,18,18,18,18
2003,310086,1,1,0,0,0,0,0,0,0,0,0,0
2003,310086,2,1,0,0,0,0,0,0,0,0,0,0
2003,310086,3,1,0,0,0,0,0,0,0,0,0,0
2003,310087,1,1,0,0,0,0,0,0,0,0,0,0
2003,310087,2,1,0,0,0,0,0,0,0,0,0,0
2003,310088,1,1,11,11,11,11,11,11,11,11,11,11
2003,310088,2,1,0,0,0,0,0,0,0,0,0,0
2003,310088,3,1,10,10,10,10,10,10,10,10,10,10
2003,310089,1,1,0,0,0,0,0,0,0,0,0,0
2003,310089,2,1,1,1,1,1,1,1,1,1,1,1
2003,310090,1,1,18,26,23,11,23,21,13,15,13,6
2003,310091,1,1,6,6,6,6,6,6,6,6,6,6
2003,310091,2,1,0,0,0,0,0,0,0,0,0,0
2003,310092,0,1,0,0,0,0,0,0,0,0,0,0
2003,310092,1,1,0,0,0,0,0,0,0,0,0,0
2003,310093,1,1,0,0,0,0,0,0,0,0,0,0
2003,310093,2,1,0,0,0,0,0,0,0,0,0,0
2003,310094,1,1,27,27,27,27,27,27,27,27,27,27
2003,310094,2,1,0,0,0,0,0,0,0,0,0,0
2003,310095,1,1,0,0,0,0,0,0,0,0,0,0
2003,310096,1,1,0,0,0,0,0,0,0,0,0,0
2003,310096,2,1,0,0,0,0,0,0,0,0,0,0
2003,310097,1,1,0,0,0,0,0,0,0,0,0,0
2003,310097,2,1,0,0,0,0,0,0,0,0,0,0
2003,310098,1,1,0,0,0,0,0,0,0,0,0,0
2003,310098,2,1,0,0,0,0,0,0,0,0,0,0
2003,310099,1,1,0,0,0,0,0,0,0,0,0,0
2003,310099,2,1,13,13,13,13,13,13,13,13,13,13
2003,310100,1,1,24,24,24,24,24,24,24,24,24,24
2003,310101,1,1,0,0,0,0,0,0,0,0,0,0
2003,310101,2,1,25,15,0,0,0,0,0,0,22,0
2003,310102,1,1,0,0,0,0,0,0,0,0,0,0
2003,310102,2,1,0,0,0,0,0,0,0,0,0,0
2003,310102,3,1,0,0,0,0,0,0,0,0,0,0
2003,310103,1,1,0,0,0,0,0,0,0,0,0,0
2003,310103,2,1,0,0,0,0,0,0,0,0,0,0
2003,310104,1,1,0,0,0,0,0,0,0,0,0,0
2003,310104,2,1,0,0,0,0,0,0,0,0,0,0
2003,310105,1,1,0,0,0,0,0,0,0,0,0,0
2003,310105,2,1,0,0,0,0,0,0,0,0,0,0
2003,310106,1,1,18,3,11,0,16,10,20,4,34,12
2003,310107,1,1,1,1,1,1,1,1,1,1,1,1
2003,310107,2,1,0,0,0,0,0,0,0,0,0,0
2003,310108,1,1,8,8,8,8,8,8,8,8,8,8
2003,310108,2,1,0,0,0,0,0,0,0,0,0,0
2003,310109,1,1,0,0,0,0,0,0,0,0,0,0
2003,310109,2,1,0,0,0,0,0,0,0,0,0,0
2003,310110,1,1,13,13,13,13,13,13,13,13,13,13
2003,310110,2,1,0,0,0,0,0,0,0,0,0,0
2003,310111,1,1,0,0,0,0,0,0,0,0,0,0
2003,310111,2,1,0,0,0,0,0,0,0,0,0,0
2003,310112,1,1,0,0,0,0,0,0,0,0,0,0
2003,310112,2,1,0,0,0,0,0,9,0,0,0,0
2003,310113,1,1,0,0,0,0,0,0,0,0,0,0
2003,310113,2,1,0,0,0,0,0,0,0,0,0,0
2003,310114,1,1,0,0,0,0,0,0,0,0,0,0
2003,310115,1,1,0,0,0,0,0,0,0,0,0,0
2003,310115,2,1,0,0,0,0,0,0,0,0,0,0
2003,310116,0,1,0,0,0,0,0,0,0,0,0,0
2003,310116,1,1,0,0,0,0,0,0,0,0,0,0
2003,310117,1,1,0,0,0,0,0,0,0,14,0,0
2003,310118,1,1,0,0,0,0,0,0,0,0,0,0
2003,310119,0,1,0,0,0,0,0,0,0,0,0,0
2003,310119,1,1,0,0,0,0,0,0,0,0,0,0
2003,310120,1,1,0,0,0,0,0,0,0,0,0,0
2003,310120,2,1,15,0,19,0,0,0,0,0,0,0
2003,310121,1,1,0,0,0,0,0,0,0,0,0,0
2003,310121,2,1,0,0,0,0,0,0,0,0,0,0
2003,310122,1,1,0,0,0,0,0,0,0,0,0,0
2003,310123,1,1,0,0,0,0,0,0,0,0,0,0
2003,310124,1,1,3,3,3,3,3,3,3,3,3,3
2003,310125,1,1,12,19,4,9,23,24,10,15,8,0
2003,310126,1,1,15,15,15,15,15,15,15,15,15,15
2003,310126,2,1,0,0,0,0,0,0,0,0,0,0
2003,310127,1,1,16,16,16,16,16,16,16,16,16,16
2003,310128,1,1,0,0,0,0,0,0,0,0,0,0
2003,310128,2,1,0,0,0,0,0,0,0,0,0,0
2003,310129,1,1,0,0,0,0,0,0,0,0,0,0
2003,310129,2,1,0,0,0,0,0,0,0,0,0,0
2003,310130,1,1,0,0,0,0,0,0,0,0,0,0
2003,310130,2,1,0,0,0,0,0,0,0,0,0,0
2003,310131,1,1,22,22,22,22,22,22,22,22,22,22
2003,310131,2,1,0,0,0,0,0,0,0,0,0,0
2003,310132,1,1,0,0,0,0,0,0,0,0,0,0
2003,310133,1,1,0,0,0,0,0,0,0,0,0,0
2003,310133,2,1,0,0,0,0,0,0,0,0,0,0
2003,310134,1,1,0,0,0,0,0,0,0,0,0,0
2003,310134,2,1,0,0,0,0,0,0,0,0,0,0
2003,310135,1,1,0,0,0,0,0,0,0,0,0,0
2003,310135,2,1,0,0,0,0,0,0,0,0,0,0
2003,310136,1,1,0,0,0,0,0,0,0,0,0,0
2003,310136,2,1,0,0,0,0,0,0,0,0,0,0
2003,310137,1,1,20,20,20,20,20,20,20,20,20,20
2003,310138,1,1,1,1,1,1,1,1,1,1,1,1
2003,310139,1,1,13,13,13,13,13,13,13,13,13,13
2003,310140,1,1,13,13,13,13,13,13,13,13,13,13
2003,310141,1,1,0,0,0,0,0,0,0,0,0,0
2003,310141,2,1,0,0,0,0,0,0,0,0,0,0
2003,310142,1,1,0,0,0,0,0,0,0,0,0,0
2003,310143,1,1,9,9,9,9,9,9,9,9,9,9
2003,310143,2,1,0,0,0,0,0,0,0,0,0,0
2003,310144,1,1,0,0,0,0,0,0,0,0,0,0
2003,310144,2,1,0,0,0,0,0,0,0,0,0,0
2003,310145,1,1,0,0,0,0,0,0,0,0,0,0
2003,310145,2,1,0,0,0,0,0,0,0,0,0,0
2003,310146,1,1,0,0,0,0,0,0,0,0,0,0
2003,310146,2,1,0,0,0,0,0,0,0,0,0,0
2003,310147,1,1,0,0,0,0,0,0,0,0,0,0
2003,310147,2,1,0,0,0,0,0,0,0,0,0,0
2003,310148,1,1,0,0,0,0,0,0,0,0,0,0
2003,310148,2,1,0,0,0,0,0,0,0,0,0,0
2003,310148,3,1,0,0,0,0,0,0,0,0,0,0
2003,310149,1,1,0,0,0,0,0,0,0,0,0,0
2003,310149,2,1,0,0,0,0,0,0,0,0,0,0
2003,310149,3,1,0,0,0,0,0,0,0,0,0,0
2003,310150,1,1,0,0,0,0,0,0,0,0,0,0
2003,310150,2,1,0,0,0,0,0,0,0,0,0,0
2003,310151,1,1,0,0,0,0,0,0,0,0,0,0
2003,310151,2,1,0,0,0,0,0,0,0,0,0,0
2003,310152,1,1,0,0,0,0,0,0,0,0,0,0
2003,310153,1,1,0,17,30,15,0,14,17,12,17,27
2003,310154,1,1,0,0,0,0,0,0,0,0,0,0
2003,310154,2,1,0,0,0,0,0,0,0,0,0,0
2003,310155,1,1,0,0,0,0,0,0,0,0,0,0
2003,310155,2,1,0,0,0,0,0,0,0,0,0,0
2003,310156,1,1,0,0,0,0,0,0,0,0,0,0
2003,310156,2,1,0,0,0,0,0,0,0,0,0,0
2003,310157,1,1,0,0,0,0,0,0,0,0,0,0
2003,310157,2,1,0,0,0,0,0,0,0,0,0,0
2003,310158,1,1,0,6,0,0,0,0,0,0,0,0
2003,310159,1,1,0,0,0,0,0,0,0,0,0,0
2003,310159,2,1,0,0,0,0,0,0,0,0,0,0
2003,310160,1,1,14,14,14,14,14,14,14,14,14,14
2003,310161,1,1,22,22,22,22,22,22,22,22,22,22
2003,310161,2,1,0,0,0,0,0,0,0,0,0,0
2003,310161,3,1,0,0,0,0,0,0,0,0,0,0
2003,310162,1,1,0,0,0,0,0,0,0,0,0,0
2003,310162,2,1,0,0,0,0,0,0,0,0,0,0
2003,310163,1,1,13,16,20,22,31,0,13,21,15,29
2003,310164,1,1,3,3,3,3,3,3,3,3,3,3
2003,310164,2,1,0,0,0,0,0,0,0,0,0,0
2003,310165,1,1,15,15,15,15,15,15,15,15,15,15
2003,310165,2,1,0,0,0,0,0,0,0,0,0,0
2003,310166,1,1,10,10,10,10,10,10,10,10,10,10
2003,310167,1,1,0,0,0,0,0,0,0,0,0,0
2003,310168,1,1,0,0,0,0,0,0,0,0,0,0
2003,310168,2,1,0,0,0,0,29,0,0,0,0,0
2003,310169,0,1,27,27,27,27,27,27,27,27,27,27
2003,310169,0,2,0,0,0,0,0,0,0,0,0,0
2003,310169,0,3,0,0,17,0,0,0,0,0,31,0
2003,310169,1,1,0,0,0,0,0,0,0,0,0,0
2003,310170,1,1,0,0,0,0,0,0,0,0,0,0
2003,310171,1,1,20,20,20,20,20,20,20,20,20,20
2003,310172,1,1,16,16,16,16,16,16,16,16,16,16
2003,310173,1,1,19,19,19,19,19,19,19,19,19,19
2003,310174,1,1,9,0,0,0,0,0,9,0,0,18
2003,310175,1,1,9,9,9,9,9,9,9,9,9,9
2003,310176,1,1,0,0,0,0,0,0,0,0,0,0
2003,310177,1,1,18,18,18,18,18,18,18,18,18,18
2003,310178,0,1,13,13,13,13,13,13,13,13,13,13
2003,310178,1,1,0,0,0,0,0,0,0,0,0,0
2003,310178,2,1,0,0,0,0,0,0,0,0,0,0
2003,310179,1,1,0,0,0,0,0,0,0,0,0,0
2003,310179,2,1,0,0,0,0,0,0,0,0,0,0
2003,310180,1,1,0,0,0,0,0,0,0,0,0,0
2003,310180,2,1,0,0,0,0,0,0,0,0,0,0
2003,310180,3,1,0,0,0,0,0,0,0,0,0,0
2003,310180,4,1,0,0,0,0,0,0,0,0,0,0
2003,310181,1,1,0,0,0,0,0,0,0,0,0,0
2003,310182,1,1,0,0,0,0,0,0,0,0,0,0
2003,310182,2,1,0,0,0,0,0,0,0,0,0,0
2003,310183,1,1,0,0,0,0,0,0,0,0,0,0
2003,310183,2,1,0,0,0,0,0,0,0,0,0,0
2003,310184,1,1,0,0,0,0,0,0,0,0,0,0
2003,310185,1,1,0,0,0,0,0,0,0,0,0,0
2003,310185,2,1,0,0,0,0,0,0,0,0,0,0
2003,310186,1,1,32,32,32,32,32,32,32,32,32,32
2003,310186,2,1,0,0,0,0,0,0,0,0,0,0
2003,310187,1,1,0,0,5,0,0,0,0,0,0,0
2003,310188,1,1,0,0,0,0,0,0,0,0,0,0
2003,310188,2,1,0,0,0,0,0,0,0,0,0,0
2003,310189,1,1,0,0,0,0,0,0,0,0,0,0
2003,310189,2,1,0,0,0,0,0,0,0,0,0,0
2003,310190,0,1,0,0,0,0,0,0,0,0,0,0
2003,310190,1,1,0,0,0,0,0,0,0,0,0,0
2003,310191,1,1,17,17,17,17,17,17,17,17,17,17
2003,310192,1,1,7,7,7,7,7,7,7,7,7,7
2003,310192,2,1,0,0,0,0,0,0,0,0,0,0
2003,310193,1,1,0,0,0,0,0,0,0,0,0,0
2003,310194,1,1,0,0,0,0,0,0,0,0,0,0
2003,310194,2,1,0,0,0,0,0,0,0,0,0,0
2003,310194,3,1,0,0,0,0,0,0,0,0,0,0
2003,310195,1,1,0,0,0,0,0,0,0,0,0,0
2003,310195,2,1,0,0,0,0,0,0,0,0,0,0
2003,310196,1,1,0,0,0,0,0,0,0,0,21,8
2003,310197,1,1,13,13,13,13,13,13,13,13,13,13
2003,310198,1,1,0,0,0,0,0,0,0,0,0,0
2003,310198,2,1,0,0,0,0,0,0,0,0,0,0
2003,310199,1,1,0,0,0,0,0,0,0,0,0,0
2003,310200,1,1,0,0,0,0,0,0,0,0,0,0
2003,310200,2,1,0,0,0,0,0,0,0,0,0,0
2003,310200,3,1,0,0,0,0,0,0,0,0,0,0
2003,310201,1,1,0,0,0,0,0,0,0,0,0,0
2003,310201,2,1,0,0,0,0,0,0,0,0,0,0
2003,310202,1,1,0,0,0,0,0,0,0,0,0,0
2003,310202,2,1,0,0,0,0,0,0,0,0,0,0
2003,310203,1,1,20,20,20,20,20,20,20,20,20,20
2003,310204,1,1,19,19,19,19,19,19,19,19,19,19
2003,310205,1,1,0,0,0,0,0,0,0,0,0,0
2003,310205,2,1,0,0,0,0,0,0,0,0,0,0
2003,310206,1,1,0,0,0,0,0,0,0,0,0,0
2003,310206,2,1,0,0,0,0,0,0,0,0,0,0
2003,310207,1,1,0,0,0,0,0,0,0,0,0,0
2003,310208,1,1,12,12,12,12,12,12,12,12,12,12
2003,310209,1,1,4,4,4,4,4,4,4,4,4,4
2003,310209,2,1,2,2,2,2,2,2,2,2,2,2
2003,310210,1,1,18,18,18,18,18,18,18,18,18,18
2003,310210,2,1,15,15,15,15,15,15,15,15,15,15
2003,310211,1,1,13,13,13,13,13,13,13,13,13,13
2003,310211,2,1,0,0,0,0,0,0,0,0,0,0
2003,310212,1,1,0,0,0,0,0,0,0,0,0,0
2003,310212,2,1,0,0,0,0,0,0,0,0,0,0
2003,310213,1,1,2,2,2,2,2,2,2,2,2,2
2003,310214,1,1,19,19,19,19,19,19,19,19,19,19
2003,310215,1,1,27,27,27,27,27,27,27,27,27,27
2003,310216,1,1,6,6,6,6,6,6,6,6,6,6
2003,310216,2,1,0,0,0,0,0,0,0,0,0,0
2003,310217,1,1,0,0,0,0,0,0,0,0,0,0
2003,310217,2,1,0,0,0,0,0,0,0,0,0,0
2003,310218,1,1,14,14,14,14,14,14,14,14,14,14
2003,310218,2,1,20,20,20,20,20,20,20,20,20,20
2003,310219,1,1,0,0,0,0,0,0,0,10,0,0
2003,310220,1,1,0,0,0,0,0,0,0,0,0,0
2003,310221,1,1,6,6,6,6,6,6,6,6,6,6
2003,310222,1,1,25,25,25,25,25,25,25,25,25,25
2003,310222,2,1,0,0,0,0,0,0,0,0,0,0
2003,310223,1,1,0,0,15,0,0,0,0,0,0,0
2003,310223,2,1,0,0,0,0,0,0,0,0,0,0
2003,310224,1,1,0,0,0,0,0,0,0,0,0,0
2003,310225,1,1,0,0,0,0,0,0,0,0,0,0
2003,310226,1,1,0,0,0,0,0,0,0,0,0,0
2003,310227,1,1,16,16,16,16,16,16,16,16,16,16
2003,310228,1,1,10,10,10,10,10,10,10,10,10,10
2003,310229,1,1,25,25,25,25,25,25,25,25,25,25
2003,310230,1,1,0,0,0,0,0,0,0,0,0,0
2003,310230,2,1,0,0,0,0,0,0,0,0,0,0
2003,310231,1,1,0,0,0,0,0,0,0,0,0,0
2003,310231,2,1,0,0,0,0,0,0,0,0,0,0
2003,310231,3,1,0,0,0,0,0,0,0,0,0,0
2003,310232,0,1,11,11,11,11,11,11,11,11,11,11
2003,310232,1,1,0,0,0,0,0,0,0,0,0,0
2003,310233,1,1,0,0,0,0,0,0,0,0,0,0
2003,310233,2,1,0,0,0,0,0,0,0,0,0,0
2003,310233,3,1,0,0,0,0,0,0,0,0,0,0
2003,310234,1,1,0,0,0,0,0,0,0,0,0,0
2003,310235,1,1,0,0,0,0,0,0,0,0,0,0
2003,310236,1,1,0,0,0,0,0,0,0,0,0,0
2003,310237,1,1,40,44,19,9,21,14,38,11,16,7
2003,310238,1,1,0,0,0,0,0,0,13,0,0,0
2003,310239,1,1,15,15,15,15,15,15,15,15,15,15
2003,310240,1,1,6,6,6,6,6,6,6,6,6,6
2003,310240,2,1,0,0,0,0,0,0,0,0,0,0
2003,310241,1,1,9,0,0,0,0,0,0,0,0,0
2003,310241,2,1,0,0,0,0,0,0,0,0,0,0
2003,310242,1,1,0,0,0,0,0,0,0,0,0,0
2003,310242,2,1,0,0,0,0,0,0,0,0,0,0
2003,310242,3,1,0,0,0,0,0,0,0,0,0,0
2003,310243,1,1,0,0,0,0,0,0,0,0,0,0
2003,310243,2,1,0,0,0,0,0,0,0,0,0,0
2003,310244,1,1,18,18,18,18,18,18,18,18,18,18
2003,310245,1,1,0,0,0,0,0,0,0,0,0,0
2003,310245,2,1,0,0,0,0,0,0,0,0,0,0
2003,310246,0,1,26,26,26,26,26,26,26,26,26,26
2003,310246,1,1,0,0,0,0,0,0,0,0,0,0
2003,310247,1,1,0,0,0,0,0,0,0,0,0,0
2003,310248,1,1,32,32,32,32,32,32,32,32,32,32
2003,310249,1,1,0,0,0,0,0,0,0,0,0,0
2003,310249,2,1,0,0,0,0,0,0,0,0,0,0
2003,310250,1,1,0,0,0,0,0,0,0,0,0,0
2003,310250,2,1,0,0,0,0,0,0,0,0,0,0
2003,310251,1,1,25,25,25,25,25,25,25,25,25,25
2003,310252,1,1,11,11,11,11,11,11,11,11,11,11
2003,310253,1,1,1,1,1,1,1,1,1,1,1,1
2003,310253,2,1,0,0,0,0,0,0,0,0,0,0
2003,310254,1,1,8,8,8,8,8,8,8,8,8,8
2003,310255,1,1,13,13,13,13,13,13,13,13,13,13
2003,310256,1,1,0,0,0,0,0,0,0,0,0,0
2003,310257,1,1,10,10,10,10,10,10,10,10,10,10
2003,320001,1,1,12,12,12,12,12,12,12,12,12,12
2003,320001,2,1,14,14,14,14,14,14,14,14,14,14
2003,320002,1,1,22,22,22,22,22,22,22,22,22,22
2003,320003,0,1,0,0,0,0,0,0,0,0,0,0
2003,320003,1,1,23,23,23,23,23,23,23,23,23,23
2003,320004,1,1,11,11,11,11,11,11,11,11,11,11
2003,320004,2,1,0,0,0,0,27,0,0,6,6,4
2003,320004,3,1,19,0,0,0,7,0,0,7,0,0
2003,320005,0,1,35,35,35,35,35,35,35,35,35,35
2003,320005,1,1,0,0,0,0,18,0,0,0,0,0
2003,320006,0,1,38,38,38,38,38,38,38,38,38,38
2003,320006,1,1,0,0,0,0,0,0,0,0,0,0
2003,320007,1,1,38,38,38,38,38,38,38,38,38,38
2003,320008,0,1,18,18,18,18,18,18,18,18,18,18
2003,320008,1,1,22,22,22,22,22,22,22,22,22,22
2003,320009,1,1,0,0,0,0,0,0,0,0,0,0
2003,320009,2,1,0,0,0,0,0,0,0,0,0,0
2003,320010,1,1,11,11,11,11,11,11,11,11,11,11
2003,320011,1,1,0,24,5,4,7,4,7,16,12,23
2003,320011,2,1,6,6,6,6,6,6,6,6,6,6
2003,320012,0,1,0,0,0,0,0,0,0,0,0,0
2003,320012,1,1,0,0,0,0,0,0,0,0,0,0
2003,320013,1,1,24,24,24,24,24,24,24,24,24,24
2003,320014,1,1,0,0,0,0,0,0,0,0,0,0
2003,320015,0,1,32,32,32,32,32,32,32,32,32,32
2003,320015,1,1,0,0,0,0,0,0,0,0,0,0
2003,320016,1,1,21,21,21,21,21,21,21,21,21,21
2003,320017,1,1,0,0,0,0,0,0,0,0,0,0
2003,320018,0,1,8,8,8,8,8,8,8,8,8,8
2003,320018,1,1,12,12,18,3,14,12,4,29,6,21
2003,320019,0,1,0,0,0,0,0,0,0,0,12,0
2003,320019,1,1,0,0,0,0,0,0,0,0,0,0
2003,320019,2,1,0,0,0,0,0,0,0,0,0,0
2003,320019,3,1,0,0,0,0,0,0,0,0,0,0
2003,320020,0,1,21,21,21,21,21,21,21,21,21,21
2003,320020,0,2,0,22,0,28,0,0,6,8,0,23
2003,320020,1,1,0,0,0,0,26,0,0,0,0,0
2003,320021,0,1,0,0,0,0,0,0,0,0,0,0
2003,320021,1,1,0,0,0,0,0,0,0,0,0,0
2003,320022,1,1,20,20,20,20,20,20,20,20,20,20
2003,320023,0,1,0,0,0,0,0,0,0,0,0,0
2003,320023,1,1,0,0,0,0,0,0,0,0,0,0
2003,320024,1,1,0,0,0,0,0,0,0,0,0,0
2003,320024,2,1,23,0,0,0,0,0,0,0,0,0
2003,320025,0,1,0,20,0,0,0,0,0,0,0,0
2003,320025,1,1,0,3,0,0,0,0,0,0,0,0
2003,320026,1,1,0,0,0,0,0,0,0,0,0,0
2003,320026,2,1,0,0,0,0,0,0,0,0,0,0
2003,320027,1,1,21,21,21,21,21,21,21,21,21,21
2003,320028,0,1,26,26,26,26,26,26,26,26,26,26
2003,320028,1,1,0,0,0,0,0,0,0,0,0,0
2003,320029,0,1,28,28,28,28,28,28,28,28,28,28
2003,320029,1,1,0,0,0,0,0,0,0,0,0,0
2003,320030,1,1,18,0,0,0,0,0,0,0,0,0
2003,320031,1,1,0,0,12,17,0,0,0,0,0,17
2003,320032,1,1,0,0,0,0,0,0,0,0,0,9
2003,320032,2,1,4,4,4,4,4,4,4,4,4,4
2003,320033,1,1,0,0,0,0,0,0,0,0,0,0
2003,320034,1,1,0,6,0,8,0,0,0,0,0,0
2003,320035,0,1,24,24,24,24,24,24,24,24,24,24
2003,320035,1,1,0,0,0,0,0,0,0,0,37,0
2003,320036,1,1,0,0,0,0,0,0,0,0,0,0
2003,320037,1,1,0,0,0,0,0,0,0,0,0,0
2003,320037,2,1,0,0,0,0,0,0,0,0,0,0
2003,320038,1,1,0,0,0,0,0,0,0,0,0,0
2003,320039,1,1,15,15,15,15,15,15,15,15,15,15
2003,320040,1,1,14,14,14,14,14,14,14,14,14,14
2003,320040,2,1,0,0,0,0,0,0,0,0,0,0
2003,320041,1,1,0,0,0,0,0,0,0,0,0,0
2003,320041,2,1,0,0,0,0,0,0,0,0,0,0
2003,320042,1,1,9,9,9,9,9,9,9,9,9,9
2003,320043,0,1,9,9,9,9,9,9,9,9,9,9
2003,320043,1,1,0,0,0,0,0,0,0,0,0,0
2003,320044,1,1,0,0,0,0,0,0,0,0,0,0
2003,320045,0,1,28,0,0,0,0,0,0,0,0,0
2003,320045,1,1,0,0,0,0,0,0,0,0,0,0
2003,320046,1,1,0,0,0,0,0,25,0,9,0,0
2003,320047,1,1,0,0,0,0,0,0,0,0,0,0
2003,320047,2,1,0,0,0,0,0,0,0,0,0,0
2003,320048,1,1,0,0,0,0,0,0,0,0,0,0
2003,320048,2,1,14,14,14,14,14,14,14,14,14,14
2003,320049,1,1,0,0,0,0,0,0,0,0,0,0
2003,320049,2,1,0,0,0,0,0,0,0,0,0,0
2003,320050,1,1,0,0,0,0,0,0,0,0,0,0
2003,320051,1,1,0,0,0,0,0,0,0,0,0,0
2003,320051,2,1,3,3,3,3,3,3,3,3,3,3
2003,320052,0,1,0,0,0,0,0,0,0,0,0,0
2003,320052,1,1,0,0,0,0,0,0,0,0,0,0
2003,320053,1,1,0,0,0,0,0,0,0,0,0,0
2003,320054,0,1,12,12,12,12,12,12,12,12,12,12
2003,320054,1,1,0,0,0,0,0,0,0,0,0,0
2003,320055,0,1,0,0,0,0,0,0,0,0,0,0
2003,320055,1,1,0,0,0,0,0,0,0,0,0,0
2003,320056,1,1,2,2,2,2,2,2,2,2,2,2
2003,320056,2,1,0,0,0,0,0,0,0,0,0,0
2003,320057,0,1,25,25,25,25,25,25,25,25,25,25
2003,320057,1,1,19,0,19,0,0,0,0,0,0,0
2003,320058,1,1,0,0,0,0,0,0,0,0,0,0
2003,320059,1,1,20,20,20,20,20,20,20,20,20,20
2003,320059,2,1,13,13,13,13,13,13,13,13,13,13
2003,320060,1,1,0,0,0,0,0,0,0,0,0,0
2003,320061,1,1,18,18,18,18,18,18,18,18,18,18
2003,320062,1,1,22,22,22,22,22,22,22,22,22,22
2003,320062,2,1,0,0,0,0,0,0,0,0,0,0
2003,320062,3,1,10,0,0,0,0,0,0,0,33,0
2003,320063,1,1,15,15,15,15,15,15,15,15,15,15
2003,320064,0,1,13,13,13,13,13,13,13,13,13,13
2003,320064,1,1,0,0,0,0,0,0,0,0,0,0
2003,320065,1,1,0,0,0,0,0,0,0,0,0,0
2003,320065,2,1,0,0,0,0,0,0,0,0,0,0
2003,320066,0,1,0,0,0,0,0,0,0,0,0,0
2003,320066,0,2,0,0,0,0,0,0,0,0,0,0
2003,320066,1,1,33,33,33,33,33,33,33,33,33,33
2003,320067,1,1,22,0,0,0,0,14,0,0,0,0
2003,320068,0,1,24,24,24,24,24,24,24,24,24,24
2003,320068,1,1,4,4,4,4,4,4,4,4,4,4
2003,320069,0,1,0,0,0,17,12,0,0,0,0,0
2003,320069,1,1,0,0,0,0,0,0,0,0,0,0
2003,320070,1,1,20,20,20,20,20,20,20,20,20,20
2003,320070,2,1,0,0,0,0,0,0,0,0,0,0
2003,320070,3,1,0,0,0,0,0,0,0,0,0,8
2003,320071,1,1,28,28,28,28,28,28,28,28,28,28
2003,320071,2,1,3,0,0,0,0,0,0,0,0,0