YEAR,ST_CASE,veh_no,per_no,P1,P2,P3,P4,P5,P6,P7,P8,P9,P10
2003,320071,3,1,0,16,0,0,0,4,0,0,0,0
2003,320071,4,1,0,0,0,0,0,0,0,0,0,0
2003,320072,1,1,17,17,17,17,17,17,17,17,17,17
2003,320072,2,1,0,0,0,0,0,0,0,0,0,0
2003,320073,1,1,4,4,4,4,4,4,4,4,4,4
2003,320073,2,1,0,0,0,26,0,0,0,0,0,0
2003,320073,3,1,0,0,0,0,0,0,0,0,0,0
2003,320074,1,1,0,0,0,0,0,0,0,0,0,0
2003,320075,1,1,0,0,0,0,0,0,0,0,0,0
2003,320075,2,1,0,0,0,0,0,0,0,0,0,0
2003,320075,3,1,0,0,0,0,12,0,0,0,0,0
2003,320075,4,1,0,0,0,0,0,0,0,0,0,0
2003,320076,1,1,0,0,19,12,19,0,0,41,0,0
2003,320076,2,1,0,0,0,0,0,0,0,0,0,11
2003,320077,1,1,0,0,0,0,0,0,0,0,0,0
2003,320078,0,1,28,28,28,28,28,28,28,28,28,28
2003,320078,1,1,0,0,0,0,0,0,0,0,0,0
2003,320079,0,1,21,21,21,21,21,21,21,21,21,21
2003,320079,1,1,0,0,0,0,0,0,15,12,0,27
2003,320079,2,1,2,0,0,0,0,0,0,0,0,4
2003,320080,1,1,27,27,27,27,27,27,27,27,27,27
2003,320081,1,1,0,0,0,0,0,0,0,0,0,0
2003,320081,2,1,0,0,0,0,20,0,9,0,0,0
2003,320081,3,1,0,0,0,0,0,16,0,0,0,0
2003,320081,4,1,0,0,0,0,0,0,0,0,0,0
2003,320082,1,1,6,6,6,6,6,6,6,6,6,6
2003,320083,0,1,29,29,29,29,29,29,29,29,29,29
2003,320083,1,1,0,0,0,7,0,0,9,0,0,0
2003,320084,0,1,26,26,26,26,26,26,26,26,26,26
2003,320084,1,1,0,13,0,0,11,16,0,0,0,17
2003,320085,1,1,0,0,0,0,0,0,0,0,0,0
2003,320085,2,1,0,0,0,0,0,0,0,0,0,0
2003,320086,1,1,0,0,0,0,0,0,0,0,0,0
2003,320086,2,1,0,0,0,0,0,0,0,0,0,0
2003,320087,1,1,0,0,0,0,0,0,0,0,0,0
2003,320088,1,1,22,22,22,22,22,22,22,22,22,22
2003,320089,1,1,0,0,0,0,0,0,0,0,0,0
2003,320089,2,1,22,0,0,0,0,0,0,0,0,0
2003,320090,1,1,0,0,0,0,0,0,0,0,0,0
2003,320090,2,1,0,0,0,0,0,0,0,0,0,0
2003,320091,0,1,0,0,0,0,0,18,0,0,0,0
2003,320091,1,1,0,0,0,0,0,0,0,0,0,0
2003,320092,1,1,0,0,0,0,0,0,0,0,0,0
2003,320092,2,1,0,0,0,0,0,0,10,22,0,0
2003,320093,1,1,0,0,0,0,0,0,0,0,0,0
2003,320093,2,1,17,17,17,17,17,17,17,17,17,17
2003,320094,1,1,0,0,0,0,0,0,0,0,0,0
2003,320094,2,1,0,0,0,0,0,0,0,0,0,0
2003,320095,1,1,0,0,0,0,0,0,0,0,0,0
2003,320095,2,1,0,0,0,0,0,0,0,0,0,0
2003,320096,1,1,0,0,0,0,0,0,0,0,0,0
2003,320096,2,1,5,0,0,0,20,0,0,0,0,0
2003,320096,3,1,0,0,8,0,0,0,0,0,0,0
2003,320097,1,1,0,0,0,0,0,0,0,0,0,0
2003,320097,2,1,0,0,0,0,0,0,0,0,0,0
2003,320098,1,1,10,7,8,21,11,0,0,8,15,6
2003,320099,1,1,7,14,10,0,0,8,0,17,21,24
2003,320100,1,1,0,0,0,0,0,0,0,0,0,0
2003,320100,2,1,0,0,0,0,0,0,0,0,0,0
2003,320101,1,1,0,0,0,0,0,0,0,0,0,0
2003,320102,1,1,25,25,25,25,25,25,25,25,25,25
2003,320102,2,1,0,0,0,0,0,0,0,0,0,0
2003,320103,1,1,19,19,19,19,19,19,19,19,19,19
2003,320104,0,1,19,19,19,19,19,19,19,19,19,19
2003,320104,1,1,0,0,0,0,0,0,0,0,0,0
2003,320105,1,1,0,0,8,0,0,11,0,0,0,0
2003,320106,1,1,10,10,10,10,10,10,10,10,10,10
2003,320106,2,1,0,0,0,0,0,0,0,0,0,0
2003,320107,0,1,2,2,2,2,2,2,2,2,2,2
2003,320107,1,1,0,16,5,0,0,0,9,0,0,0
2003,320108,1,1,0,0,0,0,30,0,0,0,0,0
2003,320109,1,1,0,0,0,0,0,0,0,0,0,0
2003,320109,2,1,0,0,0,0,0,0,0,0,0,0
2003,320110,1,1,0,0,0,0,0,0,0,0,0,0
2003,320111,1,1,32,7,13,0,12,0,18,0,0,16
2003,320112,1,1,0,0,0,0,0,0,0,0,0,0
2003,320112,2,1,0,0,0,0,0,0,0,0,15,0
2003,320113,1,1,7,7,7,7,7,7,7,7,7,7
2003,320113,2,1,0,0,0,0,0,0,0,0,0,0
2003,320114,1,1,0,0,0,0,0,0,0,0,0,0
2003,320115,1,1,0,0,0,0,0,0,0,0,0,0
2003,320116,1,1,0,0,0,0,0,0,0,0,0,0
2003,320116,2,1,0,0,0,0,0,0,0,23,0,16
2003,320117,0,1,23,23,23,23,23,23,23,23,23,23
2003,320117,1,1,0,12,0,5,0,0,0,7,0,13
2003,320118,1,1,0,0,0,0,0,0,0,0,0,0
2003,320118,2,1,0,0,0,0,0,17,0,0,0,0
2003,320119,1,1,17,17,17,17,17,17,17,17,17,17
2003,320120,1,1,0,0,0,0,0,0,0,0,0,0
2003,320121,1,1,3,3,3,3,3,3,3,3,3,3
2003,320121,2,1,0,0,0,0,0,0,0,0,0,0
2003,320121,3,1,0,0,0,0,0,0,0,4,0,0
2003,320121,4,1,0,0,0,11,0,0,0,0,0,0
2003,320121,5,1,0,0,0,0,0,0,0,0,0,0
2003,320122,1,1,0,0,0,0,0,0,0,0,0,0
2003,320122,2,1,0,0,0,0,0,0,0,0,0,0
2003,320123,1,1,0,0,0,0,0,0,0,0,0,0
2003,320123,2,1,0,0,0,0,0,0,0,0,0,0
2003,320124,0,1,0,0,0,0,0,0,0,0,0,0
2003,320124,1,1,0,0,0,0,0,0,0,0,0,0
2003,320125,1,1,0,0,0,0,0,0,0,0,0,0
2003,320125,2,1,3,0,0,0,12,0,0,0,0,16
2003,320126,1,1,13,13,13,13,13,13,13,13,13,13
2003,320127,1,1,0,0,0,0,0,0,0,14,0,15
2003,320127,2,1,0,0,0,0,0,0,0,0,0,0
2003,320128,1,1,0,0,0,0,0,0,0,0,0,0
2003,320128,2,1,2,2,2,2,2,2,2,2,2,2
2003,320129,1,1,0,0,0,0,0,0,0,0,0,21
2003,320130,1,1,0,0,0,0,0,0,0,0,0,0
2003,320131,1,1,0,0,0,0,0,0,0,0,17,0
2003,320131,2,1,0,0,0,17,0,0,0,5,0,0
2003,320132,0,1,28,10,22,0,0,12,38,27,25,14
2003,320132,1,1,0,0,0,0,0,0,0,0,0,0
2003,320133,1,1,25,25,25,25,25,25,25,25,25,25
2003,320133,2,1,0,0,0,0,0,0,0,0,0,0
2003,320134,1,1,0,0,0,0,0,0,0,0,0,0
2003,320135,1,1,0,0,0,0,0,0,0,0,0,0
2003,320135,2,1,0,0,0,0,0,0,0,0,0,0
2003,320136,1,1,19,18,17,18,0,13,0,31,22,20
2003,320137,0,1,25,25,25,25,25,25,25,25,25,25
2003,320137,1,1,0,0,0,0,0,0,0,0,0,0
2003,320138,1,1,0,0,0,0,6,0,0,0,0,0
2003,320138,2,1,0,0,0,0,0,0,0,0,0,0
2003,320139,0,1,25,0,26,24,18,0,20,10,0,23
2003,320139,1,1,9,9,9,9,9,9,9,9,9,9
2003,320140,1,1,14,14,14,14,14,14,14,14,14,14
2003,320141,1,1,0,0,0,0,0,0,0,0,0,0
2003,320142,1,1,0,0,0,0,0,0,0,0,0,0
2003,320142,2,1,7,0,0,0,8,0,0,0,0,22
2003,320142,3,1,0,0,0,0,0,0,0,0,0,0
2003,320142,4,1,0,0,0,0,0,0,0,0,0,0
2003,320143,0,1,9,9,9,9,9,9,9,9,9,9
2003,320143,1,1,0,0,0,0,0,0,0,0,0,0
2003,320143,2,1,0,0,0,0,0,0,0,0,0,0
2003,320144,1,1,18,18,18,18,18,18,18,18,18,18
2003,320144,2,1,0,0,10,0,0,0,0,0,0,0
2003,320145,1,1,0,17,0,0,0,0,0,0,0,0
2003,320145,2,1,0,0,0,0,0,0,0,0,0,0
2003,320146,0,1,0,0,0,0,0,0,0,0,0,0
2003,320146,1,1,0,0,0,0,0,0,0,0,0,10
2003,320147,1,1,0,0,0,0,0,0,0,0,0,0
2003,320148,1,1,0,0,0,0,0,0,0,0,0,0
2003,320148,2,1,0,0,0,0,0,0,0,0,0,0
2003,320149,1,1,16,16,16,16,16,16,16,16,16,16
2003,320150,1,1,0,0,0,0,0,0,0,0,0,0
2003,320151,1,1,0,0,0,0,0,0,0,0,0,0
2003,320152,1,1,0,0,0,0,0,0,0,0,0,0
2003,320153,1,1,21,21,21,21,21,21,21,21,21,21
2003,320154,0,1,0,0,0,0,0,0,0,0,0,0
2003,320154,1,1,0,0,0,0,0,0,0,0,0,0
2003,320155,1,1,0,0,0,0,0,0,0,0,0,0
2003,320156,0,1,10,10,10,10,10,10,10,10,10,10
2003,320156,1,1,0,0,0,0,0,0,26,0,0,0
2003,320157,1,1,0,0,0,0,0,0,0,0,0,0
2003,320158,1,1,18,18,18,18,18,18,18,18,18,18
2003,320159,1,1,0,0,0,0,0,0,0,0,0,0
2003,320160,1,1,0,0,0,0,0,0,0,0,0,0
2003,320160,2,1,0,0,0,0,2,0,0,0,0,0
2003,320160,3,1,0,0,7,20,0,0,0,0,0,19
2003,320161,1,1,9,9,9,9,9,9,9,9,9,9
2003,320162,0,1,0,0,0,0,0,0,0,0,0,0
2003,320162,1,1,0,0,0,0,0,0,8,0,0,0
2003,320163,1,1,22,22,22,22,22,22,22,22,22,22
2003,320164,1,1,36,36,36,36,36,36,36,36,36,36
2003,320165,1,1,0,0,0,0,0,27,0,0,0,0
2003,320166,1,1,0,0,0,0,0,0,0,0,0,4
2003,320167,0,1,0,0,0,0,0,0,0,0,0,0
2003,320167,0,2,0,0,0,0,0,0,0,0,0,0
2003,320167,1,1,0,0,0,0,0,0,0,0,0,0
2003,320168,1,1,22,0,0,0,0,0,0,0,0,0
2003,320168,2,1,0,0,0,0,0,0,0,0,0,0
2003,320168,3,1,0,0,0,0,0,0,0,0,0,0
2003,320168,4,1,0,0,0,0,0,0,0,0,0,0
2003,320169,1,1,18,18,18,18,18,18,18,18,18,18
2003,320170,1,1,0,0,0,0,0,0,0,0,0,0
2003,320171,1,1,12,0,6,0,0,0,0,0,0,0
2003,320172,1,1,0,0,0,0,0,0,0,0,0,0
2003,320172,2,1,0,0,0,0,0,0,0,0,0,0
2003,320173,0,1,27,27,27,27,27,27,27,27,27,27
2003,320173,1,1,0,0,0,0,0,0,0,0,0,0
2003,320173,2,1,0,0,0,0,0,0,0,0,0,0
2003,320174,0,1,0,13,0,10,0,0,0,0,17,0
2003,320174,0,2,0,0,0,0,0,0,0,0,14,11
2003,320174,0,3,0,0,0,26,21,16,0,0,20,0
2003,320174,0,4,16,0,27,15,0,7,0,0,0,19
2003,320174,0,5,0,0,10,0,8,9,0,0,26,0
2003,320174,1,1,0,0,0,0,0,0,0,0,0,0
2003,320175,1,1,0,0,0,0,0,0,0,0,0,0
2003,320176,1,1,13,13,13,13,13,13,13,13,13,13
2003,320177,1,1,19,19,19,19,19,19,19,19,19,19
2003,320178,1,1,10,10,10,10,10,10,10,10,10,10
2003,320179,1,1,6,6,6,6,6,6,6,6,6,6
2003,320179,2,1,6,6,6,6,6,6,6,6,6,6
2003,320180,1,1,22,22,22,22,22,22,22,22,22,22
2003,320181,1,1,0,0,17,0,0,0,0,0,0,0
2003,320181,2,1,0,0,0,0,0,0,0,0,0,0
2003,320182,1,1,7,0,0,0,0,0,0,0,0,0
2003,320182,2,1,0,0,0,0,0,0,18,0,0,0
2003,320183,1,1,0,7,0,0,0,0,0,13,0,16
2003,320184,1,1,0,0,0,0,0,0,0,0,0,0
2003,320185,1,1,26,26,26,26,26,26,26,26,26,26
2003,320186,1,1,0,0,0,0,0,0,0,0,0,0
2003,320187,1,1,0,0,0,0,0,0,0,0,0,0
2003,320188,1,1,0,0,0,0,0,0,0,0,0,0
2003,320188,2,1,0,0,0,0,0,0,0,0,0,12
2003,320189,1,1,0,0,0,0,0,0,0,0,0,0
2003,320190,1,1,0,0,0,0,0,0,0,0,0,0
2003,320190,2,1,0,0,0,0,0,0,0,0,0,0
2003,320191,0,1,25,25,25,25,25,25,25,25,25,25
2003,320191,1,1,29,46,0,23,18,0,16,19,0,0
2003,320192,1,1,0,0,0,0,0,0,0,0,0,0
2003,320193,1,1,10,0,0,0,11,18,0,0,13,0
2003,320194,0,1,0,0,0,0,0,0,0,0,0,0
2003,320194,0,2,0,0,0,0,0,0,0,0,0,0
2003,320194,1,1,0,0,0,0,0,0,0,0,0,0
2003,320194,2,1,0,0,0,0,0,0,0,0,0,0
2003,320195,0,1,0,0,0,0,0,0,0,0,0,0
2003,320195,0,2,0,0,0,0,0,0,0,0,0,0
2003,320195,1,1,0,0,0,0,0,0,0,0,0,0
2003,320196,1,1,0,0,0,0,0,0,0,0,0,0
2003,320196,2,1,0,0,0,0,0,0,0,0,0,0
2003,320197,1,1,0,0,0,0,0,0,0,0,0,0
2003,320197,2,1,0,0,0,0,0,0,0,0,0,0
2003,320198,0,1,13,13,13,13,13,13,13,13,13,13
2003,320198,1,1,0,0,0,0,0,0,0,0,0,0
2003,320199,0,1,12,12,12,12,12,12,12,12,12,12
2003,320199,1,1,0,0,0,0,0,0,0,0,0,0
2003,320200,1,1,0,0,11,2,0,0,0,0,0,0
2003,320200,2,1,0,0,0,0,0,0,0,0,0,0
2003,320201,1,1,33,33,33,33,33,33,33,33,33,33
2003,320202,1,1,30,30,30,30,30,30,30,30,30,30
2003,320202,2,1,0,0,0,0,0,0,0,0,0,0
2003,320202,3,1,0,0,0,0,0,0,0,0,0,0
2003,320203,1,1,0,0,0,0,0,0,0,0,0,0
2003,320204,0,1,0,0,0,0,0,0,0,0,0,0
2003,320204,1,1,12,12,12,12,12,12,12,12,12,12
2003,320205,1,1,0,0,0,0,0,0,0,0,0,0
2003,320205,2,1,12,21,0,0,13,27,19,0,13,13
2003,320206,1,1,0,0,0,0,0,0,0,0,0,0
2003,320206,2,1,0,0,0,0,0,0,0,0,0,0
2003,320207,1,1,19,19,19,19,19,19,19,19,19,19
2003,320208,1,1,14,14,14,14,14,14,14,14,14,14
2003,320208,2,1,0,0,0,0,0,0,0,0,0,0
2003,320209,1,1,0,12,0,0,0,24,0,19,12,0
2003,320210,1,1,0,0,24,9,31,30,0,0,0,0
2003,320211,0,1,13,13,13,13,13,13,13,13,13,13
2003,320211,1,1,7,0,12,23,7,0,0,0,0,0
2003,320212,1,1,13,13,13,13,13,13,13,13,13,13
2003,320213,1,1,0,0,0,0,0,0,0,0,0,0
2003,320213,2,1,0,0,0,0,0,0,0,0,0,0
2003,320213,3,1,0,0,0,0,0,0,0,0,0,0
2003,320214,1,1,4,4,4,4,4,4,4,4,4,4
2003,320215,0,1,0,0,17,22,0,21,0,0,0,16
2003,320215,1,1,0,0,0,3,0,11,0,27,0,0
2003,320216,1,1,0,0,0,0,0,0,0,0,0,0
2003,320217,1,1,0,0,0,0,0,0,0,0,0,0
2003,320217,2,1,13,13,13,13,13,13,13,13,13,13
2003,320218,1,1,0,0,0,0,0,0,0,7,0,0
2003,320218,2,1,0,0,0,0,0,0,0,0,0,0
2003,320219,1,1,0,0,0,0,0,0,0,0,0,0
2003,320219,2,1,0,0,0,0,0,0,0,0,12,8
2003,320220,1,1,0,0,0,0,0,0,0,0,0,0
2003,320221,1,1,20,20,20,20,20,20,20,20,20,20
2003,320221,2,1,0,0,0,0,0,0,0,0,0,0
2003,320222,0,1,0,0,0,0,0,0,0,0,0,0
2003,320222,1,1,0,0,0,0,0,0,0,0,0,0
2003,320222,2,1,0,0,0,0,0,0,0,7,0,0
2003,320223,1,1,0,0,0,0,0,0,0,0,0,0
2003,320223,2,1,0,0,0,0,0,0,0,0,0,0
2003,320224,0,1,32,32,32,32,32,32,32,32,32,32
2003,320224,1,1,2,10,8,11,22,29,13,18,16,12
2003,320224,2,1,0,15,0,5,0,14,0,0,11,10
2003,320224,3,1,0,0,0,0,0,0,0,0,0,0
2003,320225,1,1,0,0,0,0,0,0,0,0,15,0
2003,320225,2,1,0,0,0,0,0,0,0,0,0,0
2003,320226,1,1,0,0,0,0,0,22,0,0,0,0
2003,320227,1,1,0,0,0,0,0,0,0,0,0,0
2003,320228,1,1,0,0,0,0,0,0,0,0,0,0
2003,320229,1,1,0,0,0,0,0,0,0,0,0,0
2003,320230,1,1,0,0,0,0,0,0,0,0,0,0
2003,320230,2,1,0,0,8,0,0,16,0,0,0,0
2003,320231,0,1,17,17,17,17,17,17,17,17,17,17
2003,320231,1,1,0,0,0,0,0,0,0,10,0,25
2003,320232,1,1,0,0,0,0,0,0,0,0,0,0
2003,320233,1,1,0,0,0,0,0,0,0,0,0,0
2003,320234,1,1,0,0,0,0,0,0,0,0,0,0
2003,320235,1,1,0,0,0,0,0,0,0,0,0,0
2003,320236,1,1,0,0,0,0,0,0,0,0,0,0
2003,320237,1,1,0,0,0,0,0,0,0,0,0,0
2003,320237,2,1,0,0,0,0,0,0,0,0,0,0
2003,320238,1,1,0,0,0,0,0,0,0,0,0,10
2003,320238,2,1,0,0,0,0,0,0,0,0,0,0
2003,320239,1,1,0,0,0,0,0,0,0,0,0,0
2003,320240,0,1,0,0,0,0,0,0,0,0,0,0
2003,320240,0,2,0,0,0,0,0,0,0,0,0,0
2003,320240,1,1,0,0,0,0,0,0,0,0,0,0
2003,320241,1,1,24,24,24,24,24,24,24,24,24,24
2003,320242,1,1,0,13,0,0,13,0,0,6,0,0
2003,320242,2,1,0,0,0,0,0,0,15,0,0,0
2003,320242,3,1,0,0,0,0,34,0,0,0,0,0
2003,320242,4,1,0,0,0,0,12,0,0,11,0,0
2003,320242,5,1,30,0,0,0,6,0,0,0,0,0
2003,320243,0,1,0,0,0,0,0,0,0,0,0,0
2003,320243,1,1,0,0,0,0,0,23,0,0,0,0
2003,320244,1,1,0,0,0,0,0,0,0,0,0,0
2003,320245,1,1,17,17,17,17,17,17,17,17,17,17
2003,320246,1,1,25,25,25,25,25,25,25,25,25,25
2003,320246,2,1,0,19,0,9,14,23,10,12,0,0
2003,320247,1,1,0,0,0,0,0,0,0,0,0,0
2003,320248,1,1,8,8,8,8,8,8,8,8,8,8
2003,320249,1,1,0,0,0,0,0,0,0,0,0,0
2003,320249,2,1,0,0,0,0,0,0,0,0,0,0
2003,320250,0,1,0,0,0,0,0,0,0,0,0,0
2003,320250,1,1,0,0,0,0,0,0,0,0,0,0
2003,320251,1,1,0,0,0,0,0,0,0,0,0,0
2003,320251,2,1,0,0,0,0,0,0,0,0,0,0
2003,320251,3,1,0,0,0,17,29,0,0,0,14,0
2003,320252,1,1,0,0,0,0,0,0,0,0,0,0
2003,320252,2,1,0,0,0,0,0,0,0,0,0,0
2003,320253,0,1,0,0,0,0,0,0,0,0,0,0
2003,320253,1,1,0,0,0,0,12,0,0,0,0,0
2003,320254,1,1,0,0,0,0,0,0,0,0,0,0
2003,320254,2,1,0,0,0,0,0,0,0,0,0,0
2003,320254,3,1,0,23,0,0,0,0,0,0,0,0
2003,320254,4,1,0,14,0,0,0,0,0,0,0,0
2003,320255,1,1,5,5,5,5,5,5,5,5,5,5
2003,320256,0,1,26,26,26,26,26,26,26,26,26,26
2003,320256,1,1,0,0,0,0,0,0,0,0,0,0
2003,320257,1,1,32,32,32,32,32,32,32,32,32,32
2003,320257,2,1,0,0,0,30,0,0,0,0,0,0
2003,320258,1,1,12,16,0,12,15,0,0,0,0,0
2003,320259,1,1,15,17,0,0,0,26,0,0,0,0
2003,320260,1,1,23,23,23,23,23,23,23,23,23,23
2003,320261,1,1,8,8,8,8,8,8,8,8,8,8
2003,320262,0,1,0,9,1,0,19,17,0,0,20,15
2003,320262,1,1,0,0,0,0,0,0,0,0,0,0
2003,320263,1,1,0,0,0,0,0,0,0,0,0,0
2003,320263,2,1,14,0,0,12,0,0,0,0,0,12
2003,320264,1,1,19,19,19,19,19,19,19,19,19,19
2003,320265,1,1,0,0,0,0,0,0,0,0,0,0
2003,320265,2,1,9,0,0,0,0,0,0,0,0,0
2003,320266,1,1,8,8,8,8,8,8,8,8,8,8
2003,320266,2,1,0,0,0,0,0,0,13,0,0,21
2003,320267,1,1,14,14,14,14,14,14,14,14,14,14
2003,320268,1,1,0,0,0,0,0,0,0,0,23,0
2003,320269,1,1,0,0,0,0,0,0,0,0,0,0
2003,320270,1,1,0,0,0,0,0,0,0,0,0,0
2003,320271,1,1,0,0,0,14,0,0,0,0,0,0
2003,320272,1,1,0,0,0,0,0,0,0,0,0,0
2003,320273,1,1,0,0,0,0,0,0,0,0,0,0
2003,320273,2,1,0,0,0,0,0,0,0,0,22,0
2003,320274,1,1,0,0,0,0,0,0,0,0,0,0
2003,320274,2,1,0,0,0,0,0,0,0,0,0,0
2003,320274,3,1,0,0,0,0,0,0,0,0,0,0
2003,320275,1,1,0,0,0,0,0,0,0,0,0,0
2003,320275,2,1,0,0,0,0,0,0,0,0,0,9
2003,320275,3,1,0,0,0,6,0,0,0,0,0,0
2003,320276,0,1,21,21,21,21,21,21,21,21,21,21
2003,320276,1,1,0,0,0,0,0,0,0,0,0,0
2003,320277,1,1,29,29,29,29,29,29,29,29,29,29
2003,320278,0,1,10,10,10,10,10,10,10,10,10,10
2003,320278,1,1,0,0,0,0,0,0,0,0,0,0
2003,320279,1,1,0,0,0,0,0,0,0,0,0,0
2003,320280,1,1,0,0,0,0,0,0,0,0,0,0
2003,320280,2,1,0,0,0,0,0,0,0,0,0,0
2003,320281,1,1,0,0,0,0,0,0,0,0,0,0
2003,320281,2,1,0,0,0,0,0,0,0,0,0,0
2003,320282,1,1,35,35,35,35,35,35,35,35,35,35
2003,320283,0,1,28,28,28,28,28,28,28,28,28,28
2003,320283,1,1,0,0,0,14,0,0,0,0,0,0
2003,320284,1,1,0,10,0,0,0,0,0,0,0,16
2003,320284,2,1,0,0,0,0,0,0,0,0,0,0
2003,320285,1,1,17,7,38,24,18,0,18,34,30,22
2003,320286,1,1,0,0,0,0,0,0,0,0,0,0
2003,320286,2,1,0,0,0,0,0,0,0,0,0,0
2003,320287,0,1,0,0,0,0,0,0,0,0,0,0
2003,320287,1,1,0,0,0,0,0,0,0,0,0,0
2003,320287,2,1,0,0,0,0,0,0,0,0,0,0
2003,320288,1,1,0,0,0,0,0,0,0,0,0,0
2003,320288,2,1,0,0,0,0,0,0,0,0,0,0
2003,320288,3,1,0,0,0,0,0,0,0,0,0,0
2003,320289,0,1,2,2,2,2,2,2,2,2,2,2
2003,320289,1,1,0,0,0,0,0,0,0,0,0,0
2003,320290,1,1,0,0,0,0,0,0,0,0,0,0
2003,320290,2,1,0,0,0,0,0,0,0,0,0,0
2003,320291,1,1,12,12,12,12,12,12,12,12,12,12
2003,320291,2,1,11,11,11,11,11,11,11,11,11,11
2003,320292,1,1,23,23,23,23,23,23,23,23,23,23
2003,320293,1,1,2,2,2,2,2,2,2,2,2,2
2003,320294,1,1,2,2,2,2,2,2,2,2,2,2
2003,320295,1,1,29,29,29,29,29,29,29,29,29,29
2003,320296,0,1,0,8,19,14,0,0,23,10,22,0
2003,320296,1,1,11,0,0,15,0,23,0,25,0,15
2003,320297,1,1,0,0,0,0,0,0,0,0,0,0
2003,320297,2,1,0,0,0,0,0,0,0,12,11,0
2003,320298,1,1,0,0,0,0,0,0,0,0,0,0
2003,320298,2,1,0,0,0,0,0,0,0,0,0,0
2003,320299,0,1,23,0,11,0,0,0,0,0,0,0
2003,320299,0,2,24,0,0,33,7,0,0,0,0,26
2003,320299,1,1,34,0,23,17,0,0,0,0,0,0
2003,320300,1,1,3,3,3,3,3,3,3,3,3,3
2003,320301,1,1,0,0,0,0,0,0,0,0,0,0
2003,320302,1,1,11,11,11,11,11,11,11,11,11,11
2003,320303,1,1,23,23,23,23,23,23,23,23,23,23
2003,320304,0,1,0,0,8,0,0,0,0,0,0,0
2003,320304,1,1,0,0,0,0,0,9,0,0,0,0
2003,320304,2,1,0,0,0,0,0,0,0,11,13,0
2003,320305,1,1,4,4,4,4,4,4,4,4,4,4
2003,320305,2,1,0,0,0,0,0,0,0,0,0,0
2003,320306,1,1,19,19,19,19,19,19,19,19,19,19
2003,320306,2,1,20,4,0,14,0,0,0,21,0,26
2003,320307,1,1,0,6,8,14,0,0,12,28,0,0
2003,320308,0,1,0,0,0,0,0,0,0,0,0,0
2003,320308,1,1,0,0,0,0,0,0,0,0,0,0
2003,320309,1,1,15,15,15,15,15,15,15,15,15,15
2003,320309,2,1,0,0,0,0,0,0,0,0,0,0
2003,320310,1,1,19,19,19,19,19,19,19,19,19,19
2003,320311,0,1,23,23,23,23,23,23,23,23,23,23
2003,320311,1,1,0,0,0,0,0,0,0,0,0,0
2003,320312,1,1,14,29,15,22,23,14,23,12,15,33
2003,320313,1,1,0,0,0,0,0,7,0,0,0,0
2003,320313,2,1,0,0,0,0,0,0,0,0,0,0
2003,320313,3,1,2,0,0,3,0,0,0,0,0,0
2003,320314,1,1,0,0,0,0,0,0,0,0,0,0
2003,320314,2,1,0,0,0,0,0,0,0,0,0,0
2003,320315,1,1,0,0,0,0,0,0,0,0,0,0
2003,320315,2,1,0,0,0,0,0,0,0,0,0,0
2003,320316,0,1,0,0,0,10,8,5,11,0,0,0
2003,320316,1,1,5,5,5,5,5,5,5,5,5,5
2003,320317,1,1,2,2,2,2,2,2,2,2,2,2
2003,320318,1,1,0,0,0,0,0,0,0,0,0,0
2003,320318,2,1,0,0,0,0,0,0,0,0,0,0
2003,320319,0,1,39,39,39,39,39,39,39,39,39,39
2003,320319,1,1,0,0,0,0,0,0,0,0,0,0
2003,320320,1,1,0,0,0,0,0,0,0,0,0,0
2003,320321,0,1,0,0,0,0,0,0,0,0,0,0
2003,320321,1,1,0,0,0,0,0,0,0,0,0,0
2003,320322,1,1,0,0,0,0,0,0,0,0,0,0
2003,320323,1,1,22,16,12,15,16,22,21,15,27,21
2003,320324,1,1,0,0,0,0,0,0,0,0,0,0
2003,320325,1,1,0,0,0,0,0,0,0,0,0,0
2003,320326,1,1,11,11,11,11,11,11,11,11,11,11
2003,320326,2,1,0,0,0,0,0,0,0,0,0,0
2003,320327,0,1,0,0,0,0,0,0,0,0,0,0
2003,320327,1,1,22,22,22,22,22,22,22,22,22,22
2003,320327,2,1,0,0,0,0,0,0,0,0,0,0
2003,320328,1,1,0,0,0,0,0,0,0,0,0,0
2003,320328,2,1,0,13,0,0,0,0,0,0,0,0
2003,320329,0,1,0,0,0,0,0,0,0,16,0,0
2003,320329,0,2,0,0,0,10,0,0,0,11,0,17
2003,320329,1,1,0,0,0,0,0,0,0,0,0,0
2003,320330,1,1,17,17,17,17,17,17,17,17,17,17
2003,320330,2,1,9,0,0,7,16,0,0,13,0,0
2003,320330,3,1,0,0,0,0,0,0,0,0,0,0
2003,320331,1,1,0,0,0,0,0,0,0,0,0,0
2003,320332,1,1,0,0,0,0,0,0,0,0,0,0
2003,320333,1,1,14,14,14,14,14,14,14,14,14,14