YEAR,ST_CASE,veh_no,per_no,P1,P2,P3,P4,P5,P6,P7,P8,P9,P10
2003,320334,1,1,0,0,0,0,0,0,0,0,0,0
2003,320334,2,1,0,0,0,0,0,0,0,0,0,0
2003,320335,1,1,0,0,0,0,0,0,0,0,0,0
2003,320335,2,1,0,0,0,0,0,0,0,0,0,0
2003,330001,0,1,1,1,1,1,1,1,1,1,1,1
2003,330001,0,2,0,0,0,0,0,0,0,0,0,0
2003,330001,1,1,26,26,26,26,26,26,26,26,26,26
2003,330001,2,1,0,0,0,0,0,0,0,0,0,0
2003,330002,0,1,0,0,0,0,0,0,0,0,0,0
2003,330002,1,1,0,0,0,0,0,0,0,0,0,0
2003,330003,1,1,0,0,0,0,0,0,0,0,0,0
2003,330003,2,1,0,0,0,0,0,0,0,0,0,0
2003,330004,1,1,0,0,0,0,0,0,0,0,0,0
2003,330004,2,1,0,0,0,0,0,0,0,0,0,0
2003,330005,1,1,0,0,0,0,0,0,0,0,0,0
2003,330005,2,1,0,0,0,0,0,0,0,0,0,0
2003,330006,0,1,0,0,0,0,0,0,0,0,0,0
2003,330006,1,1,0,0,0,0,0,0,0,0,0,0
2003,330007,1,1,1,1,1,1,1,1,1,1,1,1
2003,330007,2,1,0,0,0,0,0,0,0,0,0,0
2003,330008,0,1,0,0,0,0,0,0,0,0,0,0
2003,330008,1,1,0,0,0,0,0,0,0,0,0,0
2003,330008,2,1,0,0,0,0,0,0,0,0,0,0
2003,330009,1,1,0,0,0,0,0,0,0,0,0,0
2003,330010,1,1,0,0,0,0,0,0,0,0,0,0
2003,330010,2,1,0,0,0,0,0,0,0,0,0,0
2003,330011,1,1,0,0,0,0,0,0,0,0,0,0
2003,330011,2,1,0,0,0,0,0,0,0,0,0,0
2003,330012,0,1,26,26,26,26,26,26,26,26,26,26
2003,330012,1,1,0,0,0,20,0,0,0,0,3,0
2003,330013,0,1,0,0,0,0,0,0,0,0,0,0
2003,330013,1,1,0,0,0,0,0,11,0,0,0,0
2003,330013,2,1,0,0,0,0,0,0,0,0,0,0
2003,330014,1,1,0,0,0,0,0,0,0,0,0,0
2003,330014,2,1,0,0,0,0,0,0,0,0,0,0
2003,330015,0,1,0,0,0,0,0,0,0,0,0,0
2003,330015,1,1,0,0,0,0,0,0,0,0,0,0
2003,330016,1,1,0,0,0,0,0,0,0,0,0,0
2003,330017,0,1,30,30,30,30,30,30,30,30,30,30
2003,330017,1,1,0,0,0,0,0,0,0,10,0,0
2003,330018,1,1,0,0,0,0,0,16,0,17,0,0
2003,330018,2,1,0,0,0,0,0,0,0,0,0,0
2003,330019,1,1,17,17,17,17,17,17,17,17,17,17
2003,330020,1,1,0,0,0,0,0,0,0,0,0,0
2003,330020,2,1,0,0,0,0,0,0,0,0,32,0
2003,330021,1,1,24,24,24,24,24,24,24,24,24,24
2003,330022,1,1,0,0,0,0,24,0,9,0,0,16
2003,330022,2,1,0,0,0,0,0,0,0,0,0,0
2003,330023,1,1,0,0,0,0,0,0,0,0,0,0
2003,330023,2,1,0,0,0,0,0,0,0,0,0,0
2003,330023,3,1,0,0,0,0,0,0,0,0,0,0
2003,330024,0,1,0,0,0,0,0,0,0,0,0,0
2003,330024,1,1,7,7,7,7,7,7,7,7,7,7
2003,330025,1,1,0,0,0,0,0,0,0,0,0,0
2003,330025,2,1,0,0,0,0,0,0,0,0,0,0
2003,330026,1,1,13,13,13,13,13,13,13,13,13,13
2003,330027,1,1,0,0,0,0,0,0,0,0,0,0
2003,330028,1,1,0,0,0,0,0,0,0,0,0,0
2003,330028,2,1,0,0,0,0,0,0,0,0,0,0
2003,330029,1,1,0,0,0,0,0,0,0,0,0,0
2003,330030,1,1,0,0,0,0,0,0,0,0,0,0
2003,330031,1,1,0,0,0,0,0,0,0,0,0,0
2003,330032,1,1,4,4,4,4,4,4,4,4,4,4
2003,330033,0,1,9,9,9,9,9,9,9,9,9,9
2003,330033,1,1,0,0,0,0,0,0,0,0,0,0
2003,330034,1,1,0,0,0,0,0,0,0,0,0,0
2003,330034,2,1,0,0,0,0,0,0,0,0,0,0
2003,330035,1,1,18,18,18,18,18,18,18,18,18,18
2003,330036,1,1,0,0,0,0,0,0,0,0,0,0
2003,330036,2,1,0,0,0,9,0,0,0,0,0,0
2003,330037,1,1,16,16,16,16,16,16,16,16,16,16
2003,330038,1,1,0,0,0,0,0,0,0,0,0,0
2003,330038,2,1,0,0,0,0,0,0,0,0,0,0
2003,330039,1,1,1,1,1,1,1,1,1,1,1,1
2003,330040,1,1,4,4,4,4,4,4,4,4,4,4
2003,330040,2,1,0,0,0,0,0,0,0,0,0,9
2003,330041,1,1,10,10,10,10,10,10,10,10,10,10
2003,330042,1,1,1,1,1,1,1,1,1,1,1,1
2003,330043,1,1,0,0,0,0,0,0,0,0,0,0
2003,330043,2,1,0,0,0,0,0,0,0,0,0,0
2003,330044,1,1,0,0,0,16,0,0,0,24,0,0
2003,330044,2,1,0,0,0,0,0,0,0,0,0,0
2003,330045,1,1,0,0,0,0,0,0,0,0,0,0
2003,330045,2,1,0,0,5,0,0,0,0,0,0,0
2003,330046,1,1,0,0,0,0,0,0,0,0,0,0
2003,330047,1,1,0,0,0,0,0,0,0,0,0,0
2003,330047,2,1,11,5,7,10,7,7,23,20,0,19
2003,330048,1,1,0,0,0,0,0,0,0,0,0,0
2003,330049,1,1,19,19,19,19,19,19,19,19,19,19
2003,330050,0,1,0,0,0,0,0,0,0,0,0,0
2003,330050,1,1,0,0,0,0,0,0,0,0,0,0
2003,330051,1,1,0,0,0,0,0,0,0,0,0,0
2003,330052,1,1,0,0,0,0,0,0,0,0,0,0
2003,330053,1,1,0,0,0,0,0,0,0,0,0,0
2003,330054,1,1,13,13,13,13,13,13,13,13,13,13
2003,330055,1,1,0,0,0,0,0,0,0,0,0,0
2003,330056,1,1,0,0,0,0,0,0,0,0,0,0
2003,330057,1,1,0,0,0,0,0,0,0,0,0,0
2003,330058,1,1,14,14,14,14,14,14,14,14,14,14
2003,330059,0,1,0,0,0,0,0,0,0,0,0,0
2003,330059,1,1,0,0,18,0,4,0,0,0,0,0
2003,330059,2,1,0,0,0,0,0,0,0,0,0,0
2003,330060,1,1,0,0,0,0,0,0,0,0,0,0
2003,330061,0,1,36,36,36,36,36,36,36,36,36,36
2003,330061,1,1,0,0,0,0,0,0,0,0,0,0
2003,330062,1,1,0,0,0,0,0,0,0,0,0,0
2003,330062,2,1,0,0,0,0,9,10,0,0,20,0
2003,330063,1,1,0,0,0,0,0,0,0,0,0,0
2003,330063,2,1,0,0,0,0,0,0,0,0,0,0
2003,330064,1,1,0,0,0,0,0,0,0,0,0,0
2003,330065,1,1,0,0,0,0,0,0,0,0,0,0
2003,330066,1,1,3,3,3,3,3,3,3,3,3,3
2003,330066,2,1,0,0,0,0,0,0,0,0,0,0
2003,330067,1,1,0,0,0,0,0,0,0,0,0,0
2003,330067,2,1,0,6,0,0,0,0,0,0,0,0
2003,330067,3,1,0,0,0,0,0,0,0,0,0,0
2003,330068,0,1,0,0,0,0,0,0,0,0,0,0
2003,330068,1,1,0,0,0,0,0,0,0,0,0,0
2003,330069,1,1,21,21,21,21,21,21,21,21,21,21
2003,330070,1,1,0,0,0,0,12,0,0,0,0,0
2003,330071,1,1,20,20,20,20,20,20,20,20,20,20
2003,330072,1,1,4,4,4,4,4,4,4,4,4,4
2003,330072,2,1,8,0,0,9,7,0,0,0,17,0
2003,330073,1,1,0,0,12,14,0,0,19,0,0,0
2003,330074,1,1,0,0,0,0,0,0,0,0,0,0
2003,330074,2,1,0,0,0,0,0,0,0,0,0,0
2003,330075,1,1,0,0,0,0,0,0,0,0,0,0
2003,330075,2,1,0,0,0,0,0,0,0,0,0,0
2003,330076,1,1,27,27,27,27,27,27,27,27,27,27
2003,330077,1,1,16,16,16,16,16,16,16,16,16,16
2003,330078,1,1,0,0,0,0,0,0,0,0,0,0
2003,330078,2,1,0,0,0,0,11,0,0,0,0,0
2003,330079,1,1,0,0,0,0,0,0,0,0,0,0
2003,330079,2,1,0,0,0,0,0,0,0,0,0,0
2003,330079,3,1,0,0,0,0,0,0,0,20,0,0
2003,330080,0,1,16,16,16,16,16,16,16,16,16,16
2003,330080,1,1,0,0,0,0,0,0,0,0,0,0
2003,330081,1,1,0,13,15,0,14,0,0,0,0,0
2003,330081,2,1,0,0,0,0,0,0,0,0,0,0
2003,330082,1,1,23,23,23,23,23,23,23,23,23,23
2003,330083,1,1,0,0,0,0,0,0,0,0,0,0
2003,330084,0,1,18,18,18,18,18,18,18,18,18,18
2003,330084,1,1,4,4,4,4,4,4,4,4,4,4
2003,330085,1,1,0,0,0,0,0,0,0,0,0,0
2003,330086,1,1,0,0,0,0,0,0,0,0,0,0
2003,330087,1,1,0,0,0,0,0,0,0,0,0,0
2003,330088,0,1,0,0,0,0,0,0,0,0,0,0
2003,330089,0,1,0,0,0,0,0,0,0,0,0,0
2003,330089,1,1,0,0,0,0,13,0,0,0,0,0
2003,330090,1,1,14,14,14,14,14,14,14,14,14,14
2003,330091,1,1,0,0,0,0,0,0,0,0,0,0
2003,330092,1,1,0,0,0,0,0,0,0,0,0,0
2003,330092,2,1,0,0,0,0,0,0,0,0,0,0
2003,330093,1,1,13,13,13,13,13,13,13,13,13,13
2003,330094,1,1,0,0,0,0,0,0,0,0,0,0
2003,330094,2,1,9,9,9,9,9,9,9,9,9,9
2003,330095,0,1,0,0,0,0,0,27,0,0,15,17
2003,330095,1,1,15,15,15,15,15,15,15,15,15,15
2003,330096,1,1,23,23,23,23,23,23,23,23,23,23
2003,330097,1,1,0,0,0,0,0,0,0,0,0,0
2003,330097,2,1,0,0,0,0,0,0,0,9,0,0
2003,330098,1,1,10,10,10,10,10,10,10,10,10,10
2003,330099,1,1,0,0,0,0,0,0,0,0,0,0
2003,330099,2,1,0,0,16,0,0,0,0,0,0,0
2003,330100,1,1,0,15,10,0,0,0,13,6,0,15
2003,330101,0,1,0,0,0,0,0,0,0,0,0,0
2003,330101,1,1,0,0,0,0,0,0,0,0,0,0
2003,330102,1,1,0,0,0,0,0,0,0,0,0,0
2003,330102,2,1,0,0,0,0,0,0,0,0,0,0
2003,330103,1,1,14,14,14,14,14,14,14,14,14,14
2003,330104,1,1,0,0,0,0,0,0,0,0,0,0
2003,330104,2,1,0,0,0,0,0,0,0,0,0,0
2003,330105,1,1,0,0,0,0,0,0,0,0,0,0
2003,330106,1,1,0,0,0,0,0,0,0,0,0,0
2003,330106,2,1,0,0,0,0,0,0,0,0,0,0
2003,330107,1,1,0,0,0,0,0,0,0,0,0,0
2003,330108,1,1,0,0,0,0,0,0,0,0,0,0
2003,330108,2,1,0,0,0,0,0,0,0,0,6,0
2003,330109,1,1,20,20,20,20,20,20,20,20,20,20
2003,330110,1,1,0,0,0,0,0,0,0,0,0,0
2003,330110,2,1,0,0,0,0,0,0,0,5,0,0
2003,330111,1,1,28,28,28,28,28,28,28,28,28,28
2003,330111,2,1,0,0,0,0,9,8,0,0,0,0
2003,330111,3,1,22,0,0,0,0,0,0,0,4,0
2003,330112,1,1,31,31,31,31,31,31,31,31,31,31
2003,330113,0,1,0,0,0,0,0,0,0,0,0,34
2003,330113,1,1,0,0,0,0,0,0,0,0,0,0
2003,330113,2,1,0,0,0,0,0,0,0,0,0,0
2003,330114,1,1,20,20,20,20,20,20,20,20,20,20
2003,330114,2,1,0,0,0,0,0,0,0,0,0,0
2003,330115,1,1,0,0,0,0,0,0,0,0,0,0
2003,330116,1,1,0,0,23,0,20,0,0,0,0,0
2003,340001,1,1,0,0,0,0,0,0,0,0,0,0
2003,340001,2,1,0,0,0,0,0,0,0,0,0,0
2003,340001,3,1,0,0,0,0,0,0,0,0,0,0
2003,340002,1,1,1,1,1,1,1,1,1,1,1,1
2003,340004,1,1,0,0,0,0,0,0,0,0,0,0
2003,340006,1,1,0,0,0,0,0,0,0,0,0,0
2003,340007,1,1,0,0,0,0,0,0,0,0,0,0
2003,340008,1,1,12,12,12,12,12,12,12,12,12,12
2003,340008,2,1,0,0,0,0,0,0,0,0,0,0
2003,340009,1,1,0,0,0,0,0,0,0,0,0,0
2003,340009,2,1,0,0,0,0,0,0,0,0,0,0
2003,340010,1,1,0,0,0,0,0,0,0,0,0,0
2003,340011,1,1,18,18,18,18,18,18,18,18,18,18
2003,340012,1,1,0,0,0,0,0,0,0,0,0,0
2003,340013,1,1,31,31,31,31,31,31,31,31,31,31
2003,340014,1,1,0,0,0,0,0,0,0,0,0,0
2003,340014,2,1,0,0,0,0,0,0,0,0,0,0
2003,340015,1,1,25,25,25,25,25,25,25,25,25,25
2003,340016,1,1,28,28,28,28,28,28,28,28,28,28
2003,340017,1,1,0,0,0,0,0,0,0,0,10,0
2003,340017,2,1,0,0,0,0,0,0,0,0,0,0
2003,340018,1,1,0,0,0,0,0,0,0,0,0,0
2003,340018,2,1,0,0,0,0,0,0,0,0,0,0
2003,340020,1,1,0,0,0,0,0,0,0,0,0,0
2003,340021,1,1,29,29,29,29,29,29,29,29,29,29
2003,340022,0,1,0,0,0,0,0,0,0,0,0,0
2003,340022,1,1,0,0,12,0,0,0,0,9,0,0
2003,340023,0,1,6,6,6,6,6,6,6,6,6,6
2003,340023,1,1,0,0,0,0,0,0,0,0,0,0
2003,340024,1,1,17,17,17,17,17,17,17,17,17,17
2003,340025,0,1,0,0,0,0,0,0,0,0,0,0
2003,340025,1,1,0,0,0,3,4,12,0,13,0,0
2003,340025,2,1,0,0,0,0,0,0,0,0,0,0
2003,340026,1,1,0,0,0,0,30,0,0,0,0,0
2003,340027,1,1,3,3,3,3,3,3,3,3,3,3
2003,340028,1,1,16,16,16,16,16,16,16,16,16,16
2003,340029,1,1,15,15,15,15,15,15,15,15,15,15
2003,340030,1,1,0,0,0,0,0,0,0,0,0,0
2003,340030,2,1,0,12,0,0,0,12,0,0,0,0
2003,340031,1,1,0,0,0,0,0,0,0,0,0,0
2003,340031,2,1,10,0,0,0,0,0,0,0,0,0
2003,340032,1,1,0,0,0,0,0,0,0,0,0,0
2003,340032,2,1,0,0,0,0,0,0,0,0,0,0
2003,340033,1,1,0,0,0,18,0,0,0,0,0,0
2003,340033,2,1,0,0,0,0,0,0,0,0,0,0
2003,340034,1,1,25,25,25,25,25,25,25,25,25,25
2003,340035,1,1,0,0,0,0,0,0,0,0,0,0
2003,340035,2,1,6,0,0,0,23,0,0,0,0,0
2003,340036,1,1,14,14,14,14,14,14,14,14,14,14
2003,340037,0,1,31,31,31,31,31,31,31,31,31,31
2003,340037,1,1,0,0,0,0,0,0,0,0,0,0
2003,340038,1,1,0,0,0,0,13,0,0,0,0,0
2003,340038,2,1,0,0,0,0,0,0,0,0,0,0
2003,340038,3,1,2,0,0,0,0,0,0,0,0,0
2003,340039,1,1,12,8,0,0,16,0,0,0,4,0
2003,340040,1,1,0,0,0,0,0,0,0,0,0,0
2003,340040,2,1,0,0,0,0,0,0,0,0,0,0
2003,340040,3,1,0,0,0,0,0,0,0,0,0,0
2003,340041,1,1,0,0,0,0,0,0,0,0,0,0
2003,340042,1,1,17,0,0,0,20,11,0,0,0,0
2003,340043,1,1,18,18,18,18,18,18,18,18,18,18
2003,340044,1,1,0,0,0,0,0,0,0,0,0,0
2003,340044,2,1,0,0,0,0,0,0,0,0,0,0
2003,340045,1,1,0,0,0,0,0,0,0,0,0,0
2003,340045,2,1,0,0,0,0,0,0,0,0,0,0
2003,340047,1,1,0,0,0,0,0,0,0,0,0,0
2003,340050,0,1,0,0,36,29,0,0,0,14,0,26
2003,340050,1,1,0,0,8,0,0,0,0,0,0,0
2003,340051,1,1,0,0,0,0,0,0,0,0,0,0
2003,340052,1,1,0,0,0,0,0,0,0,0,0,0
2003,340053,1,1,0,0,0,0,0,0,0,0,0,0
2003,340054,1,1,0,0,0,0,0,0,0,0,0,0
2003,340055,1,1,0,0,0,0,0,0,0,0,0,0
2003,340055,2,1,0,0,0,0,6,0,0,0,0,0
2003,340056,1,1,0,0,0,0,0,0,0,0,0,0
2003,340056,2,1,20,20,20,20,20,20,20,20,20,20
2003,340057,1,1,0,0,0,0,0,0,0,0,0,0
2003,340057,2,1,0,0,22,16,0,0,0,0,0,0
2003,340058,1,1,0,0,0,0,0,0,0,0,0,0
2003,340058,2,1,0,0,0,28,0,0,0,0,14,0
2003,340058,3,1,0,0,0,0,0,0,0,0,0,0
2003,340059,1,1,0,0,0,0,0,0,0,0,0,0
2003,340059,2,1,0,0,0,0,0,0,0,0,0,0
2003,340060,1,1,0,0,0,0,0,0,0,0,0,0
2003,340060,2,1,0,0,0,0,0,0,0,0,0,0
2003,340061,0,1,0,0,0,0,0,0,0,0,0,0
2003,340061,1,1,0,0,0,0,0,0,0,0,0,0
2003,340063,1,1,0,0,0,0,0,0,0,0,0,0
2003,340063,2,1,15,15,15,15,15,15,15,15,15,15
2003,340064,1,1,0,0,0,0,0,0,0,0,0,0
2003,340064,2,1,0,0,0,0,0,0,0,0,0,0
2003,340065,1,1,2,0,0,0,0,0,0,0,12,0
2003,340065,2,1,0,0,0,8,0,0,0,0,0,0
2003,340067,1,1,0,0,0,0,0,0,0,0,0,0
2003,340067,2,1,0,0,0,0,0,0,0,0,18,0
2003,340068,0,1,21,21,21,21,21,21,21,21,21,21
2003,340068,1,1,0,0,0,0,0,0,0,0,0,0
2003,340068,2,1,0,0,0,0,0,0,0,0,0,0
2003,340069,1,1,24,24,24,24,24,24,24,24,24,24
2003,340069,2,1,0,0,0,0,0,0,0,0,0,0
2003,340070,1,1,0,0,0,0,0,0,0,0,0,0
2003,340071,0,1,0,0,0,0,0,0,0,0,0,0
2003,340071,1,1,0,0,0,15,0,0,0,0,0,0
2003,340072,1,1,0,0,0,0,0,0,0,0,0,0
2003,340073,1,1,0,0,0,0,0,0,0,0,0,0
2003,340073,2,1,0,0,0,0,0,0,0,0,0,0
2003,340073,3,1,0,0,0,0,0,0,0,0,0,0
2003,340074,1,1,0,0,0,0,0,0,0,0,0,0
2003,340075,1,1,7,7,7,7,7,7,7,7,7,7
2003,340075,2,1,28,17,25,3,22,0,8,16,16,0
2003,340076,1,1,0,0,0,0,0,0,0,0,0,0
2003,340076,2,1,12,12,12,12,12,12,12,12,12,12
2003,340077,1,1,0,0,0,14,0,0,0,0,0,0
2003,340077,2,1,0,0,0,0,0,0,0,0,0,0
2003,340078,1,1,0,0,0,0,0,0,0,0,0,0
2003,340079,0,1,0,0,19,31,0,0,0,0,0,0
2003,340079,1,1,0,0,6,0,0,0,0,0,0,0
2003,340080,0,1,19,19,19,19,19,19,19,19,19,19
2003,340080,1,1,0,21,13,15,25,0,0,13,0,19
2003,340081,0,1,22,22,22,22,22,22,22,22,22,22
2003,340081,1,1,18,18,18,18,18,18,18,18,18,18
2003,340081,2,1,0,0,0,0,0,0,0,0,0,0
2003,340082,1,1,0,0,26,0,18,0,0,0,21,0
2003,340083,0,1,0,0,0,0,0,26,0,0,0,0
2003,340083,1,1,0,0,0,0,0,0,0,0,0,0
2003,340085,0,1,0,0,0,0,0,0,0,0,0,0
2003,340085,0,2,22,0,0,0,34,39,9,0,0,29
2003,340085,1,1,0,0,0,0,0,0,0,0,0,0
2003,340086,0,1,0,0,0,0,0,0,0,0,0,0
2003,340086,1,1,0,0,0,0,0,0,0,0,0,0
2003,340087,1,1,0,0,0,0,0,0,0,0,0,0
2003,340088,1,1,0,0,0,0,22,25,0,0,0,0
2003,340088,2,1,0,0,0,0,0,0,0,0,0,0
2003,340089,1,1,11,11,11,11,11,11,11,11,11,11
2003,340090,0,1,29,29,29,29,29,29,29,29,29,29
2003,340090,1,1,0,11,24,0,0,9,0,0,0,24
2003,340091,1,1,0,0,0,0,0,0,0,0,0,0
2003,340091,2,1,0,0,0,0,0,0,0,0,0,0
2003,340092,1,1,0,0,0,0,0,0,0,0,0,0
2003,340092,2,1,0,23,0,0,0,0,0,0,0,0
2003,340093,0,1,18,18,18,18,18,18,18,18,18,18
2003,340093,1,1,10,0,0,0,0,0,0,0,0,0
2003,340094,1,1,14,14,14,14,14,14,14,14,14,14
2003,340095,1,1,15,15,15,15,15,15,15,15,15,15
2003,340096,1,1,16,16,16,16,16,16,16,16,16,16
2003,340097,1,1,0,0,0,0,0,0,0,0,0,0
2003,340097,2,1,0,0,0,0,0,0,0,0,0,0
2003,340098,1,1,11,11,11,11,11,11,11,11,11,11
2003,340099,1,1,0,0,0,0,0,0,0,0,0,0
2003,340099,2,1,0,0,0,0,0,0,0,0,0,0
2003,340100,1,1,0,0,0,0,0,0,0,0,0,0
2003,340100,2,1,12,12,12,12,12,12,12,12,12,12
2003,340101,0,1,27,27,27,27,27,27,27,27,27,27
2003,340101,1,1,0,0,0,0,0,0,0,0,0,0
2003,340102,1,1,0,0,0,0,0,0,0,0,0,0
2003,340104,0,1,24,24,24,24,24,24,24,24,24,24
2003,340104,1,1,0,0,0,0,0,0,0,0,0,0
2003,340105,0,1,0,0,0,0,0,0,0,0,0,0
2003,340105,1,1,0,0,30,0,0,0,0,0,0,15
2003,340106,0,1,31,22,0,25,28,2,20,15,0,15
2003,340106,1,1,0,0,0,0,0,0,0,0,0,0
2003,340107,0,1,0,0,0,0,0,0,0,0,0,0
2003,340107,1,1,0,0,0,0,0,0,0,0,0,0
2003,340108,0,1,0,0,0,0,0,0,0,0,0,0
2003,340108,1,1,0,0,8,0,0,0,0,0,0,0
2003,340109,1,1,0,0,0,0,0,0,0,0,0,0
2003,340109,2,1,0,0,0,0,0,0,0,0,0,0
2003,340110,0,1,0,0,0,0,0,0,37,0,0,0
2003,340110,1,1,0,0,0,0,0,0,0,0,0,0
2003,340111,0,1,0,0,0,0,0,0,0,0,0,0
2003,340111,1,1,0,0,0,0,0,0,0,0,0,0
2003,340112,1,1,0,0,0,0,0,4,0,19,0,0
2003,340112,2,1,0,0,0,0,0,0,0,0,0,0
2003,340113,1,1,16,16,16,16,16,16,16,16,16,16
2003,340114,1,1,10,10,10,10,10,10,10,10,10,10
2003,340115,0,1,16,16,16,16,16,16,16,16,16,16
2003,340115,1,1,0,0,0,0,0,0,0,0,0,0
2003,340115,2,1,0,0,0,0,0,0,0,23,0,0
2003,340116,1,1,0,9,0,0,0,0,0,0,0,0
2003,340117,1,1,0,0,0,0,0,10,0,25,0,0
2003,340119,0,1,0,0,0,0,0,0,0,0,0,0
2003,340119,1,1,0,0,0,0,0,0,0,0,0,0
2003,340120,1,1,0,0,0,0,0,0,0,0,0,0
2003,340120,2,1,0,0,0,0,0,15,0,0,0,0
2003,340121,1,1,0,2,0,0,0,0,14,0,0,6
2003,340122,1,1,0,0,0,0,0,0,0,0,0,0
2003,340123,1,1,0,0,0,0,0,0,0,0,0,0
2003,340123,2,1,28,28,28,28,28,28,28,28,28,28
2003,340124,1,1,0,0,0,0,0,0,0,0,0,0
2003,340124,2,1,0,0,0,0,0,0,0,0,0,0
2003,340125,1,1,0,0,0,11,0,0,0,0,0,0
2003,340125,2,1,0,0,0,0,0,0,12,0,0,0
2003,340125,3,1,0,0,0,0,0,0,0,0,0,0
2003,340126,1,1,22,22,22,22,22,22,22,22,22,22
2003,340127,1,1,17,17,17,17,17,17,17,17,17,17
2003,340128,1,1,0,0,0,0,0,0,0,0,0,0
2003,340130,1,1,20,20,20,20,20,20,20,20,20,20
2003,340131,1,1,0,9,6,0,0,6,8,32,0,0
2003,340132,1,1,3,3,3,3,3,3,3,3,3,3
2003,340132,2,1,7,7,7,7,7,7,7,7,7,7
2003,340133,1,1,4,4,4,4,4,4,4,4,4,4
2003,340133,2,1,0,0,0,0,0,0,0,0,0,0
2003,340134,1,1,16,36,0,21,24,22,18,20,0,0
2003,340134,2,1,17,12,0,0,0,0,0,0,0,11
2003,340135,1,1,26,26,26,26,26,26,26,26,26,26
2003,340136,1,1,16,16,16,16,16,16,16,16,16,16
2003,340137,0,1,0,0,0,0,0,0,0,0,0,0
2003,340137,1,1,0,0,0,0,0,0,0,0,0,0
2003,340138,1,1,0,0,0,0,0,0,0,0,0,0
2003,340139,0,1,19,19,19,19,19,19,19,19,19,19
2003,340139,1,1,0,0,0,0,0,0,0,0,0,0
2003,340140,1,1,17,17,17,17,17,17,17,17,17,17
2003,340141,1,1,0,0,0,0,0,0,0,0,0,0
2003,340141,2,1,0,0,0,0,0,0,0,0,0,0
2003,340142,1,1,9,0,0,0,0,0,0,0,0,0
2003,340142,2,1,0,0,0,14,0,0,0,0,0,0
2003,340143,1,1,0,0,0,0,0,0,0,0,0,0
2003,340144,1,1,0,0,0,0,0,0,0,0,0,0
2003,340144,2,1,0,0,0,0,0,0,0,0,0,0
2003,340145,0,1,0,0,0,0,0,0,0,0,0,0
2003,340145,1,1,0,0,0,0,0,0,0,0,0,0
2003,340147,1,1,0,0,0,0,0,0,0,0,0,0
2003,340148,0,1,0,0,0,0,0,0,0,0,0,0
2003,340148,1,1,0,0,0,0,0,0,0,0,0,0
2003,340149,0,1,9,9,9,9,9,9,9,9,9,9
2003,340149,1,1,0,0,0,0,0,0,0,0,0,0
2003,340150,1,1,0,0,0,0,0,0,0,0,0,0
2003,340151,1,1,0,0,0,0,0,0,0,0,0,0
2003,340152,1,1,0,11,20,12,0,0,0,0,0,0
2003,340152,2,1,0,0,0,0,0,0,0,0,0,0
2003,340153,1,1,0,0,0,0,0,0,0,0,0,0
2003,340153,2,1,0,0,0,0,0,0,0,0,0,0
2003,340154,1,1,0,0,0,0,0,0,0,0,0,0
2003,340155,1,1,10,10,10,10,10,10,10,10,10,10
2003,340156,0,1,21,21,21,21,21,21,21,21,21,21
2003,340156,1,1,0,0,26,0,0,0,0,15,11,0
2003,340157,1,1,14,14,14,14,14,14,14,14,14,14
2003,340158,1,1,0,0,0,0,0,0,0,0,0,0
2003,340158,2,1,0,0,0,0,0,0,0,0,0,0
2003,340159,1,1,3,3,3,3,3,3,3,3,3,3
2003,340159,2,1,0,0,0,0,0,0,0,0,0,0
2003,340159,3,1,0,0,0,0,0,0,0,0,0,18
2003,340160,1,1,0,0,0,0,0,0,0,0,0,0
2003,340160,2,1,0,0,0,0,0,0,0,0,0,0
2003,340161,0,1,0,0,0,0,0,0,0,0,0,0
2003,340161,1,1,0,0,0,0,0,0,0,0,0,0
2003,340162,1,1,14,14,14,14,14,14,14,14,14,14
2003,340162,2,1,0,8,0,0,13,0,7,0,20,0
2003,340162,3,1,0,0,0,0,0,0,0,0,0,0
2003,340163,0,1,15,15,15,15,15,15,15,15,15,15
2003,340163,1,1,0,0,0,0,0,0,0,0,0,0
2003,340164,1,1,0,0,0,0,0,0,0,0,0,0
2003,340164,2,1,26,26,26,26,26,26,26,26,26,26
2003,340164,3,1,0,0,0,0,12,0,0,0,0,0
2003,340165,1,1,0,0,0,0,0,0,0,0,0,0
2003,340166,1,1,33,33,33,33,33,33,33,33,33,33
2003,340167,1,1,0,0,0,0,0,0,0,0,23,0
2003,340168,1,1,0,0,0,0,0,0,0,0,0,0
2003,340168,2,1,0,0,0,0,0,0,0,0,0,0
2003,340168,3,1,0,0,0,0,0,0,0,0,0,0
2003,340169,1,1,35,35,35,35,35,35,35,35,35,35
2003,340169,2,1,0,0,0,0,0,0,0,0,0,0
2003,340170,1,1,0,0,0,0,0,0,0,0,0,0
2003,340170,2,1,0,0,0,0,0,0,0,0,0,0
2003,340170,3,1,10,0,0,0,0,0,0,0,0,0
2003,340171,1,1,0,0,19,0,0,25,0,0,14,0