YEAR,ST_CASE,veh_no,per_no,P1,P2,P3,P4,P5,P6,P7,P8,P9,P10
2003,340441,1,1,8,8,8,8,8,8,8,8,8,8
2003,340442,1,1,0,0,0,0,0,0,0,0,0,0
2003,340443,1,1,0,0,0,0,0,0,0,0,0,0
2003,340444,0,1,0,0,0,0,0,0,0,0,0,0
2003,340444,1,1,0,0,0,0,0,0,0,0,0,0
2003,340445,1,1,0,0,0,0,0,0,0,0,0,0
2003,340446,1,1,0,18,0,0,0,0,13,0,0,0
2003,340446,2,1,0,0,0,0,0,0,27,0,0,0
2003,340447,0,1,0,0,0,0,0,0,0,0,0,0
2003,340447,1,1,0,0,0,7,16,10,15,0,0,0
2003,340449,1,1,0,0,0,0,0,0,0,0,0,0
2003,340449,2,1,0,0,0,7,0,0,0,23,0,0
2003,340450,1,1,0,0,0,0,14,0,0,0,0,0
2003,340451,1,1,0,0,0,0,0,0,0,0,0,0
2003,340451,2,1,0,0,0,0,0,0,0,0,0,12
2003,340452,1,1,0,0,14,0,0,0,0,0,0,0
2003,340452,2,1,20,0,0,0,0,0,0,0,0,0
2003,340452,3,1,0,0,0,0,0,0,0,0,0,0
2003,340453,1,1,0,0,0,0,0,0,0,0,0,0
2003,340453,2,1,0,0,0,0,0,0,0,0,0,0
2003,340454,1,1,0,0,0,0,0,0,0,0,0,0
2003,340455,1,1,0,0,0,0,0,0,0,0,0,0
2003,340455,2,1,0,0,0,3,0,13,0,4,0,0
2003,340456,1,1,11,11,11,11,11,11,11,11,11,11
2003,340457,1,1,0,0,0,0,7,0,17,12,0,10
2003,340458,1,1,0,0,0,0,0,0,0,0,0,0
2003,340458,2,1,0,0,0,0,0,0,0,0,0,0
2003,340459,1,1,0,0,0,0,0,0,0,0,0,0
2003,340459,2,1,0,0,0,0,0,0,0,0,0,0
2003,340460,1,1,9,9,9,9,9,9,9,9,9,9
2003,340461,1,1,0,0,0,0,0,0,0,0,0,0
2003,340462,1,1,0,0,12,0,0,0,0,15,0,0
2003,340462,2,1,0,0,0,0,0,0,0,0,0,0
2003,340464,1,1,0,0,0,0,0,0,0,0,0,0
2003,340465,1,1,11,11,11,11,11,11,11,11,11,11
2003,340466,1,1,3,0,0,0,0,0,0,0,17,0
2003,340466,2,1,0,0,0,0,0,0,0,0,0,0
2003,340467,1,1,0,0,0,0,0,0,0,0,0,0
2003,340467,2,1,0,0,0,0,0,0,0,0,0,0
2003,340468,0,1,0,0,0,0,0,0,0,0,0,0
2003,340468,1,1,0,0,0,0,0,0,0,0,0,0
2003,340469,1,1,0,0,0,0,0,0,0,0,0,0
2003,340469,2,1,17,17,22,0,0,10,0,0,10,8
2003,340470,1,1,0,0,0,0,0,0,0,0,0,0
2003,340470,2,1,0,0,0,0,0,0,0,0,0,0
2003,340471,1,1,0,0,0,0,0,0,0,0,0,0
2003,340471,2,1,0,0,0,0,0,0,0,0,0,0
2003,340472,1,1,0,0,0,0,0,0,0,0,0,0
2003,340473,1,1,0,0,0,0,0,0,0,0,0,0
2003,340473,2,1,0,0,0,0,0,0,0,0,0,0
2003,340473,3,1,0,0,0,0,0,0,0,0,0,0
2003,340474,1,1,0,0,0,0,0,0,0,0,0,0
2003,340474,2,1,0,0,0,0,0,0,0,0,0,0
2003,340475,1,1,0,0,0,0,0,0,0,0,0,0
2003,340477,1,1,0,0,0,0,0,7,0,0,0,0
2003,340478,0,1,0,0,0,0,0,0,0,0,0,0
2003,340478,1,1,0,0,0,0,0,0,0,0,0,0
2003,340479,0,1,11,11,11,11,11,11,11,11,11,11
2003,340479,1,1,0,0,0,0,0,0,0,0,0,0
2003,340480,0,1,0,0,0,0,0,0,0,0,0,0
2003,340480,1,1,4,4,4,4,4,4,4,4,4,4
2003,340481,1,1,27,27,27,27,27,27,27,27,27,27
2003,340482,1,1,10,10,10,10,10,10,10,10,10,10
2003,340482,2,1,0,20,0,0,0,0,0,0,0,0
2003,340483,0,1,0,0,0,0,0,0,0,0,0,0
2003,340483,1,1,0,0,0,0,0,0,0,0,0,0
2003,340484,1,1,0,0,0,0,0,0,0,0,0,0
2003,340485,1,1,1,1,1,1,1,1,1,1,1,1
2003,340485,2,1,0,0,0,0,0,0,0,0,0,0
2003,340486,1,1,11,0,0,0,0,0,0,0,0,0
2003,340486,2,1,0,0,0,0,0,0,0,0,0,0
2003,340487,1,1,0,0,0,0,0,0,0,0,0,0
2003,340488,0,1,0,0,0,0,0,0,0,0,0,0
2003,340488,1,1,0,0,0,0,0,0,0,0,0,0
2003,340489,0,1,23,20,9,25,0,28,17,29,26,18
2003,340489,3,1,0,0,0,0,0,0,0,0,0,0
2003,340490,1,1,0,0,0,0,0,0,0,0,0,0
2003,340490,2,1,0,0,0,0,0,0,0,0,0,0
2003,340491,1,1,0,0,0,0,0,0,0,0,0,0
2003,340491,2,1,0,0,0,0,0,0,0,0,0,0
2003,340492,1,1,22,21,27,0,0,19,0,20,20,0
2003,340492,2,1,0,0,0,0,0,0,0,0,0,0
2003,340494,1,1,0,0,0,10,0,0,0,0,0,0
2003,340494,2,1,0,0,0,0,0,0,0,0,0,0
2003,340495,1,1,0,0,0,0,0,0,0,0,0,0
2003,340495,2,1,0,0,0,0,0,0,0,0,0,0
2003,340496,1,1,0,0,0,0,0,6,0,0,17,0
2003,340496,2,1,0,0,0,0,0,0,0,0,0,0
2003,340497,1,1,0,0,0,0,0,0,0,0,0,0
2003,340497,2,1,11,11,11,11,11,11,11,11,11,11
2003,340498,0,1,0,0,0,0,0,0,0,0,0,0
2003,340498,1,1,0,3,0,0,0,0,0,0,0,11
2003,340499,1,1,0,0,0,0,0,0,0,0,0,0
2003,340499,2,1,0,0,0,0,0,0,0,0,0,0
2003,340500,1,1,0,0,0,0,0,0,0,0,0,0
2003,340501,1,1,0,0,0,0,0,0,0,0,0,0
2003,340502,1,1,0,0,0,0,0,0,0,0,0,0
2003,340502,2,1,0,0,0,0,0,0,0,0,0,0
2003,340503,1,1,0,0,0,7,0,0,0,0,0,0
2003,340503,2,1,0,0,0,0,0,0,0,0,0,0
2003,340504,1,1,0,0,0,0,0,0,0,0,0,0
2003,340504,2,1,0,0,0,0,0,0,0,0,0,0
2003,340505,1,1,0,0,0,0,0,0,0,0,0,0
2003,340506,0,1,5,5,5,5,5,5,5,5,5,5
2003,340506,0,2,9,9,9,9,9,9,9,9,9,9
2003,340506,1,1,10,10,10,10,10,10,10,10,10,10
2003,340507,1,1,0,0,0,0,0,0,0,0,0,0
2003,340507,2,1,0,0,0,0,0,0,0,0,0,0
2003,340508,1,1,0,0,0,0,0,0,0,0,0,0
2003,340508,2,1,0,0,0,0,0,0,0,0,0,0
2003,340509,1,1,0,0,0,0,0,0,0,0,0,6
2003,340509,2,1,0,0,0,0,0,0,0,0,0,0
2003,340510,1,1,0,0,0,0,0,0,14,0,0,0
2003,340510,2,1,0,0,0,0,0,21,0,0,14,0
2003,340511,0,1,0,0,0,0,0,0,0,0,0,0
2003,340511,0,2,13,0,0,34,0,0,24,0,0,0
2003,340511,1,1,0,0,0,0,0,0,0,0,0,0
2003,340511,2,1,0,0,0,0,0,0,0,0,0,0
2003,340512,1,1,0,0,0,0,0,0,0,0,0,0
2003,340512,2,1,0,0,0,0,0,0,0,0,0,0
2003,340513,1,1,0,0,0,14,0,0,0,0,0,0
2003,340513,2,1,0,0,0,0,0,0,0,0,0,0
2003,340514,1,1,0,0,0,0,0,0,0,0,0,0
2003,340514,2,1,0,0,0,0,0,0,0,0,0,0
2003,340515,1,1,0,0,0,0,0,0,0,0,0,0
2003,340515,2,1,0,0,0,0,0,0,0,0,0,0
2003,340516,1,1,16,16,16,16,16,16,16,16,16,16
2003,340517,1,1,0,0,20,0,0,0,9,0,0,0
2003,340517,2,1,0,0,0,0,0,0,0,0,0,0
2003,340518,1,1,0,0,0,0,0,0,0,0,0,0
2003,340518,2,1,0,0,0,0,0,0,0,0,0,0
2003,340519,1,1,0,0,0,0,0,0,0,0,0,0
2003,340519,2,1,0,0,0,0,0,0,0,0,0,0
2003,340519,3,1,0,0,0,12,0,0,0,0,0,0
2003,340520,1,1,0,0,0,0,0,0,0,0,0,0
2003,340520,2,1,0,0,0,0,0,0,0,0,0,0
2003,340521,0,1,2,2,2,2,2,2,2,2,2,2
2003,340521,1,1,0,0,0,0,0,0,0,0,0,0
2003,340522,1,1,0,0,0,0,0,0,0,0,0,0
2003,340522,2,1,0,0,0,0,0,0,0,0,0,0
2003,340523,0,1,0,0,0,0,0,0,0,0,0,0
2003,340523,1,1,0,16,0,0,0,0,0,0,0,0
2003,340524,0,1,0,0,0,0,0,0,0,0,0,0
2003,340524,1,1,0,0,0,0,0,0,0,0,0,0
2003,340526,0,1,0,0,0,0,0,0,0,0,0,0
2003,340526,1,1,0,0,0,0,0,0,0,0,0,0
2003,340527,1,1,0,0,0,0,0,0,0,13,0,0
2003,340528,0,1,0,0,0,0,0,0,0,0,0,0
2003,340528,0,2,0,0,0,0,9,0,0,0,52,11
2003,340528,1,1,0,0,13,0,0,0,0,0,34,0
2003,340529,1,1,0,0,0,0,0,0,0,0,0,0
2003,340529,2,1,5,5,5,5,5,5,5,5,5,5
2003,340530,1,1,7,7,7,7,7,7,7,7,7,7
2003,340531,1,1,0,0,0,0,0,0,0,0,0,0
2003,340531,2,1,0,0,0,0,0,0,0,0,0,0
2003,340533,0,1,0,12,51,0,16,0,0,15,12,0
2003,340533,1,1,0,0,0,0,0,0,0,0,0,0
2003,340534,1,1,31,31,31,31,31,31,31,31,31,31
2003,340535,1,1,0,0,0,0,0,0,0,0,0,0
2003,340535,2,1,23,23,23,23,23,23,23,23,23,23
2003,340536,0,1,0,0,0,0,0,0,0,0,0,0
2003,340536,1,1,0,0,0,0,0,0,0,0,0,0
2003,340537,1,1,0,0,0,0,0,0,0,0,0,0
2003,340537,2,1,0,0,0,0,0,0,0,0,0,0
2003,340538,1,1,0,0,0,0,0,0,0,0,0,0
2003,340539,0,1,0,0,0,0,0,0,0,0,0,0
2003,340539,1,1,4,0,0,0,0,10,0,0,0,15
2003,340540,0,1,0,0,0,0,0,0,0,0,0,0
2003,340540,1,1,0,0,0,0,0,0,0,0,0,0
2003,340541,0,1,26,26,26,26,26,26,26,26,26,26
2003,340541,1,1,0,0,0,0,0,0,0,0,0,0
2003,340542,1,1,0,0,0,0,0,0,0,0,0,0
2003,340543,0,1,0,0,0,0,0,0,0,0,0,0
2003,340543,1,1,16,0,16,0,0,0,0,0,0,0
2003,340544,1,1,0,0,0,0,17,0,6,0,0,0
2003,340545,1,1,17,17,17,17,17,17,17,17,17,17
2003,340546,1,1,0,0,0,0,0,0,0,0,0,0
2003,340547,0,1,0,0,0,0,0,0,0,0,0,0
2003,340547,1,1,9,9,9,9,9,9,9,9,9,9
2003,340549,1,1,7,7,7,7,7,7,7,7,7,7
2003,340550,1,1,6,6,6,6,6,6,6,6,6,6
2003,340551,0,1,0,0,0,0,0,0,0,0,0,0
2003,340551,1,1,0,0,0,0,0,0,0,0,0,0
2003,340552,1,1,0,0,0,0,0,0,0,0,0,0
2003,340552,2,1,5,5,5,5,5,5,5,5,5,5
2003,340552,3,1,0,0,0,0,0,0,14,2,0,2
2003,340553,0,1,0,0,0,0,0,0,0,0,0,0
2003,340553,1,1,0,0,0,0,0,0,0,0,0,0
2003,340554,1,1,0,0,0,0,0,0,0,0,0,0
2003,340556,1,1,18,18,18,18,18,18,18,18,18,18
2003,340557,1,1,0,0,0,0,0,0,0,0,0,0
2003,340557,2,1,0,0,0,0,0,0,0,0,0,0
2003,340558,1,1,0,0,0,0,0,0,0,0,0,0
2003,340559,1,1,0,0,0,0,0,0,0,0,0,0
2003,340559,2,1,0,0,0,10,0,0,0,0,0,0
2003,340560,1,1,0,0,0,0,0,0,0,0,0,0
2003,340561,1,1,0,0,0,0,0,0,0,0,0,0
2003,340561,2,1,7,0,0,9,0,0,0,0,0,0
2003,340562,1,1,0,0,0,0,0,0,0,0,0,0
2003,340563,1,1,19,19,19,19,19,19,19,19,19,19
2003,340564,1,1,20,20,20,20,20,20,20,20,20,20
2003,340564,2,1,0,15,0,45,12,0,0,36,0,0
2003,340564,3,1,0,0,0,0,0,0,0,0,0,0
2003,340565,1,1,2,2,2,2,2,2,2,2,2,2
2003,340565,2,1,2,2,2,2,2,2,2,2,2,2
2003,340566,1,1,0,0,0,0,0,0,0,0,0,0
2003,340566,2,1,0,0,0,0,0,0,0,0,0,0
2003,340567,1,1,0,0,0,0,0,0,0,0,0,0
2003,340568,1,1,0,0,0,0,0,0,0,0,0,0
2003,340569,0,1,0,0,0,0,0,0,0,0,0,0
2003,340569,1,1,0,0,0,0,0,0,0,0,0,0
2003,340570,0,1,25,0,0,0,0,0,0,6,0,0
2003,340570,1,1,0,0,0,0,0,0,0,0,0,0
2003,340571,0,1,9,9,9,9,9,9,9,9,9,9
2003,340571,1,1,0,0,0,0,0,0,0,0,0,0
2003,340572,0,1,0,0,0,0,0,0,0,0,0,0
2003,340572,1,1,0,0,0,0,0,0,0,0,0,0
2003,340573,1,1,0,0,0,0,0,0,0,0,0,0
2003,340574,0,1,0,0,0,0,0,0,0,0,0,0
2003,340574,1,1,0,0,28,0,3,0,30,0,0,2
2003,340575,1,1,4,4,4,4,4,4,4,4,4,4
2003,340575,2,1,0,0,0,0,3,9,24,0,18,0
2003,340576,1,1,15,0,19,16,13,0,16,20,0,20
2003,340578,0,1,0,0,0,0,0,0,0,0,0,0
2003,340578,1,1,0,0,0,0,0,0,0,0,0,0
2003,340579,1,1,0,0,0,0,0,0,0,0,0,0
2003,340579,2,1,0,0,0,0,0,0,0,0,0,0
2003,340579,3,1,0,0,0,0,0,0,0,0,0,0
2003,340580,0,1,0,0,0,0,0,0,0,0,0,0
2003,340580,1,1,0,0,0,0,0,0,0,0,0,0
2003,340581,1,1,29,29,29,29,29,29,29,29,29,29
2003,340582,1,1,0,0,0,0,0,0,0,0,0,0
2003,340582,2,1,0,0,0,0,0,0,0,0,0,0
2003,340583,1,1,0,0,0,0,0,0,0,0,0,0
2003,340584,1,1,0,0,0,0,0,0,0,0,0,0
2003,340585,1,1,5,5,5,5,5,5,5,5,5,5
2003,340586,1,1,0,0,0,0,0,0,0,0,0,0
2003,340586,2,1,0,0,0,0,0,0,0,0,0,0
2003,340587,1,1,0,0,0,0,0,0,0,0,0,0
2003,340588,1,1,0,0,0,0,0,0,0,0,0,0
2003,340588,2,1,0,0,0,0,0,0,0,0,0,0
2003,340588,3,1,0,0,0,0,0,0,0,0,0,0
2003,340589,1,1,0,0,0,0,0,0,0,0,0,0
2003,340589,2,1,0,0,0,0,0,0,0,0,0,7
2003,340590,1,1,0,0,0,0,0,0,0,0,0,0
2003,340590,2,1,0,0,0,0,0,0,0,0,0,0
2003,340591,1,1,25,25,25,25,25,25,25,25,25,25
2003,340592,1,1,0,0,0,0,0,0,0,0,0,0
2003,340593,1,1,0,0,0,0,0,0,0,0,0,0
2003,340594,1,1,0,0,0,0,0,0,0,0,0,0
2003,340594,2,1,0,0,0,0,0,0,0,0,9,0
2003,340595,1,1,0,0,0,0,0,0,0,0,0,0
2003,340595,2,1,0,0,0,0,0,0,0,0,0,0
2003,340596,1,1,0,0,0,0,0,0,0,0,0,0
2003,340596,2,1,0,0,0,0,0,0,0,0,0,0
2003,340597,1,1,0,0,0,0,0,0,0,0,0,0
2003,340597,2,1,0,0,0,0,0,0,0,0,0,0
2003,340597,3,1,0,0,0,0,16,0,0,0,0,0
2003,340598,0,1,0,0,0,0,0,0,0,0,0,0
2003,340598,1,1,17,0,0,0,0,0,0,0,0,0
2003,340599,0,1,22,22,22,22,22,22,22,22,22,22
2003,340599,1,1,0,0,0,0,0,0,0,0,0,0
2003,340600,1,1,13,13,13,13,13,13,13,13,13,13
2003,340601,1,1,10,10,10,10,10,10,10,10,10,10
2003,340602,1,1,0,0,0,0,23,0,0,0,19,0
2003,340602,2,1,0,0,0,0,0,0,0,0,0,0
2003,340603,1,1,12,0,0,0,0,0,0,0,0,0
2003,340603,2,1,0,0,0,0,0,0,0,0,0,0
2003,340604,1,1,0,0,0,0,0,0,0,0,0,0
2003,340605,1,1,14,0,0,0,15,0,13,0,0,0
2003,340606,0,1,13,13,13,13,13,13,13,13,13,13
2003,340606,1,1,12,10,0,0,0,0,0,0,0,19
2003,340607,1,1,0,0,0,0,0,0,0,0,0,0
2003,340609,1,1,0,0,12,0,0,0,0,0,0,0
2003,340609,2,1,0,0,0,0,12,0,0,0,0,0
2003,340610,0,1,24,24,24,24,24,24,24,24,24,24
2003,340610,1,1,0,16,0,0,0,4,0,6,9,6
2003,340611,0,1,19,19,19,19,19,19,19,19,19,19
2003,340611,1,1,0,0,0,0,0,0,0,0,0,0
2003,340612,1,1,18,18,18,18,18,18,18,18,18,18
2003,340613,0,1,0,0,0,0,0,0,0,0,0,0
2003,340613,1,1,0,0,0,0,0,0,0,0,0,24
2003,340614,0,1,0,0,0,0,0,0,0,0,0,0
2003,340614,1,1,10,0,0,0,0,21,15,0,26,10
2003,340615,1,1,11,11,11,11,11,11,11,11,11,11
2003,340616,1,1,0,0,0,0,0,0,0,0,0,0
2003,340616,2,1,1,1,1,1,1,1,1,1,1,1
2003,340617,1,1,13,13,13,13,13,13,13,13,13,13
2003,340617,2,1,0,0,0,0,0,0,0,0,0,0
2003,340617,3,1,0,0,0,0,0,0,0,0,0,0
2003,340618,1,1,0,0,0,0,0,0,0,0,0,0
2003,340618,2,1,0,0,0,0,0,0,0,0,0,0
2003,340619,1,1,15,15,15,15,15,15,15,15,15,15
2003,340620,1,1,12,12,12,12,12,12,12,12,12,12
2003,340621,1,1,0,0,0,0,0,0,0,0,0,0
2003,340621,2,1,0,0,0,0,0,0,0,0,0,0
2003,340622,0,1,0,0,0,0,0,0,0,0,0,0
2003,340622,1,1,0,0,0,0,0,0,0,0,0,0
2003,340623,1,1,0,0,0,0,0,0,0,0,0,0
2003,340623,2,1,0,0,0,0,0,0,0,0,0,0
2003,340624,1,1,17,0,0,0,0,0,0,0,0,0
2003,340624,2,1,0,0,0,18,0,0,0,0,0,0
2003,340624,3,1,0,0,0,0,0,0,0,0,0,0
2003,340624,4,1,0,0,0,0,0,0,0,0,0,0
2003,340624,5,1,0,0,0,0,0,0,0,0,0,0
2003,340624,6,1,0,0,0,0,0,0,0,0,0,0
2003,340624,7,1,0,0,0,0,0,0,0,0,0,0
2003,340624,8,1,24,0,17,0,0,0,3,0,0,0
2003,340625,1,1,0,7,12,0,36,0,31,0,0,0
2003,340625,2,1,0,0,0,0,0,0,12,0,12,0
2003,340627,1,1,0,0,0,0,0,0,0,0,0,0
2003,340627,2,1,0,0,0,0,0,0,0,0,0,0
2003,340627,3,1,0,0,0,0,0,0,0,0,0,0
2003,340627,4,1,0,0,0,0,0,0,0,0,0,0
2003,340627,5,1,0,0,0,0,0,0,0,0,0,0
2003,340627,6,1,0,0,0,0,0,0,0,0,0,0
2003,340627,7,1,0,15,0,0,0,7,0,0,0,0
2003,340627,8,1,0,0,0,0,0,0,0,0,0,0
2003,340627,9,1,0,0,0,0,0,0,0,0,0,0
2003,340627,10,1,0,0,0,0,0,0,0,0,0,0
2003,340627,11,1,0,0,0,0,0,0,0,0,0,0
2003,340627,12,1,0,0,0,0,0,0,0,0,0,0
2003,340628,1,1,0,0,0,0,0,0,0,0,0,0
2003,340628,2,1,0,0,0,0,0,0,0,0,0,0
2003,340629,1,1,17,17,17,17,17,17,17,17,17,17
2003,340629,2,1,0,0,0,0,0,6,0,0,0,0
2003,340630,1,1,0,0,0,0,0,0,0,0,0,0
2003,340630,2,1,0,0,0,0,0,0,0,0,0,0
2003,340630,3,1,0,0,0,0,0,0,0,0,0,0
2003,340630,4,1,0,0,0,0,0,0,0,0,0,0
2003,340632,1,1,20,20,20,20,20,20,20,20,20,20
2003,340632,2,1,0,0,2,0,0,0,0,0,4,0
2003,340633,1,1,0,0,0,0,0,0,0,0,0,0
2003,340633,2,1,0,0,0,0,0,0,0,0,0,0
2003,340634,1,1,2,2,2,2,2,2,2,2,2,2
2003,340634,2,1,16,16,16,16,16,16,16,16,16,16
2003,340635,0,1,0,0,0,0,0,0,0,0,0,0
2003,340635,1,1,0,0,0,0,0,0,0,0,0,0
2003,340635,2,1,0,0,0,0,0,0,0,0,0,0
2003,340635,3,1,0,0,0,0,0,0,0,0,0,0
2003,340635,4,1,0,0,0,0,0,0,0,0,0,0
2003,340635,5,1,0,0,0,0,0,0,0,0,0,0
2003,340636,1,1,0,0,0,0,0,0,0,0,0,0
2003,340637,1,1,0,0,0,0,0,0,0,0,0,0
2003,340637,2,1,18,0,0,0,0,0,0,0,0,0
2003,340638,1,1,0,0,0,0,0,0,0,0,0,0
2003,340639,1,1,0,17,0,0,0,0,0,0,0,0
2003,340639,2,1,0,0,0,0,0,0,0,0,0,0
2003,340639,3,1,0,0,0,0,0,0,0,0,0,0
2003,340639,4,1,0,0,0,0,0,0,0,0,0,0
2003,340641,1,1,0,0,0,0,0,15,0,0,0,0
2003,340641,2,1,0,0,0,0,0,0,14,0,0,0
2003,340641,3,1,0,0,0,0,0,0,0,0,0,0
2003,340642,0,1,0,0,0,0,0,0,0,0,0,0
2003,340642,1,1,0,0,0,0,0,0,0,0,0,0
2003,340643,1,1,0,0,0,0,0,0,0,0,0,0
2003,340643,2,1,0,0,0,0,0,0,0,0,0,0
2003,340644,0,1,0,25,49,0,0,16,8,0,0,0
2003,340644,1,1,3,3,3,3,3,3,3,3,3,3
2003,340645,0,1,20,20,20,20,20,20,20,20,20,20
2003,340645,1,1,0,0,0,0,0,0,0,0,0,0
2003,340646,1,1,20,20,20,20,20,20,20,20,20,20
2003,340647,0,1,25,25,25,25,25,25,25,25,25,25
2003,340647,1,1,0,0,0,0,0,0,0,0,0,0
2003,340648,1,1,13,13,13,13,13,13,13,13,13,13
2003,340649,1,1,19,19,19,19,19,19,19,19,19,19
2003,340650,1,1,16,16,16,16,16,16,16,16,16,16
2003,340651,0,1,18,18,18,18,18,18,18,18,18,18
2003,340651,1,1,3,3,3,3,3,3,3,3,3,3
2003,340652,1,1,13,13,13,13,13,13,13,13,13,13
2003,340653,0,1,0,0,0,16,0,0,0,0,12,0
2003,340653,1,1,11,8,7,0,0,0,0,0,0,0
2003,340655,1,1,21,21,21,21,21,21,21,21,21,21
2003,340655,2,1,0,0,0,0,0,0,0,0,0,0
2003,340656,1,1,0,0,0,0,0,0,0,0,0,0
2003,340656,2,1,0,0,0,0,0,0,0,0,0,0
2003,340657,1,1,0,0,0,0,0,0,0,0,0,0
2003,340657,2,1,0,0,0,0,0,0,0,0,0,0
2003,340658,0,1,0,0,0,0,22,0,17,20,0,17
2003,340658,1,1,0,0,0,0,0,0,0,0,0,0
2003,340659,1,1,28,28,28,28,28,28,28,28,28,28
2003,340660,1,1,0,0,0,0,0,0,0,0,0,0
2003,340661,1,1,0,0,0,0,0,0,0,0,0,0
2003,340662,0,1,0,0,0,0,0,0,0,0,0,0
2003,340662,1,1,0,0,0,0,0,0,0,0,0,0
2003,340663,1,1,0,0,0,0,0,0,0,0,0,0
2003,340663,2,1,0,0,0,0,0,0,0,0,0,0
2003,340664,1,1,10,10,10,10,10,10,10,10,10,10
2003,340666,0,1,0,0,8,0,0,0,0,0,0,11
2003,340666,1,1,16,16,16,16,16,16,16,16,16,16
2003,340667,1,1,0,0,0,0,0,0,0,0,0,0
2003,340667,2,1,0,0,0,0,0,0,0,0,0,0
2003,340668,1,1,4,4,4,4,4,4,4,4,4,4
2003,340668,2,1,16,16,16,16,16,16,16,16,16,16
2003,340669,1,1,0,0,0,0,0,0,0,0,0,0
2003,340669,2,1,29,29,29,29,29,29,29,29,29,29
2003,340670,0,1,16,16,16,16,16,16,16,16,16,16
2003,340670,1,1,0,0,0,0,0,0,0,0,0,0
2003,340671,0,1,0,0,0,0,0,0,0,0,0,0
2003,340671,1,1,0,0,0,0,0,0,0,0,0,0
2003,340672,1,1,0,0,0,0,0,0,0,0,0,0
2003,340672,2,1,0,7,0,0,0,0,0,0,20,0
2003,340673,0,1,0,0,0,0,0,0,0,0,0,0
2003,340673,1,1,0,0,0,0,0,0,0,16,0,0
2003,340674,0,1,22,23,14,0,0,30,0,30,0,0
2003,340674,1,1,0,0,0,0,0,0,0,12,0,10
2003,340675,1,1,0,0,0,0,0,0,0,0,0,0
2003,340675,2,1,0,0,0,0,0,0,0,0,0,0
2003,340676,0,1,0,0,0,0,0,0,0,0,0,0
2003,340676,1,1,0,0,0,12,0,0,0,0,0,0
2003,340677,1,1,0,0,0,0,0,0,0,0,0,0
2003,340678,0,1,0,0,0,0,0,0,0,0,0,0
2003,340678,0,2,0,0,0,0,0,0,0,0,0,0
2003,340678,1,1,0,0,0,0,0,0,0,0,0,0
2003,340679,0,1,0,0,0,0,0,0,0,0,0,0
2003,340679,1,1,22,0,0,30,0,0,15,0,0,0
2003,340680,0,1,12,33,0,0,25,0,0,0,0,15
2003,340680,1,1,0,0,0,0,24,9,0,0,0,0
2003,340681,0,1,26,26,26,26,26,26,26,26,26,26
2003,340681,1,1,0,14,0,0,0,0,0,16,17,0
2003,340682,0,1,0,0,23,0,0,0,0,0,0,0
2003,340682,1,1,0,0,0,0,0,0,0,0,0,0
2003,340683,1,1,0,0,0,0,0,0,0,0,0,0
2003,340683,2,1,4,4,4,4,4,4,4,4,4,4
2003,340684,1,1,0,0,0,0,0,0,0,0,0,0
2003,340685,1,1,0,0,0,0,0,0,0,0,0,0
2003,340686,0,1,0,0,0,0,0,0,0,0,0,0
2003,340686,1,1,24,0,0,0,0,15,0,0,0,0
2003,340687,1,1,0,0,0,0,0,0,0,0,0,0
2003,340687,2,1,0,0,0,0,0,0,0,0,0,0
2003,340688,1,1,5,7,0,0,5,0,0,0,23,0
2003,340688,2,1,0,0,20,0,0,0,0,0,9,0
2003,340689,1,1,0,0,9,0,0,31,0,0,0,0
2003,340690,1,1,0,0,0,0,0,0,0,0,0,0
2003,340690,2,1,0,7,0,0,0,0,0,0,0,0
2003,340691,1,1,0,0,0,17,17,0,0,0,18,0
2003,340691,2,1,13,19,7,0,7,12,0,10,0,0
2003,340692,1,1,0,0,9,0,0,0,0,0,0,0
2003,340692,2,1,0,0,0,0,0,0,0,0,0,0
2003,340695,0,1,30,30,30,30,30,30,30,30,30,30
2003,340695,1,1,0,0,0,0,0,0,0,0,0,0
2003,340696,0,1,24,24,24,24,24,24,24,24,24,24
2003,340696,1,1,0,0,7,0,20,0,0,0,0,0
2003,340698,1,1,9,13,18,32,22,9,7,0,11,10
2003,340698,2,1,0,0,0,0,22,0,20,0,0,34
2003,340698,3,1,16,16,16,16,16,16,16,16,16,16
2003,340699,0,1,15,15,15,15,15,15,15,15,15,15
2003,340699,1,1,0,0,0,0,0,0,0,0,0,0
2003,340699,2,1,0,0,0,0,0,0,0,0,0,0
2003,340700,1,1,0,0,0,0,0,0,0,0,0,0
2003,340700,2,1,0,0,0,0,0,0,0,0,0,0
2003,340700,3,1,0,0,0,0,0,0,13,0,0,0
2003,340701,1,1,0,0,0,0,0,0,0,0,0,0
2003,340701,2,1,0,0,0,0,0,0,0,0,0,0
2003,340702,1,1,6,6,6,6,6,6,6,6,6,6
2003,340703,0,1,37,37,37,37,37,37,37,37,37,37
2003,340703,1,1,0,0,0,0,0,0,0,0,0,0
2003,340704,1,1,0,0,0,0,0,0,0,0,0,0
2003,340704,2,1,0,0,0,0,0,0,0,0,0,0
2003,340705,0,1,0,0,0,0,0,0,0,0,0,0
2003,340705,1,1,0,0,0,0,0,0,0,0,0,0
2003,340706,1,1,7,7,7,7,7,7,7,7,7,7
2003,340706,2,1,0,0,0,0,0,0,0,0,0,0
2003,340706,3,1,0,0,0,12,0,9,0,0,0,0
2003,340707,0,1,23,0,0,0,12,0,0,0,14,0