YEAR,ST_CASE,veh_no,per_no,P1,P2,P3,P4,P5,P6,P7,P8,P9,P10
2003,340707,0,2,26,9,17,43,0,0,6,14,14,16
2003,340707,1,1,11,11,11,11,11,11,11,11,11,11
2003,340708,1,1,0,0,0,0,0,15,18,17,0,0
2003,340709,0,1,0,13,0,28,0,0,0,0,5,0
2003,340709,1,1,0,0,0,0,6,0,0,0,0,0
2003,340710,0,1,16,0,0,0,0,44,9,0,0,0
2003,340710,1,1,10,0,11,0,0,0,0,0,0,18
2003,350001,1,1,0,0,0,0,0,0,0,0,0,0
2003,350001,2,1,0,0,0,0,0,0,0,0,0,0
2003,350001,3,1,35,0,0,0,25,0,15,0,0,13
2003,350002,0,1,16,16,16,16,16,16,16,16,16,16
2003,350002,1,1,0,0,0,0,0,0,0,0,0,22
2003,350003,1,1,15,0,13,28,8,16,0,32,0,29
2003,350004,1,1,13,13,13,13,13,13,13,13,13,13
2003,350005,1,1,0,0,0,0,0,0,0,0,0,0
2003,350006,1,1,0,0,0,0,0,0,0,0,0,0
2003,350007,1,1,0,0,0,0,0,0,0,0,0,0
2003,350007,2,1,0,0,0,0,0,0,0,0,0,0
2003,350008,1,1,0,0,0,0,0,0,0,0,0,0
2003,350009,0,1,18,18,18,18,18,18,18,18,18,18
2003,350009,1,1,0,0,0,0,0,0,0,0,0,0
2003,350010,1,1,0,0,0,0,0,0,0,0,0,0
2003,350012,1,1,0,0,0,0,0,0,0,0,0,0
2003,350014,1,1,0,0,0,0,0,0,0,0,0,0
2003,350015,1,1,29,16,27,22,11,25,22,28,7,14
2003,350016,0,1,0,0,0,0,0,13,0,0,0,0
2003,350016,1,1,0,0,0,0,0,0,0,0,0,0
2003,350017,1,1,0,0,0,0,0,0,0,0,0,0
2003,350017,2,1,0,0,0,0,0,0,0,0,0,0
2003,350017,3,1,0,0,0,0,0,0,0,0,0,0
2003,350017,4,1,0,0,0,0,0,0,0,0,0,0
2003,350017,5,1,0,0,0,0,0,0,0,0,0,0
2003,350017,6,1,0,0,0,0,0,0,0,0,0,0
2003,350017,7,1,0,0,0,0,0,0,0,0,0,0
2003,350019,1,1,0,0,0,0,0,0,0,0,0,0
2003,350020,1,1,0,0,0,0,0,0,0,0,0,0
2003,350021,1,1,0,0,0,0,0,0,0,0,0,0
2003,350021,2,1,20,11,20,33,32,31,24,9,14,11
2003,350022,0,1,0,0,0,0,0,0,0,0,0,0
2003,350022,1,1,0,0,0,0,0,0,0,0,0,0
2003,350023,1,1,0,0,0,0,0,0,0,0,0,0
2003,350024,1,1,0,0,0,0,0,0,0,0,0,0
2003,350025,1,1,3,3,3,3,3,3,3,3,3,3
2003,350026,1,1,0,0,0,0,0,0,0,0,0,0
2003,350027,1,1,12,12,12,12,12,12,12,12,12,12
2003,350027,2,1,0,0,0,0,0,0,0,0,0,0
2003,350028,1,1,0,0,0,0,0,0,0,0,0,0
2003,350029,1,1,22,22,22,22,22,22,22,22,22,22
2003,350030,0,1,18,18,18,18,18,18,18,18,18,18
2003,350030,1,1,0,0,0,0,2,0,0,0,0,0
2003,350031,1,1,21,21,21,21,21,21,21,21,21,21
2003,350033,1,1,0,0,0,0,0,0,0,0,0,0
2003,350033,2,1,0,0,0,0,0,0,0,0,0,0
2003,350034,1,1,11,0,0,0,0,0,0,0,0,0
2003,350034,2,1,0,0,0,0,0,0,0,0,0,0
2003,350035,1,1,0,0,0,0,0,0,0,0,0,0
2003,350035,2,1,0,0,0,0,0,0,0,0,0,0
2003,350036,1,1,4,0,0,4,8,13,7,14,15,17
2003,350037,1,1,0,0,0,0,0,0,0,0,0,0
2003,350038,1,1,0,0,0,0,0,0,0,0,29,6
2003,350038,2,1,17,17,17,17,17,17,17,17,17,17
2003,350039,1,1,0,0,0,0,0,0,0,0,0,0
2003,350039,2,1,17,17,17,17,17,17,17,17,17,17
2003,350040,1,1,0,0,0,0,0,0,0,0,0,0
2003,350040,2,1,7,0,6,0,19,9,0,0,0,29
2003,350041,1,1,13,13,13,13,13,13,13,13,13,13
2003,350042,1,1,0,0,0,0,0,0,0,0,0,0
2003,350042,2,1,0,0,0,0,0,0,0,0,0,0
2003,350043,1,1,0,0,0,0,0,0,0,0,0,0
2003,350044,1,1,0,0,0,0,0,0,0,0,0,0
2003,350045,1,1,0,0,0,0,0,0,0,0,0,0
2003,350046,1,1,0,7,7,30,0,16,18,20,11,21
2003,350046,2,1,0,0,0,0,0,0,0,0,0,0
2003,350047,1,1,0,0,0,0,0,0,0,0,0,0
2003,350047,2,1,0,0,0,0,0,0,0,0,0,0
2003,350048,1,1,26,26,26,26,26,26,26,26,26,26
2003,350050,1,1,13,19,18,0,31,0,0,0,15,24
2003,350051,1,1,0,0,0,0,0,0,0,0,0,0
2003,350052,1,1,26,24,0,14,16,7,8,17,28,20
2003,350053,1,1,0,0,0,0,0,0,0,0,0,0
2003,350054,1,1,0,0,0,0,0,0,0,0,0,0
2003,350055,1,1,0,5,25,10,13,8,14,0,0,7
2003,350056,1,1,8,8,8,8,8,8,8,8,8,8
2003,350057,1,1,20,20,20,20,20,20,20,20,20,20
2003,350058,1,1,24,24,24,24,24,24,24,24,24,24
2003,350058,2,1,0,0,0,0,0,0,0,0,0,0
2003,350059,1,1,15,15,15,15,15,15,15,15,15,15
2003,350059,2,1,0,0,0,0,0,0,0,0,0,0
2003,350060,1,1,19,19,19,19,19,19,19,19,19,19
2003,350062,1,1,0,0,0,0,0,0,0,0,0,0
2003,350062,2,1,30,30,30,30,30,30,30,30,30,30
2003,350063,0,1,23,23,23,23,23,23,23,23,23,23
2003,350063,1,1,0,24,25,0,0,0,17,0,0,0
2003,350064,1,1,0,0,0,0,0,0,0,0,0,0
2003,350065,1,1,0,0,0,0,0,0,0,0,0,0
2003,350065,2,1,34,34,34,34,34,34,34,34,34,34
2003,350066,1,1,11,4,22,14,7,6,25,13,15,19
2003,350066,2,1,0,0,0,0,0,0,0,0,0,0
2003,350067,1,1,8,8,8,8,8,8,8,8,8,8
2003,350068,1,1,12,19,12,4,23,0,7,15,11,14
2003,350069,1,1,0,0,0,0,0,0,0,0,0,0
2003,350069,2,1,0,0,0,0,0,0,0,0,0,0
2003,350070,1,1,20,20,20,20,20,20,20,20,20,20
2003,350070,2,1,4,4,4,4,4,4,4,4,4,4
2003,350071,1,1,0,0,5,13,14,21,0,8,0,18
2003,350071,2,1,0,0,0,0,0,0,0,0,0,0
2003,350072,1,1,0,0,0,0,0,0,0,0,0,0
2003,350072,2,1,0,0,0,0,0,0,0,11,0,0
2003,350073,1,1,0,0,0,0,0,0,0,0,0,0
2003,350074,1,1,18,18,18,18,18,18,18,18,18,18
2003,350075,1,1,19,19,19,19,19,19,19,19,19,19
2003,350076,0,1,25,25,25,25,25,25,25,25,25,25
2003,350076,1,1,0,18,0,0,0,0,12,8,25,29
2003,350077,1,1,0,0,0,0,0,0,0,0,0,0
2003,350078,1,1,0,0,0,0,0,0,0,0,0,0
2003,350078,2,1,0,0,0,0,0,0,0,0,0,0
2003,350079,0,1,14,16,0,35,20,9,9,15,23,16
2003,350079,1,1,0,0,0,0,0,0,0,0,0,0
2003,350080,1,1,0,0,0,0,0,0,0,0,19,0
2003,350080,2,1,0,0,0,0,0,0,0,0,0,0
2003,350081,1,1,9,0,12,7,0,12,17,9,14,14
2003,350081,2,1,0,0,0,0,0,0,0,0,0,0
2003,350082,1,1,22,22,22,22,22,22,22,22,22,22
2003,350083,0,1,31,30,16,21,14,15,19,52,3,25
2003,350083,1,1,0,0,16,0,0,0,16,0,0,0
2003,350084,1,1,0,0,0,0,0,0,0,0,0,0
2003,350085,1,1,2,2,2,2,2,2,2,2,2,2
2003,350085,2,1,0,0,0,0,0,0,0,0,0,0
2003,350086,1,1,0,0,0,0,0,0,0,0,0,0
2003,350086,2,1,0,17,0,0,0,0,0,0,0,0
2003,350087,1,1,12,18,13,0,0,15,0,0,0,13
2003,350087,2,1,0,0,0,0,0,0,0,0,0,0
2003,350088,1,1,31,31,31,31,31,31,31,31,31,31
2003,350089,1,1,16,0,22,18,0,0,19,24,18,18
2003,350090,1,1,15,15,15,15,15,15,15,15,15,15
2003,350091,0,1,0,0,0,14,0,0,0,0,0,0
2003,350091,1,1,0,0,0,0,0,0,0,0,0,0
2003,350092,1,1,0,0,0,0,11,0,0,0,0,0
2003,350093,1,1,13,13,13,13,13,13,13,13,13,13
2003,350094,1,1,0,0,0,0,0,0,0,21,0,0
2003,350094,2,1,0,0,0,0,0,0,0,0,0,0
2003,350095,1,1,0,0,0,0,0,0,0,0,7,0
2003,350096,1,1,37,37,37,37,37,37,37,37,37,37
2003,350097,1,1,19,19,19,19,19,19,19,19,19,19
2003,350099,1,1,27,27,27,27,27,27,27,27,27,27
2003,350100,0,1,13,13,13,13,13,13,13,13,13,13
2003,350100,0,2,15,15,15,15,15,15,15,15,15,15
2003,350100,1,1,0,0,0,0,0,0,0,0,0,0
2003,350101,1,1,3,3,3,3,3,3,3,3,3,3
2003,350101,2,1,4,0,0,0,0,0,0,0,0,0
2003,350102,1,1,0,0,0,0,0,0,0,0,0,0
2003,350102,2,1,0,0,0,0,0,0,0,0,0,0
2003,350104,1,1,2,2,2,2,2,2,2,2,2,2
2003,350105,1,1,0,0,0,0,0,0,0,0,0,0
2003,350105,2,1,0,0,0,0,0,0,0,0,0,0
2003,350106,1,1,0,0,0,0,0,0,0,0,0,0
2003,350107,1,1,0,18,0,13,13,11,18,15,10,3
2003,350108,1,1,0,0,0,0,0,0,0,0,0,0
2003,350109,1,1,15,15,15,15,15,15,15,15,15,15
2003,350110,1,1,0,0,0,0,0,0,0,0,0,0
2003,350110,2,1,0,0,0,0,0,0,0,0,0,0
2003,350111,1,1,0,0,0,0,0,0,0,0,0,0
2003,350112,1,1,0,0,0,0,0,0,0,0,0,0
2003,350112,2,1,16,16,16,16,16,16,16,16,16,16
2003,350113,1,1,15,13,9,0,12,10,0,0,0,12
2003,350114,1,1,0,0,0,0,0,0,0,0,0,0
2003,350115,1,1,0,0,0,0,0,0,0,0,0,0
2003,350116,1,1,0,0,0,0,0,0,0,0,0,0
2003,350118,0,1,17,17,17,17,17,17,17,17,17,17
2003,350118,1,1,0,0,0,0,0,0,0,0,0,0
2003,350119,1,1,0,0,0,0,0,0,0,0,0,0
2003,350120,0,1,13,13,13,13,13,13,13,13,13,13
2003,350120,1,1,18,18,18,18,18,18,18,18,18,18
2003,350121,1,1,12,12,12,12,12,12,12,12,12,12
2003,350122,1,1,0,0,0,0,0,0,0,0,0,0
2003,350123,1,1,0,0,0,0,0,0,0,0,0,0
2003,350124,0,1,22,22,22,22,22,22,22,22,22,22
2003,350124,1,1,0,0,0,0,0,0,0,0,0,0
2003,350125,1,1,13,25,0,9,9,0,4,13,11,0
2003,350126,1,1,1,1,1,1,1,1,1,1,1,1
2003,350127,1,1,0,0,0,0,0,0,0,0,0,0
2003,350127,2,1,24,24,24,24,24,24,24,24,24,24
2003,350128,1,1,0,0,0,0,0,0,0,0,0,0
2003,350128,2,1,0,0,0,0,0,0,0,0,0,0
2003,350129,1,1,0,0,0,0,0,0,0,0,0,0
2003,350130,1,1,1,1,1,1,1,1,1,1,1,1
2003,350131,1,1,14,14,14,14,14,14,14,14,14,14
2003,350132,0,1,32,21,24,15,14,12,24,31,14,13
2003,350132,1,1,0,0,0,0,0,0,0,0,0,0
2003,350133,0,1,0,0,0,0,0,0,0,0,0,0
2003,350133,1,1,0,0,0,0,0,0,0,0,0,0
2003,350134,1,1,20,0,25,0,34,26,28,23,7,22
2003,350135,1,1,0,0,0,0,0,0,0,0,0,0
2003,350137,1,1,0,0,0,0,0,0,0,0,0,0
2003,350138,1,1,0,0,0,0,0,0,0,0,0,0
2003,350138,2,1,0,0,0,0,0,0,0,0,0,0
2003,350139,1,1,10,10,10,10,10,10,10,10,10,10
2003,350139,2,1,0,0,0,0,0,0,0,3,0,0
2003,350140,1,1,0,0,0,0,0,0,0,0,0,0
2003,350141,0,1,36,36,36,36,36,36,36,36,36,36
2003,350141,1,1,23,23,23,23,23,23,23,23,23,23
2003,350142,1,1,12,12,12,12,12,12,12,12,12,12
2003,350142,2,1,0,0,0,0,0,0,0,0,0,0
2003,350143,1,1,0,0,0,0,0,0,0,0,0,0
2003,350144,1,1,0,0,0,0,0,0,0,0,0,0
2003,350144,2,1,0,0,0,0,0,0,0,0,0,26
2003,350145,0,1,0,0,0,0,0,0,0,0,0,0
2003,350145,1,1,0,0,0,0,0,0,0,0,0,0
2003,350146,1,1,18,18,18,18,18,18,18,18,18,18
2003,350147,1,1,0,0,0,0,0,0,0,0,0,0
2003,350148,0,1,20,20,20,20,20,20,20,20,20,20
2003,350148,1,1,0,10,0,0,0,0,0,0,0,0
2003,350149,1,1,0,0,0,0,0,0,0,0,0,0
2003,350150,1,1,0,0,0,0,0,0,0,0,0,0
2003,350150,2,1,0,0,0,0,0,0,0,0,0,0
2003,350151,0,1,14,14,14,14,14,14,14,14,14,14
2003,350151,1,1,0,0,0,0,0,0,0,0,0,19
2003,350152,1,1,27,27,27,27,27,27,27,27,27,27
2003,350153,1,1,8,8,8,8,8,8,8,8,8,8
2003,350154,1,1,0,16,0,0,0,0,0,0,0,0
2003,350155,1,1,0,0,0,0,0,0,0,0,0,0
2003,350156,1,1,0,0,0,0,0,0,0,0,0,0
2003,350157,1,1,0,0,0,0,0,0,0,0,0,0
2003,350158,1,1,0,0,0,0,0,0,0,0,0,0
2003,350159,1,1,0,0,0,0,0,0,0,0,0,0
2003,350159,2,1,0,0,0,0,0,0,0,0,0,0
2003,350160,1,1,0,0,0,0,0,0,0,0,0,0
2003,350160,2,1,0,0,0,0,0,0,0,0,0,10
2003,350162,1,1,8,8,8,8,8,8,8,8,8,8
2003,350163,1,1,0,0,0,0,0,0,0,0,0,0
2003,350163,2,1,2,2,2,2,2,2,2,2,2,2
2003,350164,1,1,0,0,0,0,0,0,0,0,0,0
2003,350165,0,1,23,23,23,23,23,23,23,23,23,23
2003,350165,1,1,0,0,0,0,0,0,0,0,0,0
2003,350166,1,1,20,20,20,20,20,20,20,20,20,20
2003,350167,1,1,0,0,0,0,0,0,0,0,0,0
2003,350168,0,1,0,0,0,19,0,0,0,0,0,0
2003,350168,1,1,0,0,0,0,0,0,0,0,0,0
2003,350170,1,1,12,15,12,3,14,36,0,0,11,3
2003,350171,0,1,24,24,24,24,24,24,24,24,24,24
2003,350171,1,1,0,0,0,0,0,0,0,0,0,0
2003,350172,1,1,21,21,21,21,21,21,21,21,21,21
2003,350173,1,1,20,20,20,20,20,20,20,20,20,20
2003,350175,1,1,0,0,0,0,0,0,0,0,0,0
2003,350175,2,1,2,2,2,2,2,2,2,2,2,2
2003,350176,1,1,18,18,18,18,18,18,18,18,18,18
2003,350177,1,1,36,36,36,36,36,36,36,36,36,36
2003,350177,2,1,0,0,0,0,0,0,0,0,0,0
2003,350178,1,1,16,16,16,16,16,16,16,16,16,16
2003,350179,1,1,7,7,7,7,7,7,7,7,7,7
2003,350180,1,1,10,10,10,10,10,10,10,10,10,10
2003,350181,1,1,0,0,0,0,0,0,0,0,0,0
2003,350182,1,1,0,0,0,0,0,0,0,0,0,0
2003,350182,2,1,0,0,0,0,0,0,0,0,0,0
2003,350183,1,1,0,0,0,0,0,0,0,0,0,0
2003,350183,2,1,4,4,4,4,4,4,4,4,4,4
2003,350184,1,1,13,0,0,0,0,0,0,0,0,0
2003,350184,2,1,0,0,0,0,0,0,0,0,0,0
2003,350185,1,1,0,0,0,0,0,0,0,0,0,0
2003,350186,1,1,0,0,0,0,0,0,0,0,0,0
2003,350187,1,1,0,0,0,0,0,0,0,0,0,0
2003,350188,1,1,27,27,27,27,27,27,27,27,27,27
2003,350188,2,1,0,0,0,0,0,0,0,0,0,0
2003,350189,1,1,29,29,29,29,29,29,29,29,29,29
2003,350190,1,1,0,0,0,0,0,0,0,0,0,0
2003,350191,1,1,24,24,24,24,24,24,24,24,24,24
2003,350191,2,1,0,0,0,0,0,7,0,0,0,0
2003,350192,1,1,14,14,14,14,14,14,14,14,14,14
2003,350193,1,1,0,0,0,0,0,0,0,0,0,0
2003,350194,1,1,0,0,0,0,0,0,0,0,0,0
2003,350195,1,1,18,18,18,18,18,18,18,18,18,18
2003,350196,1,1,5,5,5,5,5,5,5,5,5,5
2003,350196,2,1,0,17,0,0,0,0,5,0,4,0
2003,350196,3,1,0,0,0,0,0,0,0,0,0,13
2003,350197,1,1,0,0,0,0,0,0,0,0,0,0
2003,350197,2,1,0,0,0,0,0,0,0,0,0,0
2003,350198,1,1,0,0,0,0,0,0,0,0,0,0
2003,350199,1,1,0,0,0,0,0,0,0,14,0,0
2003,350200,1,1,0,0,0,0,0,0,0,0,0,0
2003,350201,1,1,13,10,4,21,4,9,15,15,5,15
2003,350202,0,1,28,28,28,28,28,28,28,28,28,28
2003,350202,1,1,0,0,0,0,0,0,0,0,0,0
2003,350203,0,1,21,13,10,45,0,33,19,11,28,20
2003,350203,1,1,0,0,0,0,0,0,0,0,0,0
2003,350204,0,1,36,36,36,36,36,36,36,36,36,36
2003,350204,1,1,0,0,0,0,0,0,0,0,0,0
2003,350205,1,1,16,13,33,15,27,22,17,14,16,12
2003,350206,1,1,0,0,0,0,0,0,0,0,0,0
2003,350208,1,1,28,28,28,28,28,28,28,28,28,28
2003,350209,1,1,0,0,0,0,0,0,0,0,0,0
2003,350210,1,1,0,0,0,0,0,0,0,0,0,0
2003,350210,2,1,0,0,0,0,0,0,0,0,0,0
2003,350211,1,1,0,0,0,39,0,0,0,0,0,0
2003,350211,2,1,0,0,0,0,0,0,0,0,0,0
2003,350212,1,1,0,0,0,0,0,0,0,0,0,0
2003,350213,1,1,0,0,0,0,0,0,0,0,0,0
2003,350213,2,1,0,0,0,0,0,0,0,0,0,0
2003,350214,0,1,0,0,0,0,0,0,0,0,0,0
2003,350214,1,1,0,0,0,0,0,0,0,0,0,0
2003,350215,1,1,0,0,0,0,0,0,0,0,0,0
2003,350215,2,1,0,0,0,0,0,0,0,0,0,0
2003,350216,1,1,22,22,22,22,22,22,22,22,22,22
2003,350217,0,1,0,0,0,0,0,0,0,0,0,0
2003,350217,1,1,0,0,0,0,0,0,0,0,0,0
2003,350218,1,1,0,0,0,0,0,0,0,0,0,0
2003,350219,1,1,0,0,0,0,0,0,0,0,0,0
2003,350219,2,1,0,0,0,0,0,0,0,0,0,0
2003,350221,1,1,0,0,0,0,0,0,0,0,0,0
2003,350222,1,1,21,21,21,21,21,21,21,21,21,21
2003,350223,1,1,0,0,0,0,0,0,0,0,0,0
2003,350224,1,1,0,0,0,0,0,0,0,0,0,0
2003,350225,1,1,0,0,0,0,0,0,0,0,0,0
2003,350226,1,1,5,0,0,0,0,0,0,0,0,0
2003,350227,1,1,0,0,0,0,0,0,0,0,0,0
2003,350228,0,1,0,0,0,0,0,0,0,0,0,0
2003,350228,1,1,11,0,0,0,0,0,0,0,0,0
2003,350229,1,1,12,12,12,12,12,12,12,12,12,12
2003,350230,1,1,0,0,27,19,0,14,13,13,14,18
2003,350231,1,1,0,0,0,0,0,0,0,0,0,0
2003,350232,1,1,0,0,12,0,0,0,0,0,0,0
2003,350233,1,1,19,29,4,16,26,7,7,11,19,22
2003,350234,1,1,23,26,10,6,0,16,13,21,23,18
2003,350234,2,1,0,0,0,0,0,0,0,0,0,0
2003,350234,3,1,0,0,0,0,0,0,0,0,0,0
2003,350235,1,1,0,0,0,0,0,0,0,0,0,0
2003,350236,1,1,0,0,8,0,0,0,13,0,20,9
2003,350237,1,1,13,13,13,13,13,13,13,13,13,13
2003,350238,1,1,17,17,17,17,17,17,17,17,17,17
2003,350239,1,1,0,0,0,0,0,0,0,0,0,0
2003,350239,2,1,0,0,0,0,0,0,0,0,6,0
2003,350240,1,1,0,0,0,0,0,0,0,0,0,0
2003,350240,2,1,0,0,0,0,0,0,0,0,0,0
2003,350241,0,1,23,23,23,23,23,23,23,23,23,23
2003,350241,1,1,0,0,0,0,0,0,0,0,0,0
2003,350242,1,1,18,13,6,44,22,25,14,24,19,7
2003,350243,1,1,0,0,0,0,0,0,0,0,0,0
2003,350243,2,1,3,3,3,3,3,3,3,3,3,3
2003,350244,0,1,31,31,31,31,31,31,31,31,31,31
2003,350244,1,1,0,0,0,0,0,0,0,0,0,0
2003,350245,0,1,0,0,6,28,0,28,0,0,0,11
2003,350245,1,1,0,0,0,0,0,0,0,0,0,0
2003,350246,1,1,0,0,0,0,0,0,0,0,0,0
2003,350247,1,1,0,0,0,0,0,0,0,0,0,0
2003,350248,1,1,0,0,0,0,0,0,0,0,0,0
2003,350248,2,1,0,0,0,0,0,0,0,0,0,0
2003,350249,1,1,25,25,25,25,25,25,25,25,25,25
2003,350249,2,1,15,15,0,19,14,23,23,17,7,17
2003,350250,1,1,0,0,0,0,0,0,0,0,0,0
2003,350250,2,1,0,0,0,0,0,0,0,0,0,0
2003,350251,0,1,0,0,0,0,0,0,0,0,0,0
2003,350251,1,1,0,0,0,0,0,0,0,0,0,0
2003,350252,1,1,19,19,19,19,19,19,19,19,19,19
2003,350253,1,1,20,20,20,20,20,20,20,20,20,20
2003,350254,0,1,29,29,29,29,29,29,29,29,29,29
2003,350254,1,1,0,0,0,0,0,0,0,0,0,0
2003,350255,1,1,15,15,15,15,15,15,15,15,15,15
2003,350256,1,1,0,0,0,0,0,0,0,0,0,0
2003,350257,0,1,16,16,16,16,16,16,16,16,16,16
2003,350257,1,1,0,0,0,0,0,0,0,0,0,0
2003,350258,1,1,0,0,0,0,0,0,0,0,0,0
2003,350258,2,1,0,0,0,0,0,0,0,0,0,0
2003,350259,0,1,16,16,16,16,16,16,16,16,16,16
2003,350259,1,1,0,0,0,0,0,0,0,0,0,0
2003,350260,1,1,0,0,0,0,0,0,0,0,0,0
2003,350261,1,1,32,32,32,32,32,32,32,32,32,32
2003,350262,1,1,0,0,0,0,0,0,0,0,0,0
2003,350262,2,1,17,0,0,0,0,0,0,0,0,0
2003,350263,1,1,0,0,0,0,0,0,0,0,0,0
2003,350264,1,1,1,1,1,1,1,1,1,1,1,1
2003,350264,2,1,0,0,0,0,0,0,0,0,0,6
2003,350265,1,1,25,25,25,25,25,25,25,25,25,25
2003,350265,2,1,0,0,0,0,0,0,0,0,0,0
2003,350266,1,1,0,0,0,0,0,0,0,0,0,0
2003,350266,2,1,0,0,0,0,0,0,0,0,0,0
2003,350267,1,1,17,17,17,17,17,17,17,17,17,17
2003,350268,1,1,0,0,0,0,0,0,0,0,0,0
2003,350270,1,1,28,28,28,28,28,28,28,28,28,28
2003,350270,2,1,0,0,0,0,0,0,0,0,0,0
2003,350271,1,1,12,12,12,12,12,12,12,12,12,12
2003,350272,1,1,0,0,0,0,0,0,0,0,0,0
2003,350272,2,1,0,0,0,0,0,0,0,0,0,0
2003,350273,0,1,14,14,14,14,14,14,14,14,14,14
2003,350273,1,1,0,0,0,0,0,0,0,0,0,0
2003,350274,1,1,22,15,21,7,20,15,15,12,18,17
2003,350275,1,1,0,0,0,0,0,0,0,0,0,0
2003,350275,2,1,18,18,18,18,18,18,18,18,18,18
2003,350276,1,1,0,0,0,0,0,0,0,0,0,0
2003,350276,2,1,0,0,0,0,0,0,0,0,0,0
2003,350277,1,1,0,0,0,0,0,0,0,0,0,0
2003,350278,1,1,0,0,0,0,0,0,0,0,0,0
2003,350278,2,1,0,0,0,0,0,0,0,0,0,0
2003,350279,1,1,4,4,4,4,4,4,4,4,4,4
2003,350279,2,1,3,3,3,3,3,3,3,3,3,3
2003,350280,1,1,18,18,18,18,18,18,18,18,18,18
2003,350281,0,1,0,0,0,0,0,0,0,0,0,0
2003,350281,1,1,0,0,0,0,0,0,0,0,0,0
2003,350282,1,1,24,11,8,11,12,0,21,10,17,23
2003,350283,1,1,0,0,0,0,0,0,0,0,0,0
2003,350283,2,1,0,0,0,0,0,0,0,0,0,0
2003,350284,1,1,0,0,0,0,0,0,0,0,0,0
2003,350285,0,1,14,14,14,14,14,14,14,14,14,14
2003,350285,1,1,0,0,0,0,0,0,0,0,0,0
2003,350286,0,1,31,31,31,31,31,31,31,31,31,31
2003,350286,1,1,0,0,0,0,0,0,0,0,0,0
2003,350287,1,1,13,22,0,5,18,4,8,9,14,9
2003,350288,1,1,0,0,0,0,0,0,0,0,0,0
2003,350288,2,1,0,0,0,0,0,0,0,0,0,0
2003,350289,1,1,0,0,0,0,0,0,0,0,0,0
2003,350290,1,1,0,0,0,0,0,0,0,0,0,0
2003,350290,2,1,0,0,0,0,0,0,0,0,0,0
2003,350290,3,1,0,0,0,0,0,0,0,0,0,0
2003,350290,4,1,0,0,0,0,14,0,0,0,0,0
2003,350291,1,1,0,0,0,0,0,0,0,0,0,0
2003,350292,1,1,0,0,0,0,0,0,0,0,0,0
2003,350293,1,1,0,0,0,0,0,0,0,0,0,0
2003,350294,1,1,15,15,15,15,15,15,15,15,15,15
2003,350295,1,1,0,0,0,0,0,0,0,0,0,0
2003,350295,2,1,0,0,0,0,0,0,0,0,0,0
2003,350295,3,1,0,0,0,0,0,0,0,0,0,0
2003,350296,1,1,6,39,14,7,13,13,15,21,17,11
2003,350296,2,1,0,0,0,0,0,0,0,0,0,0
2003,350297,1,1,15,15,15,15,15,15,15,15,15,15
2003,350298,1,1,21,21,21,21,21,21,21,21,21,21
2003,350299,1,1,3,20,3,16,23,2,19,10,12,28
2003,350299,2,1,0,0,0,0,0,0,0,0,13,0
2003,350300,1,1,0,0,0,0,0,0,0,0,0,0
2003,350300,2,1,0,0,0,0,0,0,0,0,0,0
2003,350301,0,1,18,18,18,18,18,18,18,18,18,18
2003,350301,1,1,0,0,0,0,0,0,0,8,0,0
2003,350302,1,1,17,0,0,0,11,0,0,0,0,0
2003,350303,1,1,19,19,19,19,19,19,19,19,19,19
2003,350304,1,1,0,17,0,0,0,0,0,0,0,0
2003,350305,1,1,38,38,38,38,38,38,38,38,38,38
2003,350306,1,1,0,0,0,0,0,0,0,0,0,0
2003,350307,1,1,4,0,22,0,10,0,4,15,0,11
2003,350307,2,1,0,0,0,0,0,0,0,0,0,0
2003,350308,1,1,6,23,20,44,12,17,12,7,8,13
2003,350309,1,1,0,0,0,0,0,0,0,0,0,0
2003,350310,0,1,0,0,17,0,0,0,0,0,0,0
2003,350310,1,1,0,0,0,0,0,0,0,0,0,0
2003,350311,0,1,17,0,7,0,0,0,0,0,0,0
2003,350311,1,1,0,0,0,0,0,0,0,0,0,0
2003,350312,1,1,0,0,0,0,0,0,0,0,0,0
2003,350313,1,1,26,17,17,36,22,15,14,13,18,16
2003,350314,1,1,20,20,20,20,20,20,20,20,20,20
2003,350315,1,1,0,0,0,0,0,0,0,0,0,0
2003,350315,2,1,0,0,0,0,0,0,0,0,0,0
2003,350316,0,1,19,25,24,29,0,26,35,4,23,7