YEAR,ST_CASE,veh_no,per_no,P1,P2,P3,P4,P5,P6,P7,P8,P9,P10
2003,350316,1,1,0,0,0,0,0,0,0,0,0,0
2003,350317,1,1,16,22,0,13,0,17,15,2,12,15
2003,350317,2,1,24,24,24,24,24,24,24,24,24,24
2003,350318,1,1,0,0,0,0,0,0,0,0,0,0
2003,350319,1,1,0,0,0,0,0,0,0,0,0,0
2003,350319,2,1,0,0,0,0,0,0,0,0,0,0
2003,350320,1,1,0,0,0,0,0,0,0,0,0,0
2003,350321,1,1,0,0,0,0,0,0,0,0,0,0
2003,350321,2,1,2,2,2,2,2,2,2,2,2,2
2003,350322,1,1,0,0,0,0,0,0,0,0,0,0
2003,350322,2,1,0,0,0,16,0,0,0,6,0,0
2003,350323,1,1,0,0,0,0,0,0,0,0,0,0
2003,350324,1,1,23,23,23,23,23,23,23,23,23,23
2003,350325,1,1,0,0,0,0,0,0,0,0,0,0
2003,350325,2,1,0,0,0,0,0,0,0,0,0,0
2003,350326,1,1,12,9,16,18,30,13,12,19,20,13
2003,350326,2,1,0,0,0,0,2,0,0,0,0,0
2003,350327,1,1,0,0,0,12,0,0,0,0,0,0
2003,350328,1,1,0,0,0,0,0,0,0,0,0,0
2003,350328,2,1,0,0,0,0,0,0,0,0,0,0
2003,350329,0,1,0,0,0,0,0,0,9,26,0,5
2003,350329,1,1,0,0,0,0,0,0,0,20,0,19
2003,350330,0,1,11,0,0,0,0,0,0,0,0,0
2003,350330,1,1,0,0,0,0,0,0,0,0,0,0
2003,350331,1,1,0,0,0,0,0,0,0,0,0,0
2003,350331,2,1,0,0,0,0,0,0,0,0,0,0
2003,350332,1,1,0,0,0,0,0,0,0,0,0,0
2003,350333,1,1,0,0,0,0,0,0,0,0,0,0
2003,350334,1,1,16,16,15,10,14,13,30,3,24,15
2003,350334,2,1,14,14,14,14,14,14,14,14,14,14
2003,350334,3,1,0,0,0,0,0,0,0,0,0,0
2003,350336,1,1,5,11,0,5,11,20,13,11,26,13
2003,350336,2,1,0,0,0,0,0,0,0,0,0,0
2003,350337,1,1,6,6,6,6,6,6,6,6,6,6
2003,350337,2,1,0,0,0,0,0,0,0,0,0,0
2003,350338,1,1,0,0,0,12,12,0,0,27,0,0
2003,350338,2,1,0,0,0,0,0,0,0,0,0,0
2003,350339,1,1,25,24,4,17,10,24,7,11,21,20
2003,350340,1,1,0,0,0,0,0,0,0,0,0,0
2003,350341,0,1,0,0,0,0,0,0,0,0,0,0
2003,350341,0,2,0,0,0,0,0,0,0,0,0,0
2003,350341,1,1,19,19,19,19,19,19,19,19,19,19
2003,350342,1,1,0,0,0,0,0,0,0,0,0,0
2003,350343,1,1,0,0,0,0,0,0,0,0,0,0
2003,350343,2,1,0,0,0,0,0,0,2,0,0,0
2003,350344,1,1,0,0,0,0,0,0,0,0,0,0
2003,350344,2,1,23,23,23,23,23,23,23,23,23,23
2003,350345,1,1,0,0,0,0,0,0,0,0,0,0
2003,350346,1,1,0,0,0,0,0,0,0,0,0,0
2003,350347,1,1,0,0,0,0,0,0,0,0,0,0
2003,350348,1,1,15,15,15,15,15,15,15,15,15,15
2003,350349,1,1,0,0,0,0,0,0,0,0,0,0
2003,350349,2,1,0,0,0,0,0,0,0,0,0,0
2003,350350,1,1,15,18,13,18,21,20,19,20,0,20
2003,350351,1,1,0,0,0,0,0,0,0,0,0,0
2003,350351,2,1,0,0,0,0,0,0,0,0,0,0
2003,350352,1,1,0,0,0,0,0,0,0,0,0,0
2003,350352,2,1,0,0,0,0,0,0,0,0,0,0
2003,350352,3,1,0,0,0,0,0,0,0,0,0,0
2003,350353,1,1,20,20,20,20,20,20,20,20,20,20
2003,350354,1,1,0,0,0,0,0,0,20,0,0,0
2003,350355,1,1,0,21,0,0,0,0,0,0,0,0
2003,350355,2,1,4,4,4,4,4,4,4,4,4,4
2003,350356,1,1,12,12,12,12,12,12,12,12,12,12
2003,350357,1,1,0,0,0,0,0,0,0,0,0,0
2003,350357,2,1,0,0,0,0,0,0,0,0,0,0
2003,350358,1,1,0,0,0,0,0,0,0,0,0,0
2003,350358,2,1,0,0,0,0,0,0,0,0,0,0
2003,350359,0,1,10,0,0,15,0,0,8,0,0,0
2003,350359,1,1,0,0,0,7,0,0,0,0,0,8
2003,350360,0,1,38,38,38,38,38,38,38,38,38,38
2003,350360,1,1,0,0,0,0,0,0,0,0,0,0
2003,350361,1,1,30,30,30,30,30,30,30,30,30,30
2003,350362,1,1,20,21,25,32,0,17,10,34,0,19
2003,350364,1,1,0,0,0,0,0,0,0,0,0,0
2003,350364,2,1,0,0,0,0,0,0,0,0,0,0
2003,350364,3,1,0,0,0,0,0,0,0,0,0,0
2003,350365,1,1,5,15,7,19,10,12,18,7,12,28
2003,350366,1,1,27,27,27,27,27,27,27,27,27,27
2003,350367,1,1,0,0,0,0,0,0,0,0,0,0
2003,350367,2,1,0,0,0,0,0,0,0,0,0,0
2003,350368,1,1,0,0,0,0,0,0,0,0,0,0
2003,350369,1,1,0,0,0,0,0,0,0,0,0,0
2003,350369,2,1,0,0,0,0,0,0,0,0,0,0
2003,350369,3,1,0,0,0,0,0,0,0,0,0,0
2003,350369,4,1,0,0,0,0,0,0,0,0,0,0
2003,350369,5,1,0,0,0,0,0,0,0,0,0,4
2003,350369,6,1,0,0,0,0,0,0,0,0,0,0
2003,350369,7,1,0,0,0,0,0,0,0,0,0,0
2003,350370,1,1,0,0,0,0,0,0,0,0,0,0
2003,350370,2,1,0,0,0,0,0,0,0,0,0,0
2003,350371,1,1,33,33,33,33,33,33,33,33,33,33
2003,350371,2,1,0,0,0,0,0,0,0,0,0,0
2003,350372,1,1,13,13,13,13,13,13,13,13,13,13
2003,350373,1,1,0,0,0,0,0,0,0,0,0,0
2003,350373,2,1,0,0,0,0,0,0,0,0,0,0
2003,350374,1,1,30,14,20,19,31,27,35,12,33,19
2003,350375,1,1,0,0,0,0,0,0,0,0,0,0
2003,350376,0,1,22,22,22,22,22,22,22,22,22,22
2003,350376,1,1,0,0,0,0,0,0,0,0,0,0
2003,350377,0,1,0,0,0,0,0,0,0,0,0,0
2003,350377,1,1,0,0,0,0,0,0,0,0,0,0
2003,350378,1,1,0,0,0,0,0,0,0,0,0,0
2003,350378,2,1,0,0,0,0,0,0,0,0,0,0
2003,350379,0,1,9,9,9,9,9,9,9,9,9,9
2003,350379,1,1,11,5,31,0,25,32,15,11,20,20
2003,350380,1,1,0,0,0,0,0,0,0,0,0,0
2003,350380,2,1,0,0,0,0,0,0,0,0,0,0
2003,350381,1,1,0,0,0,0,0,0,0,6,0,0
2003,350381,2,1,0,0,0,0,0,0,0,0,0,0
2003,350382,1,1,0,0,0,0,0,0,0,0,0,0
2003,350382,2,1,15,8,19,9,0,12,6,0,25,9
2003,350383,1,1,25,25,25,25,25,25,25,25,25,25
2003,350384,0,1,37,37,37,37,37,37,37,37,37,37
2003,350384,1,1,0,0,0,0,0,0,0,0,0,0
2003,350385,1,1,18,18,18,18,18,18,18,18,18,18
2003,360001,1,1,6,6,6,6,6,6,6,6,6,6
2003,360002,1,1,0,0,0,0,0,0,0,0,0,0
2003,360002,2,1,0,0,0,0,0,12,0,0,0,0
2003,360003,1,1,11,11,11,11,11,11,11,11,11,11
2003,360004,0,1,9,15,21,0,0,0,0,18,0,0
2003,360004,1,1,8,0,0,0,0,0,0,0,0,0
2003,360005,1,1,13,23,12,15,20,10,15,19,28,21
2003,360006,0,1,0,0,0,12,0,0,0,0,0,0
2003,360006,1,1,0,0,0,0,0,0,0,0,0,0
2003,360007,1,1,0,16,0,0,0,0,0,0,0,0
2003,360008,1,1,11,0,0,0,0,0,14,0,0,0
2003,360008,2,1,0,0,0,0,0,29,0,0,0,0
2003,360009,1,1,0,0,0,0,0,0,0,0,0,0
2003,360009,2,1,0,0,0,0,0,0,0,0,0,0
2003,360010,0,1,0,0,0,0,0,0,0,0,0,0
2003,360010,1,1,0,0,0,0,12,0,0,0,0,0
2003,360011,1,1,0,13,0,0,0,0,23,0,0,25
2003,360011,2,1,0,22,0,0,12,0,0,0,23,17
2003,360012,0,1,0,0,38,31,0,24,19,0,5,20
2003,360012,1,1,0,15,0,0,0,0,0,12,0,0
2003,360013,1,1,0,0,0,0,0,0,0,0,0,0
2003,360013,2,1,0,0,0,0,0,0,0,0,0,0
2003,360014,0,1,0,0,0,0,0,0,0,0,0,0
2003,360014,1,1,0,0,0,0,0,0,0,0,0,0
2003,360015,1,1,0,0,0,0,0,0,0,0,0,0
2003,360015,2,1,0,0,0,0,0,0,0,0,0,0
2003,360016,0,1,24,0,0,0,0,0,0,45,0,0
2003,360016,1,1,0,31,0,0,0,31,10,0,0,0
2003,360017,1,1,0,0,0,0,0,0,0,0,0,0
2003,360017,2,1,0,0,0,0,0,0,0,0,0,0
2003,360018,1,1,0,0,0,0,3,0,0,0,0,0
2003,360018,2,1,8,0,0,0,0,0,0,0,0,9
2003,360019,1,1,7,7,7,7,7,7,7,7,7,7
2003,360020,1,1,10,0,0,0,0,0,0,0,0,0
2003,360021,0,1,0,0,0,0,0,0,0,0,0,0
2003,360021,1,1,0,12,0,0,0,0,0,0,0,0
2003,360022,0,1,0,12,0,0,0,0,0,0,17,0
2003,360022,1,1,0,0,0,0,0,0,0,0,0,0
2003,360023,1,1,0,0,0,0,0,0,0,0,0,0
2003,360023,2,1,0,0,0,0,0,0,0,0,0,0
2003,360024,0,1,14,0,0,0,0,0,0,0,0,0
2003,360024,1,1,0,0,0,0,0,0,0,0,0,0
2003,360025,0,1,2,2,2,2,2,2,2,2,2,2
2003,360025,1,1,0,0,0,0,0,0,0,0,0,0
2003,360026,1,1,0,0,0,11,0,0,0,0,0,0
2003,360027,1,1,0,0,0,0,0,0,0,0,0,0
2003,360027,2,1,0,0,0,0,0,0,0,0,0,0
2003,360028,0,1,0,0,0,0,0,0,0,0,0,0
2003,360028,1,1,0,0,0,0,0,0,0,0,0,0
2003,360029,1,1,0,0,0,0,0,0,0,0,0,0
2003,360029,2,1,0,0,0,0,0,0,0,0,0,0
2003,360029,3,1,0,0,0,0,0,0,0,0,0,0
2003,360030,1,1,0,0,0,0,0,0,0,0,0,0
2003,360030,2,1,0,0,0,0,0,0,0,0,0,0
2003,360031,1,1,0,0,0,13,0,0,0,0,0,0
2003,360031,2,1,0,0,0,0,0,0,0,0,0,0
2003,360032,1,1,0,0,0,0,0,0,0,0,0,0
2003,360032,2,1,0,0,0,0,0,0,0,0,0,0
2003,360033,1,1,0,14,0,0,0,0,10,10,9,0
2003,360033,2,1,9,0,0,0,0,0,0,0,0,0
2003,360034,1,1,0,0,11,0,0,0,0,0,0,0
2003,360034,2,1,0,0,0,0,0,0,0,0,0,0
2003,360035,1,1,0,0,0,0,0,0,0,0,0,0
2003,360035,2,1,0,0,0,0,0,0,0,0,0,0
2003,360036,0,1,0,12,11,33,28,20,19,33,0,0
2003,360036,1,1,0,0,0,0,0,0,0,10,0,0
2003,360037,0,1,0,33,36,0,20,0,0,28,31,38
2003,360037,1,1,10,0,13,0,0,11,6,0,0,0
2003,360038,0,1,0,0,0,0,0,0,0,0,0,0
2003,360038,1,1,0,0,36,0,0,11,0,0,0,0
2003,360039,1,1,0,0,0,0,0,0,0,0,0,0
2003,360039,2,1,0,0,0,0,0,0,0,0,0,0
2003,360040,1,1,15,15,15,15,15,15,15,15,15,15
2003,360040,2,1,0,6,26,0,0,0,0,0,0,0
2003,360041,1,1,0,0,0,0,0,0,0,0,0,0
2003,360041,2,1,0,0,0,0,0,0,0,0,0,0
2003,360042,1,1,0,8,0,14,0,0,0,0,16,0
2003,360043,0,1,0,11,0,0,0,0,21,0,0,14
2003,360043,1,1,0,0,0,0,0,0,0,0,0,0
2003,360044,1,1,0,0,0,0,0,0,0,0,0,0
2003,360044,2,1,0,0,0,0,0,0,0,0,0,0
2003,360045,0,1,0,0,0,0,0,0,0,38,0,27
2003,360045,1,1,0,0,0,0,0,0,0,0,17,7
2003,360045,2,1,0,0,0,0,0,23,0,0,16,25
2003,360046,1,1,11,7,9,24,14,2,11,10,15,9
2003,360046,2,1,0,0,0,0,0,0,0,0,0,0
2003,360047,1,1,0,0,0,0,0,0,0,0,0,0
2003,360047,2,1,0,0,0,0,0,0,0,0,0,0
2003,360048,0,1,16,16,16,16,16,16,16,16,16,16
2003,360048,1,1,0,0,0,0,0,10,0,0,0,0
2003,360049,1,1,0,0,0,0,0,0,0,0,0,0
2003,360050,0,1,0,18,0,0,0,0,7,0,14,0
2003,360050,1,1,0,0,11,0,0,18,27,8,0,0
2003,360051,1,1,18,18,18,18,18,18,18,18,18,18
2003,360052,1,1,0,0,0,0,0,0,0,0,0,0
2003,360052,2,1,4,0,0,0,0,0,0,0,0,0
2003,360052,3,1,0,0,0,0,0,5,0,0,0,0
2003,360053,1,1,0,0,0,0,0,0,0,0,0,0
2003,360053,2,1,0,0,0,0,0,0,0,0,0,0
2003,360054,0,1,0,0,0,0,0,0,0,0,0,0
2003,360054,1,1,0,0,0,0,0,0,0,0,0,0
2003,360055,1,1,0,0,0,0,0,0,0,0,0,0
2003,360056,0,1,0,0,0,0,0,0,28,0,0,28
2003,360056,1,1,0,0,0,0,0,0,0,0,0,0
2003,360057,0,1,16,16,16,16,16,16,16,16,16,16
2003,360057,0,2,17,0,23,10,13,16,0,26,0,31
2003,360057,1,1,8,6,10,27,13,19,17,17,4,16
2003,360058,1,1,0,0,0,0,0,0,0,0,0,0
2003,360058,2,1,0,0,0,0,0,0,0,0,0,0
2003,360059,1,1,0,0,0,0,0,0,0,0,0,0
2003,360059,2,1,0,0,0,0,0,0,0,0,0,0
2003,360060,1,1,0,0,0,21,0,0,0,0,12,0
2003,360061,0,1,0,27,0,0,0,0,0,0,0,0
2003,360061,1,1,24,0,0,16,0,0,0,0,0,0
2003,360063,1,1,0,0,0,0,0,0,0,0,0,0
2003,360064,0,1,0,0,0,0,0,0,0,0,0,0
2003,360064,1,1,0,0,0,0,0,0,0,0,0,0
2003,360065,1,1,0,0,0,0,0,0,0,0,0,0
2003,360065,2,1,0,0,0,0,0,0,0,0,0,0
2003,360066,1,1,0,0,0,0,0,0,0,0,0,0
2003,360066,2,1,0,0,0,0,0,0,0,0,0,0
2003,360067,0,1,0,0,0,0,0,0,0,0,0,0
2003,360067,1,1,0,0,0,0,0,0,0,0,0,0
2003,360068,0,1,0,0,0,0,0,0,0,0,0,0
2003,360068,1,1,0,0,0,0,0,0,0,0,0,0
2003,360069,1,1,0,0,0,0,0,0,0,0,0,0
2003,360070,0,1,0,0,0,0,0,14,0,0,23,0
2003,360070,0,2,0,0,0,0,35,15,0,0,0,0
2003,360070,0,3,25,0,0,0,0,0,0,0,18,0
2003,360070,0,4,0,7,23,29,25,31,24,0,12,27
2003,360070,1,1,0,0,0,0,0,0,0,0,0,0
2003,360071,1,1,22,19,19,15,22,17,33,17,23,11
2003,360072,1,1,0,0,0,0,0,0,0,0,0,0
2003,360073,1,1,0,0,0,0,0,0,0,0,0,0
2003,360073,2,1,0,0,0,0,0,0,0,0,0,0
2003,360074,1,1,0,0,0,19,0,0,0,0,0,0
2003,360074,2,1,0,0,0,0,0,0,0,0,0,0
2003,360075,1,1,0,0,0,0,0,0,0,0,0,0
2003,360076,1,1,0,0,0,0,0,0,0,0,0,0
2003,360077,0,1,28,28,28,28,28,28,28,28,28,28
2003,360077,1,1,25,0,0,0,0,0,0,0,0,0
2003,360078,1,1,0,0,0,0,0,0,0,0,0,0
2003,360078,2,1,0,0,0,0,0,0,0,0,0,0
2003,360079,0,1,0,0,0,0,0,0,0,0,0,0
2003,360079,1,1,0,0,0,0,0,0,0,0,0,0
2003,360080,1,1,4,0,0,0,0,0,0,0,0,0
2003,360080,2,1,0,12,0,0,0,0,0,0,0,0
2003,360081,1,1,26,26,26,26,26,26,26,26,26,26
2003,360081,2,1,0,0,0,0,0,0,0,0,0,0
2003,360082,0,1,7,7,7,7,7,7,7,7,7,7
2003,360082,1,1,0,0,0,0,0,0,0,0,0,0
2003,360083,1,1,0,0,0,8,0,0,0,0,0,0
2003,360083,2,1,0,0,0,0,0,0,0,0,0,0
2003,360084,1,1,0,0,0,0,0,0,0,0,0,0
2003,360084,2,1,0,0,0,0,0,0,0,0,0,0
2003,360084,3,1,0,0,0,0,0,0,0,0,0,0
2003,360085,1,1,0,0,0,0,0,0,0,0,0,0
2003,360086,1,1,14,19,19,6,21,28,17,20,19,16
2003,360087,1,1,0,0,0,0,0,0,0,0,0,0
2003,360087,2,1,0,0,0,0,0,0,0,0,0,0
2003,360088,0,1,0,0,34,0,0,13,0,0,0,0
2003,360088,1,1,0,0,0,0,0,0,0,0,0,0
2003,360089,0,1,0,0,14,11,43,0,10,23,26,0
2003,360089,1,1,0,0,0,0,0,0,0,0,0,0
2003,360090,0,1,13,36,0,31,0,13,40,0,0,14
2003,360090,1,1,0,0,0,0,0,0,0,0,0,0
2003,360091,1,1,0,0,0,0,21,0,0,0,0,0
2003,360091,2,1,0,0,0,12,0,0,0,0,0,0
2003,360091,3,1,0,0,0,0,0,0,0,0,0,0
2003,360092,1,1,0,0,0,0,0,0,0,0,0,0
2003,360092,2,1,0,0,0,0,0,0,0,0,0,0
2003,360093,1,1,0,0,4,0,0,0,19,27,0,12
2003,360094,0,1,0,0,0,0,0,0,0,0,0,0
2003,360094,1,1,0,0,0,0,0,0,0,0,0,0
2003,360095,1,1,0,0,0,0,0,0,0,0,0,0
2003,360095,2,1,0,0,0,0,0,0,0,0,0,0
2003,360096,0,1,0,0,0,0,0,0,0,0,0,0
2003,360096,1,1,0,0,0,0,0,0,0,0,0,0
2003,360097,1,1,0,0,0,0,0,0,0,0,0,0
2003,360097,2,1,0,0,0,0,0,0,0,0,0,0
2003,360098,0,1,0,0,0,0,0,0,19,0,44,0
2003,360098,1,1,0,0,0,0,0,0,0,0,0,0
2003,360099,1,1,0,0,0,0,0,0,0,0,10,0
2003,360099,2,1,0,0,0,0,0,0,0,0,0,0
2003,360100,1,1,0,0,0,13,0,8,0,0,12,0
2003,360101,1,1,0,0,14,0,0,0,0,0,0,0
2003,360101,2,1,0,0,0,0,0,0,0,0,0,0
2003,360102,0,1,0,0,0,0,0,0,0,0,0,0
2003,360102,1,1,0,0,0,0,0,0,0,0,0,0
2003,360103,0,1,0,0,0,0,0,0,0,0,0,0
2003,360103,1,1,0,0,0,0,0,0,0,0,0,0
2003,360104,1,1,0,0,0,0,0,0,0,0,9,0
2003,360104,2,1,0,0,0,0,0,0,11,0,0,23
2003,360105,0,1,0,0,0,30,0,0,0,0,0,28
2003,360105,1,1,0,0,0,0,0,0,0,0,0,0
2003,360106,1,1,0,0,0,0,7,0,3,0,0,0
2003,360107,1,1,0,0,0,0,0,0,0,0,0,0
2003,360108,1,1,0,0,0,7,0,0,0,0,0,0
2003,360108,2,1,0,0,0,0,0,0,0,0,0,0
2003,360109,1,1,19,19,19,19,19,19,19,19,19,19
2003,360110,1,1,0,16,0,0,0,0,0,22,0,0
2003,360110,2,1,0,0,0,0,0,0,0,0,0,0
2003,360110,3,1,0,0,0,0,0,0,0,0,0,0
2003,360111,1,1,10,0,14,0,0,0,0,0,0,0
2003,360112,1,1,0,0,0,0,0,0,0,0,0,0
2003,360112,2,1,0,0,0,0,0,0,0,0,0,0
2003,360113,1,1,0,0,0,0,0,0,0,0,0,0
2003,360114,1,1,0,0,0,0,0,0,0,0,0,0
2003,360114,2,1,0,0,0,0,0,0,0,0,0,0
2003,360115,1,1,0,0,0,0,0,0,0,0,0,0
2003,360115,2,1,0,0,0,0,0,9,0,0,0,0
2003,360116,1,1,0,0,0,0,0,0,0,0,0,0
2003,360116,2,1,0,0,0,0,0,0,0,0,0,0
2003,360117,1,1,1,1,1,1,1,1,1,1,1,1
2003,360117,2,1,0,0,0,0,0,0,0,0,0,0
2003,360118,1,1,0,0,0,0,0,0,0,0,0,23
2003,360119,1,1,0,0,0,0,0,0,0,0,0,0
2003,360119,2,1,19,19,19,19,19,19,19,19,19,19
2003,360119,3,1,0,0,0,0,0,0,0,0,0,0
2003,360120,1,1,0,0,0,0,0,0,0,24,0,0
2003,360121,0,1,0,29,0,0,16,0,13,0,0,24
2003,360122,0,1,0,0,0,0,0,0,4,0,0,0
2003,360122,1,1,0,0,2,0,0,0,0,0,0,0
2003,360123,1,1,0,0,0,0,0,0,0,0,0,0
2003,360124,0,1,0,0,0,0,0,0,0,0,0,0
2003,360124,0,2,0,0,0,0,30,3,0,0,0,0
2003,360124,1,1,0,0,0,0,0,0,0,0,0,0
2003,360125,1,1,11,23,23,22,32,17,11,16,15,19
2003,360125,2,1,0,0,0,0,0,0,0,0,0,0
2003,360126,1,1,0,0,0,0,0,0,0,0,0,0
2003,360126,2,1,0,0,0,0,0,0,0,0,0,0
2003,360127,1,1,16,0,0,0,0,0,0,0,0,0
2003,360127,2,1,0,0,0,0,0,0,0,0,0,0
2003,360127,3,1,0,0,0,0,0,0,0,0,0,0
2003,360128,0,1,28,0,0,0,7,0,0,0,0,0
2003,360128,1,1,9,20,0,0,0,0,0,0,0,0
2003,360129,0,1,0,0,18,0,0,0,19,0,0,0
2003,360129,1,1,0,0,9,0,11,0,0,0,26,0
2003,360130,1,1,0,0,0,0,0,0,0,0,0,0
2003,360131,1,1,16,0,0,20,0,21,0,8,21,0
2003,360132,1,1,14,14,14,14,14,14,14,14,14,14
2003,360132,2,1,0,0,0,0,0,0,0,0,0,0
2003,360133,0,1,0,0,0,0,0,0,0,0,0,0
2003,360133,1,1,0,0,0,0,0,0,0,0,0,0
2003,360134,1,1,0,0,0,0,0,0,0,0,0,9
2003,360134,2,1,0,0,0,0,0,0,0,0,0,0
2003,360135,0,1,0,0,0,0,0,0,0,0,0,0
2003,360135,1,1,0,0,0,0,0,0,0,0,0,0
2003,360136,1,1,24,24,24,24,24,24,24,24,24,24
2003,360137,1,1,0,0,0,0,0,0,0,0,0,0
2003,360137,2,1,0,0,0,0,0,0,0,0,0,0
2003,360138,1,1,0,0,0,0,0,0,0,0,0,0
2003,360138,2,1,0,0,0,0,0,0,0,0,0,0
2003,360139,1,1,0,0,0,0,0,0,0,0,0,0
2003,360139,2,1,0,0,0,0,0,0,0,0,0,0
2003,360140,0,1,0,8,15,0,0,0,0,0,0,0
2003,360140,1,1,0,0,0,0,0,0,0,0,0,0
2003,360141,1,1,28,28,28,28,28,28,28,28,28,28
2003,360141,2,1,3,19,4,10,10,24,30,19,25,28
2003,360142,1,1,0,0,0,0,0,23,0,7,0,23
2003,360143,1,1,0,0,0,0,0,0,0,0,11,7
2003,360144,1,1,0,0,19,0,0,0,0,0,0,0
2003,360144,2,1,0,0,0,0,0,0,0,0,0,0
2003,360144,3,1,0,0,0,0,0,0,0,0,0,0
2003,360144,4,1,0,0,21,0,0,0,0,0,0,0
2003,360145,1,1,0,0,19,0,0,0,0,0,0,0
2003,360146,1,1,17,23,23,4,27,20,12,22,4,8
2003,360147,1,1,20,15,8,11,14,19,19,11,22,23
2003,360148,1,1,0,0,0,0,0,0,0,0,0,0
2003,360148,2,1,0,0,7,0,0,0,0,0,0,0
2003,360149,0,1,27,27,27,27,27,27,27,27,27,27
2003,360149,1,1,0,0,0,0,0,0,0,0,0,0
2003,360150,1,1,0,0,0,0,39,3,0,9,0,0
2003,360151,1,1,0,0,0,0,0,0,0,0,0,0
2003,360151,2,1,0,0,0,0,0,0,27,0,0,0
2003,360152,1,1,0,0,0,0,0,0,0,0,0,0
2003,360152,2,1,0,0,0,0,0,0,0,0,0,0
2003,360153,1,1,3,0,0,0,0,25,0,0,0,0
2003,360153,2,1,0,0,0,0,0,0,0,0,0,0
2003,360154,1,1,14,14,14,14,14,14,14,14,14,14
2003,360154,2,1,0,0,0,0,0,0,0,0,7,14
2003,360155,1,1,0,0,0,0,0,0,0,12,0,0
2003,360156,1,1,0,0,0,0,0,0,0,0,33,0
2003,360156,2,1,0,0,0,0,0,0,0,0,0,0
2003,360157,1,1,0,5,0,0,0,0,0,0,0,0
2003,360157,2,1,0,0,0,0,0,0,0,0,0,0
2003,360158,0,1,0,0,0,0,0,0,0,0,0,0
2003,360158,1,1,0,0,0,0,0,0,0,0,0,0
2003,360159,1,1,0,0,0,0,0,0,0,0,0,0
2003,360160,0,1,0,0,0,0,0,0,0,0,0,0
2003,360160,1,1,0,0,0,0,0,0,0,0,0,0
2003,360161,1,1,14,12,9,20,0,9,0,31,25,15
2003,360161,2,1,0,0,0,0,0,0,0,0,0,0
2003,360162,1,1,27,27,27,27,27,27,27,27,27,27
2003,360163,1,1,0,0,0,0,0,0,0,0,0,0
2003,360164,1,1,13,17,24,14,23,24,51,16,19,23
2003,360165,1,1,0,24,7,0,0,31,0,0,0,0
2003,360166,1,1,1,1,1,1,1,1,1,1,1,1
2003,360167,1,1,19,21,10,18,8,8,6,24,32,26
2003,360168,1,1,22,8,28,24,15,29,18,25,19,22
2003,360168,2,1,0,0,0,21,0,0,0,0,0,20
2003,360169,1,1,0,0,0,0,0,0,0,0,0,0
2003,360169,2,1,0,0,0,0,0,0,0,0,0,0
2003,360169,3,1,0,0,0,0,0,0,0,0,0,0
2003,360170,1,1,0,0,0,0,0,0,0,0,0,0
2003,360170,2,1,0,0,0,0,0,0,0,0,0,0
2003,360171,1,1,0,0,0,0,0,0,0,0,0,0
2003,360171,2,1,0,0,0,0,0,0,0,0,0,0
2003,360172,0,1,24,0,0,0,0,11,0,0,0,30
2003,360172,1,1,0,0,0,0,0,0,8,0,0,0
2003,360173,0,1,0,0,27,0,0,0,0,0,11,0
2003,360173,1,1,0,0,0,0,0,0,0,0,0,0
2003,360174,0,1,0,0,0,0,0,0,0,0,0,0
2003,360174,1,1,0,0,0,0,0,0,0,0,0,0
2003,360175,0,1,0,0,0,0,0,0,0,0,0,0
2003,360175,1,1,0,0,0,0,0,0,0,0,0,0
2003,360176,0,1,0,0,0,0,0,0,0,0,0,0
2003,360176,1,1,0,0,0,0,0,0,0,0,0,0
2003,360177,1,1,0,0,0,0,0,0,0,0,0,0
2003,360178,1,1,10,10,10,10,10,10,10,10,10,10
2003,360179,1,1,0,0,0,0,0,0,0,0,0,0
2003,360179,2,1,0,0,0,0,0,0,0,0,0,0
2003,360180,0,1,13,0,38,0,0,0,42,0,0,0
2003,360180,1,1,0,0,0,0,0,0,0,0,0,0
2003,360181,1,1,0,0,0,0,0,0,0,0,0,0
2003,360182,1,1,0,0,0,0,0,0,0,0,0,0
2003,360182,2,1,0,0,0,0,0,0,0,0,0,0
2003,360183,1,1,19,8,0,0,0,28,19,0,0,0
2003,360184,1,1,0,0,0,0,0,0,0,0,0,0
2003,360184,2,1,0,0,0,0,0,0,0,0,0,0
2003,360185,1,1,0,0,0,11,0,0,23,0,0,0
2003,360186,1,1,0,24,0,28,0,0,14,16,23,0
2003,360187,1,1,0,0,0,0,0,0,0,0,0,0
2003,360188,1,1,10,33,16,18,24,16,13,11,14,13
2003,360189,1,1,0,0,0,0,0,0,0,0,0,0
2003,360189,2,1,0,0,0,0,0,0,0,0,0,0
2003,360190,1,1,0,0,0,0,0,0,0,0,0,0
2003,360190,2,1,0,0,0,0,0,18,0,0,0,0
2003,360191,0,1,16,16,16,16,16,16,16,16,16,16
2003,360191,1,1,18,0,0,0,0,0,0,0,0,0
2003,360192,1,1,6,6,6,6,6,6,6,6,6,6
2003,360193,1,1,15,21,14,17,0,9,15,23,14,14
2003,360193,2,1,0,0,0,0,0,0,0,0,0,0
2003,360194,1,1,0,0,0,0,0,0,0,0,0,0
2003,360194,2,1,0,0,0,0,0,0,0,0,0,0
2003,360194,3,1,0,0,0,0,0,0,0,0,0,0
2003,360195,1,1,0,0,0,0,11,0,21,0,0,0
2003,360195,2,1,0,0,0,0,0,0,0,0,0,0