YEAR,ST_CASE,veh_no,per_no,P1,P2,P3,P4,P5,P6,P7,P8,P9,P10
2003,360474,1,1,0,10,0,0,0,0,0,0,0,0
2003,360475,0,1,0,14,0,0,17,0,0,27,12,0
2003,360475,1,1,6,19,16,32,37,0,0,38,22,21
2003,360476,0,1,0,0,21,12,0,0,20,0,0,22
2003,360476,1,1,0,0,0,0,0,0,0,0,0,0
2003,360476,2,1,0,8,0,0,0,0,0,0,21,0
2003,360477,1,1,0,0,0,0,0,0,0,0,0,12
2003,360477,2,1,0,0,0,0,0,21,0,0,0,0
2003,360477,3,1,0,27,13,0,0,0,17,0,0,4
2003,360477,4,1,0,0,0,0,20,0,0,0,0,0
2003,360477,5,1,0,0,0,5,0,0,0,0,0,0
2003,360478,1,1,0,0,0,0,0,0,0,0,0,0
2003,360478,2,1,0,0,0,0,0,0,0,0,0,0
2003,360479,1,1,0,0,0,32,0,0,0,0,0,17
2003,360480,1,1,0,0,0,0,0,0,10,0,0,0
2003,360480,2,1,0,0,14,0,7,17,0,13,11,23
2003,360481,1,1,0,0,0,0,0,0,0,0,0,0
2003,360481,2,1,0,0,0,0,0,0,0,0,0,0
2003,360482,1,1,0,0,0,0,0,0,0,0,0,0
2003,360482,2,1,0,0,0,0,0,0,0,0,0,0
2003,360483,0,1,0,0,18,42,0,0,0,0,0,36
2003,360483,1,1,5,9,11,0,0,15,6,25,13,0
2003,360484,1,1,0,31,18,8,26,20,0,23,9,21
2003,360484,2,1,0,0,0,0,0,0,0,0,0,0
2003,360485,1,1,0,0,0,0,0,0,0,0,0,0
2003,360485,2,1,0,0,0,0,0,0,0,0,0,0
2003,360486,0,1,0,0,0,0,0,0,0,0,10,0
2003,360486,1,1,0,28,0,0,0,0,0,0,0,0
2003,360487,0,1,0,0,0,0,11,0,0,0,0,0
2003,360487,0,2,0,11,16,0,0,0,0,0,17,0
2003,360487,1,1,0,0,0,0,0,0,19,12,0,0
2003,360488,0,1,27,14,0,32,25,20,31,7,21,9
2003,360488,1,1,18,0,0,0,0,0,0,0,0,0
2003,360489,1,1,0,0,0,0,0,0,0,0,0,0
2003,360490,1,1,0,0,0,0,0,0,0,0,0,0
2003,360490,2,1,0,0,0,0,0,0,0,0,0,0
2003,360491,1,1,0,0,0,0,0,0,0,0,0,0
2003,360491,2,1,0,0,0,20,5,9,0,0,0,0
2003,360492,1,1,0,0,0,0,0,0,0,0,0,0
2003,360492,2,1,0,6,21,0,0,0,0,0,0,0
2003,360493,1,1,0,0,0,0,0,0,0,0,0,0
2003,360493,2,1,0,0,0,0,0,0,0,0,0,0
2003,360494,1,1,16,16,16,16,16,16,16,16,16,16
2003,360495,1,1,18,18,18,18,18,18,18,18,18,18
2003,360496,1,1,0,31,0,7,17,32,0,24,27,14
2003,360497,1,1,22,12,0,0,0,21,19,9,9,26
2003,360498,1,1,0,0,0,0,0,0,0,0,0,0
2003,360498,2,1,0,0,0,0,0,0,0,0,0,0
2003,360499,1,1,0,0,0,0,0,0,0,0,0,11
2003,360499,2,1,0,0,0,0,0,0,0,0,0,0
2003,360500,1,1,32,18,6,0,30,18,20,9,23,21
2003,360501,1,1,18,18,18,18,18,18,18,18,18,18
2003,360502,1,1,0,0,0,0,0,0,0,0,0,0
2003,360502,2,1,0,0,0,0,0,15,0,0,0,0
2003,360503,1,1,21,20,7,0,22,0,6,10,21,0
2003,360504,0,1,0,0,0,0,0,0,0,0,0,0
2003,360504,1,1,0,0,0,0,0,0,0,0,0,0
2003,360505,1,1,5,0,0,13,0,0,0,0,0,0
2003,360505,2,1,0,0,0,0,0,0,0,0,0,0
2003,360505,3,1,0,0,0,7,0,3,14,0,0,0
2003,360506,1,1,0,21,7,0,16,0,17,21,0,0
2003,360507,1,1,17,0,0,0,0,0,0,0,0,6
2003,360507,2,1,0,0,0,0,0,0,0,0,0,0
2003,360508,1,1,0,0,0,0,0,0,0,0,0,0
2003,360508,2,1,0,0,0,0,0,0,0,0,0,0
2003,360509,1,1,10,10,10,10,10,10,10,10,10,10
2003,360510,0,1,0,13,0,0,0,13,0,0,0,0
2003,360510,1,1,0,0,0,0,0,0,0,0,0,0
2003,360511,1,1,0,0,0,0,0,0,0,0,0,0
2003,360512,1,1,21,21,21,21,21,21,21,21,21,21
2003,360512,2,1,0,0,0,0,0,0,0,0,0,15
2003,360512,3,1,0,0,0,0,0,0,0,0,0,0
2003,360513,1,1,0,0,8,0,29,0,0,0,0,0
2003,360514,1,1,0,0,0,0,0,0,0,0,0,0
2003,360515,1,1,0,0,0,0,0,0,0,0,0,0
2003,360516,1,1,0,0,0,0,0,0,0,0,0,0
2003,360516,2,1,0,0,0,0,0,0,0,0,3,0
2003,360517,1,1,0,31,24,0,56,0,32,10,18,18
2003,360518,1,1,22,26,29,0,20,0,32,30,14,33
2003,360519,1,1,5,8,10,0,4,0,10,0,0,0
2003,360519,2,1,0,0,0,0,0,0,0,0,0,0
2003,360519,3,1,0,0,0,0,0,0,0,0,0,0
2003,360520,1,1,20,0,8,9,0,0,0,0,0,0
2003,360520,2,1,0,14,0,0,0,0,23,8,17,22
2003,360521,1,1,8,0,0,0,0,0,0,0,0,0
2003,360521,2,1,0,0,0,0,0,0,0,0,0,0
2003,360522,1,1,5,5,5,5,5,5,5,5,5,5
2003,360523,1,1,0,0,0,0,0,0,0,0,0,0
2003,360523,2,1,0,0,0,0,0,0,0,0,0,0
2003,360524,1,1,9,9,9,9,9,9,9,9,9,9
2003,360525,0,1,0,0,0,0,0,0,0,0,0,0
2003,360525,1,1,0,0,0,0,0,0,0,0,0,0
2003,360526,1,1,0,7,0,0,0,0,0,2,12,8
2003,360526,2,1,0,0,0,0,19,0,0,14,0,0
2003,360526,3,1,0,0,0,0,0,0,0,0,0,0
2003,360527,1,1,0,0,0,0,0,0,0,0,0,0
2003,360527,2,1,0,11,0,0,0,0,0,0,0,0
2003,360527,3,1,6,0,8,0,0,3,0,0,0,0
2003,360528,1,1,0,0,0,0,0,0,0,0,0,0
2003,360528,2,1,0,0,0,0,0,0,0,0,0,0
2003,360529,1,1,0,0,0,0,0,0,0,0,0,0
2003,360529,2,1,0,0,0,0,0,0,0,0,0,0
2003,360530,1,1,0,0,0,0,0,0,0,0,0,0
2003,360530,2,1,22,0,0,0,0,0,0,0,0,0
2003,360531,1,1,21,22,24,24,13,0,15,16,28,13
2003,360532,1,1,0,0,0,7,0,0,0,0,0,0
2003,360533,0,1,18,18,18,18,18,18,18,18,18,18
2003,360533,1,1,0,0,0,0,9,0,0,0,0,0
2003,360534,1,1,14,0,0,31,21,0,8,11,0,11
2003,360535,1,1,0,0,0,20,0,23,0,0,0,0
2003,360535,2,1,0,0,0,0,0,0,0,0,0,0
2003,360536,1,1,0,20,0,0,0,0,0,0,0,0
2003,360536,2,1,0,0,0,0,0,0,0,0,0,0
2003,360537,1,1,0,0,0,0,0,0,0,0,0,0
2003,360538,1,1,12,12,12,12,12,12,12,12,12,12
2003,360538,2,1,3,0,0,0,0,0,0,0,0,0
2003,360539,1,1,0,0,0,0,0,0,0,0,0,0
2003,360539,2,1,0,0,0,0,0,0,0,0,0,0
2003,360540,1,1,0,0,0,0,0,0,26,0,21,0
2003,360540,2,1,0,0,0,0,0,0,0,0,0,0
2003,360541,0,1,0,0,34,0,0,31,0,0,19,0
2003,360541,0,2,0,0,14,35,29,34,39,22,13,0
2003,360541,1,1,27,27,27,27,27,27,27,27,27,27
2003,360542,0,1,44,23,0,0,27,0,0,29,6,9
2003,360542,1,1,0,0,0,17,22,0,15,0,0,0
2003,360543,1,1,18,0,19,13,0,17,8,0,9,15
2003,360544,0,1,25,30,0,30,0,0,0,16,0,0
2003,360544,0,2,0,12,5,0,20,26,20,0,14,30
2003,360544,1,1,0,17,5,9,14,0,25,18,15,12
2003,360545,1,1,0,0,0,0,0,0,0,0,0,0
2003,360545,2,1,0,0,0,0,9,0,0,0,0,0
2003,360546,0,1,0,0,0,0,0,0,0,0,0,0
2003,360546,1,1,0,0,0,0,0,0,0,0,7,0
2003,360547,1,1,0,0,0,0,0,0,0,0,0,0
2003,360547,2,1,0,0,0,0,0,0,0,0,0,0
2003,360548,0,1,0,0,0,0,0,0,0,0,0,0
2003,360548,1,1,0,0,0,0,0,0,0,0,0,0
2003,360549,1,1,0,0,0,0,0,0,0,0,0,0
2003,360549,2,1,0,0,0,0,0,0,0,0,0,0
2003,360549,3,1,0,0,0,0,0,0,0,0,0,0
2003,360550,1,1,11,11,11,11,11,11,11,11,11,11
2003,360551,1,1,0,0,0,0,0,0,0,0,0,0
2003,360552,1,1,20,20,20,20,20,20,20,20,20,20
2003,360553,1,1,28,4,4,32,8,19,16,20,13,8
2003,360554,0,1,0,0,0,0,0,0,0,0,0,0
2003,360554,1,1,0,0,0,0,0,0,0,0,0,0
2003,360555,1,1,0,14,0,16,0,0,0,19,0,0
2003,360556,0,1,0,0,0,0,0,0,0,0,0,0
2003,360556,1,1,24,0,3,0,0,0,17,0,0,0
2003,360557,1,1,34,34,34,34,34,34,34,34,34,34
2003,360558,1,1,0,0,0,0,0,0,0,0,0,0
2003,360559,0,1,0,0,0,0,0,0,0,0,0,0
2003,360559,0,2,0,0,0,0,0,0,0,0,0,0
2003,360559,1,1,0,0,0,0,0,0,0,0,0,0
2003,360560,1,1,0,0,0,0,0,0,0,0,0,0
2003,360560,2,1,18,18,18,18,18,18,18,18,18,18
2003,360561,0,1,0,0,0,0,0,0,0,0,0,0
2003,360561,1,1,30,11,10,11,9,13,34,16,23,4
2003,360562,1,1,0,0,0,14,7,0,0,17,16,0
2003,360563,1,1,3,3,3,3,3,3,3,3,3,3
2003,360564,0,1,25,15,15,11,32,0,0,0,0,0
2003,360564,1,1,0,0,8,0,0,0,0,26,0,14
2003,360565,1,1,0,14,0,0,0,0,9,0,0,0
2003,360565,2,1,0,0,0,0,0,0,0,0,0,0
2003,360566,1,1,0,0,0,22,0,26,12,0,27,0
2003,360567,0,1,0,0,0,0,0,20,5,8,21,0
2003,360567,1,1,0,0,0,0,0,0,0,0,0,0
2003,360568,0,1,0,0,0,47,25,53,24,0,0,13
2003,360568,1,1,6,2,15,11,6,6,0,8,11,18
2003,360569,1,1,22,19,7,36,13,13,36,13,12,19
2003,360570,1,1,0,0,0,0,0,0,0,0,0,0
2003,360571,0,1,21,21,21,21,21,21,21,21,21,21
2003,360571,1,1,21,22,22,6,15,9,21,21,19,5
2003,360572,1,1,0,0,0,0,0,0,0,0,0,0
2003,360572,2,1,0,0,0,0,0,0,0,0,0,6
2003,360573,1,1,14,14,14,14,14,14,14,14,14,14
2003,360573,2,1,24,27,0,0,0,0,0,0,14,0
2003,360574,1,1,17,17,17,17,17,17,17,17,17,17
2003,360575,0,1,0,13,23,19,25,27,28,0,13,0
2003,360575,1,1,29,17,19,16,0,13,3,23,8,13
2003,360576,1,1,0,0,0,0,0,0,0,0,0,0
2003,360576,2,1,0,0,0,0,0,0,0,0,0,0
2003,360577,1,1,0,0,0,0,0,0,0,0,0,0
2003,360577,2,1,0,0,0,0,0,0,0,0,0,0
2003,360578,1,1,0,0,0,0,0,0,0,0,0,0
2003,360578,2,1,0,0,0,0,0,0,0,0,0,0
2003,360579,0,1,0,0,0,0,0,0,0,0,0,0
2003,360579,1,1,0,0,0,0,0,0,0,0,0,0
2003,360580,1,1,0,23,10,0,0,0,15,5,0,0
2003,360581,1,1,0,0,0,0,0,0,0,0,19,0
2003,360581,2,1,0,0,0,0,0,0,0,0,0,0
2003,360582,1,1,0,0,0,8,22,0,0,0,0,0
2003,360582,2,1,5,5,5,5,5,5,5,5,5,5
2003,360583,1,1,0,0,0,13,0,0,0,0,33,0
2003,360583,2,1,0,0,0,0,0,0,0,0,0,0
2003,360584,1,1,12,0,21,0,6,0,0,4,0,16
2003,360585,1,1,0,18,18,7,0,8,0,14,23,0
2003,360586,0,1,0,0,0,4,0,0,0,24,0,0
2003,360586,1,1,0,0,0,0,0,0,0,0,0,0
2003,360587,0,1,14,20,19,43,25,22,27,17,19,18
2003,360587,1,1,0,0,0,0,9,0,0,0,0,0
2003,360588,0,1,11,0,0,0,0,0,0,0,0,0
2003,360588,1,1,0,0,17,0,0,0,0,0,0,0
2003,360589,1,1,0,0,0,0,0,0,0,0,0,0
2003,360590,1,1,6,6,6,6,6,6,6,6,6,6
2003,360590,2,1,0,0,0,0,11,0,0,0,0,0
2003,360591,1,1,0,0,0,0,0,0,0,0,0,0
2003,360592,1,1,0,0,0,0,0,0,0,0,0,0
2003,360593,1,1,0,0,23,0,3,0,17,0,25,0
2003,360594,0,1,0,0,0,0,0,0,0,46,0,0
2003,360594,1,1,18,18,18,18,18,18,18,18,18,18
2003,360595,1,1,0,11,0,0,3,0,0,0,0,2
2003,360595,2,1,0,0,0,0,0,0,0,0,0,0
2003,360595,3,1,0,0,0,0,0,0,0,0,0,0
2003,360595,4,1,0,0,0,0,0,0,0,0,0,0
2003,360596,1,1,0,13,0,0,20,24,0,0,0,0
2003,360597,1,1,15,9,13,13,21,10,5,24,29,28
2003,360597,2,1,0,0,0,0,0,20,11,4,0,0
2003,360598,1,1,0,0,0,0,0,0,0,0,0,0
2003,360598,2,1,0,0,0,0,0,15,0,21,0,0
2003,360599,1,1,16,0,0,0,0,0,0,0,0,0
2003,360600,1,1,0,0,0,0,0,0,0,0,0,0
2003,360601,1,1,0,0,0,0,0,0,0,0,0,0
2003,360602,0,1,0,0,0,0,0,0,0,0,0,0
2003,360602,1,1,0,0,0,0,0,0,0,0,0,0
2003,360603,1,1,0,0,0,0,0,0,0,0,0,0
2003,360603,2,1,0,0,0,0,0,0,0,0,0,0
2003,360604,1,1,5,7,0,6,13,11,6,10,10,23
2003,360604,2,1,0,0,0,0,0,0,0,0,0,0
2003,360605,1,1,12,31,0,15,0,0,15,33,39,12
2003,360606,1,1,0,0,0,0,0,0,0,0,10,0
2003,360606,2,1,0,0,0,0,0,0,0,0,5,0
2003,360607,1,1,23,23,23,23,23,23,23,23,23,23
2003,360608,1,1,0,0,0,0,0,0,0,0,0,0
2003,360609,0,1,0,0,23,0,0,35,0,0,0,4
2003,360609,1,1,0,0,6,33,0,6,0,0,0,28
2003,360610,1,1,0,0,0,0,0,13,0,0,0,0
2003,360611,1,1,0,0,0,0,0,0,0,0,0,0
2003,360612,1,1,0,0,0,0,0,0,0,0,0,0
2003,360613,1,1,0,0,0,0,0,0,0,0,0,0
2003,360614,1,1,20,16,17,20,12,13,9,7,0,14
2003,360615,0,1,0,0,0,0,0,0,0,0,0,0
2003,360615,1,1,23,0,0,0,0,0,0,0,0,11
2003,360616,1,1,0,0,0,0,0,0,0,0,0,0
2003,360616,2,1,0,0,0,0,0,0,0,0,0,0
2003,360617,0,1,3,13,20,26,0,0,0,19,27,12
2003,360617,0,2,18,18,18,18,18,18,18,18,18,18
2003,360617,1,1,0,0,0,0,18,0,0,7,0,19
2003,360618,1,1,8,8,8,8,8,8,8,8,8,8
2003,360619,1,1,0,0,0,0,0,0,0,0,0,0
2003,360619,2,1,0,0,0,0,0,0,0,0,0,0
2003,360620,1,1,6,9,0,0,0,0,0,13,33,0
2003,360621,1,1,0,0,0,0,0,0,0,0,0,0
2003,360622,1,1,0,0,0,0,0,0,0,0,0,0
2003,360622,2,1,0,0,0,0,0,0,0,0,0,0
2003,360623,1,1,11,11,11,11,11,11,11,11,11,11
2003,360624,1,1,0,0,0,13,0,0,0,0,0,0
2003,360625,0,1,8,8,20,0,0,0,0,21,0,18
2003,360625,1,1,24,0,0,0,0,0,0,0,0,23
2003,360626,1,1,0,0,0,0,0,0,0,0,0,0
2003,360626,2,1,0,0,0,0,0,0,0,0,0,0
2003,360627,1,1,19,19,19,19,19,19,19,19,19,19
2003,360628,1,1,0,0,0,20,0,19,0,0,0,0
2003,360628,2,1,15,0,0,0,19,4,0,8,0,0
2003,360629,0,1,0,0,0,0,0,0,0,0,0,0
2003,360629,1,1,0,0,0,0,0,0,0,0,0,0
2003,360630,1,1,0,11,10,0,0,0,0,0,0,22
2003,360631,1,1,0,0,0,0,0,0,0,0,0,0
2003,360631,2,1,0,0,0,0,0,0,0,0,0,0
2003,360632,1,1,21,21,21,21,21,21,21,21,21,21
2003,360633,1,1,0,11,0,0,13,0,10,0,42,0
2003,360633,2,1,12,0,0,0,0,0,0,0,0,0
2003,360634,1,1,3,9,9,38,16,35,25,17,2,15
2003,360635,1,1,15,11,0,0,14,5,0,27,0,13
2003,360636,1,1,0,16,0,26,15,0,27,0,0,29
2003,360637,1,1,0,0,0,0,0,0,0,0,0,0
2003,360638,1,1,0,3,0,0,13,0,0,0,0,8
2003,360638,2,1,0,0,0,0,0,0,0,0,0,0
2003,360639,1,1,0,0,0,0,0,0,0,0,0,0
2003,360640,0,1,13,0,19,0,54,0,0,0,0,39
2003,360640,1,1,0,8,0,0,0,0,0,0,0,0
2003,360641,0,1,0,0,17,35,14,0,13,0,12,30
2003,360641,1,1,0,0,0,0,0,0,0,0,0,0
2003,360642,0,1,0,0,0,0,0,21,0,12,0,11
2003,360642,1,1,0,0,0,0,0,0,0,0,0,0
2003,360643,1,1,0,0,0,0,0,0,0,0,0,0
2003,360643,2,1,0,0,0,0,0,0,0,0,0,0
2003,360644,1,1,0,16,7,11,9,23,0,5,13,18
2003,360644,2,1,0,12,0,0,0,0,29,0,18,10
2003,360645,1,1,0,0,0,0,0,0,0,0,0,0
2003,360645,2,1,0,0,0,0,0,0,0,0,0,0
2003,360646,1,1,0,0,0,0,0,0,0,0,0,0
2003,360646,2,1,0,0,0,0,0,0,0,0,0,0
2003,360647,1,1,0,0,0,0,0,0,0,0,0,0
2003,360647,2,1,0,0,0,0,0,0,0,0,0,0
2003,360648,1,1,0,0,0,0,0,0,0,0,0,0
2003,360649,0,1,0,0,0,0,0,0,0,0,0,0
2003,360649,1,1,0,0,0,0,0,0,12,0,0,0
2003,360650,1,1,9,9,13,0,14,19,0,17,8,16
2003,360651,0,1,0,14,6,36,0,19,33,0,31,36
2003,360651,1,1,0,0,0,21,0,0,0,0,0,23
2003,360652,1,1,13,23,0,8,21,12,10,0,8,3
2003,360653,1,1,21,0,0,0,0,0,27,6,0,17
2003,360654,0,1,0,0,0,0,0,0,0,0,0,0
2003,360654,1,1,0,0,0,0,0,0,0,0,0,0
2003,360655,1,1,0,0,0,0,0,0,0,0,0,0
2003,360655,2,1,0,0,0,0,0,0,0,0,0,0
2003,360655,3,1,0,0,0,0,0,0,0,0,0,0
2003,360655,4,1,0,0,0,0,0,0,0,0,0,0
2003,360656,0,1,0,0,0,0,0,0,0,0,0,0
2003,360656,1,1,0,0,0,0,0,0,0,0,0,0
2003,360657,1,1,0,0,0,0,0,0,0,0,0,0
2003,360657,2,1,0,0,0,0,0,0,0,0,0,0
2003,360658,0,1,0,0,0,0,0,0,0,0,0,0
2003,360658,0,2,0,31,17,32,0,0,0,0,19,51
2003,360658,1,1,0,0,0,19,0,0,0,0,0,0
2003,360659,1,1,17,17,17,17,17,17,17,17,17,17
2003,360660,1,1,0,0,0,0,0,0,0,0,0,0
2003,360660,2,1,0,0,0,0,0,0,0,0,0,0
2003,360661,1,1,18,18,18,18,18,18,18,18,18,18
2003,360662,1,1,0,0,0,0,0,0,0,0,0,0
2003,360662,2,1,0,0,0,0,0,0,0,0,0,0
2003,360662,3,1,0,0,0,0,0,4,0,21,0,0
2003,360662,4,1,0,0,0,0,0,0,0,0,0,0
2003,360663,0,1,23,14,0,0,0,0,0,17,0,0
2003,360663,1,1,0,0,0,0,0,0,0,0,0,0
2003,360664,1,1,0,0,19,0,16,23,0,0,33,16
2003,360664,2,1,0,0,0,0,0,0,0,0,0,0
2003,360665,0,1,0,0,0,0,0,0,0,2,0,0
2003,360665,0,2,0,0,0,0,0,20,0,0,0,0
2003,360665,1,1,0,0,0,0,0,0,0,0,0,0
2003,360665,2,1,0,0,0,0,0,0,0,0,0,0
2003,360666,1,1,0,0,0,0,0,0,0,0,0,0
2003,360666,2,1,9,0,0,0,20,0,10,5,0,0
2003,360667,1,1,0,0,0,0,0,0,0,0,0,0
2003,360668,1,1,0,0,0,0,0,0,0,0,0,0
2003,360668,2,1,0,0,0,0,0,0,0,0,0,0
2003,360669,1,1,16,16,16,16,16,16,16,16,16,16
2003,360670,1,1,0,0,0,0,16,0,0,0,0,0
2003,360670,2,1,0,0,0,0,0,0,0,0,0,0
2003,360671,1,1,12,0,18,0,0,0,0,6,0,0
2003,360671,2,1,0,0,0,0,0,0,0,0,0,0
2003,360672,1,1,22,10,17,11,33,0,8,18,25,0
2003,360672,2,1,0,0,0,0,0,0,0,0,0,0
2003,360672,3,1,8,0,18,21,0,9,0,0,0,8
2003,360672,4,1,0,0,16,15,0,0,0,0,0,0
2003,360673,1,1,14,23,0,20,0,0,18,19,0,17
2003,360674,1,1,0,0,0,0,0,0,0,0,0,0
2003,360675,1,1,0,0,0,0,26,0,24,4,0,0
2003,360676,1,1,22,22,22,22,22,22,22,22,22,22
2003,360676,2,1,0,0,0,0,0,0,14,0,0,0
2003,360677,1,1,0,0,16,0,0,0,0,0,0,0
2003,360677,2,1,0,0,18,0,0,0,3,0,0,0
2003,360677,3,1,34,0,0,15,0,0,0,0,0,0
2003,360678,1,1,21,21,21,21,21,21,21,21,21,21
2003,360679,1,1,13,13,13,13,13,13,13,13,13,13
2003,360680,1,1,0,0,0,0,0,0,0,0,0,0
2003,360680,2,1,0,0,0,0,0,0,0,0,0,0
2003,360680,3,1,0,0,0,0,0,0,0,0,0,0
2003,360680,4,1,0,0,0,0,0,15,0,0,0,0
2003,360681,1,1,23,26,33,10,20,10,0,27,0,13
2003,360682,1,1,0,0,16,0,0,0,0,10,0,0
2003,360682,2,1,0,0,8,0,0,30,4,0,0,0
2003,360683,1,1,0,0,0,0,0,0,0,0,0,0
2003,360683,2,1,0,0,0,0,0,0,0,0,0,0
2003,360684,1,1,17,17,17,17,17,17,17,17,17,17
2003,360685,1,1,0,0,0,0,0,0,0,0,0,0
2003,360685,2,1,0,0,0,0,0,0,0,0,0,0
2003,360686,1,1,14,14,14,14,14,14,14,14,14,14
2003,360686,2,1,0,0,0,0,0,0,0,0,0,0
2003,360687,1,1,15,0,14,22,19,16,17,0,18,0
2003,360688,1,1,0,0,22,15,0,0,0,0,0,0
2003,360689,1,1,0,0,0,0,0,18,0,0,0,0
2003,360690,0,1,0,0,0,0,20,0,0,0,0,0
2003,360690,1,1,0,0,0,0,0,0,0,0,0,0
2003,360691,1,1,22,22,22,22,22,22,22,22,22,22
2003,360692,0,1,0,0,0,0,0,0,17,0,0,0
2003,360692,1,1,0,0,0,0,0,0,0,0,0,0
2003,360693,1,1,0,0,0,0,0,0,0,0,0,0
2003,360693,2,1,0,0,0,0,0,0,0,0,0,0
2003,360694,1,1,0,0,0,0,0,0,0,0,0,0
2003,360694,2,1,0,0,0,0,0,0,0,0,0,0
2003,360694,3,1,0,0,0,0,0,0,0,13,0,0
2003,360694,4,1,0,0,0,0,0,0,0,0,0,0
2003,360694,5,1,0,25,0,0,0,0,0,0,0,0
2003,360694,6,1,0,0,0,0,0,0,0,0,0,0
2003,360695,1,1,0,0,0,0,0,0,0,0,0,0
2003,360696,1,1,0,0,23,0,0,0,0,0,0,0
2003,360696,2,1,0,0,0,0,0,0,0,0,0,0
2003,360697,0,1,25,0,0,25,20,36,7,15,0,5
2003,360697,1,1,10,23,0,0,8,10,37,21,0,17
2003,360698,1,1,18,0,0,15,0,0,16,0,0,0
2003,360699,1,1,0,0,0,0,25,0,0,0,0,0
2003,360700,1,1,0,0,0,0,0,0,0,0,0,0
2003,360700,2,1,0,0,0,0,0,0,0,0,0,0
2003,360700,3,1,0,0,0,0,0,0,0,0,0,0
2003,360701,1,1,15,0,0,9,18,0,11,0,0,0
2003,360702,1,1,0,0,0,0,0,0,0,0,0,0
2003,360703,1,1,0,0,0,0,16,0,0,0,0,0
2003,360704,1,1,0,0,0,0,0,0,0,0,0,0
2003,360705,0,1,0,0,0,0,0,0,0,0,0,0
2003,360705,0,2,0,20,0,9,0,14,0,0,17,12
2003,360705,1,1,0,0,0,0,15,13,0,0,0,0
2003,360705,2,1,0,0,0,0,0,0,0,0,0,0
2003,360706,0,1,0,0,0,0,0,0,0,0,0,0
2003,360706,1,1,0,0,0,0,0,0,0,0,0,0
2003,360707,1,1,0,0,0,0,0,0,0,0,0,0
2003,360707,2,1,0,0,0,0,0,0,0,0,0,0
2003,360708,1,1,0,0,0,0,0,0,0,0,0,0
2003,360709,0,1,0,0,0,0,0,0,0,0,0,0
2003,360709,1,1,0,0,22,0,0,0,0,0,0,0
2003,360710,0,1,0,0,0,0,0,0,0,0,0,0
2003,360710,1,1,0,0,0,0,0,0,0,0,0,0
2003,360710,2,1,0,0,19,0,33,15,0,0,0,0
2003,360711,1,1,0,0,0,0,0,0,0,0,0,0
2003,360711,2,1,0,0,0,0,0,0,0,0,0,0
2003,360712,1,1,11,5,18,8,15,12,16,33,6,31
2003,360713,0,1,0,0,0,0,0,0,0,0,0,0
2003,360713,1,1,12,0,0,0,16,0,16,0,0,0
2003,360714,1,1,0,6,0,11,0,0,0,21,6,0
2003,360715,1,1,0,0,0,0,0,0,0,0,0,0
2003,360715,2,1,0,12,0,0,0,0,17,0,0,0
2003,360716,1,1,16,26,29,0,0,0,0,17,0,10
2003,360717,1,1,11,11,11,11,11,11,11,11,11,11
2003,360718,1,1,0,0,16,0,22,0,24,12,0,22
2003,360719,1,1,0,0,0,0,0,0,0,0,0,0
2003,360719,2,1,0,0,19,0,0,0,23,0,0,0
2003,360720,1,1,10,10,10,10,10,10,10,10,10,10
2003,360721,1,1,14,14,14,14,14,14,14,14,14,14
2003,360722,1,1,17,19,24,17,20,9,20,13,16,9
2003,360723,1,1,32,0,18,8,29,35,20,16,12,6
2003,360724,1,1,7,16,15,14,16,33,27,0,14,23
2003,360725,1,1,30,30,30,30,30,30,30,30,30,30
2003,360726,1,1,0,0,0,0,0,0,0,0,0,0
2003,360726,2,1,0,0,0,0,0,0,0,0,8,15
2003,360727,1,1,0,0,0,0,0,0,0,0,0,0
2003,360727,2,1,0,0,0,0,0,0,0,0,0,0
2003,360727,3,1,0,0,0,0,0,0,0,0,0,0
2003,360728,1,1,11,24,17,10,3,0,0,0,0,11
2003,360729,1,1,0,31,15,0,0,0,0,0,0,0
2003,360730,0,1,0,0,0,0,0,0,0,0,0,0
2003,360730,1,1,0,0,14,0,0,0,18,0,0,13
2003,360731,1,1,0,0,0,0,0,0,0,0,0,0
2003,360731,2,1,0,0,0,0,0,0,0,0,0,0
2003,360732,1,1,0,0,0,0,0,0,0,0,0,0
2003,360732,2,1,0,0,0,0,0,0,0,0,0,0
2003,360733,1,1,20,0,8,0,0,27,30,0,11,21
2003,360733,2,1,0,0,0,0,0,0,0,0,0,13
2003,360734,1,1,0,0,15,0,0,0,0,0,0,0
2003,360735,0,1,20,20,20,20,20,20,20,20,20,20
2003,360735,1,1,0,0,0,13,0,15,0,0,0,12
2003,360736,1,1,0,0,0,0,0,0,0,0,0,0
2003,360736,2,1,0,0,0,17,0,0,0,0,0,0
2003,360737,0,1,0,0,0,0,0,0,0,0,0,0
2003,360737,1,1,0,0,0,0,0,0,0,0,0,0
2003,360738,0,1,0,0,0,22,22,19,0,10,0,0
2003,360738,1,1,0,0,0,0,0,0,0,0,0,4
2003,360739,1,1,0,0,0,0,0,0,0,0,0,0