YEAR,ST_CASE,veh_no,per_no,P1,P2,P3,P4,P5,P6,P7,P8,P9,P10
2003,360739,2,1,0,0,0,0,0,0,0,0,0,0
2003,360740,1,1,0,0,0,0,0,0,0,0,0,11
2003,360740,2,1,0,0,0,0,0,0,0,0,0,0
2003,360741,1,1,0,0,0,0,0,0,0,0,0,0
2003,360741,2,1,0,0,0,0,0,0,0,0,0,0
2003,360741,3,1,0,0,0,0,0,0,0,0,0,0
2003,360742,1,1,0,0,0,0,0,0,0,14,0,0
2003,360742,2,1,0,0,0,0,0,0,0,0,0,0
2003,360743,0,1,0,0,0,0,10,0,0,0,39,0
2003,360743,1,1,0,0,0,0,0,0,0,0,10,0
2003,360744,0,1,0,0,0,0,0,0,0,0,0,0
2003,360744,1,1,19,11,22,13,25,14,19,17,16,10
2003,360745,1,1,0,0,0,0,0,0,0,0,0,0
2003,360745,2,1,0,0,0,0,0,0,0,0,0,0
2003,360746,0,1,19,31,15,10,18,4,17,18,0,10
2003,360746,1,1,11,11,11,11,11,11,11,11,11,11
2003,360747,1,1,0,0,0,0,0,0,0,9,0,0
2003,360748,1,1,15,16,11,11,19,10,9,14,12,12
2003,360749,1,1,26,7,35,0,18,16,23,21,25,21
2003,360750,0,1,0,0,0,0,0,10,13,0,0,14
2003,360750,1,1,0,0,0,0,0,0,0,0,0,0
2003,360751,1,1,0,0,0,0,0,0,0,0,0,0
2003,360752,0,1,0,0,0,0,0,0,0,0,0,0
2003,360752,1,1,14,0,21,0,0,0,0,0,0,5
2003,360753,0,1,0,0,0,0,0,0,0,0,0,0
2003,360753,1,1,0,0,0,0,0,0,0,0,0,0
2003,360754,1,1,0,0,0,21,0,0,18,18,13,26
2003,360755,1,1,0,0,0,0,0,13,0,0,0,0
2003,360756,0,1,20,34,0,26,0,17,19,0,0,0
2003,360756,1,1,7,10,0,0,18,0,15,0,0,3
2003,360757,1,1,0,0,0,0,0,0,0,0,12,0
2003,360757,2,1,0,0,0,0,0,0,0,0,0,0
2003,360758,1,1,0,0,0,11,8,23,0,24,0,26
2003,360759,1,1,0,0,0,0,0,0,0,0,0,0
2003,360759,2,1,0,0,0,0,0,0,0,0,0,0
2003,360759,3,1,0,0,0,0,0,0,0,0,0,0
2003,360760,1,1,25,25,25,25,25,25,25,25,25,25
2003,360761,1,1,0,0,0,0,0,0,0,0,2,0
2003,360762,0,1,0,0,0,0,0,0,0,0,0,0
2003,360762,1,1,0,10,0,0,0,0,0,9,0,0
2003,360763,1,1,22,7,33,20,16,7,7,9,20,27
2003,360764,1,1,0,0,0,0,0,0,0,0,0,0
2003,360764,2,1,0,0,0,0,0,0,0,0,0,0
2003,360765,1,1,0,20,13,19,0,10,9,0,33,19
2003,360766,0,1,0,0,0,0,0,0,0,0,0,0
2003,360766,1,1,0,0,0,0,0,0,0,0,0,0
2003,360767,0,1,14,14,14,14,14,14,14,14,14,14
2003,360767,1,1,0,6,0,0,0,0,13,0,0,7
2003,360767,2,1,0,0,0,0,17,0,0,0,0,0
2003,360768,1,1,0,0,0,0,0,0,0,0,0,0
2003,360769,1,1,8,0,17,0,0,0,0,0,0,0
2003,360770,1,1,20,0,0,0,3,0,0,0,0,0
2003,360771,1,2,16,16,16,16,16,16,16,16,16,16
2003,360772,1,1,0,0,0,0,0,0,0,0,0,0
2003,360773,1,1,19,19,19,19,19,19,19,19,19,19
2003,360774,1,1,0,0,0,0,0,0,0,0,0,0
2003,360774,2,1,0,0,0,0,0,0,0,0,0,0
2003,360775,1,1,27,27,27,27,27,27,27,27,27,27
2003,360776,1,1,0,0,0,0,0,0,0,0,0,0
2003,360777,1,1,13,22,2,4,18,10,11,0,0,17
2003,360777,2,1,0,0,0,0,0,0,0,0,0,0
2003,360778,1,1,0,0,0,0,0,0,0,0,4,0
2003,360779,1,1,0,0,0,0,0,0,0,0,0,0
2003,360779,2,1,0,0,0,0,0,0,0,0,0,0
2003,360780,1,1,0,9,0,0,17,0,0,0,20,0
2003,360780,2,1,0,0,0,0,0,0,0,0,0,0
2003,360781,1,1,9,15,33,14,9,18,6,22,9,18
2003,360781,2,1,0,0,0,0,0,0,0,0,7,0
2003,360782,1,1,0,0,0,0,0,0,0,0,0,0
2003,360783,1,1,0,0,0,0,0,0,0,0,0,0
2003,360783,2,1,0,0,0,0,0,0,0,0,0,0
2003,360784,0,1,0,0,0,0,0,0,0,0,0,0
2003,360784,1,1,0,0,0,0,0,0,0,0,0,0
2003,360785,1,1,0,0,0,0,8,0,0,12,0,0
2003,360786,1,1,0,14,19,4,21,22,7,0,20,4
2003,360786,2,1,0,0,0,0,0,0,0,0,0,0
2003,360787,0,1,11,14,25,19,15,15,25,7,30,19
2003,360787,1,1,0,0,0,0,14,0,10,0,0,10
2003,360788,1,1,0,14,19,25,0,0,0,0,6,0
2003,360788,2,1,0,0,0,0,0,0,0,13,12,0
2003,360789,1,1,0,0,0,0,0,0,0,4,0,0
2003,360789,2,1,0,0,0,0,0,0,0,0,0,0
2003,360790,0,1,13,0,17,0,0,0,14,0,0,0
2003,360790,1,1,0,0,0,0,0,0,0,0,0,0
2003,360791,1,1,0,0,12,24,0,5,0,0,0,0
2003,360792,1,1,0,0,16,0,0,4,0,0,0,0
2003,360793,1,1,0,0,0,0,0,0,0,0,0,0
2003,360794,1,1,8,8,8,8,8,8,8,8,8,8
2003,360795,0,1,0,0,0,0,0,0,0,0,0,0
2003,360795,1,1,0,0,0,0,0,0,6,0,0,12
2003,360796,0,1,0,0,0,0,0,0,0,0,0,0
2003,360796,1,1,0,0,0,0,7,0,4,0,0,12
2003,360797,1,1,18,18,18,18,18,18,18,18,18,18
2003,360797,2,1,0,0,0,0,0,0,0,0,0,0
2003,360798,0,1,1,1,1,1,1,1,1,1,1,1
2003,360798,1,1,0,6,4,0,13,0,0,4,21,0
2003,360799,0,1,0,11,0,0,0,0,0,0,0,0
2003,360799,1,1,0,0,0,9,0,0,0,0,0,0
2003,360800,1,1,19,0,0,0,0,39,15,24,0,0
2003,360801,1,1,12,0,13,0,0,15,17,0,20,16
2003,360802,0,1,0,0,0,0,0,0,0,0,0,0
2003,360802,1,1,0,6,0,0,0,0,12,0,0,0
2003,360803,1,1,9,0,11,23,19,8,10,6,0,7
2003,360803,2,1,0,5,12,0,23,0,5,0,8,0
2003,360804,0,1,0,0,0,0,0,0,0,0,0,0
2003,360804,1,1,16,5,0,0,0,0,0,0,11,0
2003,360805,1,1,0,0,0,0,0,0,20,0,0,0
2003,360806,0,1,0,0,0,17,22,0,17,0,27,0
2003,360806,1,1,0,36,0,0,0,0,0,0,0,0
2003,360807,0,1,0,0,24,0,13,0,0,0,0,0
2003,360807,1,1,14,0,0,4,0,0,0,0,0,0
2003,360808,0,1,0,31,29,21,6,0,0,13,21,18
2003,360808,1,1,7,11,0,0,0,0,0,0,0,0
2003,360809,1,1,0,0,0,0,0,0,0,0,0,0
2003,360809,2,1,0,0,0,0,0,0,0,0,0,0
2003,360810,1,1,6,0,0,0,6,23,23,0,5,0
2003,360811,0,1,0,0,0,0,15,0,17,0,0,0
2003,360811,1,1,0,0,0,0,0,0,0,0,0,0
2003,360812,1,1,0,6,0,0,0,0,0,0,0,8
2003,360813,1,1,0,0,0,0,0,0,0,0,0,0
2003,360813,2,1,0,0,0,0,0,0,0,0,0,0
2003,360814,1,1,27,7,13,11,16,21,12,0,20,32
2003,360815,1,1,22,22,22,22,22,22,22,22,22,22
2003,360815,2,1,0,0,0,0,0,0,0,0,0,0
2003,360816,1,1,0,0,0,0,0,0,0,0,0,0
2003,360816,2,1,0,0,0,0,3,0,0,0,0,0
2003,360817,1,1,15,26,0,15,20,28,15,18,17,8
2003,360818,1,1,11,11,11,11,11,11,11,11,11,11
2003,360819,1,1,0,0,9,0,0,0,0,0,0,0
2003,360819,2,1,0,0,0,0,0,0,0,0,0,0
2003,360820,1,1,0,0,0,0,0,0,0,0,0,0
2003,360821,1,1,0,0,14,0,0,0,0,16,0,0
2003,360821,2,1,0,0,0,0,0,0,0,0,0,0
2003,360822,1,1,0,0,0,0,0,0,0,0,0,0
2003,360822,2,1,0,0,0,0,0,0,0,0,0,0
2003,360823,0,1,0,0,0,0,0,0,0,0,0,0
2003,360823,1,1,0,0,0,0,0,0,0,0,5,0
2003,360824,0,1,0,0,0,0,0,0,0,0,0,0
2003,360824,1,1,0,0,0,0,0,0,0,0,0,0
2003,360825,1,1,0,0,0,0,0,0,0,0,0,0
2003,360825,2,1,0,0,0,0,0,0,0,0,0,0
2003,360826,1,1,0,0,0,0,0,0,0,0,0,0
2003,360826,2,1,0,0,0,0,0,0,6,0,0,0
2003,360827,1,1,12,0,0,0,4,0,0,0,0,0
2003,360827,2,1,0,0,0,0,0,0,0,0,0,0
2003,360827,3,1,0,0,0,0,0,0,0,0,0,0
2003,360828,1,1,0,0,0,0,0,0,0,0,0,0
2003,360828,2,1,0,0,0,0,0,0,0,0,0,0
2003,360829,1,1,0,0,0,0,0,0,0,0,0,0
2003,360829,2,1,3,3,3,3,3,3,3,3,3,3
2003,360830,1,1,25,18,13,25,40,12,21,23,13,13
2003,360830,2,1,0,0,0,0,0,0,0,0,0,0
2003,360831,1,1,21,21,21,21,21,21,21,21,21,21
2003,360831,2,1,0,0,0,0,0,0,0,0,0,0
2003,360832,1,1,9,0,0,0,0,0,22,0,0,0
2003,360832,2,1,0,0,0,0,0,0,0,0,0,0
2003,360833,1,1,0,0,0,0,0,0,0,0,0,0
2003,360833,2,1,0,0,0,0,0,0,0,0,0,0
2003,360834,1,1,0,0,0,0,0,0,0,0,0,0
2003,360834,2,1,0,0,0,0,0,0,0,0,0,0
2003,360835,1,1,12,17,29,16,6,27,6,18,0,17
2003,360836,1,1,24,24,24,24,24,24,24,24,24,24
2003,360837,1,1,0,0,0,0,0,0,0,0,22,0
2003,360837,2,1,0,0,0,0,0,0,0,0,0,0
2003,360838,1,1,24,7,18,2,11,10,14,20,7,16
2003,360839,0,1,0,0,0,0,0,0,0,0,0,0
2003,360839,1,1,0,0,0,0,0,0,0,0,0,0
2003,360840,1,1,0,0,0,0,0,0,0,0,0,0
2003,360840,2,1,0,0,0,0,0,0,0,0,0,0
2003,360840,3,1,0,0,0,0,0,0,0,0,0,0
2003,360841,0,1,0,0,0,9,0,0,0,0,0,0
2003,360841,1,1,0,0,0,0,0,0,0,11,0,0
2003,360842,1,1,0,0,0,0,0,0,0,0,0,0
2003,360842,2,1,0,0,0,0,0,0,0,0,0,0
2003,360843,1,1,20,20,20,20,20,20,20,20,20,20
2003,360844,1,1,0,0,0,0,0,0,0,0,0,0
2003,360844,2,1,0,0,0,0,0,0,0,0,0,0
2003,360845,1,1,21,0,24,0,8,16,30,12,0,0
2003,360846,1,1,0,18,11,0,0,0,0,0,0,0
2003,360846,2,1,0,0,0,0,0,0,0,0,0,0
2003,360847,1,1,0,15,0,0,0,10,0,30,0,13
2003,360848,1,1,0,0,0,0,0,0,0,0,0,0
2003,360849,1,1,0,0,0,0,0,0,0,0,0,0
2003,360849,2,1,0,0,0,0,0,0,0,0,0,0
2003,360850,1,1,0,0,0,0,8,0,0,0,0,0
2003,360850,2,1,0,0,0,0,0,0,0,0,0,0
2003,360851,1,1,0,0,0,0,0,0,0,0,0,0
2003,360851,2,1,0,0,0,0,0,0,0,0,0,0
2003,360852,1,1,0,0,0,0,0,0,0,0,0,0
2003,360853,1,1,0,0,0,0,0,0,0,0,0,0
2003,360853,2,1,0,0,0,0,0,0,0,0,0,0
2003,360854,1,1,0,0,0,0,0,0,0,0,0,0
2003,360854,2,1,0,0,0,0,0,0,0,0,0,0
2003,360855,0,1,0,0,0,0,0,0,0,0,0,0
2003,360855,1,1,0,0,0,0,14,0,0,9,0,0
2003,360856,1,1,0,0,19,0,18,13,9,0,0,17
2003,360857,1,1,0,0,0,0,0,0,0,0,0,0
2003,360857,2,1,0,0,0,0,0,0,0,0,0,0
2003,360858,0,1,28,28,28,28,28,28,28,28,28,28
2003,360858,1,1,27,22,0,0,0,0,0,0,0,18
2003,360859,1,1,2,2,2,2,2,2,2,2,2,2
2003,360860,0,1,0,0,0,0,0,0,0,0,0,0
2003,360860,0,2,0,0,0,0,0,0,0,0,0,0
2003,360860,1,1,0,0,0,0,0,0,0,0,0,0
2003,360860,2,1,0,0,4,0,0,0,0,0,0,3
2003,360860,3,1,0,0,0,0,0,0,0,0,0,0
2003,360861,1,1,40,40,40,40,40,40,40,40,40,40
2003,360861,2,1,0,0,0,0,0,0,10,0,0,10
2003,360861,3,1,0,0,0,0,0,0,0,0,0,0
2003,360862,1,1,22,0,21,23,30,12,0,4,29,13
2003,360863,1,1,0,0,0,0,0,0,0,0,0,0
2003,360864,1,1,0,25,0,0,0,0,0,0,0,0
2003,360864,2,1,0,0,0,0,0,4,0,0,0,0
2003,360865,1,1,14,29,0,16,0,11,0,0,0,0
2003,360866,1,1,0,0,0,8,5,21,29,0,17,0
2003,360867,1,1,0,0,0,0,0,0,6,0,0,0
2003,360867,2,1,0,0,0,0,0,0,0,0,0,0
2003,360867,3,1,0,0,0,9,0,0,0,0,0,0
2003,360868,1,1,0,0,0,0,0,0,0,0,0,0
2003,360868,2,1,0,0,0,0,0,0,0,0,0,0
2003,360869,1,1,0,0,0,0,4,9,10,0,0,10
2003,360870,1,1,0,0,0,0,0,0,0,0,0,0
2003,360871,1,1,0,19,0,0,0,0,8,0,0,0
2003,360871,2,1,0,0,0,0,0,0,0,0,0,0
2003,360872,1,1,0,22,0,27,23,14,19,38,15,0
2003,360873,1,1,0,0,0,0,31,0,0,0,14,0
2003,360874,1,1,0,0,0,0,0,0,0,0,8,0
2003,360874,2,1,0,0,0,0,0,0,0,12,7,0
2003,360875,1,1,17,17,17,17,17,17,17,17,17,17
2003,360876,1,1,0,0,0,0,0,0,0,0,0,0
2003,360876,2,1,0,0,0,0,0,0,0,0,0,0
2003,360877,0,1,11,0,14,4,26,27,23,33,0,0
2003,360877,1,1,0,0,0,0,0,0,0,0,0,0
2003,360878,1,1,28,15,13,8,7,16,0,11,11,21
2003,360878,2,1,0,0,0,0,0,0,0,0,0,0
2003,360879,1,1,0,0,0,0,0,0,0,0,0,0
2003,360879,2,1,0,0,0,0,0,0,0,0,0,0
2003,360880,1,1,0,0,0,0,0,0,0,0,0,0
2003,360880,2,1,0,0,10,0,0,0,0,0,15,0
2003,360881,1,1,0,17,18,34,0,15,0,0,0,17
2003,360882,0,1,0,0,0,0,0,0,0,0,0,0
2003,360882,1,1,0,0,0,0,25,0,0,0,5,0
2003,360883,1,1,0,0,0,12,0,12,0,0,0,0
2003,360884,1,1,21,21,21,21,21,21,21,21,21,21
2003,360885,1,1,18,0,15,4,12,9,27,15,4,22
2003,360886,1,1,0,0,0,0,0,0,0,0,0,0
2003,360886,2,1,0,0,0,0,0,0,0,0,0,0
2003,360887,1,1,0,0,12,0,0,0,22,0,0,0
2003,360887,2,1,23,23,23,23,23,23,23,23,23,23
2003,360888,1,1,0,0,0,0,0,13,7,5,0,0
2003,360889,1,1,7,0,15,0,4,0,0,11,0,0
2003,360889,2,1,13,24,4,10,4,0,0,8,30,0
2003,360890,0,1,0,0,0,0,0,0,0,0,0,0
2003,360890,1,1,0,4,0,0,0,0,0,0,0,0
2003,360891,0,1,0,0,0,0,10,0,0,0,0,0
2003,360891,1,1,0,0,0,0,0,0,0,0,0,0
2003,360892,1,1,0,0,11,13,30,0,0,16,14,28
2003,360893,1,1,0,0,0,0,0,0,0,0,0,29
2003,360893,2,1,0,30,0,0,0,0,0,0,0,0
2003,360894,1,1,13,13,13,13,13,13,13,13,13,13
2003,360895,1,1,0,0,0,0,0,0,0,0,0,0
2003,360896,1,1,0,15,0,19,23,38,26,21,24,17
2003,360897,1,1,0,0,0,3,20,0,0,0,0,3
2003,360897,2,1,0,0,0,0,0,0,0,0,0,0
2003,360898,1,1,0,0,1,0,0,0,0,0,0,0
2003,360898,2,1,0,0,0,0,0,0,0,0,0,0
2003,360899,1,1,0,27,33,0,0,0,0,0,5,0
2003,360900,1,1,0,0,0,0,0,0,0,0,0,0
2003,360900,2,1,0,0,18,0,0,12,0,0,0,12
2003,360900,3,1,0,0,0,0,0,0,0,0,0,0
2003,360901,1,1,26,4,0,9,14,13,0,0,0,0
2003,360902,0,1,0,0,22,0,0,13,0,0,0,0
2003,360902,1,1,0,0,0,0,0,0,0,0,0,0
2003,360903,1,1,0,0,0,0,0,0,0,0,7,0
2003,360903,2,1,0,0,0,0,0,0,0,0,0,0
2003,360903,3,1,0,0,0,0,0,0,0,0,0,0
2003,360904,0,1,0,0,0,0,0,0,0,0,0,0
2003,360904,1,1,33,33,33,33,33,33,33,33,33,33
2003,360905,1,1,0,0,0,0,0,0,0,0,0,0
2003,360905,2,1,0,0,0,0,0,0,0,0,0,0
2003,360906,1,1,0,0,6,0,0,18,16,0,0,0
2003,360907,1,1,0,0,0,0,0,0,0,0,0,0
2003,360907,2,1,0,0,0,0,0,0,0,0,0,0
2003,360908,0,1,15,0,0,0,0,21,0,0,0,0
2003,360908,1,1,0,0,0,0,0,0,0,11,0,0
2003,360909,1,1,0,0,0,0,0,24,0,8,14,0
2003,360910,1,1,0,0,0,17,0,0,0,0,0,0
2003,360910,2,1,5,0,24,0,9,24,10,3,0,18
2003,360911,1,1,17,0,22,13,12,30,0,0,16,13
2003,360912,0,1,0,0,28,0,0,50,39,0,15,0
2003,360912,1,1,0,12,19,0,0,28,13,27,0,0
2003,360913,1,1,0,44,0,0,0,0,0,0,0,0
2003,360914,0,1,0,0,0,0,0,0,0,0,0,0
2003,360914,1,1,0,0,0,0,0,0,0,0,0,0
2003,360915,1,1,0,0,0,0,0,0,0,0,0,0
2003,360915,2,1,0,0,0,0,0,0,0,0,0,0
2003,360916,1,1,29,7,17,14,24,28,24,22,18,16
2003,360917,0,1,0,0,0,0,0,0,0,0,0,0
2003,360917,0,2,0,0,11,16,9,0,0,0,0,35
2003,360917,1,1,0,8,0,0,0,0,0,0,0,0
2003,360917,2,1,0,0,25,6,0,0,0,0,0,0
2003,360918,0,1,0,0,0,0,0,0,0,0,0,0
2003,360918,1,1,0,0,0,0,0,0,0,0,0,0
2003,360919,1,1,0,19,22,15,10,0,18,0,10,22
2003,360920,1,1,18,22,33,0,5,0,18,21,18,13
2003,360921,0,1,0,0,22,0,0,0,0,0,0,0
2003,360921,1,1,0,0,0,0,0,0,0,0,0,0
2003,360922,1,1,0,0,0,0,0,0,0,0,0,0
2003,360922,2,1,0,0,0,0,0,0,0,0,0,0
2003,360923,1,1,0,0,0,0,0,0,0,0,0,0
2003,360924,1,1,0,0,0,0,0,0,12,0,0,0
2003,360924,2,1,0,0,0,0,0,0,0,0,0,0
2003,360924,3,1,0,0,0,0,0,0,0,0,0,9
2003,360925,1,1,22,22,22,22,22,22,22,22,22,22
2003,360926,1,1,0,0,0,0,17,0,0,0,0,20
2003,360927,0,1,0,0,0,0,5,0,26,0,0,0
2003,360927,1,1,0,0,0,0,0,0,0,0,0,0
2003,360928,0,1,0,0,0,0,18,0,24,0,0,6
2003,360928,1,1,22,0,12,0,29,0,6,8,0,9
2003,360929,1,1,0,0,0,0,0,0,0,0,0,0
2003,360929,2,1,0,0,0,0,0,0,0,0,0,0
2003,360930,0,1,14,0,0,0,0,0,0,0,0,0
2003,360930,1,1,0,0,0,0,11,0,29,0,9,0
2003,360930,2,1,0,0,0,14,0,0,19,0,0,0
2003,360931,0,1,0,14,0,0,7,0,0,0,0,0
2003,360931,1,1,0,0,6,0,0,0,0,0,0,10
2003,360931,2,1,0,0,0,0,0,0,0,0,0,0
2003,360932,1,1,1,1,1,1,1,1,1,1,1,1
2003,360932,2,1,0,0,0,0,0,0,0,0,0,0
2003,360932,3,1,0,0,0,0,0,0,0,0,0,0
2003,360933,1,1,6,0,0,0,0,0,0,0,0,0
2003,360933,2,1,0,0,0,0,0,0,0,0,0,0
2003,360934,1,1,19,11,0,19,0,22,14,23,17,12
2003,360935,1,1,0,15,0,0,0,0,0,0,0,0
2003,360935,2,1,0,0,0,0,0,0,0,0,0,0
2003,360936,1,1,0,0,0,0,0,0,0,0,0,0
2003,360936,2,1,0,0,0,0,0,5,0,0,0,0
2003,360937,1,1,0,0,0,0,0,0,0,0,0,0
2003,360937,2,1,0,0,0,0,0,0,0,0,0,0
2003,360938,1,1,0,0,23,0,0,0,0,0,0,0
2003,360939,0,1,0,0,0,0,0,0,0,0,0,0
2003,360939,1,1,0,0,0,0,0,0,0,0,0,0
2003,360940,1,1,0,0,0,0,0,0,0,0,0,0
2003,360940,2,1,0,0,0,0,0,0,0,0,0,0
2003,360940,3,1,0,0,0,0,0,0,0,0,0,0
2003,360941,1,1,11,0,0,23,25,0,0,0,0,30
2003,360941,2,1,0,0,0,0,0,0,0,0,0,0
2003,360942,1,1,0,0,0,0,0,0,0,0,0,0
2003,360942,2,1,0,0,10,0,0,0,0,0,0,0
2003,360943,0,1,13,0,15,22,18,0,0,26,25,12
2003,360943,1,1,5,0,20,10,16,18,12,5,14,3
2003,360944,1,1,11,38,17,11,7,7,9,30,15,16
2003,360945,1,1,0,0,0,0,0,0,0,0,0,0
2003,360945,2,1,0,0,0,0,0,0,0,0,0,0
2003,360946,0,1,0,0,0,0,0,0,0,0,0,0
2003,360946,1,1,0,0,0,0,0,0,0,0,0,0
2003,360946,2,1,0,0,0,0,0,0,0,0,0,0
2003,360947,1,1,0,19,16,22,21,21,0,0,14,0
2003,360948,1,1,0,0,0,5,0,0,0,0,0,21
2003,360949,1,1,6,27,12,27,0,16,18,12,12,7
2003,360949,2,1,0,0,0,0,0,0,0,0,0,0
2003,360950,1,1,20,0,15,0,0,0,0,0,19,0
2003,360951,1,1,0,0,23,0,14,14,0,0,0,0
2003,360952,0,1,30,50,17,36,5,38,11,27,23,11
2003,360952,1,1,0,0,0,0,40,0,0,0,0,0
2003,360953,1,1,0,0,0,0,0,0,0,0,0,0
2003,360953,2,1,0,0,0,0,0,0,0,0,0,0
2003,360954,1,1,0,0,0,0,0,0,0,0,0,0
2003,360954,2,1,0,0,0,0,0,0,0,0,0,0
2003,360955,1,1,0,0,0,0,0,0,0,0,0,0
2003,360955,2,1,0,0,0,0,0,0,0,0,18,0
2003,360956,1,1,0,0,0,0,0,0,0,0,0,0
2003,360956,2,1,0,0,0,0,0,0,0,0,0,0
2003,360957,0,1,30,26,38,23,30,3,7,0,11,18
2003,360957,1,1,17,17,17,17,17,17,17,17,17,17
2003,360958,0,1,22,29,22,30,21,20,17,12,24,27
2003,360958,1,1,0,0,0,0,0,0,0,0,0,0
2003,360959,1,1,0,0,0,0,11,16,0,10,0,0
2003,360960,0,1,51,45,22,32,24,0,18,36,0,0
2003,360960,1,1,19,0,0,0,3,8,0,0,26,0
2003,360961,0,1,0,0,0,0,0,0,0,0,0,0
2003,360961,1,1,0,0,0,0,0,0,0,0,0,0
2003,360962,1,1,14,14,14,14,14,14,14,14,14,14
2003,360963,0,1,0,0,0,34,31,0,24,0,0,0
2003,360963,1,1,24,13,6,5,0,13,12,4,10,16
2003,360964,1,1,8,14,11,7,9,11,13,2,0,26
2003,360964,2,1,0,0,0,49,0,0,0,0,0,0
2003,360965,1,1,15,0,0,21,6,0,0,0,0,0
2003,360966,0,1,0,12,0,0,0,0,0,0,0,0
2003,360966,1,1,0,0,0,0,0,0,0,27,0,0
2003,360967,1,1,0,37,0,0,0,0,17,0,0,0
2003,360967,2,1,0,0,0,0,0,0,0,0,0,0
2003,360968,1,1,21,21,21,21,21,21,21,21,21,21
2003,360968,2,1,0,0,0,0,0,0,0,0,0,0
2003,360969,0,1,0,0,0,0,0,0,0,0,0,0
2003,360969,1,1,11,0,0,0,0,0,0,0,0,0
2003,360970,1,1,0,0,0,0,0,0,0,0,0,0
2003,360971,1,1,0,0,0,0,0,0,0,17,0,0
2003,360971,2,1,0,0,0,0,0,0,0,0,0,0
2003,360972,1,1,0,0,0,0,0,0,3,0,0,0
2003,360972,2,1,17,17,17,17,17,17,17,17,17,17
2003,360973,1,1,0,0,0,0,0,0,0,0,0,0
2003,360974,1,1,17,17,17,17,17,17,17,17,17,17
2003,360975,1,1,0,0,0,0,0,0,0,0,0,0
2003,360976,1,1,0,0,0,0,0,0,0,0,0,0
2003,360976,2,1,0,0,0,0,0,0,0,0,0,0
2003,360977,1,1,0,0,0,0,0,0,0,0,0,0
2003,360977,2,1,0,0,0,0,14,0,0,0,0,11
2003,360978,0,1,0,0,0,0,0,0,0,0,0,23
2003,360978,0,2,0,0,0,0,0,0,0,0,0,0
2003,360978,1,1,0,0,0,0,0,0,0,0,24,0
2003,360979,1,1,0,0,0,0,0,0,0,0,0,0
2003,360979,2,1,0,0,0,0,0,0,0,0,0,0
2003,360980,0,1,39,0,0,0,10,28,26,0,19,4
2003,360980,1,1,0,0,0,0,0,0,0,0,0,0
2003,360981,0,1,13,18,32,10,27,37,16,37,27,22
2003,360981,1,1,0,0,0,0,0,0,0,0,0,0
2003,360982,0,1,14,20,0,0,0,18,13,0,0,0
2003,360982,1,1,0,0,8,0,0,0,0,0,0,0
2003,360983,1,1,0,0,0,0,0,0,0,0,0,0
2003,360984,1,1,0,0,0,0,0,0,0,0,0,0
2003,360984,2,1,0,0,0,0,0,0,0,28,0,0
2003,360985,1,1,13,13,13,13,13,13,13,13,13,13
2003,360986,1,1,7,7,12,23,0,0,7,9,13,9
2003,360987,0,1,15,15,15,15,15,15,15,15,15,15
2003,360987,1,1,0,0,0,0,0,0,0,0,0,0
2003,360988,1,1,0,0,0,0,0,0,0,0,0,0
2003,360988,2,1,0,0,0,0,0,0,0,0,0,0
2003,360988,3,1,0,0,0,0,0,0,0,0,0,0
2003,360989,0,1,0,12,0,0,0,0,0,0,0,0
2003,360989,1,1,0,0,0,0,0,0,0,11,0,0
2003,360990,1,1,14,31,19,0,28,19,0,27,23,9
2003,360991,1,1,17,21,9,22,3,13,0,12,19,7
2003,360992,1,1,0,0,0,0,0,0,0,8,0,0
2003,360993,1,1,0,0,11,0,0,0,0,0,0,0
2003,360993,2,1,0,0,0,0,0,7,0,0,0,0
2003,360994,0,1,0,0,0,0,23,17,0,0,0,0
2003,360994,1,1,13,0,10,0,0,16,0,13,0,0
2003,360995,0,1,0,0,0,0,0,0,0,0,0,0
2003,360995,1,1,0,0,0,11,0,2,0,0,0,0
2003,360996,1,1,0,0,0,0,0,0,0,0,0,0
2003,360996,2,1,0,0,0,0,0,0,0,0,0,0
2003,360997,1,1,0,17,0,0,0,0,0,0,0,0
2003,360997,2,1,0,0,7,0,0,26,0,0,0,0
2003,360998,1,1,0,11,0,0,0,2,0,0,0,0
2003,360998,2,1,0,0,0,0,0,0,0,0,0,0
2003,360999,1,1,14,0,26,0,9,16,0,20,0,0
2003,361000,0,1,0,0,0,0,0,0,0,0,0,0
2003,361000,1,1,0,0,0,0,0,24,0,0,0,0
2003,361001,0,1,0,0,0,0,0,0,0,0,32,0
2003,361001,0,2,0,0,0,0,0,0,0,0,0,0
2003,361001,1,1,0,0,0,0,0,0,0,0,0,0
2003,361002,0,1,0,0,0,0,0,0,0,0,0,0
2003,361002,0,2,0,0,0,0,0,0,0,0,0,0
2003,361002,0,3,0,0,0,0,0,0,0,0,0,0
2003,361002,0,4,0,0,0,0,0,0,0,0,0,0
2003,361002,1,1,0,0,0,0,0,0,9,0,0,26
2003,361003,0,1,8,34,20,19,30,0,33,23,35,37
2003,361003,1,1,0,0,0,0,0,10,0,0,0,16
2003,361004,0,1,0,0,0,0,0,0,0,0,0,0
2003,361004,1,1,0,0,0,0,0,0,0,0,0,0