YEAR,ST_CASE,veh_no,per_no,P1,P2,P3,P4,P5,P6,P7,P8,P9,P10
2003,361005,0,1,0,0,0,0,0,0,0,0,0,0
2003,361005,1,1,0,0,0,0,0,0,0,0,0,0
2003,361006,1,1,0,13,16,9,11,15,7,23,3,0
2003,361006,2,1,0,0,0,0,0,0,0,0,0,0
2003,361007,0,1,24,24,24,24,24,24,24,24,24,24
2003,361007,1,1,0,23,0,8,7,0,0,10,0,29
2003,361008,0,1,31,0,31,18,0,0,9,6,5,0
2003,361008,1,1,0,0,0,0,0,0,0,0,0,0
2003,361009,0,1,0,0,25,0,0,0,12,24,0,37
2003,361009,1,1,0,0,0,0,0,0,0,13,8,0
2003,361010,1,1,0,0,0,0,0,0,0,0,0,0
2003,361012,1,1,0,0,23,0,0,7,14,0,0,0
2003,361012,2,1,13,0,4,9,2,10,9,7,0,0
2003,361012,3,1,0,6,0,0,0,10,5,0,0,0
2003,361013,0,1,0,0,0,0,0,0,0,8,0,0
2003,361013,1,1,0,0,0,0,0,0,0,0,0,0
2003,361014,1,1,0,0,0,0,0,0,0,10,0,0
2003,361014,2,1,11,0,0,0,0,0,0,0,0,0
2003,361015,1,1,0,0,0,0,8,0,0,0,0,0
2003,361015,2,1,12,21,0,16,0,0,0,0,0,0
2003,361016,1,1,0,0,0,0,10,9,14,3,6,0
2003,361017,1,1,0,0,0,0,0,0,0,0,0,0
2003,361017,2,1,0,13,0,0,0,0,0,0,12,0
2003,361018,1,1,0,0,0,0,0,0,0,0,0,0
2003,361018,2,1,0,0,0,0,0,0,0,0,0,0
2003,361019,1,1,6,6,6,6,6,6,6,6,6,6
2003,361020,1,1,0,0,0,0,0,0,0,0,0,0
2003,361020,2,1,15,18,11,13,0,0,0,10,14,25
2003,361021,0,1,23,23,23,23,23,23,23,23,23,23
2003,361021,1,1,0,0,0,0,0,0,0,0,0,0
2003,361022,1,1,0,0,0,0,0,0,0,0,0,0
2003,361022,2,1,0,0,0,0,0,0,0,0,0,0
2003,361023,1,1,19,19,9,0,17,7,8,18,8,0
2003,361024,1,1,0,0,0,23,0,0,0,0,0,0
2003,361025,1,1,17,12,9,10,24,7,7,15,14,12
2003,361026,1,1,0,0,0,0,0,0,0,0,0,0
2003,361027,0,1,0,0,0,0,0,0,0,0,0,0
2003,361027,1,1,0,0,0,0,0,0,0,8,0,0
2003,361028,1,1,25,7,21,21,11,21,20,34,13,16
2003,361029,0,1,0,0,0,0,0,0,0,0,7,0
2003,361029,1,1,0,0,0,0,0,0,0,0,0,0
2003,361030,1,1,0,5,19,0,0,0,0,12,0,23
2003,361030,2,1,0,0,0,0,0,0,0,0,0,0
2003,361031,1,1,14,14,14,14,14,14,14,14,14,14
2003,361032,1,1,0,0,0,0,0,0,0,0,0,0
2003,361032,2,1,0,0,0,0,0,0,0,0,0,0
2003,361033,0,1,0,0,0,0,0,0,0,0,0,0
2003,361033,1,1,0,0,0,0,0,0,0,0,22,0
2003,361034,1,1,0,0,0,0,0,0,0,0,0,0
2003,361035,1,1,15,16,3,21,16,28,15,19,5,11
2003,361036,1,1,0,0,0,0,0,0,0,0,0,0
2003,361037,1,1,0,0,0,0,0,0,0,0,0,0
2003,361038,0,1,7,7,0,19,0,0,0,0,16,0
2003,361038,1,1,0,0,0,0,0,0,0,0,0,0
2003,361039,0,1,28,0,0,0,31,0,26,0,0,0
2003,361039,1,1,0,0,0,0,0,0,3,0,0,0
2003,361040,1,1,0,0,0,0,0,0,27,0,0,12
2003,361040,2,1,0,0,0,0,0,0,0,0,0,0
2003,361041,0,1,0,0,0,0,0,0,0,0,0,0
2003,361041,1,1,0,0,0,0,0,0,0,0,14,0
2003,361042,0,1,0,0,0,0,0,0,0,0,0,0
2003,361042,1,1,0,0,18,0,0,0,0,0,0,0
2003,361043,1,1,0,0,0,0,31,0,0,0,0,0
2003,361044,1,1,0,0,0,0,0,0,0,0,0,0
2003,361045,1,1,0,0,12,0,0,0,25,0,0,0
2003,361046,1,1,23,0,0,0,0,0,0,0,0,0
2003,361047,0,1,17,17,17,17,17,17,17,17,17,17
2003,361047,0,2,0,21,32,27,19,0,19,0,12,27
2003,361047,1,1,0,0,0,0,0,0,0,0,0,0
2003,361048,0,1,0,0,0,0,0,0,0,0,0,0
2003,361048,1,1,0,0,0,0,0,0,0,0,0,0
2003,361049,1,1,0,0,0,0,0,0,0,0,0,0
2003,361049,2,1,0,0,0,0,0,0,0,0,0,0
2003,361050,1,1,22,9,17,9,9,10,12,18,0,6
2003,361050,2,1,15,0,0,17,16,19,20,0,40,14
2003,361051,1,1,0,0,0,0,0,0,0,0,0,0
2003,361051,2,1,0,0,0,0,0,0,0,0,0,0
2003,361052,1,1,0,0,0,0,0,0,0,0,0,0
2003,361053,1,1,0,0,0,0,27,0,0,0,0,0
2003,361053,2,1,0,0,0,0,0,0,0,0,0,0
2003,361054,1,1,0,18,9,0,24,18,12,30,23,19
2003,361055,0,1,27,27,27,27,27,27,27,27,27,27
2003,361055,1,1,0,0,13,0,0,9,0,0,0,0
2003,361056,1,1,0,0,0,0,0,0,0,0,0,0
2003,361057,0,1,0,35,0,0,0,0,0,0,25,0
2003,361057,1,1,0,0,0,0,0,0,0,0,0,0
2003,361058,1,1,0,0,0,0,0,0,0,0,0,0
2003,361058,2,1,9,9,9,9,9,9,9,9,9,9
2003,361059,0,1,0,0,0,0,0,0,0,0,0,0
2003,361059,1,1,4,26,26,21,22,5,9,25,23,26
2003,361060,1,1,23,6,24,14,20,27,19,15,11,18
2003,361061,1,1,0,0,0,0,0,0,0,0,0,0
2003,361062,1,1,0,0,0,0,0,0,0,21,0,0
2003,361062,2,1,0,0,0,0,0,0,0,0,0,0
2003,361063,0,1,0,0,0,0,0,0,35,0,0,0
2003,361064,0,1,0,0,0,0,0,0,0,0,0,0
2003,361064,1,1,0,0,0,0,0,0,0,0,0,0
2003,361065,1,1,0,0,0,0,0,0,0,0,0,0
2003,361066,1,1,26,0,11,0,0,15,0,0,25,0
2003,361067,1,1,0,0,0,0,0,0,0,0,0,0
2003,361067,2,1,0,0,0,0,0,0,0,0,0,0
2003,361068,1,1,20,20,20,20,20,20,20,20,20,20
2003,361068,2,1,0,0,14,0,0,0,0,0,0,0
2003,361069,1,1,19,12,0,7,2,15,28,0,0,7
2003,361069,2,1,16,28,23,0,0,6,6,15,0,0
2003,361070,1,1,0,0,0,0,0,0,0,0,0,0
2003,361070,2,1,0,0,0,0,0,0,0,0,0,0
2003,361071,0,1,0,0,0,0,0,0,0,0,0,0
2003,361071,1,1,8,0,0,0,0,0,0,12,0,14
2003,361071,2,1,7,0,0,0,10,0,0,0,0,0
2003,361072,1,1,0,0,0,0,0,0,0,0,0,0
2003,361072,2,1,0,0,0,0,0,0,0,0,0,14
2003,361073,0,1,0,0,32,0,0,0,0,6,0,0
2003,361073,1,1,0,0,0,0,0,0,0,0,0,0
2003,361074,1,1,14,0,17,19,0,12,0,15,18,0
2003,361074,2,1,0,0,0,0,0,0,0,0,0,0
2003,361074,3,1,0,0,0,0,15,0,0,0,0,0
2003,361075,1,1,0,0,0,0,0,0,0,0,0,0
2003,361075,2,1,0,0,0,0,0,0,0,0,0,0
2003,361076,1,1,0,0,0,0,0,0,0,0,0,0
2003,361077,1,1,0,0,0,0,0,12,7,24,0,0
2003,361077,2,1,0,0,0,0,0,0,0,0,0,0
2003,361078,0,1,19,19,19,19,19,19,19,19,19,19
2003,361078,1,1,0,0,0,0,0,0,0,0,0,0
2003,361079,1,1,0,0,0,8,10,0,0,0,9,0
2003,361080,1,1,0,0,0,0,0,0,0,0,0,0
2003,361081,0,1,0,0,0,0,0,0,0,0,0,0
2003,361081,0,2,0,0,0,0,0,0,0,0,0,0
2003,361081,1,1,12,9,0,0,0,0,0,0,0,0
2003,361082,0,1,0,0,0,0,0,0,0,0,0,0
2003,361082,1,1,0,15,0,0,0,0,0,0,0,0
2003,361082,2,1,0,0,0,0,0,0,0,0,0,0
2003,361083,0,1,20,9,9,0,0,17,0,9,15,0
2003,361083,1,1,0,0,0,0,0,0,0,22,3,0
2003,361084,0,1,11,11,16,13,0,15,0,0,22,0
2003,361084,1,1,17,0,8,15,0,0,0,6,0,0
2003,361085,1,1,0,0,0,0,0,0,0,0,0,0
2003,361085,2,1,0,0,0,0,0,0,0,0,0,0
2003,361086,1,1,0,0,29,16,0,0,0,0,0,0
2003,361087,1,1,0,0,0,0,0,0,0,0,0,0
2003,361087,2,1,0,0,0,0,0,0,0,0,0,0
2003,361088,0,1,8,0,0,0,0,0,0,0,0,0
2003,361088,1,1,0,0,0,0,0,0,0,0,0,0
2003,361089,0,1,26,13,0,26,0,26,4,21,22,0
2003,361089,1,1,0,22,15,0,0,0,0,0,9,0
2003,361089,2,1,0,0,0,0,0,0,0,0,9,0
2003,361090,0,1,0,0,11,0,0,0,0,0,0,0
2003,361090,0,2,0,0,0,6,0,25,0,0,0,0
2003,361090,1,1,0,9,0,0,0,0,0,32,9,34
2003,361091,0,1,17,0,7,0,0,0,0,26,27,0
2003,361091,1,1,0,4,0,9,0,0,0,0,0,0
2003,361092,0,1,0,0,0,0,0,0,0,0,0,0
2003,361092,1,1,0,0,0,0,0,0,0,0,0,0
2003,361092,2,1,0,0,0,0,0,0,0,0,0,0
2003,361093,0,1,25,25,25,25,25,25,25,25,25,25
2003,361093,1,1,11,0,0,0,0,11,14,22,0,0
2003,361094,1,1,0,0,21,19,0,0,0,0,0,0
2003,361094,2,1,0,0,0,0,0,0,0,0,0,0
2003,361095,1,1,0,0,0,0,0,0,0,0,0,0
2003,361095,2,1,0,0,5,0,0,0,0,0,0,0
2003,361095,3,1,0,0,0,0,0,0,0,0,0,0
2003,361096,1,1,0,0,0,0,0,0,0,0,0,0
2003,361096,2,1,0,0,0,0,0,0,0,0,0,0
2003,361097,1,1,0,0,0,0,0,0,0,0,0,0
2003,361097,2,1,0,0,0,0,0,0,0,0,0,0
2003,361098,1,1,0,0,0,0,0,19,0,0,0,0
2003,361098,2,1,0,0,0,0,0,0,0,0,0,0
2003,361099,1,1,0,0,0,0,0,0,0,0,0,0
2003,361099,2,1,0,0,0,0,0,0,0,0,0,0
2003,361100,1,1,17,0,15,19,0,0,16,0,13,0
2003,361101,1,1,0,0,0,0,0,0,0,0,0,0
2003,361101,2,1,0,0,0,0,0,14,0,0,0,20
2003,361102,1,1,0,0,0,0,0,0,0,0,0,0
2003,361102,2,1,0,0,0,10,0,0,0,0,0,13
2003,361103,1,1,0,0,0,0,0,0,0,0,0,0
2003,361103,2,1,0,0,0,0,0,0,0,0,0,0
2003,361104,1,1,0,0,0,13,0,22,0,27,15,0
2003,361104,2,1,0,0,0,0,0,0,0,0,13,0
2003,361105,1,1,17,17,17,17,17,17,17,17,17,17
2003,361106,1,1,0,0,0,10,18,0,0,0,0,0
2003,361107,1,1,0,8,8,0,0,20,11,13,0,0
2003,361108,1,1,0,0,8,0,14,24,23,0,0,18
2003,361109,1,1,15,0,13,21,0,23,10,0,13,18
2003,361110,0,1,5,0,0,0,0,16,24,0,24,0
2003,361110,1,1,0,0,0,0,0,0,0,0,0,0
2003,361111,1,1,11,11,11,11,11,11,11,11,11,11
2003,361112,1,1,0,0,0,0,0,0,22,0,11,27
2003,361113,1,1,0,0,0,0,0,0,0,0,0,0
2003,361114,1,1,0,0,0,0,0,0,0,0,0,0
2003,361114,2,1,0,0,0,22,0,0,0,0,0,0
2003,361115,1,1,0,0,0,0,0,0,0,0,0,0
2003,361115,2,1,0,0,0,0,0,0,0,0,0,0
2003,361116,0,1,0,0,0,0,0,0,0,0,0,0
2003,361116,1,1,0,0,0,0,0,25,0,0,0,0
2003,361117,0,1,0,0,0,0,0,0,0,0,0,0
2003,361117,1,1,0,0,0,0,0,0,0,0,0,0
2003,361118,1,1,0,0,0,0,0,0,0,0,0,0
2003,361118,2,1,28,28,28,28,28,28,28,28,28,28
2003,361119,1,1,0,0,0,0,0,0,0,0,0,0
2003,361119,2,1,0,0,0,0,0,0,0,0,15,0
2003,361120,1,1,0,0,21,0,0,0,0,0,0,0
2003,361120,2,1,0,0,0,0,0,0,0,0,0,0
2003,361120,3,1,0,0,0,0,0,0,0,0,0,0
2003,361121,1,1,0,0,0,0,0,0,0,0,0,0
2003,361121,2,1,0,0,0,0,16,0,0,0,17,0
2003,361122,1,1,0,8,0,0,0,0,0,0,0,0
2003,361122,2,1,0,0,0,0,0,0,0,0,0,8
2003,361123,0,1,22,22,22,22,22,22,22,22,22,22
2003,361123,1,1,0,16,8,12,13,4,14,20,26,14
2003,361124,0,1,0,0,0,0,0,0,0,0,0,0
2003,361124,1,1,0,0,0,0,0,2,0,0,0,0
2003,361125,1,1,19,19,19,19,19,19,19,19,19,19
2003,361126,1,1,0,0,0,0,0,0,4,19,0,0
2003,361126,2,1,0,0,0,0,0,0,0,0,0,0
2003,361127,1,1,34,34,34,34,34,34,34,34,34,34
2003,361127,2,1,0,0,0,0,0,0,0,0,0,0
2003,361128,1,1,0,0,0,0,0,0,0,0,0,0
2003,361129,1,1,0,0,0,0,0,0,0,0,0,0
2003,361129,2,1,0,0,0,0,0,0,0,0,0,0
2003,361130,1,1,0,0,0,0,0,12,0,18,0,0
2003,361131,1,1,0,0,0,0,0,0,0,0,0,0
2003,361131,2,1,0,0,0,0,0,0,0,0,5,0
2003,361132,1,1,0,0,0,0,0,0,0,0,0,0
2003,361132,2,1,0,0,0,0,0,0,0,0,0,0
2003,361133,0,1,0,0,0,0,0,0,0,0,0,0
2003,361133,1,1,0,0,0,0,0,0,7,0,0,0
2003,361134,1,1,0,0,0,0,0,0,0,0,0,0
2003,361135,1,1,21,21,21,21,21,21,21,21,21,21
2003,361136,1,1,0,0,0,0,0,0,0,0,0,0
2003,361136,2,1,0,0,0,0,0,0,0,0,0,0
2003,361137,1,1,0,0,0,0,0,0,0,0,0,0
2003,361138,1,1,0,0,0,0,11,17,22,20,0,10
2003,361139,1,1,15,15,15,15,15,15,15,15,15,15
2003,361140,1,1,0,0,0,0,0,7,0,0,0,0
2003,361140,2,1,0,0,0,0,0,0,0,0,0,0
2003,361141,1,1,0,0,0,0,0,0,0,0,0,0
2003,361141,2,1,0,0,0,0,0,0,0,0,0,0
2003,361141,3,1,0,0,0,0,0,0,0,0,0,0
2003,361141,4,1,0,0,6,0,0,0,0,0,0,0
2003,361141,5,1,0,0,0,0,0,0,0,0,0,0
2003,361141,6,1,0,0,0,0,0,0,0,0,0,0
2003,361141,7,1,0,0,0,0,6,0,0,0,0,0
2003,361142,1,1,0,0,0,0,0,0,0,0,0,0
2003,361143,0,1,0,0,0,0,0,0,0,0,0,0
2003,361143,1,1,5,0,22,0,0,0,0,0,0,0
2003,361144,1,1,0,17,0,0,0,0,27,25,0,0
2003,361145,1,1,21,2,14,4,11,14,21,22,8,6
2003,361145,2,1,0,0,0,0,0,0,0,16,0,11
2003,361146,1,1,0,0,0,0,0,0,16,0,0,0
2003,361146,2,1,13,0,0,0,0,0,0,0,0,29
2003,361147,1,1,0,0,0,0,0,0,0,0,11,0
2003,361147,2,1,0,0,0,0,0,0,0,0,0,0
2003,361147,3,1,0,0,0,0,0,0,0,0,0,0
2003,361148,0,1,0,18,29,0,0,0,19,10,20,16
2003,361148,1,1,0,0,6,0,0,0,0,0,0,0
2003,361150,1,1,1,1,1,1,1,1,1,1,1,1
2003,361150,2,1,0,17,0,0,0,0,0,0,0,0
2003,361151,1,1,0,0,0,0,0,0,0,0,0,0
2003,361152,1,1,0,0,0,0,17,0,0,0,0,0
2003,361153,1,1,0,0,0,0,0,0,0,0,0,0
2003,361154,1,1,0,0,0,0,0,0,0,0,0,0
2003,361155,0,1,9,30,0,0,23,0,0,24,0,30
2003,361155,1,1,0,10,0,0,0,0,0,0,0,22
2003,361156,1,1,15,15,15,15,15,15,15,15,15,15
2003,361157,1,1,0,0,0,0,0,0,0,0,0,0
2003,361157,2,1,16,0,18,0,10,0,0,0,0,2
2003,361158,0,1,0,0,0,0,0,0,0,0,0,0
2003,361158,0,2,0,0,0,0,0,0,0,0,0,0
2003,361158,1,1,0,0,0,0,0,0,0,0,0,0
2003,361159,1,1,21,0,0,3,26,0,9,20,13,0
2003,361159,2,1,0,0,0,7,0,0,8,0,0,24
2003,361160,0,1,0,0,0,0,0,0,0,0,0,0
2003,361160,1,1,0,0,0,0,0,0,0,0,0,0
2003,361161,1,1,0,0,0,11,0,0,0,18,0,0
2003,361162,0,1,0,0,0,0,0,0,0,0,0,0
2003,361162,0,2,0,0,0,0,0,0,0,0,0,0
2003,361162,1,1,0,0,0,0,0,0,0,0,18,0
2003,361163,0,1,0,0,0,0,0,0,0,0,0,0
2003,361163,1,1,0,0,0,0,0,0,0,0,2,0
2003,361164,0,1,0,0,0,0,0,0,0,0,15,0
2003,361164,1,1,0,0,0,0,0,0,0,0,0,0
2003,361165,0,1,0,0,0,0,0,0,0,0,0,0
2003,361165,1,1,0,0,8,0,0,0,10,0,0,0
2003,361166,1,1,13,13,13,13,13,13,13,13,13,13
2003,361166,2,1,5,0,0,0,20,0,0,12,27,23
2003,361167,0,1,0,24,22,31,15,6,0,0,15,0
2003,361167,1,1,0,0,22,9,0,0,0,0,0,0
2003,361168,0,1,18,0,26,22,0,0,16,26,13,14
2003,361168,1,1,24,9,31,0,13,12,0,15,22,29
2003,361168,2,1,0,0,25,0,0,0,0,0,0,0
2003,361169,1,1,0,0,0,0,19,7,0,16,0,12
2003,361169,2,1,0,0,30,8,17,20,0,6,8,0
2003,361170,1,1,0,0,0,0,0,0,0,0,0,0
2003,361171,1,1,6,16,0,0,9,0,0,17,12,4
2003,361172,0,1,0,0,13,0,0,0,0,0,0,0
2003,361172,1,1,0,0,0,0,0,0,0,0,0,0
2003,361173,1,1,0,0,0,0,0,0,0,0,0,0
2003,361173,2,1,0,0,0,0,0,0,0,0,0,10
2003,361174,0,1,0,0,0,0,0,0,0,0,0,0
2003,361174,1,1,0,0,0,0,0,0,0,0,0,0
2003,361175,1,1,14,0,13,13,0,17,0,0,0,0
2003,361175,2,1,0,0,0,0,0,0,16,0,0,0
2003,361176,1,1,0,0,10,0,0,33,0,0,0,0
2003,361176,2,1,0,0,0,0,0,0,0,0,0,0
2003,361177,1,1,23,8,9,0,3,27,8,13,0,0
2003,361178,1,1,0,25,13,5,15,13,11,14,14,19
2003,361178,2,1,2,2,2,2,2,2,2,2,2,2
2003,361179,1,1,0,15,7,0,11,16,0,18,17,34
2003,361180,1,1,17,17,17,17,17,17,17,17,17,17
2003,361181,0,1,19,19,19,19,19,19,19,19,19,19
2003,361181,1,1,0,19,6,15,7,11,14,0,13,18
2003,361182,0,1,0,0,0,0,0,0,0,0,0,18
2003,361182,1,1,0,0,0,9,0,0,0,0,0,0
2003,361183,1,1,0,0,0,20,0,0,0,0,0,0
2003,361183,2,1,0,0,0,0,0,9,0,0,0,0
2003,361184,1,1,18,18,18,18,18,18,18,18,18,18
2003,361185,0,1,0,0,0,22,0,0,0,0,21,0
2003,361185,1,1,0,0,0,0,15,0,0,0,0,16
2003,361186,1,1,17,17,17,17,17,17,17,17,17,17
2003,361187,1,1,0,0,0,0,0,0,0,17,0,0
2003,361187,2,1,0,0,0,0,0,0,0,0,0,0
2003,361188,1,1,0,0,0,0,0,0,0,0,0,0
2003,361188,2,1,0,0,0,0,0,0,18,0,0,0
2003,361189,1,1,0,2,0,0,0,29,0,0,0,0
2003,361190,1,1,9,14,0,18,23,20,31,0,0,20
2003,361191,0,1,0,0,0,0,32,27,17,34,15,5
2003,361191,1,1,0,12,0,17,0,0,0,0,9,13
2003,361192,0,1,0,0,0,0,0,0,0,0,0,0
2003,361192,1,1,0,0,0,0,14,0,0,0,12,0
2003,361193,1,1,30,26,18,17,22,15,27,10,12,7
2003,361194,1,1,20,14,15,14,19,21,23,26,18,21
2003,361195,1,1,0,0,0,0,0,0,0,0,0,0
2003,361196,1,1,0,0,0,0,0,0,0,0,0,0
2003,361196,2,1,0,0,0,0,0,0,0,0,0,0
2003,361197,0,1,0,0,0,0,14,25,0,36,12,16
2003,361197,1,1,6,0,0,0,0,0,0,0,0,3
2003,361198,1,1,0,0,0,0,0,0,0,0,0,0
2003,361198,2,1,0,0,0,0,0,0,0,0,0,0
2003,361199,1,1,21,5,0,6,19,24,0,24,12,18
2003,361200,1,1,0,0,0,0,0,0,0,0,0,0
2003,361201,1,1,17,17,17,17,17,17,17,17,17,17
2003,361202,0,1,11,11,11,11,11,11,11,11,11,11
2003,361202,1,1,0,11,0,0,0,0,0,0,7,0
2003,361203,1,1,17,21,0,0,19,0,0,21,0,0
2003,361203,2,1,2,2,2,2,2,2,2,2,2,2
2003,361203,3,1,0,0,0,0,0,0,0,0,0,9
2003,361203,4,1,0,0,0,0,0,0,0,17,23,0
2003,361204,0,1,0,0,33,11,0,32,0,17,38,13
2003,361204,1,1,0,11,0,0,0,0,12,9,0,0
2003,361205,0,1,0,0,0,0,0,0,0,0,0,0
2003,361205,1,1,0,0,0,0,0,0,0,0,0,0
2003,361206,1,1,0,0,28,13,0,0,0,0,13,7
2003,361206,2,1,0,0,0,0,25,8,0,0,0,10
2003,361207,0,1,43,0,0,28,32,0,0,10,0,0
2003,361207,1,1,0,0,5,0,0,5,12,0,6,0
2003,361208,0,1,0,0,0,0,0,0,0,0,0,0
2003,361208,1,1,0,0,0,0,0,0,0,0,0,0
2003,361209,0,1,0,0,0,0,0,0,0,0,0,0
2003,361209,1,1,0,12,0,0,0,0,0,0,0,0
2003,361210,0,1,0,8,31,0,0,0,0,0,6,0
2003,361210,1,1,0,0,0,0,0,0,0,0,14,0
2003,361211,0,1,0,0,0,0,0,0,0,0,0,0
2003,361211,1,1,0,0,0,0,0,0,0,0,0,0
2003,361212,1,1,12,20,0,23,0,11,0,13,0,0
2003,361213,0,1,0,0,0,0,0,0,0,0,0,0
2003,361213,1,1,0,0,0,0,0,0,0,0,0,0
2003,361214,1,1,0,0,27,19,0,19,9,10,0,0
2003,361215,1,1,0,0,0,0,0,0,0,0,0,0
2003,361216,0,1,0,0,0,0,0,0,0,0,0,0
2003,361216,1,1,0,0,0,0,0,0,0,0,0,0
2003,361217,1,1,0,0,0,0,0,0,0,0,14,0
2003,361218,0,1,0,0,0,0,0,0,0,0,0,0
2003,361218,1,1,0,0,0,0,0,0,0,5,0,0
2003,361219,1,1,0,0,0,0,0,0,0,0,0,0
2003,361220,1,1,0,0,0,0,0,0,0,0,0,0
2003,361220,2,1,0,0,0,0,0,0,0,0,0,0
2003,361221,0,1,0,0,0,0,0,0,0,0,0,0
2003,361221,1,1,14,14,14,14,14,14,14,14,14,14
2003,361222,1,1,18,20,17,24,32,12,11,26,28,14
2003,361223,1,1,0,0,0,0,12,28,16,0,0,0
2003,361224,0,1,26,0,18,0,0,0,0,21,22,0
2003,361224,1,1,12,12,12,12,12,12,12,12,12,12
2003,361225,0,1,0,0,0,0,0,0,0,0,0,0
2003,361225,1,1,0,0,0,0,0,0,0,0,0,0
2003,361226,0,1,20,20,20,20,20,20,20,20,20,20
2003,361226,1,1,7,10,8,0,20,0,0,0,14,9
2003,361227,0,1,6,0,0,17,26,12,15,0,15,0
2003,361227,1,1,3,17,3,19,0,0,0,0,0,0
2003,361228,0,1,20,18,0,0,31,16,0,0,24,0
2003,361228,1,1,0,0,23,9,0,15,0,0,0,0
2003,361229,0,1,16,0,0,0,0,0,0,19,0,0
2003,361229,1,1,0,0,0,0,0,0,0,0,0,0
2003,361230,1,1,16,11,22,10,18,0,0,0,0,0
2003,361230,2,1,0,0,6,0,0,5,0,0,0,0
2003,361231,0,1,21,31,24,28,0,26,12,12,28,14
2003,361231,1,1,0,0,0,0,0,0,0,18,21,0
2003,361232,0,1,0,0,0,0,0,0,24,0,0,0
2003,361232,1,1,0,12,0,0,0,0,0,0,0,0
2003,361233,0,1,0,0,0,0,0,0,0,0,0,0
2003,361233,1,1,0,0,0,0,0,0,0,0,0,0
2003,361234,0,1,0,12,0,25,29,0,0,26,25,0
2003,361234,1,1,0,0,13,10,0,0,0,0,25,0
2003,361235,1,1,0,23,0,0,0,0,0,0,0,0
2003,361235,2,1,0,0,0,0,10,0,0,13,0,0
2003,361235,3,1,0,0,0,0,0,0,0,0,0,0
2003,361236,1,1,0,0,10,16,0,0,16,0,0,29
2003,361237,1,1,0,0,0,0,0,21,0,0,0,0
2003,361237,2,1,0,0,0,0,0,0,0,0,0,0
2003,361237,3,1,0,0,0,0,0,0,0,0,0,0
2003,361238,1,1,0,0,0,0,7,0,0,0,0,0
2003,361238,2,1,0,0,0,0,0,0,0,0,0,0
2003,361239,1,1,0,0,0,0,0,6,21,17,0,0
2003,361240,1,1,32,8,8,0,15,0,0,11,23,19
2003,361241,0,1,28,18,0,0,0,0,31,0,0,18
2003,361241,1,1,0,0,0,0,0,0,0,0,0,0
2003,361241,2,1,10,0,13,25,0,0,0,0,0,0
2003,361242,0,1,0,0,0,0,0,0,0,0,0,0
2003,361242,0,2,0,0,0,5,0,0,0,0,0,0
2003,361242,0,3,0,0,0,0,0,0,0,0,0,0
2003,361242,0,4,0,0,0,0,0,0,0,0,0,0
2003,361242,1,1,0,0,15,0,0,0,14,0,0,0
2003,361243,0,1,0,0,0,0,0,0,0,0,0,0
2003,361243,1,1,0,0,0,0,23,0,0,14,0,6
2003,361243,2,1,0,0,0,0,0,0,0,0,7,0
2003,361244,0,1,0,0,0,16,0,0,0,12,0,0
2003,361244,1,1,0,0,0,0,10,0,0,0,0,0
2003,361245,1,1,0,0,0,0,0,0,0,0,0,0
2003,361245,2,1,0,0,0,0,0,0,0,0,0,0
2003,361246,0,1,0,0,0,0,0,0,0,0,0,0
2003,361246,1,1,0,0,0,9,0,0,0,0,6,0
2003,361247,0,1,27,27,23,24,0,19,0,15,37,22
2003,361247,1,1,0,0,8,0,0,0,0,0,0,0
2003,361248,0,1,0,0,0,0,0,0,0,0,0,0
2003,361248,0,2,0,0,0,0,0,6,0,0,10,20
2003,361248,1,1,0,0,0,0,0,0,0,0,0,0
2003,361249,0,1,25,0,17,30,0,22,25,0,4,8
2003,361249,1,1,0,0,0,0,0,0,0,0,0,0
2003,361250,1,1,0,0,0,0,0,0,0,7,0,0
2003,361250,2,1,0,0,0,0,0,0,0,13,0,5
2003,361251,0,1,28,28,35,5,9,0,21,0,0,17
2003,361251,1,1,0,0,0,24,21,0,11,20,0,8
2003,361252,0,1,0,0,0,0,0,0,15,17,40,22
2003,361252,1,1,0,11,15,0,0,0,0,35,0,0
2003,361253,1,1,21,16,14,0,16,19,10,4,33,0
2003,361254,1,1,30,0,0,3,0,0,0,0,0,15
2003,361254,2,1,0,0,0,0,0,10,0,0,0,20
2003,361255,1,1,13,13,13,13,13,13,13,13,13,13
2003,361256,1,1,0,0,0,0,0,0,0,0,0,0
2003,361256,2,1,0,0,11,0,0,0,0,0,0,0
2003,361257,1,1,0,0,0,0,0,0,0,0,0,0
2003,361258,0,1,14,24,25,29,10,12,19,43,18,19
2003,361258,1,1,0,0,0,0,0,2,0,0,0,16
2003,361259,0,1,0,0,0,0,11,0,0,14,0,0
2003,361259,1,1,22,0,0,0,5,0,0,0,0,0
2003,361260,1,1,12,0,0,32,0,0,0,19,0,15
2003,361261,1,1,17,0,0,0,0,0,0,0,0,10
2003,361262,1,1,0,0,0,0,0,0,0,0,0,0
2003,361262,2,1,0,0,0,0,0,0,0,0,0,0
2003,361263,0,1,0,20,0,0,0,0,0,0,0,0
2003,361263,1,1,0,0,0,0,24,0,0,0,0,0