YEAR,ST_CASE,veh_no,per_no,P1,P2,P3,P4,P5,P6,P7,P8,P9,P10
2003,361264,0,1,0,0,0,0,0,0,0,0,0,0
2003,361264,1,1,0,0,0,15,9,0,0,0,0,0
2003,361265,1,1,7,16,0,15,0,17,27,13,0,0
2003,361265,2,1,0,0,14,0,0,13,0,0,0,0
2003,361266,1,1,0,0,0,0,0,0,0,0,0,0
2003,361266,2,1,0,0,0,0,0,0,0,0,0,0
2003,361267,0,1,0,0,10,0,0,0,0,0,16,0
2003,361267,1,1,0,0,10,0,0,0,0,0,0,0
2003,361268,0,1,0,0,26,11,0,0,0,0,0,0
2003,361268,1,1,0,11,0,0,11,0,0,0,0,20
2003,361268,2,1,0,0,0,0,12,0,0,0,0,0
2003,361269,1,1,24,7,0,0,0,0,0,0,30,0
2003,361270,1,1,9,0,0,0,0,0,0,0,10,0
2003,361271,0,1,0,0,0,17,26,0,17,0,27,0
2003,361271,1,1,12,16,8,0,7,0,0,35,0,14
2003,361272,0,1,36,0,0,13,22,0,0,0,22,32
2003,361272,1,1,0,0,0,0,0,0,0,0,0,0
2003,361273,0,1,0,0,0,15,0,0,0,0,0,0
2003,361273,1,1,0,0,0,0,0,0,0,0,0,0
2003,361274,1,1,0,0,0,0,0,0,0,0,0,0
2003,361275,0,1,0,0,0,0,0,0,0,24,38,4
2003,361275,1,1,0,0,0,0,0,0,0,0,0,0
2003,361276,1,1,10,0,0,0,0,0,20,0,0,0
2003,361277,0,1,0,0,0,0,0,0,0,0,0,0
2003,361277,1,1,0,0,0,0,0,0,0,0,0,0
2003,361278,1,1,24,19,19,0,0,13,35,17,8,0
2003,361279,1,1,8,0,0,0,0,13,0,0,0,0
2003,361280,1,1,3,3,3,3,3,3,3,3,3,3
2003,361280,2,1,0,0,0,0,0,0,0,0,0,0
2003,361281,1,1,11,27,8,8,15,13,21,29,0,22
2003,361282,1,1,0,0,0,0,0,0,0,0,0,0
2003,361282,2,1,0,0,0,3,0,0,0,0,0,0
2003,361283,1,1,0,0,0,15,0,0,0,0,0,0
2003,361283,2,1,0,0,0,0,0,0,0,0,0,0
2003,361284,1,1,0,0,0,0,18,0,0,0,0,0
2003,361284,2,1,0,0,10,0,0,0,0,0,0,0
2003,361285,1,1,0,15,0,0,0,0,0,0,18,23
2003,361286,0,1,0,0,0,5,0,0,0,0,0,0
2003,361286,1,1,12,20,35,20,0,0,8,13,2,15
2003,361287,1,1,0,0,0,0,0,0,0,0,0,0
2003,361287,2,1,0,0,0,0,0,0,0,0,11,0
2003,361288,1,1,0,0,0,0,0,0,0,0,0,0
2003,361288,2,1,0,0,0,0,0,0,0,0,0,0
2003,361289,1,1,0,0,0,0,0,0,0,0,0,0
2003,361289,2,1,0,0,0,0,0,0,0,0,0,0
2003,361290,1,1,0,0,0,25,0,0,0,0,0,0
2003,361290,2,1,0,0,0,0,0,0,0,0,0,0
2003,361291,0,1,0,9,0,0,14,0,0,0,0,25
2003,361291,1,1,3,10,22,0,6,10,12,15,13,12
2003,361292,1,1,0,0,0,0,0,0,0,0,0,0
2003,361293,1,1,0,0,0,6,0,0,0,5,0,0
2003,361293,2,1,0,0,0,19,0,0,0,0,0,0
2003,361293,3,1,0,0,0,0,0,0,0,0,0,0
2003,361294,1,1,0,0,0,0,0,0,0,0,0,0
2003,361295,1,1,0,0,0,0,0,0,0,0,0,0
2003,361296,1,1,0,0,0,0,0,0,0,0,0,0
2003,361296,2,1,0,0,0,0,0,0,0,0,0,0
2003,361296,3,1,0,0,0,0,0,0,0,18,0,0
2003,361297,1,1,0,0,0,0,0,0,9,0,24,12
2003,361298,1,1,0,0,0,0,0,0,0,0,0,0
2003,361299,1,1,28,16,20,0,12,17,25,0,18,20
2003,361300,1,1,8,8,8,8,8,8,8,8,8,8
2003,361300,2,1,2,2,2,2,2,2,2,2,2,2
2003,361300,3,1,0,0,0,0,0,0,0,0,0,0
2003,361301,0,1,0,17,0,0,0,0,0,0,0,0
2003,361301,1,1,0,26,0,19,0,0,0,0,0,0
2003,361302,0,1,37,0,8,0,28,0,0,0,13,23
2003,361302,0,2,0,0,27,24,29,24,7,0,10,21
2003,361302,1,1,32,30,2,18,6,8,9,18,12,12
2003,361303,1,1,0,0,0,0,0,16,0,0,10,9
2003,361303,2,1,0,0,0,0,0,0,0,0,0,0
2003,361303,3,1,0,0,0,0,29,0,0,0,0,0
2003,361304,0,1,0,0,16,0,0,0,0,0,0,0
2003,361304,1,1,0,0,0,0,0,0,0,0,0,0
2003,361305,1,1,0,0,0,0,0,0,0,0,0,0
2003,361305,2,1,0,10,0,0,0,0,0,0,0,0
2003,361305,3,1,0,0,0,0,0,0,0,0,0,0
2003,361306,0,1,0,0,0,0,0,0,0,0,0,0
2003,361306,1,1,0,0,0,0,0,0,0,0,0,0
2003,361307,0,1,39,0,8,21,32,0,0,16,23,0
2003,361307,1,1,30,5,0,5,0,0,0,0,0,0
2003,361308,1,1,25,0,14,21,13,9,12,28,35,19
2003,361309,1,1,0,0,0,0,0,0,0,13,0,19
2003,361309,2,1,0,0,0,0,0,0,0,0,0,0
2003,361310,1,1,0,0,0,7,0,0,0,0,21,0
2003,361310,2,1,0,0,0,0,0,36,0,0,0,0
2003,361311,1,1,0,0,0,0,0,0,0,0,0,0
2003,361311,2,1,0,0,0,0,0,0,12,0,0,0
2003,361312,0,1,0,0,0,0,0,0,0,0,0,0
2003,361312,1,1,0,0,0,0,0,0,0,0,0,0
2003,361313,0,1,20,0,0,20,14,11,24,18,25,0
2003,361313,1,1,0,0,0,0,10,0,11,20,17,0
2003,361314,1,1,12,35,11,15,16,16,0,13,0,0
2003,361315,0,1,0,33,7,21,0,0,17,0,17,0
2003,361315,1,1,0,0,0,0,0,0,0,0,0,0
2003,361316,0,1,0,0,0,14,0,0,0,0,0,0
2003,361316,0,2,0,0,0,0,0,0,0,0,0,0
2003,361316,0,3,0,0,0,0,0,0,0,0,0,0
2003,361316,1,1,0,0,0,0,0,0,0,0,0,0
2003,361317,1,1,27,13,13,26,23,7,31,9,5,15
2003,361318,1,1,14,0,9,0,23,9,0,17,0,8
2003,361318,2,1,23,16,20,19,27,17,0,0,12,18
2003,361318,3,1,0,0,0,0,0,0,0,0,0,0
2003,361318,4,1,16,0,5,10,0,0,0,0,0,3
2003,361319,0,1,0,33,20,0,0,31,19,0,0,16
2003,361319,1,1,26,11,0,24,13,0,27,20,22,0
2003,361320,0,1,0,0,0,0,0,32,0,0,0,0
2003,361320,1,1,0,0,0,0,0,0,0,0,0,0
2003,361321,1,1,0,0,0,0,0,0,0,0,0,0
2003,361321,2,1,0,0,0,0,0,0,0,0,0,0
2003,361322,0,1,0,0,34,0,0,14,0,0,0,0
2003,361322,1,1,0,0,8,0,0,0,0,0,13,0
2003,361323,1,1,0,0,0,0,0,0,0,0,0,0
2003,361323,2,1,0,0,0,0,0,0,0,0,0,21
2003,361324,0,1,0,0,0,0,0,0,0,0,0,0
2003,361324,1,1,0,0,0,0,0,0,0,0,0,0
2003,361325,0,1,0,0,0,15,0,0,0,0,0,19
2003,361325,1,1,0,0,0,0,0,0,0,0,0,0
2003,361326,0,1,0,8,7,0,0,0,0,9,0,45
2003,361326,1,1,17,0,0,0,0,0,0,0,21,0
2003,361327,0,1,11,44,0,0,27,28,0,0,0,44
2003,361327,1,1,0,16,0,11,0,19,0,0,0,14
2003,361328,0,1,10,0,0,0,0,0,17,0,0,0
2003,361328,1,1,0,0,0,0,0,0,0,0,0,0
2003,361328,2,1,0,0,0,0,13,0,0,0,0,0
2003,361328,3,2,0,0,0,0,24,0,0,0,0,0
2003,361329,0,1,0,0,0,0,0,0,0,0,0,0
2003,361329,1,1,38,0,0,0,0,0,0,0,0,0
2003,361330,0,1,0,0,0,0,0,0,0,0,0,0
2003,361330,1,1,0,0,0,0,0,0,0,0,0,0
2003,361331,0,1,25,27,0,0,16,0,30,0,15,24
2003,361331,1,1,0,0,0,0,0,13,9,0,0,0
2003,361332,1,1,0,0,0,0,0,0,0,0,0,0
2003,361333,1,1,0,0,0,22,13,0,9,21,21,6
2003,361333,2,1,0,0,0,0,0,0,5,23,0,0
2003,361333,3,1,0,0,0,0,0,0,19,0,0,9
2003,361334,1,1,2,2,2,2,2,2,2,2,2,2
2003,361335,1,1,0,14,0,18,0,23,29,0,13,0
2003,361336,0,1,19,17,18,0,14,0,15,0,0,0
2003,361336,1,1,0,0,0,0,0,0,0,0,0,0
2003,361337,0,1,0,0,0,0,0,0,0,0,0,0
2003,361337,1,1,0,0,0,0,0,0,0,0,0,0
2003,361338,0,1,0,0,0,0,0,0,0,0,0,0
2003,361338,1,1,0,0,0,0,0,0,0,0,0,0
2003,361339,0,1,0,0,0,0,0,0,0,0,0,0
2003,361339,1,1,0,25,12,14,24,19,0,6,6,23
2003,361340,1,1,0,0,13,0,0,15,9,27,0,9
2003,361341,1,1,0,0,0,0,0,0,0,0,0,0
2003,361341,2,1,0,0,0,0,0,0,0,0,0,0
2003,361342,0,1,0,0,25,0,7,33,6,0,0,0
2003,361342,1,1,0,0,0,0,0,0,9,0,0,0
2003,361343,1,1,18,18,18,18,18,18,18,18,18,18
2003,361343,2,1,0,0,0,0,0,0,0,0,0,7
2003,361344,0,1,6,0,41,16,23,23,12,9,37,12
2003,361344,1,1,0,20,25,14,0,10,0,0,9,0
2003,361345,1,1,0,0,0,0,10,0,0,22,0,0
2003,361345,2,1,0,0,0,0,10,0,0,8,0,0
2003,361346,0,1,0,0,0,0,0,0,0,0,0,0
2003,361346,1,1,0,0,0,0,0,0,0,0,0,0
2003,361347,1,1,0,0,0,0,0,0,0,0,0,0
2003,361347,2,1,0,0,0,0,0,0,0,0,0,0
2003,361347,3,1,0,0,0,0,0,0,0,0,0,0
2003,361348,1,1,0,0,0,0,0,0,0,0,0,0
2003,361348,2,1,0,0,0,0,0,0,0,0,0,0
2003,361349,1,1,0,0,0,0,16,0,0,0,0,4
2003,361350,1,1,5,5,5,5,5,5,5,5,5,5
2003,361351,1,1,32,15,5,17,22,53,5,12,31,14
2003,361352,1,1,0,0,31,0,21,0,0,0,0,0
2003,361353,0,1,0,0,0,0,0,0,0,0,0,0
2003,361353,1,1,0,0,0,0,0,0,0,0,0,0
2003,361354,0,1,0,0,0,0,0,0,0,0,0,0
2003,361354,0,2,0,0,22,51,28,19,0,0,0,22
2003,361354,1,1,0,0,0,11,0,0,0,0,0,0
2003,361355,1,1,0,12,16,0,0,0,20,0,0,0
2003,361355,2,1,0,0,0,0,0,0,0,0,0,0
2003,361356,1,1,21,8,9,24,19,12,0,0,0,7
2003,361357,1,1,0,0,0,0,0,0,0,0,0,0
2003,361357,2,1,0,0,0,0,0,0,25,0,0,0
2003,361357,3,1,0,0,0,0,0,0,0,0,0,0
2003,361358,0,1,25,34,0,29,0,0,0,8,0,0
2003,361358,1,1,0,0,0,0,0,0,0,0,0,0
2003,361359,1,1,0,0,6,0,10,0,7,0,12,0
2003,361360,0,1,4,4,4,4,4,4,4,4,4,4
2003,361360,1,1,0,0,0,0,0,0,0,0,0,0
2003,361361,0,1,14,24,35,28,14,0,0,29,35,20
2003,361361,0,2,0,0,32,14,18,26,10,11,29,15
2003,361361,1,1,0,0,0,0,0,0,7,0,0,0
2003,361362,1,1,0,0,0,0,0,0,0,0,0,0
2003,361362,2,1,0,0,0,0,0,0,0,0,0,0
2003,361362,3,1,0,0,0,0,0,0,0,0,0,0
2003,361362,4,1,0,0,0,0,0,0,0,0,0,0
2003,361363,1,1,20,17,0,18,6,12,0,18,42,12
2003,361364,1,1,27,10,0,0,0,0,0,0,0,0
2003,361365,0,1,0,0,0,0,0,0,0,0,16,0
2003,361365,1,1,0,0,0,0,0,0,0,0,0,0
2003,361366,1,1,0,0,16,12,0,0,30,6,22,0
2003,361367,1,1,0,17,0,0,0,0,0,0,0,0
2003,361368,1,1,0,0,0,0,0,0,13,0,0,0
2003,361369,0,1,19,0,0,22,9,0,0,0,21,4
2003,361369,0,2,0,0,24,27,39,4,30,0,27,18
2003,361369,1,1,0,45,0,0,0,8,46,0,15,14
2003,361370,0,1,28,0,22,25,20,0,0,0,0,0
2003,361370,1,1,6,0,0,0,11,0,6,0,0,8
2003,361371,1,1,0,0,0,0,24,7,17,0,0,0
2003,361372,1,1,10,8,23,0,0,0,0,0,24,16
2003,370001,1,1,0,0,0,0,0,0,0,0,0,0
2003,370002,1,1,7,7,7,7,7,7,7,7,7,7
2003,370003,1,1,25,25,25,25,25,25,25,25,25,25
2003,370003,2,1,0,0,0,0,0,0,0,0,0,6
2003,370004,1,1,16,16,16,16,16,16,16,16,16,16
2003,370005,1,1,0,0,0,0,0,0,0,0,0,0
2003,370005,2,1,0,0,0,0,0,0,0,0,0,0
2003,370006,1,1,0,0,0,0,0,17,0,0,0,0
2003,370006,2,1,0,0,0,0,0,0,0,0,0,0
2003,370007,0,1,22,22,22,22,22,22,22,22,22,22
2003,370007,1,1,0,0,0,0,0,0,0,0,0,13
2003,370008,1,1,0,0,0,0,0,0,0,0,0,0
2003,370008,2,1,0,0,0,0,0,0,0,0,0,0
2003,370009,0,1,22,22,22,22,22,22,22,22,22,22
2003,370009,1,1,0,21,0,0,9,15,11,0,0,14
2003,370010,1,1,0,0,0,0,0,0,0,0,0,0
2003,370010,2,1,0,0,0,0,0,0,0,0,0,0
2003,370010,3,1,0,0,0,0,0,0,0,0,0,0
2003,370011,1,1,27,27,27,27,27,27,27,27,27,27
2003,370012,1,1,5,5,5,5,5,5,5,5,5,5
2003,370013,1,1,11,11,11,11,11,11,11,11,11,11
2003,370014,1,1,0,0,0,0,0,0,0,0,0,0
2003,370014,2,1,0,0,0,0,0,0,0,0,0,0
2003,370015,1,1,0,0,0,0,0,0,0,0,0,0
2003,370015,2,1,0,0,0,0,0,0,0,0,0,0
2003,370016,1,1,0,0,0,0,0,0,0,0,0,0
2003,370017,1,1,0,0,0,0,0,0,0,0,0,0
2003,370017,2,1,0,0,0,0,0,0,0,0,0,0
2003,370018,1,1,17,17,17,17,17,17,17,17,17,17
2003,370019,1,1,0,0,0,0,0,0,0,0,0,0
2003,370020,1,1,17,17,17,17,17,17,17,17,17,17
2003,370021,1,1,0,0,0,0,0,0,0,0,0,0
2003,370021,2,1,0,0,0,0,0,0,0,0,0,0
2003,370022,1,1,0,0,0,0,0,0,0,0,0,0
2003,370023,1,1,0,0,0,0,0,0,0,0,0,0
2003,370023,2,1,0,0,0,0,0,0,0,0,0,0
2003,370024,1,1,18,18,18,18,18,18,18,18,18,18
2003,370025,1,1,14,14,14,14,14,14,14,14,14,14
2003,370026,1,1,0,0,0,0,0,0,0,0,0,0
2003,370026,2,1,0,0,0,0,0,0,0,0,0,0
2003,370027,0,1,27,27,27,27,27,27,27,27,27,27
2003,370027,1,1,0,0,0,0,0,0,0,0,0,0
2003,370028,1,1,31,21,14,43,7,7,11,14,10,17
2003,370029,1,1,0,0,0,0,0,0,0,0,0,0
2003,370030,1,1,0,0,0,0,0,0,0,0,0,0
2003,370030,2,1,0,0,0,0,0,0,0,0,0,0
2003,370031,1,1,0,0,0,0,13,0,0,0,3,0
2003,370032,1,1,0,0,0,0,0,0,0,0,0,0
2003,370033,1,1,24,24,24,24,24,24,24,24,24,24
2003,370033,2,1,0,0,0,0,0,0,0,0,0,0
2003,370034,1,1,0,0,0,0,0,0,0,0,8,0
2003,370035,1,1,0,0,0,0,0,0,0,0,0,0
2003,370035,2,1,0,0,0,0,0,0,0,0,0,0
2003,370036,1,1,0,0,0,0,0,0,0,0,0,0
2003,370037,1,1,0,0,0,0,0,0,0,0,0,0
2003,370037,2,1,0,0,0,0,0,0,0,0,12,0
2003,370037,3,1,0,0,0,0,0,0,0,0,0,0
2003,370038,1,1,28,28,28,28,28,28,28,28,28,28
2003,370039,1,1,32,32,32,32,32,32,32,32,32,32
2003,370040,1,1,0,0,0,0,0,0,0,0,0,0
2003,370041,1,1,0,0,0,0,0,0,0,0,0,0
2003,370042,0,1,0,0,0,0,0,0,0,0,0,0
2003,370042,1,1,0,0,0,0,0,0,0,0,0,0
2003,370043,1,1,21,14,17,0,11,20,0,14,0,0
2003,370044,1,1,15,23,14,5,15,19,21,24,13,30
2003,370045,1,1,0,0,0,0,0,0,0,0,0,0
2003,370045,2,1,0,0,0,0,0,0,0,0,0,0
2003,370046,1,1,4,4,4,4,4,4,4,4,4,4
2003,370046,2,1,0,0,0,0,0,18,0,0,25,0
2003,370047,1,1,0,0,0,0,0,0,0,0,0,0
2003,370048,1,1,17,17,0,11,16,10,0,15,1,12
2003,370049,0,1,0,0,0,0,0,0,0,0,0,0
2003,370049,1,1,14,14,14,14,14,14,14,14,14,14
2003,370050,1,1,0,0,0,0,0,0,0,0,0,0
2003,370051,1,1,0,0,0,0,0,0,0,0,0,0
2003,370052,1,1,0,0,0,0,0,0,0,0,0,0
2003,370052,2,1,0,0,0,0,0,0,0,0,0,0
2003,370053,0,1,0,0,0,0,0,0,0,0,0,0
2003,370053,1,1,0,8,0,0,0,0,0,0,0,0
2003,370054,1,1,3,0,0,0,0,0,0,0,0,0
2003,370054,2,1,0,0,0,0,0,0,0,0,0,0
2003,370054,3,1,0,0,0,0,0,0,0,0,0,0
2003,370055,1,1,0,0,0,0,0,0,0,0,0,0
2003,370055,2,1,0,0,0,0,0,0,0,0,0,0
2003,370056,1,1,0,0,0,0,0,0,0,0,0,0
2003,370056,2,1,0,0,0,0,0,0,0,0,0,0
2003,370057,1,1,0,0,0,0,0,0,0,0,0,0
2003,370058,1,1,12,12,12,12,12,12,12,12,12,12
2003,370059,1,1,18,30,11,13,12,13,26,0,16,31
2003,370059,2,1,0,0,0,16,8,0,0,0,24,0
2003,370060,1,1,12,12,12,12,12,12,12,12,12,12
2003,370061,0,1,0,0,0,0,0,0,0,0,0,0
2003,370061,1,1,0,0,0,0,0,0,0,0,0,0
2003,370062,1,1,0,0,19,0,0,0,0,0,26,0
2003,370062,2,1,0,0,0,0,0,0,0,0,0,0
2003,370063,1,1,0,0,0,0,0,0,0,0,0,0
2003,370063,2,1,0,0,0,0,0,0,0,0,0,0
2003,370063,3,1,0,0,0,0,0,0,0,0,0,0
2003,370064,0,1,23,23,23,23,23,23,23,23,23,23
2003,370064,1,1,0,0,0,0,0,0,0,0,0,0
2003,370065,0,1,21,21,21,21,21,21,21,21,21,21
2003,370065,1,1,0,0,0,0,0,0,0,0,0,0
2003,370065,2,1,0,0,9,0,11,7,10,0,0,25
2003,370066,1,1,0,0,0,0,0,0,0,0,0,0
2003,370066,2,1,0,0,0,0,0,0,0,0,0,0
2003,370067,1,1,0,0,0,0,0,0,0,0,0,0
2003,370068,1,1,0,0,0,0,0,0,0,0,0,0
2003,370069,1,1,0,0,0,0,0,0,0,0,0,0
2003,370069,2,1,0,0,0,0,0,0,0,0,0,0
2003,370070,1,1,24,24,24,24,24,24,24,24,24,24
2003,370071,1,1,0,0,0,0,0,0,0,0,0,0
2003,370071,2,1,0,0,0,0,0,0,0,0,0,0
2003,370073,1,1,18,18,18,18,18,18,18,18,18,18
2003,370074,1,1,7,0,11,21,8,8,18,5,4,0
2003,370075,1,1,0,0,0,0,0,0,0,0,0,0
2003,370075,2,1,0,26,0,0,10,0,0,0,0,18
2003,370075,3,1,0,0,0,0,0,0,0,0,0,0
2003,370075,4,1,10,23,11,25,0,30,17,0,13,14
2003,370076,1,1,0,0,0,0,0,0,0,0,0,0
2003,370076,2,1,0,0,0,0,0,0,0,0,0,0
2003,370077,1,1,0,0,0,0,0,0,0,0,0,0
2003,370077,2,1,0,0,0,0,0,0,0,0,0,0
2003,370078,1,1,0,0,0,0,0,0,0,0,0,0
2003,370078,2,1,0,0,0,0,0,0,0,0,0,0
2003,370079,1,1,8,8,8,8,8,8,8,8,8,8
2003,370080,0,1,0,0,0,0,0,0,0,0,0,0
2003,370080,1,1,0,0,0,0,0,0,0,0,0,0
2003,370081,1,1,0,0,0,0,0,0,0,0,0,0
2003,370081,2,1,0,0,0,0,0,0,0,0,0,0
2003,370083,1,1,0,0,0,0,0,0,0,0,0,0
2003,370083,2,1,0,0,6,0,0,0,0,0,0,0
2003,370084,0,1,22,22,22,22,22,22,22,22,22,22
2003,370084,1,1,0,0,0,0,0,20,0,0,0,0
2003,370085,2,1,0,0,0,0,0,0,0,0,0,0
2003,370086,1,1,0,0,0,0,0,0,0,0,0,0
2003,370086,2,1,0,0,0,0,0,0,0,0,0,0
2003,370086,3,1,0,0,0,0,0,0,0,0,0,0
2003,370088,0,1,0,0,0,0,0,0,0,0,0,0
2003,370088,1,1,0,0,0,0,0,0,0,0,0,0
2003,370089,1,1,0,0,0,0,0,0,0,0,0,0
2003,370089,2,1,2,2,2,2,2,2,2,2,2,2
2003,370090,1,1,0,0,0,0,0,0,0,0,0,0
2003,370090,2,1,0,0,0,0,0,0,0,14,0,0
2003,370092,0,1,15,15,15,15,15,15,15,15,15,15
2003,370092,1,1,0,0,0,0,0,0,0,0,0,16
2003,370093,1,1,0,0,0,16,0,0,0,0,37,0
2003,370093,2,1,0,0,0,0,0,0,0,0,0,0
2003,370094,1,1,0,0,0,0,0,0,0,0,0,0
2003,370094,2,1,7,25,22,0,0,7,6,13,11,11
2003,370095,0,1,10,10,10,10,10,10,10,10,10,10
2003,370095,1,1,14,14,14,14,14,14,14,14,14,14
2003,370096,1,1,0,0,0,0,0,0,0,0,0,0
2003,370097,1,1,0,0,0,0,0,0,0,0,0,0
2003,370097,2,1,0,0,0,0,0,0,0,0,0,0
2003,370099,1,1,20,20,20,20,20,20,20,20,20,20
2003,370100,1,1,0,0,0,0,0,0,0,0,0,0
2003,370101,1,1,19,19,19,19,19,19,19,19,19,19
2003,370102,1,1,24,24,24,24,24,24,24,24,24,24
2003,370103,1,1,0,0,0,0,0,0,0,0,0,0
2003,370104,1,1,0,0,0,0,0,0,0,0,0,0
2003,370105,1,1,3,0,0,0,24,0,0,0,0,0
2003,370105,2,1,0,0,0,23,0,0,15,0,0,0
2003,370106,1,1,0,0,0,0,0,0,0,0,0,0
2003,370106,2,1,0,0,0,0,0,0,0,0,0,0
2003,370108,1,1,0,0,0,0,0,0,0,0,0,0
2003,370108,2,1,0,0,0,0,0,0,0,0,0,0
2003,370109,0,1,21,21,21,21,21,21,21,21,21,21
2003,370109,1,1,0,0,0,0,0,0,0,0,0,0
2003,370110,1,1,0,0,0,0,0,0,0,0,0,0
2003,370111,1,1,0,0,0,17,0,0,0,0,0,0
2003,370111,2,1,0,0,0,0,0,0,3,22,0,0
2003,370112,1,1,30,7,18,5,16,33,23,13,18,16
2003,370113,1,1,0,0,0,0,0,0,0,0,0,0
2003,370114,1,1,17,17,17,17,17,17,17,17,17,17
2003,370115,1,1,0,0,0,0,0,0,0,0,0,0
2003,370116,1,1,0,0,0,0,0,0,0,0,0,0
2003,370116,2,1,4,0,0,0,0,0,0,7,0,0
2003,370117,0,1,38,38,38,38,38,38,38,38,38,38
2003,370117,1,1,0,13,0,0,0,0,0,0,0,0
2003,370118,1,1,6,6,6,6,6,6,6,6,6,6
2003,370119,1,1,21,21,21,21,21,21,21,21,21,21
2003,370119,2,1,7,7,7,7,7,7,7,7,7,7
2003,370120,1,1,0,0,0,0,0,0,0,0,0,0
2003,370121,1,1,20,20,20,20,20,20,20,20,20,20
2003,370122,1,1,0,0,0,0,0,0,0,0,0,0
2003,370122,2,1,0,0,0,0,0,0,0,0,0,0
2003,370123,1,1,0,0,0,0,0,0,0,0,0,0
2003,370123,2,1,0,0,0,0,0,0,0,0,0,0
2003,370124,1,1,0,0,0,0,0,0,0,0,0,0
2003,370125,1,1,0,0,0,0,0,0,0,0,0,0
2003,370125,2,1,0,0,0,0,0,0,0,0,0,0
2003,370126,1,1,0,0,0,8,0,0,0,0,0,0
2003,370126,2,1,2,7,18,9,11,9,26,9,21,0
2003,370127,1,1,0,0,0,0,0,0,0,0,0,0
2003,370127,2,1,0,0,0,0,0,0,0,0,0,0
2003,370128,1,1,0,0,0,0,0,0,0,0,0,0
2003,370128,2,1,0,0,0,0,0,0,0,0,0,0
2003,370129,1,1,0,0,0,0,0,0,0,0,0,0
2003,370129,2,1,0,0,0,0,0,0,0,0,0,0
2003,370130,3,1,0,0,0,0,0,0,0,0,0,0
2003,370131,1,1,15,7,12,21,7,27,9,13,19,10
2003,370132,1,1,0,0,0,0,0,0,0,0,0,0
2003,370132,2,1,0,0,0,0,21,10,13,16,0,12
2003,370132,3,1,0,0,0,0,0,0,0,0,0,0
2003,370133,1,2,0,0,0,12,24,0,0,0,10,17
2003,370134,1,1,0,0,0,0,0,0,0,0,0,0
2003,370135,1,1,2,2,2,2,2,2,2,2,2,2
2003,370136,1,1,0,0,0,29,0,0,0,0,0,0
2003,370137,0,1,0,0,0,0,0,0,0,0,0,0
2003,370137,1,1,0,0,0,0,0,0,0,0,0,0
2003,370138,1,1,23,23,23,23,23,23,23,23,23,23
2003,370139,1,1,0,0,0,0,0,0,0,0,0,0
2003,370140,1,1,0,0,0,0,0,0,0,0,0,0
2003,370140,2,1,0,0,0,0,0,0,0,0,0,0
2003,370141,1,1,0,0,0,0,0,0,0,0,0,0
2003,370142,0,1,0,0,0,0,0,0,0,0,0,0
2003,370142,1,1,0,0,0,0,0,0,0,0,0,0
2003,370143,1,1,15,15,15,15,15,15,15,15,15,15
2003,370144,1,1,0,0,0,0,0,0,0,0,0,0
2003,370144,2,1,0,0,0,0,0,0,0,0,19,0
2003,370145,1,1,0,0,0,0,0,0,0,0,0,0
2003,370145,2,1,0,0,0,0,0,0,0,0,0,0
2003,370146,1,1,0,0,0,0,0,0,0,0,0,0
2003,370147,1,1,0,0,0,0,0,0,0,0,0,0
2003,370147,2,1,0,0,2,0,0,0,0,0,0,0
2003,370148,0,1,25,25,25,25,25,25,25,25,25,25
2003,370148,1,1,8,19,10,11,6,16,16,23,6,21
2003,370149,0,1,0,0,0,0,0,0,0,0,0,0
2003,370149,1,1,0,0,0,0,0,0,0,0,0,0
2003,370150,1,1,0,0,0,0,0,0,0,0,0,0
2003,370151,1,1,0,0,0,0,0,0,0,0,0,0
2003,370151,2,1,0,0,0,0,0,0,0,0,0,0
2003,370152,1,1,0,0,0,7,0,0,6,15,0,0
2003,370153,1,1,0,0,0,0,0,0,0,0,0,0
2003,370153,2,1,0,0,0,0,0,0,0,0,0,0
2003,370154,1,1,0,0,0,0,0,0,0,0,0,0
2003,370154,2,1,0,0,0,0,0,0,0,0,0,0
2003,370155,1,1,0,0,0,0,0,0,0,0,0,0
2003,370155,2,1,0,0,0,0,0,0,0,0,0,0
2003,370156,1,1,0,0,15,0,16,18,16,0,0,0
2003,370157,1,1,4,4,4,4,4,4,4,4,4,4
2003,370157,2,1,0,0,0,0,0,0,0,0,0,0
2003,370158,0,1,23,23,23,23,23,23,23,23,23,23
2003,370158,1,1,0,0,0,0,0,0,12,16,0,3
2003,370159,1,1,0,0,0,0,0,0,0,0,0,0
2003,370159,2,1,0,0,0,0,0,0,0,0,0,0
2003,370160,1,1,0,0,0,0,0,0,0,0,0,0
2003,370160,2,1,0,0,0,0,0,0,0,0,5,0
2003,370161,1,1,0,0,0,0,0,0,0,0,0,0
2003,370162,0,1,0,0,0,0,0,0,0,0,0,0
2003,370162,1,1,0,0,0,0,0,0,0,0,0,3
2003,370163,1,1,0,0,0,0,0,0,0,0,0,0
2003,370163,2,1,0,0,0,0,0,0,0,0,0,0
2003,370163,3,1,0,0,0,0,0,0,0,0,0,0
2003,370164,1,1,0,0,0,0,0,0,0,0,0,0