YEAR,ST_CASE,veh_no,per_no,P1,P2,P3,P4,P5,P6,P7,P8,P9,P10
2003,370446,0,1,7,7,7,7,7,7,7,7,7,7
2003,370446,1,1,14,0,14,0,16,0,0,0,0,0
2003,370447,0,1,0,0,0,0,0,0,0,0,0,0
2003,370447,1,1,0,0,0,0,0,0,0,0,0,0
2003,370448,1,1,0,0,0,0,0,0,0,0,0,0
2003,370450,1,1,0,0,0,0,0,0,0,0,0,0
2003,370451,1,1,0,6,0,4,0,0,7,7,8,6
2003,370452,0,1,0,0,0,0,0,0,0,0,0,0
2003,370452,1,1,0,0,0,0,0,0,0,0,0,0
2003,370453,1,1,0,0,0,0,0,0,0,0,0,0
2003,370453,2,1,0,0,0,0,0,0,0,0,0,0
2003,370454,1,1,0,0,0,0,0,0,0,0,0,0
2003,370454,2,1,0,0,0,0,0,0,0,0,0,0
2003,370455,1,1,17,17,17,17,17,17,17,17,17,17
2003,370456,1,1,29,29,29,29,29,29,29,29,29,29
2003,370457,0,1,16,16,16,16,16,16,16,16,16,16
2003,370457,1,1,0,0,0,0,0,0,0,0,0,0
2003,370458,1,1,0,0,0,0,0,0,0,0,0,0
2003,370459,1,1,16,16,16,16,16,16,16,16,16,16
2003,370460,1,1,0,0,0,0,0,0,0,0,0,0
2003,370460,2,1,0,0,0,0,0,0,0,0,0,0
2003,370461,1,1,0,0,0,0,0,0,0,0,0,0
2003,370462,1,1,0,0,0,0,0,0,0,0,0,0
2003,370463,1,1,0,0,0,0,0,0,0,0,0,0
2003,370463,2,1,20,20,20,20,20,20,20,20,20,20
2003,370464,1,1,0,0,0,0,0,0,0,0,0,0
2003,370464,2,1,0,0,0,0,0,0,0,0,0,0
2003,370465,1,1,17,17,6,14,9,6,17,23,20,16
2003,370465,2,1,0,0,0,0,0,0,0,0,0,0
2003,370465,3,1,0,0,0,0,0,0,0,0,0,0
2003,370466,1,1,13,13,13,13,13,13,13,13,13,13
2003,370467,1,1,0,0,0,0,0,0,0,0,0,0
2003,370468,1,1,24,24,24,24,24,24,24,24,24,24
2003,370469,1,1,22,22,22,22,22,22,22,22,22,22
2003,370470,1,1,0,0,0,0,0,0,0,0,0,0
2003,370471,1,1,0,0,0,0,0,0,0,0,0,0
2003,370472,1,1,43,0,0,0,0,0,11,20,0,0
2003,370472,2,1,0,14,0,0,0,0,0,0,0,0
2003,370473,1,1,4,15,18,38,11,20,9,0,16,15
2003,370473,2,1,0,0,0,0,0,0,0,0,0,0
2003,370473,3,1,0,0,0,0,0,0,0,0,0,0
2003,370474,1,1,0,0,0,0,0,0,0,0,0,0
2003,370474,2,1,0,0,0,0,0,0,0,0,0,0
2003,370475,1,1,0,0,0,0,0,0,0,0,0,0
2003,370476,1,1,0,0,0,0,0,0,0,0,0,0
2003,370477,1,1,0,0,0,0,0,0,0,0,0,0
2003,370477,2,1,0,0,0,0,0,0,0,0,0,0
2003,370478,1,1,0,0,0,0,0,0,0,0,0,0
2003,370479,1,1,0,0,0,0,0,0,0,0,0,0
2003,370480,1,1,0,0,0,0,0,0,0,0,0,0
2003,370480,2,1,0,0,0,0,0,0,0,0,0,0
2003,370481,1,1,20,20,20,20,20,20,20,20,20,20
2003,370482,1,1,0,0,0,0,0,0,0,0,0,0
2003,370482,2,1,0,0,0,0,0,0,0,0,0,0
2003,370483,1,1,0,0,0,0,0,0,0,0,0,0
2003,370483,2,1,0,0,0,0,0,0,0,0,0,0
2003,370483,3,1,0,0,0,0,0,0,0,0,0,0
2003,370484,1,1,16,0,0,0,0,16,0,0,0,0
2003,370485,1,1,9,26,12,4,14,5,17,0,11,0
2003,370485,2,1,0,0,0,0,0,0,0,0,0,0
2003,370486,1,1,0,0,0,0,0,0,0,0,15,0
2003,370487,1,1,0,0,0,0,0,0,0,0,0,0
2003,370487,2,1,0,0,0,0,0,0,0,0,0,0
2003,370488,1,1,15,15,15,15,15,15,15,15,15,15
2003,370489,1,1,0,0,0,0,0,0,0,0,0,0
2003,370489,2,1,0,0,0,0,0,0,0,0,0,0
2003,370490,1,1,0,0,0,0,0,0,0,0,0,0
2003,370491,1,1,0,0,0,0,0,0,0,0,0,0
2003,370492,1,1,0,0,0,0,0,0,0,0,0,0
2003,370492,2,1,3,0,8,15,8,20,0,0,0,3
2003,370493,1,1,0,0,0,0,0,0,0,0,0,0
2003,370494,1,1,22,22,22,22,22,22,22,22,22,22
2003,370495,1,1,0,0,0,0,0,0,0,0,0,0
2003,370497,1,1,0,0,0,0,0,0,0,0,0,0
2003,370497,2,1,0,0,0,0,0,0,0,0,0,0
2003,370498,0,1,28,10,30,35,44,32,19,24,22,15
2003,370498,1,1,0,0,0,0,0,0,0,0,0,0
2003,370499,1,1,0,0,0,0,0,0,0,0,0,0
2003,370499,2,1,0,0,0,0,0,0,0,0,0,0
2003,370500,1,1,7,12,11,12,2,9,15,12,20,29
2003,370501,1,1,8,8,8,8,8,8,8,8,8,8
2003,370502,1,1,12,12,12,12,12,12,12,12,12,12
2003,370503,1,1,12,11,3,8,6,13,33,16,16,13
2003,370503,2,1,0,0,0,0,0,0,0,0,0,0
2003,370504,1,1,0,0,0,0,0,0,0,0,0,0
2003,370505,1,1,21,21,21,21,21,21,21,21,21,21
2003,370506,1,1,0,0,0,0,0,0,0,0,0,0
2003,370506,2,1,0,0,0,2,0,9,0,0,0,0
2003,370507,1,1,15,15,15,15,15,15,15,15,15,15
2003,370508,1,1,23,23,23,23,23,23,23,23,23,23
2003,370509,1,1,0,0,0,0,0,0,0,0,0,0
2003,370510,1,1,7,22,4,23,8,5,9,15,17,7
2003,370510,2,1,0,0,0,0,0,6,21,0,0,0
2003,370510,3,1,0,0,0,12,0,0,0,0,0,0
2003,370511,0,1,0,0,0,0,0,0,0,0,0,0
2003,370511,1,1,0,0,0,25,0,0,0,0,0,0
2003,370512,1,1,0,0,0,0,0,0,0,0,0,0
2003,370513,1,1,2,21,13,0,0,12,0,0,0,11
2003,370514,1,1,0,0,0,0,0,0,0,0,0,0
2003,370514,2,1,0,0,0,0,0,0,0,0,0,0
2003,370515,1,1,0,0,0,0,0,0,0,0,0,0
2003,370516,1,1,0,0,0,0,0,0,0,0,0,0
2003,370517,1,1,0,0,0,0,0,0,0,0,0,0
2003,370517,2,1,0,0,0,0,0,0,0,0,0,0
2003,370518,1,1,0,0,0,0,0,0,0,0,0,0
2003,370518,2,1,0,0,0,0,0,0,0,0,0,0
2003,370519,1,1,0,0,0,0,0,0,0,0,0,0
2003,370520,1,1,0,0,0,0,0,0,0,0,8,0
2003,370520,2,1,0,0,0,0,0,0,0,0,0,0
2003,370521,1,1,15,15,15,15,15,15,15,15,15,15
2003,370522,1,1,0,0,0,0,0,0,0,0,0,0
2003,370523,1,1,0,0,0,0,0,0,0,0,0,0
2003,370524,1,1,0,0,0,0,0,0,0,0,0,0
2003,370526,0,1,34,34,34,34,34,34,34,34,34,34
2003,370526,1,1,0,0,0,0,0,0,0,0,0,0
2003,370527,1,1,0,0,0,0,0,0,0,0,0,0
2003,370527,2,1,0,0,0,0,0,0,0,0,0,0
2003,370527,3,1,0,0,0,0,0,0,0,0,0,0
2003,370528,1,1,5,5,5,5,5,5,5,5,5,5
2003,370528,2,1,0,0,0,0,0,21,0,0,0,0
2003,370529,1,1,0,0,0,0,0,0,0,0,0,0
2003,370530,1,1,0,0,0,0,0,0,0,0,0,0
2003,370530,2,1,0,0,0,0,0,0,0,0,0,0
2003,370530,3,1,0,0,0,0,0,0,0,0,0,0
2003,370531,1,1,0,0,0,0,0,0,0,0,0,0
2003,370532,1,1,0,0,0,0,0,0,0,0,0,0
2003,370533,1,1,0,0,0,0,0,0,0,0,0,0
2003,370533,2,1,0,0,0,0,0,0,0,0,0,0
2003,370534,1,1,0,0,0,0,0,0,0,0,0,0
2003,370535,1,1,0,0,0,0,0,0,0,0,0,0
2003,370535,2,1,0,0,0,0,0,0,0,0,0,0
2003,370536,1,1,0,0,0,0,0,0,0,0,0,0
2003,370536,2,1,0,0,0,0,0,0,0,0,0,0
2003,370537,0,1,22,22,22,22,22,22,22,22,22,22
2003,370537,1,1,7,0,0,11,0,13,0,19,0,0
2003,370538,1,1,0,0,0,0,0,0,0,0,0,3
2003,370538,2,1,0,0,0,0,0,0,0,0,0,7
2003,370539,1,1,15,15,15,15,15,15,15,15,15,15
2003,370540,1,1,0,0,0,0,0,0,0,0,0,0
2003,370541,1,1,20,20,20,20,20,20,20,20,20,20
2003,370542,1,1,0,0,0,0,0,0,0,0,0,0
2003,370543,1,1,0,0,0,0,0,0,0,0,0,0
2003,370543,2,1,9,9,9,9,9,9,9,9,9,9
2003,370544,1,1,0,0,0,0,0,0,0,0,0,0
2003,370545,1,1,0,0,0,0,0,0,0,0,0,0
2003,370546,1,1,0,0,0,0,0,0,14,0,0,0
2003,370546,2,1,0,0,0,0,0,0,0,0,0,0
2003,370546,3,1,0,0,0,0,0,0,0,0,0,0
2003,370547,1,1,22,10,20,6,16,13,22,34,16,23
2003,370548,1,1,21,21,21,21,21,21,21,21,21,21
2003,370549,1,1,0,0,0,0,0,0,0,0,0,0
2003,370550,1,1,0,0,0,0,0,0,0,0,0,0
2003,370550,2,1,0,0,0,0,0,0,0,0,0,0
2003,370551,1,1,20,20,20,20,20,20,20,20,20,20
2003,370552,1,1,0,0,0,0,0,0,0,0,0,0
2003,370552,2,1,0,0,0,0,0,0,0,0,0,0
2003,370553,1,1,0,0,0,0,0,0,0,0,0,0
2003,370554,1,1,0,0,0,0,0,0,0,0,0,0
2003,370555,1,1,28,28,28,28,28,28,28,28,28,28
2003,370556,1,1,15,15,15,15,15,15,15,15,15,15
2003,370556,2,1,0,0,0,0,0,0,0,0,0,0
2003,370557,0,1,0,0,0,0,0,0,0,0,0,0
2003,370557,1,1,0,0,0,0,0,0,0,0,26,0
2003,370558,1,1,18,18,18,18,18,18,18,18,18,18
2003,370559,1,1,5,19,21,4,9,0,29,26,11,17
2003,370560,1,1,0,0,0,0,0,0,0,0,0,0
2003,370560,2,1,0,0,0,0,0,0,0,0,0,0
2003,370561,1,1,8,8,8,8,8,8,8,8,8,8
2003,370562,1,1,0,0,0,0,0,0,0,0,0,0
2003,370562,2,1,0,0,0,0,0,0,0,0,0,0
2003,370563,1,1,11,11,11,11,11,11,11,11,11,11
2003,370564,1,1,0,0,0,0,0,0,0,0,0,0
2003,370564,2,1,0,0,0,0,0,0,0,0,0,0
2003,370565,1,1,13,13,13,13,13,13,13,13,13,13
2003,370566,0,1,0,0,0,0,0,0,0,0,0,0
2003,370566,1,1,0,0,0,0,0,0,0,0,0,0
2003,370567,1,1,0,0,0,0,0,0,0,0,0,0
2003,370567,2,1,0,0,0,0,0,0,0,0,0,0
2003,370568,1,1,0,0,0,0,0,0,0,0,0,0
2003,370569,1,1,7,8,14,16,24,24,6,8,14,22
2003,370570,0,1,0,0,0,0,0,0,0,0,0,0
2003,370570,1,1,13,17,11,0,0,12,0,0,14,6
2003,370571,1,1,0,0,0,0,0,0,0,0,0,0
2003,370572,1,1,14,14,14,14,14,14,14,14,14,14
2003,370573,1,1,0,0,0,0,0,0,0,0,0,0
2003,370574,1,1,0,0,0,0,0,0,0,0,0,0
2003,370575,1,1,0,0,0,0,0,0,0,0,0,0
2003,370576,1,1,0,0,0,0,0,0,0,0,0,0
2003,370576,2,1,0,0,0,0,0,0,0,0,0,0
2003,370577,1,1,0,0,0,0,0,0,0,0,0,0
2003,370577,2,1,0,0,0,0,0,0,0,0,0,0
2003,370578,1,1,0,0,0,0,0,0,0,0,0,0
2003,370579,1,1,0,0,0,0,0,0,0,0,0,0
2003,370579,2,1,0,0,0,7,0,0,0,0,0,0
2003,370580,1,1,0,0,0,0,0,0,0,0,0,0
2003,370580,2,1,0,0,0,0,0,0,0,0,0,0
2003,370581,1,1,0,0,0,0,0,0,0,0,0,0
2003,370581,2,1,0,0,0,0,0,0,0,0,0,0
2003,370582,1,1,0,0,0,0,0,0,0,0,0,0
2003,370582,2,1,0,0,0,0,0,0,0,0,0,0
2003,370583,0,1,0,0,0,0,0,0,0,0,0,0
2003,370583,1,1,0,0,0,0,0,0,0,0,0,0
2003,370584,1,1,21,9,6,20,22,4,6,13,18,19
2003,370585,1,1,0,0,0,0,0,0,7,0,0,0
2003,370585,2,1,0,0,0,0,0,0,0,0,0,0
2003,370586,1,1,17,16,9,18,12,0,14,12,28,0
2003,370586,2,1,0,0,0,0,0,0,0,0,0,0
2003,370587,1,1,0,0,0,0,0,0,0,0,0,0
2003,370587,2,1,19,19,19,19,19,19,19,19,19,19
2003,370588,1,1,0,0,0,0,0,0,0,0,0,0
2003,370588,2,1,0,0,0,0,0,0,0,0,0,0
2003,370589,1,1,0,0,0,0,0,0,0,0,0,0
2003,370589,2,1,0,0,0,0,0,0,0,0,0,0
2003,370589,3,1,0,0,0,0,0,0,0,0,0,0
2003,370590,1,1,0,0,0,0,0,0,0,0,0,0
2003,370590,2,1,0,0,0,0,0,0,0,0,0,0
2003,370591,1,1,0,0,0,0,0,0,0,0,0,0
2003,370591,2,1,0,0,0,0,0,0,0,0,0,0
2003,370591,3,1,0,0,0,0,0,0,0,0,0,0
2003,370591,4,1,0,0,0,0,0,0,0,0,0,0
2003,370592,1,1,0,0,0,0,0,0,0,0,0,0
2003,370592,2,1,0,14,0,0,0,0,0,0,0,0
2003,370593,1,1,0,25,0,0,0,0,0,0,0,0
2003,370593,2,1,0,0,0,0,0,0,0,0,0,0
2003,370594,1,1,19,19,19,19,19,19,19,19,19,19
2003,370595,0,1,0,0,0,0,0,0,0,0,0,0
2003,370595,1,1,13,10,13,4,10,0,24,6,23,26
2003,370596,1,1,0,0,0,0,0,0,0,0,0,0
2003,370596,2,1,0,0,0,0,0,0,0,0,16,0
2003,370597,0,1,0,0,0,0,0,0,0,0,0,0
2003,370597,1,1,0,0,0,0,0,0,0,0,0,0
2003,370598,1,1,4,4,4,4,4,4,4,4,4,4
2003,370598,2,1,0,0,0,0,0,0,0,0,0,0
2003,370599,1,1,0,0,0,0,0,0,0,0,0,0
2003,370599,2,1,0,0,0,0,0,0,0,0,0,11
2003,370600,1,1,24,24,24,24,24,24,24,24,24,24
2003,370601,1,1,16,16,16,16,16,16,16,16,16,16
2003,370601,2,1,0,0,0,0,0,0,0,0,0,0
2003,370602,1,1,0,0,0,0,0,0,0,0,0,0
2003,370602,2,1,0,0,0,0,0,0,0,0,0,0
2003,370603,1,1,0,0,0,0,0,0,0,0,0,0
2003,370603,2,1,0,0,0,0,0,0,0,0,0,0
2003,370604,1,1,0,0,0,0,0,0,0,0,0,0
2003,370604,2,1,0,0,0,0,0,0,0,0,0,0
2003,370605,0,1,0,0,0,0,0,0,0,0,0,0
2003,370606,1,1,0,0,0,0,0,0,0,0,0,0
2003,370607,0,1,21,21,21,21,21,21,21,21,21,21
2003,370607,1,1,0,14,0,0,0,0,0,0,0,0
2003,370608,1,1,19,19,19,19,19,19,19,19,19,19
2003,370609,1,1,0,0,0,0,0,0,0,0,0,0
2003,370609,2,1,0,0,0,0,0,0,0,0,0,0
2003,370610,1,1,16,16,16,16,16,16,16,16,16,16
2003,370610,2,1,0,0,0,0,0,0,0,0,0,0
2003,370611,1,1,0,0,0,0,0,0,0,0,0,0
2003,370611,2,1,0,0,0,0,0,0,0,0,0,0
2003,370611,3,1,0,0,0,0,0,0,0,0,0,0
2003,370612,1,1,20,20,20,20,20,20,20,20,20,20
2003,370613,0,1,0,0,0,0,0,0,0,0,0,0
2003,370613,1,1,0,0,0,0,0,0,0,0,0,0
2003,370614,1,1,0,0,0,0,0,0,0,0,0,0
2003,370615,1,1,0,0,0,0,0,0,0,0,0,0
2003,370615,2,1,0,0,0,0,0,0,0,0,0,0
2003,370616,0,1,0,0,0,0,0,0,0,0,0,0
2003,370616,1,1,0,0,0,0,0,0,0,0,0,0
2003,370617,1,1,0,0,0,0,0,0,0,0,0,0
2003,370617,2,1,0,0,0,0,0,0,0,0,0,0
2003,370618,1,1,0,0,0,0,0,0,0,0,0,0
2003,370619,1,1,0,0,0,0,0,0,0,0,0,0
2003,370620,1,1,0,0,0,0,0,0,0,0,0,0
2003,370620,2,1,0,0,0,0,0,0,0,0,0,0
2003,370621,1,1,0,0,0,0,0,0,0,0,0,0
2003,370621,2,1,0,0,0,0,0,0,0,0,0,0
2003,370622,1,1,0,0,0,0,0,0,0,0,0,0
2003,370623,1,1,0,0,0,0,0,0,0,0,0,0
2003,370623,2,1,0,0,0,0,0,0,0,0,0,0
2003,370624,1,1,12,2,11,15,0,2,6,20,15,13
2003,370625,0,1,0,0,0,0,0,0,0,0,0,0
2003,370625,1,1,0,0,0,0,0,0,0,0,0,0
2003,370626,1,1,0,0,0,0,0,0,0,0,0,0
2003,370626,2,1,0,0,14,0,0,0,0,0,0,0
2003,370627,0,1,0,0,0,0,0,0,0,0,0,0
2003,370627,1,1,0,0,0,0,0,0,0,0,0,0
2003,370628,1,1,0,0,0,0,0,0,0,4,0,0
2003,370628,2,1,0,0,0,0,0,0,0,10,0,0
2003,370629,1,1,19,19,19,19,19,19,19,19,19,19
2003,370630,1,1,14,30,9,10,15,14,10,20,11,12
2003,370631,1,1,0,0,0,0,0,0,0,0,0,0
2003,370632,1,1,0,0,0,0,0,0,0,0,0,0
2003,370632,2,1,0,0,0,0,0,0,0,0,0,0
2003,370633,1,1,0,0,0,0,0,0,0,0,0,0
2003,370633,2,1,0,0,0,0,0,0,0,0,0,0
2003,370634,0,1,43,43,43,43,43,43,43,43,43,43
2003,370634,1,1,0,0,0,0,0,0,0,0,0,0
2003,370635,0,1,18,18,18,18,18,18,18,18,18,18
2003,370635,1,1,18,6,0,10,14,9,24,0,0,0
2003,370636,1,1,0,0,0,20,0,0,0,0,0,0
2003,370637,1,1,0,0,0,0,0,0,0,0,0,0
2003,370637,2,1,0,0,0,0,0,0,0,0,0,0
2003,370638,1,1,0,0,0,0,0,0,0,0,0,0
2003,370638,2,1,0,0,0,0,0,0,0,0,0,0
2003,370639,1,1,6,15,12,11,5,7,20,11,6,8
2003,370640,1,1,17,14,23,5,5,14,20,0,17,20
2003,370641,1,1,0,0,0,0,0,0,0,0,0,0
2003,370641,2,1,8,16,23,16,15,13,19,20,17,9
2003,370642,1,1,0,0,0,0,0,0,0,0,0,0
2003,370642,2,1,0,0,0,0,0,0,0,0,0,0
2003,370643,1,1,0,0,0,0,0,0,0,0,0,0
2003,370643,2,1,0,0,0,0,0,0,0,0,0,0
2003,370644,1,1,0,0,0,0,0,0,0,0,0,0
2003,370644,2,1,0,0,0,0,0,0,0,0,0,0
2003,370645,1,1,0,0,0,0,0,0,0,0,0,0
2003,370646,1,1,0,0,0,0,0,0,0,0,0,0
2003,370646,2,1,0,0,0,0,0,0,0,0,0,0
2003,370647,0,1,0,0,0,0,0,0,0,0,0,0
2003,370647,1,1,0,0,0,0,0,0,0,0,0,0
2003,370647,2,1,0,0,9,0,0,0,0,0,0,0
2003,370648,1,1,2,2,2,2,2,2,2,2,2,2
2003,370649,1,1,0,0,0,8,0,17,0,0,0,0
2003,370650,1,1,0,0,0,0,0,0,0,0,0,0
2003,370651,1,1,4,4,4,4,4,4,4,4,4,4
2003,370652,1,1,0,0,0,0,0,0,0,0,0,0
2003,370652,2,1,0,0,0,0,0,0,0,0,0,0
2003,370653,1,1,3,13,19,17,11,2,9,18,19,23
2003,370654,1,1,0,0,0,0,0,0,0,0,0,0
2003,370654,2,1,0,0,0,0,0,0,0,0,0,0
2003,370655,1,1,0,0,0,0,0,0,0,0,0,0
2003,370656,1,1,0,0,0,0,0,0,0,0,0,0
2003,370656,2,1,0,0,0,0,0,0,0,0,0,0
2003,370657,1,1,0,0,0,0,0,0,0,0,0,0
2003,370658,1,1,26,3,22,14,25,9,11,21,9,15
2003,370659,1,1,21,21,21,21,21,21,21,21,21,21
2003,370660,0,1,0,0,0,0,0,0,0,0,0,0
2003,370660,1,1,0,0,0,0,0,0,0,0,0,0
2003,370661,1,1,0,0,0,0,0,0,0,0,0,20
2003,370661,2,1,10,10,10,10,10,10,10,10,10,10
2003,370661,3,1,0,0,0,0,0,27,0,0,0,0
2003,370662,1,1,0,0,0,0,0,0,0,0,0,0
2003,370663,0,1,26,26,26,26,26,26,26,26,26,26
2003,370663,1,1,0,0,0,0,0,0,0,0,0,0
2003,370664,1,1,0,0,0,0,0,0,0,0,0,0
2003,370664,2,1,0,0,0,0,0,0,0,0,0,0
2003,370665,1,1,0,0,0,0,0,0,0,0,0,0
2003,370665,2,1,0,0,0,0,0,0,0,0,0,0
2003,370666,1,1,0,0,0,0,0,0,0,0,0,0
2003,370666,2,1,0,0,0,0,0,0,0,0,0,0
2003,370667,1,1,0,0,0,0,0,0,19,0,0,20
2003,370667,2,1,0,0,0,0,0,0,0,0,0,0
2003,370668,1,1,0,0,0,0,0,0,0,0,0,0
2003,370669,1,1,0,0,0,0,0,0,0,0,0,0
2003,370669,2,1,0,0,0,0,0,0,0,0,0,0
2003,370670,1,1,0,0,0,0,0,0,0,0,0,0
2003,370670,2,1,18,18,18,18,18,18,18,18,18,18
2003,370671,1,1,11,0,11,12,6,17,15,13,28,4
2003,370671,2,1,0,0,0,0,0,0,0,0,0,0
2003,370672,1,1,26,26,26,26,26,26,26,26,26,26
2003,370672,2,1,0,0,0,0,0,0,0,0,0,0
2003,370673,1,1,15,15,15,15,15,15,15,15,15,15
2003,370674,1,1,0,0,0,0,11,0,0,9,0,12
2003,370674,2,1,0,0,0,0,0,0,0,0,0,0
2003,370675,1,1,0,0,0,0,0,0,0,0,0,0
2003,370675,2,1,0,0,0,0,0,0,0,0,0,0
2003,370676,1,1,0,0,0,0,0,0,0,0,0,0
2003,370676,2,1,0,0,0,0,0,0,0,0,0,0
2003,370677,1,1,21,11,6,15,5,6,14,12,25,4
2003,370678,1,1,0,0,0,0,0,0,0,0,0,0
2003,370678,2,1,0,0,0,0,0,0,0,0,0,0
2003,370679,1,1,0,0,0,0,0,0,0,0,0,0
2003,370680,1,1,18,18,18,18,18,18,18,18,18,18
2003,370681,1,1,0,0,0,0,0,0,0,0,0,0
2003,370681,2,1,0,0,0,0,0,0,0,0,0,0
2003,370681,3,1,0,0,0,0,0,0,0,0,0,0
2003,370681,4,1,0,0,0,0,0,0,0,0,0,0
2003,370682,1,1,0,0,0,0,0,0,0,0,0,0
2003,370682,2,1,0,0,0,0,0,0,0,0,0,0
2003,370683,1,1,0,0,0,0,0,0,0,0,0,0
2003,370683,2,1,0,0,0,0,0,0,0,0,0,0
2003,370684,1,1,0,13,0,0,18,25,17,0,21,24
2003,370685,1,1,26,26,26,26,26,26,26,26,26,26
2003,370686,1,1,10,4,18,0,18,0,18,16,6,10
2003,370687,1,1,0,0,0,0,0,0,0,0,0,0
2003,370688,1,1,0,0,0,0,0,0,0,0,0,0
2003,370688,2,1,0,0,0,0,0,0,0,0,0,0
2003,370689,1,1,0,0,0,0,0,0,0,0,0,0
2003,370689,2,1,0,0,0,0,0,0,0,0,0,0
2003,370690,1,1,0,0,0,0,0,0,0,0,0,0
2003,370690,2,1,0,0,0,0,0,0,0,0,0,0
2003,370691,1,1,0,0,0,0,0,0,0,0,0,0
2003,370691,2,1,0,0,0,0,0,0,0,0,0,0
2003,370692,1,1,0,0,0,0,0,0,0,0,0,0
2003,370692,2,1,0,0,0,0,0,0,0,0,0,0
2003,370692,3,1,0,0,0,0,0,0,0,0,0,0
2003,370692,4,1,0,0,0,0,0,0,0,0,0,0
2003,370693,1,1,0,0,0,0,0,0,0,0,0,0
2003,370693,2,1,0,0,0,0,0,0,0,0,0,0
2003,370694,1,1,0,0,17,20,32,0,0,0,0,10
2003,370695,1,1,0,0,0,0,0,0,0,19,0,0
2003,370696,1,1,6,6,6,6,6,6,6,6,6,6
2003,370697,1,1,0,0,0,0,0,0,0,0,0,0
2003,370698,1,1,0,0,0,0,0,0,0,0,0,0
2003,370698,2,1,0,0,0,0,0,0,0,0,0,0
2003,370699,1,1,0,0,0,0,0,0,0,0,0,0
2003,370699,2,1,0,0,0,0,0,0,0,0,0,0
2003,370700,1,1,0,0,0,0,0,0,0,0,0,0
2003,370700,2,1,0,0,0,0,0,0,0,0,0,0
2003,370701,0,1,29,29,29,29,29,29,29,29,29,29
2003,370701,0,2,0,22,0,0,14,0,0,2,34,17
2003,370701,1,1,21,21,21,21,21,21,21,21,21,21
2003,370702,1,1,0,0,0,0,0,0,0,0,0,0
2003,370703,1,1,0,25,0,0,0,0,0,0,0,0
2003,370704,1,1,24,24,24,24,24,24,24,24,24,24
2003,370705,1,1,0,0,0,0,0,0,0,0,0,0
2003,370705,2,1,0,0,0,0,0,0,0,0,0,0
2003,370706,1,1,17,17,17,17,17,17,17,17,17,17
2003,370707,1,1,0,0,0,0,0,0,0,0,0,0
2003,370707,2,1,0,0,0,0,0,0,0,0,0,0
2003,370707,3,1,0,0,0,0,0,0,0,0,0,0
2003,370707,4,1,0,0,0,0,0,0,0,0,0,0
2003,370708,1,1,0,0,0,0,0,0,0,0,0,0
2003,370709,1,1,11,11,11,11,11,11,11,11,11,11
2003,370710,1,1,0,0,0,0,0,0,0,0,0,0
2003,370710,2,1,14,37,10,18,10,0,3,14,8,14
2003,370711,1,1,19,19,19,19,19,19,19,19,19,19
2003,370712,1,1,0,0,0,0,0,0,0,0,0,0
2003,370713,1,1,0,0,0,0,0,0,0,0,0,0
2003,370714,1,1,0,0,0,0,0,0,0,0,0,0
2003,370714,2,1,0,0,0,0,0,0,0,0,0,0
2003,370715,1,1,0,0,0,0,0,0,0,0,0,0
2003,370715,2,1,38,0,0,0,0,0,9,0,19,0
2003,370716,1,1,31,31,31,31,31,31,31,31,31,31
2003,370717,1,1,0,0,0,0,0,0,0,0,0,0
2003,370718,1,1,17,28,26,15,16,20,14,14,13,14
2003,370718,2,1,2,2,2,2,2,2,2,2,2,2
2003,370719,1,1,0,0,0,0,0,0,0,0,0,0
2003,370719,2,1,0,0,0,0,0,0,0,0,0,0
2003,370720,1,1,0,0,0,0,0,0,0,0,0,0
2003,370721,1,1,0,0,0,0,0,0,0,0,0,0
2003,370721,2,1,0,0,0,0,0,0,0,0,0,0
2003,370722,1,1,0,0,0,0,0,0,0,0,0,0
2003,370723,1,1,0,0,0,0,0,0,0,0,0,0
2003,370723,2,1,0,0,0,0,0,0,0,0,0,0
2003,370724,1,1,0,0,0,0,0,0,0,0,0,0
2003,370724,2,1,26,26,26,26,26,26,26,26,26,26
2003,370725,1,1,15,15,15,15,15,15,15,15,15,15
2003,370726,1,1,0,0,0,0,0,0,0,0,0,0
2003,370726,2,1,0,0,0,0,10,0,10,0,0,0
2003,370727,1,1,0,0,0,0,0,0,0,0,0,0
2003,370727,2,1,0,0,0,0,0,0,0,0,0,0
2003,370728,1,1,0,0,0,0,0,0,0,0,0,0
2003,370729,1,1,16,16,16,16,16,16,16,16,16,16
2003,370730,1,1,0,0,0,0,0,0,0,0,0,0
2003,370730,2,1,15,0,0,0,0,16,0,0,0,0
2003,370731,1,1,0,0,0,0,4,0,0,0,0,0
2003,370731,2,1,25,23,30,27,38,0,12,28,16,12
2003,370732,1,1,0,0,0,0,0,0,0,0,0,0
2003,370733,1,1,0,0,0,0,0,0,0,0,0,0
2003,370733,2,1,0,0,0,0,0,0,0,0,0,0
2003,370734,1,1,0,0,0,0,0,0,0,0,0,0
2003,370734,2,1,0,0,0,0,0,0,0,0,0,0
2003,370735,0,1,0,0,0,0,0,0,0,0,0,0
2003,370735,1,1,0,0,0,0,0,0,0,0,0,0
2003,370736,1,1,0,0,0,0,0,0,0,0,0,0