YEAR,ST_CASE,veh_no,per_no,P1,P2,P3,P4,P5,P6,P7,P8,P9,P10
2003,370736,2,1,2,2,2,2,2,2,2,2,2,2
2003,370737,1,1,0,0,0,0,0,0,0,0,0,0
2003,370738,1,1,5,5,5,5,5,5,5,5,5,5
2003,370739,1,1,0,0,0,0,0,0,0,0,0,0
2003,370739,2,1,0,0,0,0,0,0,0,0,0,0
2003,370740,1,1,0,0,0,0,0,0,0,0,0,0
2003,370740,2,1,0,0,0,0,0,9,0,0,0,0
2003,370741,1,1,0,0,0,0,0,0,0,0,0,0
2003,370742,1,1,0,0,0,0,0,0,0,0,0,0
2003,370743,1,1,0,0,0,0,0,0,0,0,0,0
2003,370744,1,1,10,6,0,17,4,11,12,7,16,0
2003,370745,1,1,0,0,0,0,0,0,0,0,0,0
2003,370746,1,1,0,0,0,0,0,0,0,0,0,0
2003,370746,2,1,0,0,0,0,0,0,0,0,0,0
2003,370747,1,1,7,7,7,7,7,7,7,7,7,7
2003,370748,1,1,0,0,0,0,0,0,0,0,0,0
2003,370748,2,1,0,3,0,0,0,0,0,0,0,3
2003,370749,1,1,25,25,25,25,25,25,25,25,25,25
2003,370750,1,1,0,15,0,0,13,0,0,0,0,9
2003,370750,2,1,0,0,0,0,0,0,0,0,0,0
2003,370751,1,1,0,0,0,0,0,0,0,0,0,0
2003,370752,0,1,32,32,32,32,32,32,32,32,32,32
2003,370752,1,1,0,0,0,0,0,0,0,17,0,0
2003,370753,1,1,26,26,26,26,26,26,26,26,26,26
2003,370754,1,1,0,0,0,0,0,0,0,0,0,0
2003,370754,2,1,0,0,0,0,0,0,0,0,0,0
2003,370755,1,1,2,2,2,2,2,2,2,2,2,2
2003,370756,1,1,0,0,0,0,0,0,0,0,0,0
2003,370756,2,1,0,0,0,0,0,0,0,0,0,0
2003,370757,0,1,24,18,0,18,0,23,0,5,0,15
2003,370757,1,1,0,0,0,0,0,13,0,0,0,0
2003,370758,1,1,0,0,0,0,0,0,0,0,0,0
2003,370758,2,1,0,0,0,0,0,0,0,0,0,0
2003,370759,0,1,10,10,10,10,10,10,10,10,10,10
2003,370759,1,1,0,0,0,0,0,0,0,0,0,0
2003,370760,1,1,0,0,0,0,0,0,0,0,0,0
2003,370760,2,1,0,0,0,0,0,0,0,0,0,0
2003,370761,1,1,0,0,0,0,0,0,0,0,0,0
2003,370761,2,1,0,0,0,0,0,0,0,0,0,0
2003,370762,0,1,0,0,0,0,0,0,0,0,0,0
2003,370762,1,1,20,0,0,0,0,19,14,0,0,12
2003,370763,1,1,0,0,0,0,0,0,0,0,0,0
2003,370763,2,1,0,0,0,0,0,0,0,12,0,0
2003,370764,1,1,5,7,18,14,4,14,10,8,14,10
2003,370765,1,1,0,0,0,28,0,0,0,0,0,14
2003,370766,0,1,5,5,5,5,5,5,5,5,5,5
2003,370766,0,2,6,11,16,22,11,25,0,34,9,22
2003,370766,1,1,28,9,13,24,13,14,9,14,20,8
2003,370767,1,1,0,0,0,0,0,0,0,0,0,0
2003,370767,2,1,0,0,0,0,0,0,0,0,0,0
2003,370767,3,1,0,0,0,0,5,0,0,0,0,7
2003,370768,1,1,0,0,25,0,0,0,0,0,14,0
2003,370768,2,1,0,0,0,0,0,0,0,0,0,0
2003,370769,0,1,19,19,19,19,19,19,19,19,19,19
2003,370769,1,1,0,0,0,0,0,0,0,0,0,0
2003,370769,2,1,0,0,0,0,0,13,9,0,19,11
2003,370770,1,1,0,0,0,0,0,0,0,0,0,0
2003,370770,2,1,0,0,0,0,0,0,0,0,0,0
2003,370770,3,1,0,0,0,0,0,0,0,0,0,0
2003,370770,4,1,0,0,0,0,0,0,0,0,0,0
2003,370770,5,1,0,0,0,0,0,0,0,0,0,0
2003,370771,1,1,6,6,6,6,6,6,6,6,6,6
2003,370772,1,1,15,14,3,11,18,7,11,3,10,13
2003,370773,1,1,0,0,0,0,0,0,0,0,0,0
2003,370774,1,1,14,14,14,14,14,14,14,14,14,14
2003,370775,1,1,0,0,0,0,0,0,0,0,0,0
2003,370775,2,1,0,0,0,0,0,0,0,0,0,0
2003,370776,1,1,13,19,22,26,34,0,32,14,21,19
2003,370776,2,1,0,0,0,0,0,0,0,0,0,0
2003,370777,1,1,0,13,0,0,33,20,11,0,0,0
2003,370777,2,1,0,0,0,0,0,0,0,0,0,0
2003,370778,0,1,21,21,21,21,21,21,21,21,21,21
2003,370778,1,1,0,0,13,0,0,5,0,11,0,0
2003,370779,1,1,0,0,0,0,19,0,0,0,0,0
2003,370780,1,1,16,20,21,5,10,17,29,22,3,6
2003,370781,1,1,0,0,0,0,0,0,0,0,0,0
2003,370782,1,1,21,21,21,21,21,21,21,21,21,21
2003,370783,1,1,0,0,0,0,0,0,0,0,0,0
2003,370784,1,1,0,0,0,0,0,0,0,0,0,0
2003,370784,2,1,0,0,0,0,0,0,0,0,0,0
2003,370785,1,1,0,0,0,0,0,0,0,0,0,0
2003,370785,2,1,0,0,0,0,0,0,0,0,0,0
2003,370785,3,1,0,0,11,0,0,0,0,0,0,0
2003,370786,1,1,0,0,0,0,0,0,0,0,0,0
2003,370786,2,1,14,12,31,19,5,10,19,9,16,8
2003,370786,3,1,0,0,0,0,0,0,0,0,0,0
2003,370786,4,1,0,0,0,0,0,0,0,0,0,0
2003,370787,1,1,0,0,0,0,0,0,0,0,0,0
2003,370788,1,1,0,0,0,0,0,0,0,0,0,0
2003,370788,2,1,0,0,6,0,10,5,7,0,0,0
2003,370788,3,1,0,0,0,0,0,0,0,0,0,0
2003,370788,4,1,0,0,0,0,0,0,0,0,0,0
2003,370789,1,1,0,0,0,0,0,0,0,0,11,0
2003,370789,2,1,0,0,0,0,0,0,0,0,0,0
2003,370790,1,1,0,0,0,0,0,0,0,0,0,0
2003,370790,2,1,0,0,0,0,0,0,0,0,0,0
2003,370791,1,1,10,10,10,10,10,10,10,10,10,10
2003,370792,1,1,0,0,0,0,0,0,0,0,0,0
2003,370793,1,1,0,0,0,0,0,0,0,0,0,0
2003,370793,2,1,0,0,0,0,15,0,0,0,0,0
2003,370794,1,1,21,15,33,20,22,20,21,26,24,19
2003,370794,2,1,0,0,0,0,0,0,0,0,0,0
2003,370795,0,1,0,0,0,0,0,0,0,0,0,0
2003,370795,1,1,0,0,0,0,0,0,0,0,0,0
2003,370796,1,1,23,23,23,23,23,23,23,23,23,23
2003,370796,2,1,0,0,0,0,0,0,0,0,0,0
2003,370797,1,1,0,0,0,0,0,0,0,0,0,0
2003,370798,1,1,0,0,0,10,0,0,0,0,0,10
2003,370798,2,1,0,0,0,0,0,0,0,0,0,0
2003,370799,1,1,21,21,21,21,21,21,21,21,21,21
2003,370800,1,1,0,0,0,0,0,0,0,0,0,0
2003,370801,1,1,0,0,0,0,0,0,0,0,0,0
2003,370801,2,1,0,0,0,0,0,0,0,0,0,0
2003,370802,1,1,0,0,0,0,0,0,0,0,0,0
2003,370803,1,1,0,0,0,0,0,0,0,0,0,0
2003,370803,2,1,0,0,0,0,0,0,0,0,0,0
2003,370804,0,1,0,0,0,0,0,0,0,0,0,0
2003,370804,1,1,0,0,0,0,0,0,0,0,0,0
2003,370805,1,1,0,0,0,0,0,0,0,0,0,0
2003,370806,1,1,0,0,0,0,0,0,0,0,0,0
2003,370806,2,1,0,0,0,0,0,0,0,0,0,0
2003,370807,1,1,0,0,0,0,0,0,0,0,0,0
2003,370807,2,1,0,0,0,0,0,0,0,0,0,0
2003,370808,1,1,0,0,0,0,0,0,0,0,0,0
2003,370808,2,1,0,0,0,0,0,0,0,0,0,0
2003,370809,1,1,0,0,0,0,0,0,0,0,0,0
2003,370810,1,1,0,0,0,0,0,0,0,0,0,0
2003,370810,2,1,0,0,0,9,19,0,0,0,15,12
2003,370811,1,1,0,33,0,12,0,0,0,0,0,0
2003,370811,2,1,0,0,0,0,0,0,0,0,0,0
2003,370812,1,1,0,0,0,0,0,0,0,0,0,0
2003,370813,1,1,0,0,0,0,0,0,0,0,0,0
2003,370813,2,1,0,0,0,0,0,0,0,0,0,0
2003,370814,1,1,8,8,8,8,8,8,8,8,8,8
2003,370814,2,1,11,5,0,12,11,4,13,8,0,0
2003,370815,1,1,0,0,0,0,0,0,0,0,0,0
2003,370815,2,1,0,0,0,0,0,0,0,0,0,0
2003,370815,3,1,0,4,0,0,0,0,16,0,0,0
2003,370816,1,1,0,0,0,0,0,0,0,0,0,0
2003,370816,2,1,0,0,0,0,0,0,0,0,0,0
2003,370817,1,1,24,8,15,10,15,9,9,13,8,17
2003,370818,1,1,24,24,24,24,24,24,24,24,24,24
2003,370819,1,1,0,0,0,0,0,0,0,0,0,0
2003,370819,2,1,0,0,0,0,0,0,0,0,0,0
2003,370820,1,1,0,0,0,0,0,0,0,0,0,0
2003,370820,2,1,0,0,0,0,0,0,0,0,0,0
2003,370821,1,1,0,0,0,0,0,0,0,0,0,0
2003,370821,2,1,0,0,0,0,0,0,0,0,0,0
2003,370822,1,1,0,0,0,0,0,5,10,20,0,0
2003,370822,2,1,0,0,0,0,0,0,0,0,0,0
2003,370822,3,1,0,10,0,0,0,0,18,0,0,0
2003,370823,0,1,21,21,21,21,21,21,21,21,21,21
2003,370823,1,1,0,0,0,0,0,0,0,0,0,0
2003,370824,1,1,0,0,0,0,0,13,0,0,0,0
2003,370824,2,1,5,5,5,5,5,5,5,5,5,5
2003,370825,1,1,0,0,18,0,9,0,24,7,9,0
2003,370826,1,1,10,24,13,11,20,5,7,5,7,22
2003,370826,2,1,0,0,0,0,0,11,17,0,0,11
2003,370827,1,1,0,0,0,0,0,0,0,0,0,0
2003,370827,2,1,5,0,0,0,0,0,14,0,0,0
2003,370828,1,1,0,0,0,0,0,0,0,0,0,0
2003,370829,0,1,18,18,18,18,18,18,18,18,18,18
2003,370829,1,1,6,6,6,6,6,6,6,6,6,6
2003,370830,1,1,0,0,0,0,0,0,0,0,0,0
2003,370831,1,1,0,0,0,0,0,0,0,0,0,0
2003,370831,2,1,0,0,0,0,0,0,0,0,0,0
2003,370832,1,1,0,0,0,0,0,0,0,0,0,0
2003,370833,0,1,0,0,0,0,0,0,0,0,0,0
2003,370833,1,1,0,0,0,0,0,0,0,0,0,0
2003,370834,1,1,0,0,0,0,0,0,0,0,0,0
2003,370835,1,1,11,5,36,11,19,7,15,13,8,0
2003,370835,2,1,0,0,0,14,0,0,0,0,0,0
2003,370836,1,1,0,19,13,23,8,15,12,11,16,17
2003,370836,2,1,0,0,0,0,0,0,3,0,0,0
2003,370837,1,1,0,0,0,0,0,0,0,0,0,0
2003,370837,2,1,0,0,0,0,0,0,0,0,0,0
2003,370838,1,1,0,0,0,0,0,0,0,0,0,0
2003,370838,2,1,0,0,0,0,0,0,0,0,0,0
2003,370838,3,1,0,0,0,0,0,0,0,0,0,0
2003,370838,4,1,6,6,6,6,6,6,6,6,6,6
2003,370839,0,1,7,7,7,7,7,7,7,7,7,7
2003,370839,1,1,16,0,0,0,0,0,0,0,0,0
2003,370840,1,1,21,0,3,12,13,12,2,7,6,14
2003,370841,1,1,0,0,0,0,0,0,0,0,0,0
2003,370841,2,1,0,0,0,0,0,0,0,0,0,8
2003,370842,1,1,0,0,0,0,0,0,0,0,0,0
2003,370842,2,1,0,0,0,0,0,0,0,0,0,0
2003,370843,1,1,19,0,15,8,0,13,22,9,21,0
2003,370843,2,1,0,0,0,0,0,0,0,0,0,0
2003,370844,1,1,4,4,4,4,4,4,4,4,4,4
2003,370845,1,1,0,0,0,0,0,0,0,0,0,0
2003,370845,2,1,0,0,0,0,0,0,0,0,0,0
2003,370846,1,1,0,0,0,0,0,0,0,0,0,0
2003,370846,2,1,0,0,0,0,0,0,0,0,0,0
2003,370847,1,1,0,0,0,0,0,0,0,0,0,0
2003,370847,2,1,0,0,0,0,0,0,0,0,0,0
2003,370848,1,1,37,37,37,37,37,37,37,37,37,37
2003,370849,0,1,0,0,0,0,0,0,0,0,0,0
2003,370849,0,2,9,0,0,19,0,0,19,20,0,0
2003,370849,1,1,0,0,0,0,0,0,0,0,0,0
2003,370850,1,1,0,0,0,0,0,0,0,0,0,0
2003,370850,2,1,0,0,0,0,0,0,0,0,0,0
2003,370851,1,1,44,0,0,0,16,11,10,8,26,16
2003,370852,1,1,0,0,0,0,0,0,0,0,0,0
2003,370852,2,1,0,0,0,0,0,0,0,0,0,0
2003,370853,1,1,0,0,0,0,0,0,0,0,0,0
2003,370853,2,1,0,0,0,0,0,0,0,6,0,0
2003,370854,1,1,0,0,0,0,0,0,0,0,0,0
2003,370855,0,1,9,9,9,9,9,9,9,9,9,9
2003,370855,1,1,0,0,37,0,0,26,0,0,0,0
2003,370856,1,1,21,21,21,21,21,21,21,21,21,21
2003,370857,0,1,0,0,0,0,0,0,0,0,0,0
2003,370857,1,1,23,17,13,4,17,0,9,17,9,9
2003,370858,1,1,0,0,0,0,0,18,0,0,0,0
2003,370858,2,1,0,0,0,0,0,0,0,0,0,0
2003,370858,3,1,0,0,0,0,0,0,0,0,0,0
2003,370859,1,1,0,0,0,6,0,0,17,0,0,0
2003,370860,1,1,0,0,0,0,0,0,0,0,0,0
2003,370861,1,1,0,0,5,0,0,0,0,0,0,0
2003,370861,2,1,0,0,0,0,0,0,0,0,13,0
2003,370862,1,1,0,0,0,0,0,0,0,0,0,0
2003,370862,2,1,0,0,0,0,0,0,0,0,0,0
2003,370863,0,1,0,0,0,0,0,0,0,0,0,0
2003,370863,1,1,11,15,7,16,30,17,3,9,24,5
2003,370864,1,1,26,26,26,26,26,26,26,26,26,26
2003,370865,1,1,22,22,22,22,22,22,22,22,22,22
2003,370866,1,1,0,0,18,20,0,0,11,0,0,0
2003,370867,0,1,0,0,0,0,0,0,0,0,0,0
2003,370867,1,1,0,0,0,0,0,0,0,0,0,0
2003,370868,1,1,0,0,0,0,0,0,0,0,0,0
2003,370868,2,1,0,0,0,0,0,0,0,0,0,0
2003,370869,1,1,0,0,0,0,0,0,0,0,0,0
2003,370869,2,1,0,0,0,0,0,0,0,0,0,0
2003,370870,1,1,17,17,17,17,17,17,17,17,17,17
2003,370871,1,1,0,0,0,0,0,0,0,0,0,0
2003,370872,1,1,0,0,0,0,0,0,0,0,0,0
2003,370872,2,1,0,0,0,0,0,0,0,0,0,0
2003,370872,3,1,0,0,0,0,0,0,0,0,0,0
2003,370872,4,1,0,0,0,0,0,0,0,0,0,0
2003,370873,1,1,0,0,0,0,0,0,0,0,0,0
2003,370873,2,1,0,0,0,0,0,0,0,0,0,0
2003,370874,1,1,0,0,0,0,0,0,0,0,0,0
2003,370874,2,1,0,0,0,0,0,0,0,0,0,0
2003,370875,1,1,0,0,0,0,0,0,0,0,0,0
2003,370875,2,1,15,15,15,15,15,15,15,15,15,15
2003,370876,1,1,15,15,15,15,15,15,15,15,15,15
2003,370877,1,1,0,0,0,0,0,0,0,0,0,0
2003,370877,2,1,0,0,0,0,0,0,0,0,0,0
2003,370878,1,1,0,0,0,0,0,0,0,0,0,0
2003,370879,1,1,0,0,0,0,0,0,0,0,0,0
2003,370880,1,1,0,0,0,0,0,0,0,0,0,0
2003,370881,1,1,7,7,7,7,7,7,7,7,7,7
2003,370881,2,1,0,0,0,0,0,0,0,0,0,0
2003,370882,0,1,0,0,0,0,0,0,0,0,0,0
2003,370882,1,1,0,0,0,0,0,0,0,0,0,0
2003,370883,1,1,0,0,0,0,0,0,0,0,0,0
2003,370884,1,1,0,0,0,0,0,0,0,0,0,0
2003,370884,2,1,0,0,0,0,0,0,0,0,0,0
2003,370885,1,1,19,19,19,19,19,19,19,19,19,19
2003,370886,1,1,0,0,0,0,0,0,0,0,0,0
2003,370886,2,1,0,0,0,0,0,0,0,0,0,0
2003,370887,1,1,16,32,15,8,8,8,0,14,6,12
2003,370888,1,1,0,0,0,0,0,0,0,0,0,0
2003,370889,1,1,47,47,47,47,47,47,47,47,47,47
2003,370890,1,1,0,0,0,0,0,0,0,0,0,0
2003,370891,1,1,0,0,0,0,0,0,0,0,0,0
2003,370892,1,1,0,0,0,0,0,0,0,0,0,0
2003,370892,2,1,0,0,0,0,0,0,0,0,0,0
2003,370893,1,1,4,4,4,4,4,4,4,4,4,4
2003,370894,1,1,0,0,0,0,0,0,0,0,0,0
2003,370894,2,1,0,0,0,0,0,0,0,0,0,0
2003,370894,3,1,0,0,0,0,0,0,0,0,0,0
2003,370894,4,1,0,0,0,0,0,0,16,0,0,0
2003,370895,1,1,0,0,0,0,0,0,0,0,0,0
2003,370895,2,1,17,17,17,17,17,17,17,17,17,17
2003,370895,3,1,0,0,0,0,0,0,0,0,0,0
2003,370896,1,1,0,0,0,0,0,0,0,0,0,0
2003,370897,1,1,0,0,0,0,0,0,16,0,0,0
2003,370897,2,1,0,0,0,0,0,0,0,0,0,0
2003,370898,0,1,31,31,31,31,31,31,31,31,31,31
2003,370898,1,1,0,0,0,0,27,0,0,22,0,0
2003,370899,1,1,0,0,0,0,0,0,0,0,0,12
2003,370899,2,1,0,0,0,0,0,0,0,0,0,0
2003,370900,1,1,20,20,20,20,20,20,20,20,20,20
2003,370901,1,1,0,0,0,0,0,0,0,0,0,0
2003,370902,1,1,0,0,0,0,0,0,0,8,0,0
2003,370902,2,1,0,0,0,0,0,0,0,0,0,0
2003,370903,1,1,0,0,0,0,0,0,0,0,0,0
2003,370903,2,1,0,0,0,0,0,0,0,0,0,0
2003,370904,1,1,17,17,17,17,17,17,17,17,17,17
2003,370905,1,1,0,0,0,0,0,0,0,0,0,0
2003,370905,2,1,0,0,0,0,0,0,0,0,0,0
2003,370905,3,1,0,0,0,0,0,0,0,0,0,0
2003,370906,1,1,6,6,6,6,6,6,6,6,6,6
2003,370907,0,1,22,22,22,22,22,22,22,22,22,22
2003,370907,1,1,0,0,0,0,0,0,0,0,0,0
2003,370908,1,1,0,0,0,0,0,0,0,0,0,0
2003,370908,2,1,0,0,0,0,0,0,0,0,0,0
2003,370909,1,1,15,8,15,10,11,3,21,11,12,0
2003,370910,1,1,0,0,0,0,0,0,0,0,0,0
2003,370910,2,1,0,0,0,0,0,0,0,0,0,0
2003,370911,1,1,0,0,0,0,0,0,0,0,0,0
2003,370911,2,1,0,0,0,0,0,0,0,0,0,0
2003,370912,1,1,20,20,20,20,20,20,20,20,20,20
2003,370913,1,1,20,0,9,9,15,0,15,4,18,24
2003,370914,1,1,22,22,22,22,22,22,22,22,22,22
2003,370914,2,1,0,0,0,0,0,0,0,0,0,0
2003,370915,1,1,2,2,2,2,2,2,2,2,2,2
2003,370916,1,1,0,0,0,0,0,0,0,0,0,0
2003,370916,2,1,0,0,0,0,0,0,0,0,0,0
2003,370916,3,1,0,0,0,0,0,0,0,0,0,0
2003,370917,1,1,0,0,0,0,0,0,0,0,0,0
2003,370918,0,1,0,0,0,0,0,0,0,0,0,0
2003,370918,1,1,0,0,0,31,0,0,0,0,20,0
2003,370919,1,1,0,0,0,0,0,0,0,0,0,0
2003,370920,1,1,15,15,15,15,15,15,15,15,15,15
2003,370921,1,1,0,0,0,0,0,0,0,0,0,0
2003,370921,2,1,0,0,0,0,0,0,0,0,0,0
2003,370922,1,1,0,0,0,0,0,0,0,0,0,0
2003,370922,2,1,0,0,0,0,0,0,0,0,0,0
2003,370923,1,1,8,10,0,0,13,18,9,5,17,8
2003,370924,1,1,18,18,18,18,18,18,18,18,18,18
2003,370925,0,1,0,0,0,0,0,0,0,0,0,0
2003,370925,1,1,0,0,0,0,0,0,13,0,0,0
2003,370926,1,1,0,0,0,0,0,0,0,0,0,0
2003,370926,2,1,0,0,0,0,0,0,0,0,0,0
2003,370927,1,1,0,0,0,0,0,0,0,0,0,0
2003,370928,1,1,0,0,0,0,0,0,0,0,0,0
2003,370928,2,1,0,0,0,0,0,0,0,0,0,0
2003,370929,1,1,26,26,26,26,26,26,26,26,26,26
2003,370930,1,1,0,0,0,0,0,0,0,0,0,0
2003,370930,2,1,0,0,0,0,0,0,0,0,0,0
2003,370931,1,1,0,0,3,0,0,0,0,10,0,0
2003,370931,2,1,0,0,0,0,0,0,0,0,0,0
2003,370932,1,1,0,0,0,0,7,0,0,0,0,0
2003,370933,1,1,0,0,0,0,0,0,0,0,0,0
2003,370933,2,1,0,0,0,0,0,0,0,0,0,0
2003,370934,1,1,0,0,0,0,0,0,0,0,0,0
2003,370935,1,1,0,0,0,0,0,0,0,0,0,0
2003,370936,1,1,0,0,0,0,0,0,0,0,0,0
2003,370936,2,1,0,0,0,0,0,0,0,0,0,0
2003,370937,1,1,3,3,3,3,3,3,3,3,3,3
2003,370937,2,1,0,0,0,0,0,0,0,0,0,0
2003,370938,1,1,26,26,26,26,26,26,26,26,26,26
2003,370938,2,1,0,0,0,0,0,0,7,0,0,0
2003,370939,1,1,13,13,13,13,13,13,13,13,13,13
2003,370940,1,1,0,0,0,0,0,0,0,0,0,0
2003,370940,2,1,0,0,0,0,0,0,0,0,0,0
2003,370941,1,1,0,0,0,0,0,0,0,0,0,0
2003,370942,1,1,0,0,0,0,0,0,0,0,0,0
2003,370942,2,1,0,0,0,0,0,0,0,0,0,0
2003,370943,1,1,0,0,0,0,0,0,0,0,0,0
2003,370943,2,1,0,0,0,0,0,0,0,0,0,0
2003,370944,1,1,0,0,0,0,0,0,0,0,0,0
2003,370945,1,1,0,0,0,0,0,0,0,0,0,0
2003,370946,1,1,0,0,0,0,0,0,0,0,0,0
2003,370946,2,1,0,0,0,0,0,0,0,0,0,0
2003,370947,1,1,0,0,0,0,0,0,0,0,0,0
2003,370947,2,1,0,0,0,0,0,0,0,0,0,0
2003,370948,1,1,0,0,0,0,0,0,0,0,0,0
2003,370948,2,1,0,0,0,0,0,0,0,0,0,0
2003,370949,1,1,0,0,0,0,19,0,0,32,0,0
2003,370949,2,1,0,0,0,0,0,0,0,0,0,0
2003,370950,1,1,0,0,0,0,0,0,0,0,0,0
2003,370950,2,1,0,0,0,0,0,0,0,0,0,0
2003,370951,1,1,0,0,0,0,0,0,0,0,0,0
2003,370951,2,1,0,0,0,0,0,0,0,0,0,0
2003,370952,1,1,0,0,0,0,0,0,0,0,0,0
2003,370953,1,1,18,18,18,18,18,18,18,18,18,18
2003,370954,0,1,23,23,23,23,23,23,23,23,23,23
2003,370954,1,1,6,0,0,10,0,0,0,21,0,22
2003,370955,1,1,0,0,0,0,0,0,0,0,0,0
2003,370955,2,1,0,0,0,0,0,0,0,0,0,0
2003,370956,1,1,0,0,0,0,0,0,0,0,0,0
2003,370956,2,1,0,0,0,0,0,0,0,0,0,0
2003,370957,1,1,28,28,28,28,28,28,28,28,28,28
2003,370958,1,1,0,0,0,0,0,0,0,0,0,0
2003,370958,2,1,0,0,0,0,0,0,0,0,0,0
2003,370959,0,1,24,24,24,24,24,24,24,24,24,24
2003,370959,1,1,13,0,0,19,0,0,8,0,0,0
2003,370960,1,1,0,0,0,0,0,0,0,0,0,0
2003,370961,1,1,3,3,3,3,3,3,3,3,3,3
2003,370961,2,1,12,0,0,0,0,0,0,0,0,0
2003,370962,1,1,19,0,0,0,9,0,0,0,0,0
2003,370963,0,1,5,5,5,5,5,5,5,5,5,5
2003,370963,1,1,0,0,0,0,0,0,0,0,0,0
2003,370964,1,1,22,24,21,19,10,18,14,13,15,16
2003,370965,1,1,0,0,0,0,0,0,0,0,0,0
2003,370965,2,1,0,0,0,0,0,0,0,0,0,0
2003,370966,1,1,5,5,5,5,5,5,5,5,5,5
2003,370966,2,1,0,0,0,0,8,0,0,0,0,0
2003,370967,1,1,0,0,0,0,0,0,0,15,0,0
2003,370968,0,1,0,0,0,0,0,0,0,0,0,0
2003,370968,1,1,8,0,0,0,0,0,0,0,0,0
2003,370969,0,1,0,0,0,0,0,0,0,0,0,0
2003,370969,1,1,0,0,0,0,0,0,0,0,0,0
2003,370970,1,1,0,0,0,0,0,0,0,0,0,0
2003,370970,2,1,0,0,0,0,0,0,0,0,0,0
2003,370971,1,1,2,2,2,2,2,2,2,2,2,2
2003,370971,2,1,0,0,0,0,0,0,0,0,0,0
2003,370972,1,1,0,0,0,0,0,0,0,0,0,0
2003,370973,1,1,0,0,0,0,0,0,17,0,0,0
2003,370973,2,1,0,0,0,0,0,0,0,0,0,0
2003,370974,1,1,0,0,0,0,0,0,0,0,0,9
2003,370974,2,1,0,0,0,0,0,0,0,0,0,0
2003,370975,1,1,15,15,15,15,15,15,15,15,15,15
2003,370975,2,1,0,0,0,0,0,0,0,0,0,0
2003,370976,1,1,30,30,30,30,30,30,30,30,30,30
2003,370977,1,1,0,4,10,0,4,12,13,0,14,7
2003,370977,2,1,0,0,0,0,0,0,0,33,0,0
2003,370978,1,1,0,0,0,0,0,0,0,0,0,0
2003,370978,2,1,0,0,0,0,0,0,0,0,0,0
2003,370979,1,1,0,0,0,0,0,0,0,0,0,0
2003,370979,2,1,0,0,0,0,0,0,0,0,0,0
2003,370980,0,1,0,0,0,0,0,0,0,0,0,0
2003,370980,1,1,0,0,0,0,0,0,0,0,0,0
2003,370981,1,1,0,0,0,0,0,16,0,0,0,0
2003,370981,2,1,0,0,0,0,11,0,0,0,0,0
2003,370982,1,1,13,13,17,13,15,14,8,23,25,0
2003,370983,1,1,0,0,0,0,0,0,0,0,0,0
2003,370983,2,1,0,0,0,0,0,0,0,0,0,0
2003,370984,1,1,0,0,0,0,0,0,0,0,0,0
2003,370984,2,1,33,33,33,33,33,33,33,33,33,33
2003,370985,1,1,29,29,29,29,29,29,29,29,29,29
2003,370986,1,1,17,17,17,17,17,17,17,17,17,17
2003,370987,1,1,18,18,18,18,18,18,18,18,18,18
2003,370988,1,1,0,0,0,0,0,0,0,0,0,0
2003,370989,1,1,0,0,0,0,0,0,0,0,0,0
2003,370990,1,1,0,0,0,0,0,0,0,0,0,0
2003,370990,2,1,0,0,0,0,0,0,0,0,0,0
2003,370991,1,1,0,0,0,0,0,0,0,0,0,0
2003,370991,2,1,0,0,0,0,0,0,0,0,0,0
2003,370992,0,1,0,0,0,0,0,0,0,0,0,0
2003,370992,1,1,0,0,0,0,0,0,0,0,0,0
2003,370993,0,1,0,0,0,0,0,0,0,0,0,0
2003,370993,1,1,0,0,0,0,0,0,0,0,0,0
2003,370994,1,1,10,10,10,10,10,10,10,10,10,10
2003,370995,1,1,0,0,0,0,0,0,0,0,0,0
2003,370995,2,1,0,0,0,0,0,0,0,0,0,0
2003,370996,1,1,0,0,0,0,0,0,0,0,0,0
2003,370996,2,1,0,0,0,0,0,0,0,0,0,0
2003,370997,0,1,0,0,0,0,0,0,0,0,0,0
2003,370997,1,1,0,0,0,0,0,0,0,0,0,0
2003,370998,1,1,7,7,7,7,7,7,7,7,7,7
2003,370999,1,1,12,12,12,12,12,12,12,12,12,12
2003,371000,1,1,14,14,14,14,14,14,14,14,14,14
2003,371000,2,1,0,0,0,0,0,0,0,0,0,0
2003,371001,1,1,15,15,15,15,15,15,15,15,15,15
2003,371002,1,1,0,0,0,0,0,0,0,0,0,0
2003,371002,2,1,0,0,0,0,0,0,0,0,0,0
2003,371003,1,1,26,26,26,26,26,26,26,26,26,26
2003,371003,2,1,0,15,0,0,0,0,0,0,0,0
2003,371004,1,1,0,0,0,0,0,0,0,0,0,0
2003,371004,2,1,0,0,0,0,0,0,0,0,0,0
2003,371004,3,1,0,0,0,0,0,0,0,0,0,0
2003,371004,4,1,0,0,0,0,0,0,0,0,0,0
2003,371005,1,1,0,0,0,0,0,0,0,0,0,0
2003,371005,2,1,0,0,0,0,0,0,0,0,0,0
2003,371006,1,1,12,12,12,12,12,12,12,12,12,12
2003,371007,1,1,0,0,0,0,0,0,0,0,0,0
2003,371008,1,1,20,11,26,13,23,12,14,14,4,22
2003,371008,2,1,0,0,0,0,0,0,0,0,0,0
2003,371009,1,1,0,0,0,0,0,0,0,0,0,0