YEAR,ST_CASE,veh_no,per_no,P1,P2,P3,P4,P5,P6,P7,P8,P9,P10
2003,371010,1,1,0,0,0,0,0,0,0,0,0,0
2003,371010,2,1,0,0,0,0,0,0,0,0,0,0
2003,371011,1,1,21,21,21,21,21,21,21,21,21,21
2003,371012,1,1,18,14,22,10,26,2,18,13,0,24
2003,371013,1,1,0,0,0,0,0,0,0,0,0,0
2003,371013,2,1,15,15,15,15,15,15,15,15,15,15
2003,371014,1,1,0,0,0,0,0,0,0,0,0,0
2003,371015,1,1,26,26,26,26,26,26,26,26,26,26
2003,371016,1,1,23,23,23,23,23,23,23,23,23,23
2003,371017,0,1,0,0,0,0,0,0,0,0,0,0
2003,371017,1,1,0,0,0,0,0,0,0,0,0,0
2003,371018,1,1,0,0,0,0,0,0,0,0,0,0
2003,371019,1,1,26,15,10,8,15,12,16,18,21,15
2003,371020,1,1,0,0,0,0,0,0,0,0,0,0
2003,371021,1,1,0,0,0,0,0,0,0,0,0,0
2003,371021,2,1,0,0,0,0,0,0,0,0,0,0
2003,371022,1,1,0,0,0,0,0,0,0,0,0,0
2003,371022,2,1,0,0,0,43,0,0,8,0,0,0
2003,371023,1,1,0,0,0,0,0,0,0,0,0,0
2003,371023,2,1,0,0,0,0,0,0,0,0,0,0
2003,371023,3,1,0,0,0,0,0,0,0,0,0,0
2003,371023,4,1,0,0,0,0,0,0,0,0,0,0
2003,371024,2,1,0,0,0,0,0,0,0,0,0,0
2003,371024,3,1,0,0,0,0,0,0,0,0,0,0
2003,371025,0,1,0,0,0,0,0,0,0,0,0,0
2003,371025,1,1,0,0,0,0,0,0,0,0,0,0
2003,371026,1,1,17,0,0,0,12,24,0,0,0,0
2003,371027,0,1,0,0,0,0,0,0,0,0,0,0
2003,371027,1,1,0,0,0,0,0,0,0,0,0,0
2003,371027,2,1,0,0,0,0,0,0,0,0,0,0
2003,371028,0,1,0,0,0,0,0,0,0,0,0,0
2003,371028,1,1,0,0,0,0,0,0,0,0,0,33
2003,371029,1,1,0,0,0,0,0,0,0,0,0,0
2003,371030,1,1,0,0,0,0,0,0,0,0,0,0
2003,371030,2,1,0,0,0,0,0,0,0,0,0,0
2003,371030,3,1,0,0,0,0,0,0,0,0,0,0
2003,371031,1,1,0,0,0,0,0,0,0,0,0,0
2003,371032,1,1,0,0,0,0,0,0,0,0,0,0
2003,371032,2,1,0,0,0,0,0,0,0,0,0,0
2003,371033,1,1,26,26,26,26,26,26,26,26,26,26
2003,371034,1,1,0,0,0,0,0,0,0,0,0,0
2003,371034,2,1,0,0,0,0,0,0,0,0,0,0
2003,371035,0,1,0,0,0,0,0,0,0,0,0,0
2003,371035,1,1,0,0,0,0,0,0,0,0,0,0
2003,371036,1,1,0,0,0,0,0,0,0,0,0,0
2003,371036,2,1,0,0,0,0,0,0,0,0,0,0
2003,371037,1,1,0,0,0,0,0,0,0,0,0,0
2003,371037,2,1,0,0,0,0,0,0,0,0,0,0
2003,371038,1,1,0,0,0,0,0,0,0,0,0,0
2003,371038,2,1,0,0,0,0,0,0,0,0,0,0
2003,371039,1,1,0,0,0,0,0,0,0,0,0,0
2003,371039,2,1,0,0,0,0,0,3,0,0,0,0
2003,371039,3,1,0,0,0,0,0,0,0,0,0,0
2003,371040,1,1,21,21,21,21,21,21,21,21,21,21
2003,371040,2,1,0,0,0,0,0,0,0,0,0,0
2003,371041,1,1,0,0,0,0,0,0,0,0,0,0
2003,371041,2,1,0,0,0,0,0,0,0,0,0,0
2003,371041,3,1,0,0,0,0,0,0,0,0,0,0
2003,371042,1,1,0,0,0,0,0,0,0,0,0,0
2003,371043,1,1,0,0,0,0,0,0,0,0,0,0
2003,371043,2,1,0,0,0,0,0,0,0,0,0,0
2003,371044,1,1,7,7,7,7,7,7,7,7,7,7
2003,371046,1,1,29,29,29,29,29,29,29,29,29,29
2003,371046,2,1,0,0,0,0,8,0,0,0,0,0
2003,371047,1,1,0,16,12,0,29,9,10,11,18,12
2003,371047,2,1,0,0,14,11,0,0,0,0,21,0
2003,371048,0,1,26,26,26,26,26,26,26,26,26,26
2003,371048,1,1,0,0,5,0,0,0,0,0,0,0
2003,371049,1,1,0,0,0,0,0,0,0,0,0,0
2003,371049,2,1,0,0,0,0,0,0,0,0,0,0
2003,371050,1,1,5,5,5,5,5,5,5,5,5,5
2003,371050,2,1,3,19,15,15,17,13,27,10,10,21
2003,371051,1,1,0,0,0,0,0,0,0,0,0,0
2003,371051,2,1,0,0,0,0,0,0,0,0,0,0
2003,371051,3,1,0,0,0,0,0,0,0,0,0,0
2003,371052,1,1,0,0,0,0,0,0,0,0,0,0
2003,371053,1,1,0,0,0,0,0,0,0,0,0,0
2003,371053,2,1,0,0,0,0,0,0,0,0,0,0
2003,371054,1,1,17,4,3,14,14,8,19,6,19,29
2003,371054,2,1,0,0,0,0,0,0,0,0,0,0
2003,371054,3,1,0,0,0,0,0,0,0,0,0,0
2003,371054,4,1,0,0,0,0,0,0,0,0,0,7
2003,371054,5,1,0,0,0,0,0,0,0,0,0,0
2003,371055,0,1,0,0,0,0,0,0,0,0,0,0
2003,371055,1,1,0,0,0,0,0,0,0,0,0,0
2003,371056,1,1,0,0,0,0,0,0,0,0,0,0
2003,371056,2,1,0,0,0,0,0,0,0,0,0,0
2003,371057,1,1,0,0,0,0,0,0,0,0,0,0
2003,371057,2,1,0,0,0,6,0,0,0,0,0,0
2003,371058,1,1,0,0,0,0,0,0,0,0,0,0
2003,371058,2,1,0,0,0,0,0,0,20,0,0,0
2003,371058,3,1,0,0,0,0,0,0,0,0,0,0
2003,371059,0,1,0,0,0,0,0,0,0,0,0,0
2003,371059,1,1,0,0,0,0,0,0,0,0,0,0
2003,371059,2,1,0,0,0,0,0,0,0,0,0,0
2003,371060,1,1,0,0,0,0,0,0,0,0,0,0
2003,371060,2,1,0,0,0,0,0,0,0,0,0,0
2003,371061,1,1,0,0,0,0,0,0,0,0,0,0
2003,371062,1,1,0,0,0,0,0,0,0,0,0,0
2003,371062,2,1,0,0,0,0,0,12,0,0,0,0
2003,371062,3,1,0,0,0,0,0,0,0,0,0,0
2003,371063,1,1,0,0,0,0,0,0,0,0,0,0
2003,371063,2,1,0,0,0,0,0,0,0,0,0,0
2003,371064,1,1,0,0,0,0,0,0,0,0,0,0
2003,371064,2,1,0,0,0,0,0,0,0,0,0,0
2003,371065,0,1,11,11,11,11,11,11,11,11,11,11
2003,371065,1,1,0,0,0,0,0,0,0,0,0,0
2003,371066,1,1,0,0,0,0,0,0,0,0,0,0
2003,371066,2,1,0,0,0,0,0,0,0,0,0,0
2003,371067,1,1,6,6,6,6,6,6,6,6,6,6
2003,371068,1,1,18,18,18,18,18,18,18,18,18,18
2003,371069,1,1,11,11,11,11,11,11,11,11,11,11
2003,371070,1,1,5,15,15,0,8,16,28,6,9,7
2003,371070,2,1,0,0,0,0,0,0,0,0,0,0
2003,371071,1,1,0,0,0,0,0,0,0,0,0,0
2003,371072,0,1,0,0,0,0,0,0,0,0,0,0
2003,371072,1,1,0,0,0,0,0,0,0,0,0,0
2003,371073,1,1,0,0,0,0,0,0,0,0,0,0
2003,371073,2,1,0,0,0,0,0,0,0,0,0,0
2003,371074,1,1,0,0,0,0,0,0,0,0,0,0
2003,371074,2,1,0,0,0,0,0,0,0,0,0,0
2003,371075,1,1,0,0,0,0,0,0,0,0,0,0
2003,371075,2,1,0,0,0,0,0,0,0,0,0,0
2003,371076,1,1,38,30,16,9,24,13,42,22,13,34
2003,371076,2,1,0,0,0,0,0,0,0,0,0,0
2003,371077,1,1,0,0,0,0,0,0,0,0,0,0
2003,371078,1,1,0,0,0,0,0,0,0,0,0,0
2003,371078,2,1,0,0,0,0,0,0,0,0,0,0
2003,371079,0,1,20,20,20,20,20,20,20,20,20,20
2003,371079,1,1,0,13,0,0,0,0,0,0,0,0
2003,371080,1,1,0,0,0,0,0,0,0,0,0,0
2003,371081,1,1,0,0,0,0,0,0,0,0,0,0
2003,371081,2,1,4,0,0,0,0,0,0,0,0,0
2003,371082,1,1,0,0,0,0,0,0,0,0,0,0
2003,371083,0,1,0,0,0,0,0,0,0,0,0,0
2003,371083,1,1,0,0,0,0,0,0,0,0,0,0
2003,371084,1,1,0,0,0,0,0,0,0,0,0,0
2003,371084,2,1,0,0,0,0,0,0,0,0,0,0
2003,371085,1,1,12,12,12,12,12,12,12,12,12,12
2003,371086,1,1,0,0,0,0,0,0,0,0,0,0
2003,371087,1,1,0,0,0,0,0,0,0,0,0,0
2003,371088,1,1,0,0,7,0,0,0,0,0,0,0
2003,371088,2,1,0,0,0,0,0,0,0,0,0,0
2003,371089,1,1,19,19,19,19,19,19,19,19,19,19
2003,371090,1,1,0,0,0,0,0,0,0,0,0,0
2003,371090,2,1,0,0,0,0,0,0,0,0,3,0
2003,371091,0,1,0,0,0,0,0,0,0,0,0,0
2003,371091,1,1,0,0,0,0,0,9,0,0,0,0
2003,371092,1,1,0,0,0,0,0,0,0,0,0,0
2003,371093,1,1,0,0,0,0,0,0,0,0,0,0
2003,371093,2,1,0,0,0,0,0,0,0,0,0,0
2003,371093,3,1,0,0,0,0,0,0,0,0,0,0
2003,371094,1,1,0,0,0,0,0,0,0,0,0,0
2003,371095,1,1,0,0,0,0,0,0,0,0,0,0
2003,371095,2,1,0,0,0,0,0,0,0,0,0,0
2003,371096,0,1,0,0,0,0,0,0,0,0,0,0
2003,371096,1,1,0,0,0,0,12,0,0,0,0,0
2003,371097,0,1,34,34,34,34,34,34,34,34,34,34
2003,371097,1,1,0,0,0,0,0,0,0,0,0,0
2003,371098,1,1,0,0,0,0,0,0,0,0,0,0
2003,371098,2,1,0,0,0,0,0,0,0,0,0,0
2003,371099,1,1,0,0,0,0,0,0,0,0,0,0
2003,371100,1,1,0,0,0,0,0,0,0,0,0,0
2003,371100,2,1,0,0,0,0,0,0,0,0,0,0
2003,371101,1,1,0,0,0,0,0,0,0,0,0,0
2003,371101,2,1,0,0,0,0,0,0,0,0,0,0
2003,371102,1,1,14,28,21,8,5,21,34,30,9,11
2003,371103,1,1,0,0,0,0,0,0,0,0,0,0
2003,371103,2,1,0,0,0,0,0,0,0,0,0,0
2003,371104,0,1,11,11,11,11,11,11,11,11,11,11
2003,371104,1,1,0,0,0,0,0,0,0,0,0,0
2003,371105,1,1,0,0,0,0,0,0,0,0,0,0
2003,371106,1,1,0,0,18,0,0,0,0,15,0,0
2003,371106,2,1,0,0,0,0,0,0,0,0,0,0
2003,371107,1,1,31,31,31,31,31,31,31,31,31,31
2003,371108,1,1,0,0,0,0,0,0,0,0,0,0
2003,371108,2,1,0,0,0,0,0,0,0,0,0,0
2003,371109,1,1,0,0,0,0,0,0,0,0,0,0
2003,371109,2,1,0,0,0,0,12,0,0,0,0,0
2003,371110,1,1,17,17,17,17,17,17,17,17,17,17
2003,371111,1,1,0,0,0,0,0,0,0,0,0,0
2003,371111,2,1,0,0,0,0,0,0,0,0,0,0
2003,371112,0,1,20,0,0,9,0,0,0,0,52,17
2003,371112,0,2,18,18,18,18,18,18,18,18,18,18
2003,371112,0,3,0,0,0,0,0,0,0,0,0,0
2003,371112,0,4,0,0,0,0,0,0,0,0,0,0
2003,371112,0,5,12,12,12,12,12,12,12,12,12,12
2003,371112,0,6,14,14,14,14,14,14,14,14,14,14
2003,371112,0,7,0,0,0,0,0,0,0,0,0,0
2003,371112,0,8,18,32,0,0,0,0,7,30,17,0
2003,371112,0,9,38,23,0,23,0,0,0,0,0,11
2003,371112,1,1,21,9,20,12,19,11,0,15,16,0
2003,371113,1,1,0,0,0,0,0,0,0,0,0,0
2003,371113,2,1,0,0,0,0,0,0,0,0,0,0
2003,371114,1,1,6,6,6,6,6,6,6,6,6,6
2003,371114,2,1,0,0,0,0,0,0,0,0,0,0
2003,371115,1,1,0,0,0,0,0,0,0,0,0,0
2003,371115,2,1,0,0,0,0,0,0,0,0,0,0
2003,371116,1,1,0,0,0,0,0,0,0,0,0,0
2003,371117,1,1,0,0,0,0,0,0,0,0,0,0
2003,371117,2,1,0,0,0,0,0,0,0,0,0,0
2003,371118,0,1,0,0,0,0,0,0,0,0,0,0
2003,371118,1,1,38,0,21,12,0,0,0,8,0,0
2003,371119,1,1,9,9,9,9,9,9,9,9,9,9
2003,371120,0,1,0,0,0,0,0,0,0,0,0,0
2003,371120,1,1,0,0,0,0,0,0,21,0,0,0
2003,371121,0,1,0,0,0,0,0,0,0,0,0,0
2003,371121,1,1,0,0,0,0,0,0,0,0,0,0
2003,371122,1,1,0,0,0,0,0,0,0,0,0,0
2003,371123,1,1,0,0,0,0,0,0,0,0,0,0
2003,371124,1,1,0,0,0,0,0,0,0,0,0,0
2003,371124,2,1,0,0,0,0,0,0,0,0,0,0
2003,371125,1,1,10,10,10,10,10,10,10,10,10,10
2003,371126,0,1,11,11,11,11,11,11,11,11,11,11
2003,371126,1,1,0,0,0,0,0,0,0,0,8,0
2003,371127,1,1,0,0,0,0,0,0,0,0,0,0
2003,371128,1,1,0,0,0,0,0,0,0,0,0,0
2003,371129,1,1,0,0,0,0,0,0,0,0,0,0
2003,371130,1,1,0,0,0,0,0,0,0,0,0,0
2003,371130,2,1,0,0,0,0,0,0,0,0,0,0
2003,371131,1,1,13,9,0,15,16,8,0,19,25,15
2003,371132,1,1,25,25,25,25,25,25,25,25,25,25
2003,371133,1,1,0,0,0,0,0,0,0,0,0,0
2003,371134,1,1,0,0,0,0,0,0,0,0,0,0
2003,371134,2,1,18,18,18,18,18,18,18,18,18,18
2003,371135,1,1,0,0,0,0,0,0,0,0,0,0
2003,371135,2,1,0,0,0,0,0,0,0,0,0,0
2003,371136,0,1,0,0,0,0,0,0,0,0,0,0
2003,371136,0,2,0,25,0,0,22,0,0,0,0,19
2003,371136,1,1,0,0,0,0,0,0,0,0,0,0
2003,371137,1,1,5,5,5,5,5,5,5,5,5,5
2003,371138,1,1,0,0,0,0,0,0,0,0,0,0
2003,371138,2,1,0,0,0,0,0,0,0,0,11,0
2003,371139,0,1,0,0,0,0,0,0,0,0,0,0
2003,371139,1,1,0,0,0,0,0,0,0,0,0,0
2003,371140,0,1,9,9,9,9,9,9,9,9,9,9
2003,371140,1,1,0,0,0,0,0,0,0,0,0,0
2003,371141,1,1,0,0,0,0,0,0,0,0,0,0
2003,371141,2,1,0,0,0,0,0,0,0,0,0,0
2003,371142,1,1,0,0,0,0,0,0,0,0,0,0
2003,371142,2,1,0,0,0,0,0,0,0,0,0,0
2003,371143,1,1,21,21,21,21,21,21,21,21,21,21
2003,371144,1,1,0,0,0,0,0,0,0,0,0,0
2003,371144,2,1,0,0,0,0,0,0,0,0,0,0
2003,371144,3,1,0,0,0,0,0,0,0,0,0,0
2003,371144,4,1,0,0,0,0,0,0,0,0,0,0
2003,371145,1,1,0,0,0,0,0,0,0,0,0,0
2003,371145,2,1,0,0,0,0,0,0,0,0,0,0
2003,371146,0,1,0,0,0,0,0,0,0,0,0,0
2003,371146,1,1,0,0,0,0,0,0,0,0,0,0
2003,371147,1,1,0,0,0,0,0,0,0,0,0,0
2003,371147,2,1,0,0,0,0,0,0,0,0,0,0
2003,371148,0,1,14,14,14,14,14,14,14,14,14,14
2003,371148,1,1,0,0,0,0,0,0,0,0,0,0
2003,371149,1,1,0,0,0,0,0,0,0,0,0,0
2003,371150,1,1,17,17,17,17,17,17,17,17,17,17
2003,371151,1,1,0,0,0,0,0,0,0,0,0,0
2003,371152,1,1,0,0,0,0,0,0,0,0,0,0
2003,371152,2,1,0,0,0,0,0,0,0,0,0,0
2003,371152,3,1,0,0,0,0,0,0,0,0,0,0
2003,371152,4,1,0,0,0,0,0,0,0,0,0,0
2003,371152,5,1,0,0,0,0,0,0,0,0,0,0
2003,371152,6,1,0,0,0,0,0,0,0,0,0,0
2003,371153,1,1,23,23,23,23,23,23,23,23,23,23
2003,371154,1,1,0,0,0,0,0,0,0,0,0,0
2003,371155,1,1,0,0,0,0,0,0,0,0,25,0
2003,371155,2,1,0,0,0,0,0,0,0,0,0,0
2003,371156,1,1,0,0,0,0,0,0,0,0,0,0
2003,371156,2,1,0,0,0,0,0,0,0,0,0,0
2003,371157,0,1,0,0,0,0,0,0,0,0,0,0
2003,371157,1,1,6,0,0,0,0,0,0,0,0,0
2003,371158,1,1,19,19,19,19,19,19,19,19,19,19
2003,371159,0,1,24,24,24,24,24,24,24,24,24,24
2003,371159,1,1,0,0,0,0,0,0,0,0,0,0
2003,371160,1,1,7,0,37,7,24,13,19,5,16,20
2003,371160,2,1,14,14,14,14,14,14,14,14,14,14
2003,371161,1,1,0,0,0,0,0,0,0,0,0,0
2003,371162,1,1,0,0,0,0,0,0,0,0,0,0
2003,371163,1,1,0,0,0,0,0,0,0,0,0,0
2003,371163,2,1,0,0,0,0,0,0,0,0,0,0
2003,371164,1,1,0,0,0,0,0,0,0,0,0,0
2003,371165,1,1,19,19,19,19,19,19,19,19,19,19
2003,371166,1,1,0,0,0,0,0,0,0,0,0,0
2003,371166,2,1,0,0,0,0,0,0,0,0,0,0
2003,371167,1,1,0,0,0,0,0,0,0,0,0,0
2003,371168,1,1,22,22,22,22,22,22,22,22,22,22
2003,371169,1,1,0,0,0,12,0,0,0,0,0,0
2003,371169,2,1,3,0,10,11,11,0,9,0,10,0
2003,371170,1,1,0,0,0,0,0,0,0,0,0,0
2003,371170,2,1,0,0,0,0,0,0,0,0,0,0
2003,371171,1,1,0,0,0,0,0,0,0,0,0,0
2003,371171,2,1,0,0,0,0,0,0,0,0,0,0
2003,371172,1,1,8,8,8,8,8,8,8,8,8,8
2003,371173,1,1,0,0,0,0,0,0,0,0,0,0
2003,371173,2,1,0,0,0,0,0,0,0,0,0,0
2003,371174,1,1,0,0,0,0,0,0,0,0,0,0
2003,371174,2,1,0,0,0,0,0,0,0,0,0,0
2003,371175,1,1,0,0,0,0,0,0,0,0,0,0
2003,371175,2,1,0,0,0,0,0,0,0,0,0,0
2003,371176,1,1,0,0,0,0,0,0,0,0,0,0
2003,371176,2,1,0,0,0,0,0,0,0,0,0,0
2003,371177,1,1,17,17,17,17,17,17,17,17,17,17
2003,371178,2,1,0,0,0,0,0,0,0,0,0,0
2003,371179,1,1,0,0,0,0,0,0,0,0,0,0
2003,371179,2,1,14,0,0,0,0,0,0,0,0,0
2003,371179,3,1,0,0,0,0,0,0,0,0,0,0
2003,371180,1,1,0,0,0,0,0,0,0,0,0,0
2003,371180,2,1,0,0,0,0,0,0,0,0,0,0
2003,371181,1,1,14,14,14,14,14,14,14,14,14,14
2003,371182,1,1,0,0,0,0,0,0,0,0,0,0
2003,371182,2,1,0,0,0,0,0,0,0,0,0,0
2003,371183,0,1,26,26,26,26,26,26,26,26,26,26
2003,371183,1,1,0,0,0,0,0,0,0,0,0,0
2003,371184,1,1,0,0,0,0,0,0,0,0,0,0
2003,371184,2,1,0,0,0,0,0,0,0,0,0,0
2003,371185,1,1,0,0,0,0,0,0,0,0,0,0
2003,371186,1,1,0,0,0,0,0,0,0,0,0,0
2003,371186,2,1,0,0,0,0,0,0,0,0,0,0
2003,371187,1,1,24,24,24,24,24,24,24,24,24,24
2003,371188,1,1,17,17,17,17,17,17,17,17,17,17
2003,371188,2,1,0,0,0,0,0,0,0,0,0,0
2003,371189,1,1,0,0,0,0,0,0,0,0,0,0
2003,371189,2,1,0,0,0,0,0,0,0,0,0,0
2003,371190,1,1,15,15,15,15,15,15,15,15,15,15
2003,371190,2,1,0,0,0,0,0,0,0,0,0,0
2003,371190,3,1,0,0,0,0,0,0,0,0,0,0
2003,371191,1,1,0,0,0,0,0,0,0,0,0,0
2003,371191,2,1,0,0,0,0,0,0,0,0,0,0
2003,371192,1,1,0,0,0,0,0,0,0,0,0,0
2003,371192,2,1,0,0,0,0,0,0,0,0,0,0
2003,371193,1,1,0,0,0,0,0,0,0,0,0,0
2003,371193,2,1,0,0,0,0,0,0,0,0,0,0
2003,371194,1,1,0,0,0,0,0,0,0,0,0,0
2003,371194,2,1,0,0,0,0,0,0,0,0,0,0
2003,371195,1,1,0,0,0,0,0,0,0,0,0,0
2003,371196,1,1,0,0,0,0,0,0,0,0,0,0
2003,371196,2,1,0,0,0,0,0,0,0,0,0,0
2003,371197,1,1,0,0,0,0,0,0,0,0,0,0
2003,371197,2,1,4,4,4,4,4,4,4,4,4,4
2003,371198,1,1,0,0,0,21,0,0,0,0,0,0
2003,371199,1,1,0,0,0,0,0,0,0,0,0,0
2003,371200,1,1,0,0,0,0,0,0,0,0,0,0
2003,371200,2,1,0,0,0,0,0,0,0,0,0,0
2003,371201,1,1,0,0,0,0,0,0,0,0,0,0
2003,371201,2,1,13,13,13,13,13,13,13,13,13,13
2003,371202,1,1,18,18,18,18,18,18,18,18,18,18
2003,371203,1,1,0,0,0,0,0,0,0,0,0,0
2003,371203,2,1,0,0,0,0,0,0,0,0,0,0
2003,371204,1,1,0,0,0,0,0,0,0,0,0,0
2003,371205,1,1,0,24,0,0,0,0,0,0,0,0
2003,371206,1,1,0,0,0,0,0,0,0,0,0,0
2003,371206,2,1,0,0,0,0,0,0,0,0,0,0
2003,371207,1,1,0,8,0,16,12,24,0,0,13,9
2003,371208,0,1,0,0,0,0,0,0,0,0,0,0
2003,371208,1,1,0,0,0,0,0,0,0,0,0,0
2003,371209,1,1,0,0,0,0,0,0,0,0,0,0
2003,371209,2,1,0,0,0,0,0,0,0,0,0,0
2003,371210,1,1,0,0,0,0,0,0,0,0,0,0
2003,371210,2,1,0,0,0,0,0,0,0,0,0,0
2003,371211,0,1,30,30,30,30,30,30,30,30,30,30
2003,371211,1,1,0,0,19,0,0,21,0,0,19,0
2003,371212,1,1,0,0,0,0,0,0,0,0,0,0
2003,371213,1,1,26,21,13,16,8,14,21,10,0,0
2003,371214,1,1,0,0,0,0,0,0,0,0,0,0
2003,371214,2,1,0,0,0,0,0,0,0,0,0,0
2003,371215,1,1,0,0,0,0,0,0,0,0,0,0
2003,371216,1,1,9,9,9,9,9,9,9,9,9,9
2003,371216,2,1,0,0,8,0,0,0,0,0,22,0
2003,371217,1,1,9,9,9,9,9,9,9,9,9,9
2003,371218,1,1,8,8,8,8,8,8,8,8,8,8
2003,371219,1,1,21,21,21,21,21,21,21,21,21,21
2003,371220,1,1,14,14,14,14,14,14,14,14,14,14
2003,371221,1,1,0,0,0,0,0,0,0,0,0,0
2003,371221,2,1,21,21,21,21,21,21,21,21,21,21
2003,371222,1,1,0,0,0,0,0,0,0,0,0,0
2003,371223,1,1,0,0,0,0,0,0,0,0,0,0
2003,371223,2,1,0,0,0,0,0,0,0,0,0,0
2003,371224,0,1,0,0,0,0,0,0,0,0,0,0
2003,371224,1,1,0,0,0,0,0,0,0,0,0,0
2003,371225,1,1,0,0,0,0,0,0,0,0,0,0
2003,371226,1,1,0,0,0,0,0,0,0,0,0,8
2003,371226,2,1,0,0,0,0,0,0,0,0,0,0
2003,371227,1,1,0,0,0,0,0,0,0,0,0,0
2003,371227,2,1,0,13,0,10,0,0,0,0,0,0
2003,371228,1,1,0,0,0,0,0,0,0,0,0,0
2003,371229,1,1,28,28,28,28,28,28,28,28,28,28
2003,371230,1,1,23,23,23,23,23,23,23,23,23,23
2003,371231,1,1,0,0,0,0,0,0,0,0,0,0
2003,371232,1,1,0,0,0,0,0,0,0,0,0,0
2003,371232,2,1,0,0,0,0,0,0,0,0,0,0
2003,371233,1,1,17,32,0,35,16,0,12,21,11,15
2003,371234,1,1,30,30,30,30,30,30,30,30,30,30
2003,371235,1,1,22,22,22,22,22,22,22,22,22,22
2003,371236,1,1,0,0,0,0,0,0,0,0,0,0
2003,371237,1,1,0,0,0,0,0,0,0,0,0,0
2003,371237,2,1,0,0,0,0,0,0,0,0,0,0
2003,371238,1,1,18,16,9,10,11,5,9,5,12,10
2003,371239,1,1,0,0,0,0,0,0,0,0,0,0
2003,371239,2,1,0,0,0,0,0,0,0,0,0,0
2003,371240,1,1,0,0,0,0,0,0,0,0,0,0
2003,371240,2,1,0,0,0,0,0,0,0,0,0,0
2003,371241,1,1,15,19,10,0,19,17,10,19,8,9
2003,371242,1,1,0,0,0,0,0,0,0,0,0,0
2003,371242,2,1,0,0,0,0,0,0,0,0,0,0
2003,371243,1,1,0,0,0,0,0,0,0,0,0,0
2003,371243,2,1,0,0,0,0,0,0,0,0,0,0
2003,371244,1,1,0,0,0,0,0,0,0,0,0,0
2003,371244,2,1,0,0,0,0,0,0,0,0,5,0
2003,371245,0,1,0,0,0,0,0,0,0,0,0,0
2003,371245,1,1,0,0,0,0,0,0,0,0,0,0
2003,371246,1,1,0,0,0,0,0,0,0,0,0,0
2003,371247,1,1,0,0,0,0,0,0,0,0,0,0
2003,371247,2,1,0,0,0,0,0,0,0,0,0,0
2003,371248,1,1,0,0,0,0,0,0,0,0,0,0
2003,371248,2,1,0,18,0,0,0,0,0,0,0,0
2003,371249,0,1,24,23,8,0,4,16,18,4,26,4
2003,371249,1,1,0,0,0,0,0,0,0,0,0,0
2003,371250,1,1,0,0,0,0,0,0,0,0,0,0
2003,371250,2,1,0,0,0,0,0,0,0,0,0,0
2003,371251,1,1,0,0,0,0,0,0,0,0,14,0
2003,371251,2,1,0,0,0,0,12,0,0,0,0,0
2003,371252,1,1,0,0,0,0,0,0,0,0,0,0
2003,371253,1,1,0,0,0,0,0,0,0,0,0,0
2003,371253,2,1,0,0,0,0,0,0,0,0,0,0
2003,371254,1,1,0,0,0,0,0,0,0,0,0,0
2003,371254,2,1,0,0,0,0,0,0,0,0,0,0
2003,371255,1,1,0,0,0,0,0,0,0,0,0,0
2003,371255,2,1,5,0,0,0,0,0,0,0,0,0
2003,371256,1,1,0,0,0,0,0,0,0,0,0,0
2003,371256,2,1,0,0,0,0,0,0,0,0,0,0
2003,371257,1,1,25,25,25,25,25,25,25,25,25,25
2003,371258,1,1,0,0,0,0,0,0,0,0,0,0
2003,371259,1,1,21,21,21,21,21,21,21,21,21,21
2003,371260,1,1,0,0,0,0,0,0,0,0,0,0
2003,371261,1,1,0,0,0,0,0,0,0,0,0,0
2003,371261,2,1,0,0,0,0,0,0,0,0,0,0
2003,371261,3,1,0,0,0,0,0,0,0,0,0,0
2003,371262,1,1,0,0,0,0,0,0,0,0,0,0
2003,371262,2,1,0,15,0,0,0,0,0,0,0,0
2003,371263,1,1,0,0,0,0,0,0,0,0,0,0
2003,371264,1,1,11,11,11,11,11,11,11,11,11,11
2003,371265,1,1,9,5,23,26,13,14,18,15,14,18
2003,371266,1,1,0,0,0,0,0,0,0,0,0,0
2003,371266,2,1,0,0,0,0,0,0,0,0,0,0
2003,371266,3,1,0,0,0,0,0,0,0,0,0,0
2003,371267,1,1,24,16,23,8,11,4,13,14,16,15
2003,371267,2,1,0,0,0,0,0,0,0,0,0,0
2003,371268,1,1,0,0,0,0,0,0,0,0,0,0
2003,371268,2,1,0,0,0,0,0,0,0,0,0,0
2003,371268,3,1,0,0,0,0,0,0,0,0,0,0
2003,371269,1,1,0,0,0,0,0,0,0,0,0,0
2003,371270,1,1,9,22,8,8,16,14,19,12,16,0
2003,371270,2,1,0,0,0,0,0,0,0,0,0,0
2003,371270,3,1,0,0,0,0,0,0,0,0,0,0
2003,371270,4,1,0,0,0,0,0,0,0,0,0,0
2003,371270,5,1,0,0,0,0,0,0,0,0,0,0
2003,371271,1,1,0,0,0,0,0,0,0,0,0,0
2003,371271,2,1,0,0,0,0,0,0,0,0,0,0
2003,371272,2,1,0,0,0,0,0,0,0,0,0,0
2003,371273,1,1,0,0,0,0,0,0,0,0,0,0
2003,371273,2,1,0,0,0,0,0,0,0,0,0,0
2003,371273,3,1,0,0,0,0,0,0,0,0,0,0
2003,371274,0,1,0,0,0,0,0,0,0,0,0,0
2003,371274,1,1,0,0,0,0,0,0,0,0,0,0
2003,371275,1,1,11,11,11,11,11,11,11,11,11,11