YEAR,ST_CASE,veh_no,per_no,P1,P2,P3,P4,P5,P6,P7,P8,P9,P10
2003,371276,1,1,0,0,0,0,0,0,0,0,0,0
2003,371276,2,1,0,0,0,0,0,0,0,0,0,0
2003,371277,1,1,0,0,0,0,0,0,0,0,0,0
2003,371277,2,1,0,0,0,0,0,0,0,0,12,0
2003,371278,1,1,9,16,22,20,4,32,13,23,5,0
2003,371279,1,1,0,0,0,0,0,0,0,0,0,0
2003,371279,2,1,0,0,0,0,0,0,0,0,0,0
2003,371280,0,1,0,0,0,0,0,0,0,0,0,0
2003,371280,1,1,0,0,0,0,0,0,0,2,0,0
2003,371281,1,1,0,0,0,0,0,0,0,0,0,0
2003,371281,2,1,0,0,0,0,0,0,0,0,0,0
2003,371282,1,1,0,0,0,0,0,0,0,0,0,0
2003,371282,2,1,0,0,0,0,0,0,0,0,0,0
2003,371283,1,1,0,0,0,0,0,0,0,0,0,0
2003,371284,1,1,0,0,0,0,0,0,0,0,0,0
2003,371284,2,1,0,0,0,0,0,0,0,0,0,0
2003,371284,3,1,0,0,0,44,0,0,0,0,0,0
2003,371284,4,1,0,0,0,0,0,0,0,0,0,0
2003,371285,1,1,12,12,12,12,12,12,12,12,12,12
2003,371286,1,1,13,10,12,13,13,0,19,10,12,20
2003,371287,1,1,0,0,0,0,0,0,0,0,0,0
2003,371288,0,1,0,0,0,0,0,0,0,0,0,0
2003,371288,1,1,0,0,0,0,0,0,0,0,0,0
2003,371289,1,1,0,0,0,0,0,0,0,0,0,0
2003,371290,1,1,0,0,0,0,0,0,0,0,0,0
2003,371291,1,1,0,0,0,0,0,0,0,0,0,0
2003,371292,1,1,12,0,0,9,0,0,0,0,0,19
2003,371292,2,1,10,10,10,10,10,10,10,10,10,10
2003,371293,1,1,0,0,0,0,0,0,0,0,0,0
2003,371294,1,1,0,0,0,0,0,0,0,0,0,0
2003,371295,1,1,25,25,25,25,25,25,25,25,25,25
2003,371296,1,1,0,0,0,0,0,0,0,0,0,0
2003,371296,2,1,0,0,0,0,0,0,21,0,0,15
2003,371296,3,1,0,0,0,0,0,0,0,0,0,0
2003,371296,4,1,0,0,0,0,0,0,0,0,0,0
2003,371297,1,1,0,0,0,0,0,0,0,0,0,0
2003,371297,2,1,0,0,0,0,0,0,0,0,0,0
2003,371298,0,1,0,0,0,0,0,0,0,0,0,0
2003,371298,1,1,0,0,0,0,0,0,0,0,0,0
2003,371298,2,1,0,0,0,19,11,0,0,0,0,0
2003,371299,1,1,0,0,0,0,7,0,0,0,0,0
2003,371299,2,1,0,0,0,0,0,0,0,0,0,0
2003,371300,1,1,32,32,32,32,32,32,32,32,32,32
2003,371301,1,1,0,0,0,0,0,13,0,0,0,0
2003,371301,2,1,0,0,0,0,0,0,0,0,0,0
2003,371302,1,1,0,0,17,0,0,0,0,19,0,0
2003,371303,0,1,24,24,24,24,24,24,24,24,24,24
2003,371303,1,1,0,0,0,0,0,0,0,0,0,0
2003,371304,1,1,0,0,0,0,0,0,0,0,0,0
2003,371305,1,1,0,0,0,0,0,0,0,0,0,0
2003,371306,0,1,0,0,0,0,0,0,0,0,0,0
2003,371306,0,2,0,0,0,0,0,0,0,0,0,0
2003,371306,1,1,0,0,0,0,0,0,0,0,0,0
2003,371307,1,1,0,0,0,0,31,0,0,0,0,0
2003,371307,2,1,0,0,0,0,0,0,0,0,0,0
2003,371307,3,1,0,0,0,0,0,0,0,0,0,0
2003,371307,4,1,0,0,0,0,0,0,0,0,0,0
2003,371307,5,1,0,0,0,0,0,0,0,0,0,0
2003,371308,1,1,0,0,0,0,0,0,0,0,0,0
2003,371309,1,1,0,0,0,12,0,0,0,0,0,0
2003,371310,1,1,17,17,17,17,17,17,17,17,17,17
2003,371311,1,1,0,0,0,0,0,0,0,0,0,0
2003,371311,2,1,0,0,0,0,0,0,0,0,0,0
2003,371312,1,1,0,0,0,0,0,0,0,0,0,0
2003,371313,1,1,37,26,16,17,17,5,17,17,5,29
2003,371314,1,1,0,0,0,0,0,0,0,0,0,0
2003,371314,2,1,0,0,0,0,0,0,0,0,0,0
2003,371315,1,1,0,0,0,0,0,0,0,0,0,0
2003,371315,2,1,0,0,0,0,0,0,0,0,0,0
2003,371315,3,1,0,0,0,0,0,0,0,0,0,0
2003,371316,1,1,0,14,0,0,0,0,0,0,0,0
2003,371316,2,1,1,1,1,1,1,1,1,1,1,1
2003,371317,0,1,0,0,0,0,0,0,0,0,0,0
2003,371317,0,2,0,16,26,20,0,0,0,0,0,0
2003,371317,1,1,0,7,0,0,0,0,0,0,0,0
2003,371318,1,1,25,0,0,0,0,19,0,0,0,15
2003,371319,1,1,0,0,0,0,0,0,0,0,0,0
2003,371319,2,1,0,0,0,17,0,0,0,0,0,0
2003,371319,3,1,0,0,0,0,0,0,0,0,0,0
2003,371320,1,1,0,0,0,0,0,0,0,0,0,0
2003,371320,2,1,0,0,0,0,0,0,0,0,0,0
2003,371321,1,1,0,0,0,0,0,0,0,0,0,0
2003,371321,2,1,0,0,0,0,0,0,0,0,0,0
2003,371322,1,1,0,0,0,0,0,0,0,0,0,0
2003,371323,1,1,20,20,20,20,20,20,20,20,20,20
2003,371324,1,1,0,0,0,0,0,0,0,0,0,0
2003,371324,2,1,0,0,0,0,0,0,0,0,0,0
2003,371325,1,1,0,0,0,0,0,0,0,0,0,0
2003,371325,2,1,0,0,0,0,0,0,0,0,0,0
2003,371325,3,1,0,0,0,0,0,0,0,0,0,0
2003,371325,4,1,0,0,0,0,0,0,0,0,0,0
2003,371326,1,1,0,0,0,0,0,0,0,0,0,0
2003,371327,0,1,9,9,9,9,9,9,9,9,9,9
2003,371327,1,1,17,13,20,13,9,19,13,22,20,25
2003,371328,1,1,0,0,0,0,0,0,0,0,7,0
2003,371328,2,1,0,0,0,0,0,0,0,0,0,0
2003,371329,1,1,0,0,0,0,0,0,0,0,0,0
2003,371330,0,1,0,0,0,0,0,0,0,0,0,0
2003,371330,1,1,0,0,0,0,0,0,0,0,0,0
2003,371331,1,1,0,0,0,0,0,0,0,0,0,0
2003,371332,1,1,19,13,18,32,18,29,26,41,24,12
2003,371333,1,1,0,0,0,0,0,0,0,2,0,0
2003,371333,2,1,0,0,0,0,0,0,0,0,0,0
2003,371334,0,1,0,0,0,0,0,0,0,0,0,0
2003,371334,1,1,0,0,0,0,0,0,0,0,0,0
2003,371335,0,1,0,0,8,0,0,0,0,14,0,16
2003,371335,0,2,0,0,0,0,0,0,0,0,0,0
2003,371335,1,1,0,0,0,0,0,0,0,0,0,0
2003,371336,1,1,0,0,0,0,0,0,0,0,0,0
2003,371337,1,1,0,0,0,0,0,0,0,0,0,0
2003,371337,2,1,0,0,0,0,0,0,0,0,0,0
2003,371338,1,1,0,0,0,0,0,0,0,0,0,0
2003,371339,1,1,14,16,26,0,17,0,11,16,16,0
2003,371340,0,1,26,26,26,26,26,26,26,26,26,26
2003,371340,1,1,0,0,0,0,0,0,22,0,0,0
2003,371341,0,1,0,0,0,0,0,0,0,0,0,0
2003,371341,1,1,0,0,20,0,0,0,0,0,0,0
2003,371342,1,1,0,0,0,0,0,0,0,0,0,0
2003,371342,2,1,0,0,0,0,0,0,0,0,0,0
2003,371343,1,1,0,0,0,0,0,0,0,0,0,0
2003,371344,1,1,0,0,0,0,0,0,0,0,0,0
2003,371344,2,1,0,0,0,0,0,0,0,0,0,0
2003,371345,1,1,0,0,0,0,0,0,0,0,0,0
2003,371346,1,1,24,24,24,24,24,24,24,24,24,24
2003,371347,1,1,0,0,0,0,0,0,0,0,0,0
2003,371347,2,1,0,0,0,0,0,0,0,0,0,0
2003,371348,1,1,16,16,16,16,16,16,16,16,16,16
2003,371348,2,1,0,0,0,0,0,0,0,0,0,0
2003,371349,0,1,22,22,22,22,22,22,22,22,22,22
2003,371349,1,1,0,0,0,0,0,0,0,0,0,0
2003,371350,1,1,0,0,0,0,0,0,0,0,0,0
2003,371350,2,1,0,0,5,0,0,0,0,16,0,0
2003,371351,1,1,0,0,0,0,0,0,0,0,0,0
2003,371351,2,1,0,0,0,0,0,0,0,0,0,0
2003,371352,1,1,0,0,0,0,0,0,0,0,0,0
2003,371353,1,1,28,28,28,28,28,28,28,28,28,28
2003,371354,1,1,0,0,0,0,0,0,0,0,0,0
2003,371354,2,1,0,0,0,0,0,0,0,0,0,0
2003,371355,1,1,0,0,0,0,0,0,0,0,0,0
2003,371356,1,1,0,0,0,0,0,0,0,0,0,0
2003,371356,2,1,0,0,0,0,0,0,0,0,0,0
2003,371357,0,1,0,0,0,0,0,0,0,0,0,0
2003,371357,1,1,0,0,0,0,0,0,0,0,0,0
2003,371358,1,1,0,0,0,0,0,0,0,0,0,0
2003,371359,0,1,29,29,29,29,29,29,29,29,29,29
2003,371359,1,1,0,0,32,0,0,0,0,0,27,0
2003,371360,1,1,0,0,0,0,0,0,0,0,0,0
2003,371361,0,1,4,4,4,4,4,4,4,4,4,4
2003,371361,0,2,0,0,0,0,0,0,0,0,0,0
2003,371361,1,1,0,0,0,0,0,0,0,0,0,0
2003,371362,1,1,0,0,0,0,0,0,0,0,0,0
2003,371362,2,1,0,0,0,0,0,0,0,0,0,0
2003,371363,1,1,0,0,0,0,0,0,0,0,0,0
2003,371363,2,1,0,0,0,0,0,0,0,0,0,0
2003,371364,1,1,0,0,0,0,0,0,0,0,0,0
2003,371365,1,1,0,0,0,0,0,0,0,0,0,0
2003,371365,2,1,0,0,0,0,0,0,0,0,0,0
2003,371366,1,1,0,0,0,0,0,0,0,0,0,0
2003,371366,2,1,0,0,0,0,0,0,0,0,0,0
2003,371367,1,1,0,0,0,0,0,0,0,0,0,0
2003,371367,2,1,0,0,0,0,0,0,0,0,0,0
2003,371368,1,1,0,0,0,0,0,0,0,0,0,0
2003,371369,1,1,0,0,0,0,0,0,0,0,0,0
2003,371369,2,1,0,0,0,0,0,0,0,0,0,7
2003,371369,3,1,0,0,0,0,0,0,0,0,0,0
2003,371370,1,1,17,17,17,17,17,17,17,17,17,17
2003,371371,0,1,0,0,0,0,0,0,0,0,0,0
2003,371371,1,1,0,0,0,0,0,0,0,0,0,0
2003,371372,1,1,47,47,47,47,47,47,47,47,47,47
2003,371373,1,1,0,0,0,0,0,0,0,0,0,0
2003,371374,0,1,0,0,0,0,0,0,0,0,0,0
2003,371374,1,1,0,0,0,0,0,0,0,0,0,0
2003,371375,1,1,0,0,0,0,0,0,0,0,0,0
2003,371375,2,1,0,0,0,0,0,0,0,0,0,0
2003,371376,1,1,0,0,0,0,0,0,0,0,0,0
2003,371376,2,1,0,0,0,0,0,0,0,0,0,0
2003,371377,1,1,0,0,0,0,0,0,0,0,0,0
2003,371377,2,1,0,0,0,24,0,0,0,0,0,0
2003,371378,1,1,15,0,0,0,0,0,0,0,0,0
2003,371378,2,1,0,0,0,0,0,0,0,0,0,0
2003,371378,3,1,0,0,0,0,0,0,0,0,0,0
2003,371378,4,1,0,0,0,0,0,3,0,0,0,0
2003,371379,1,1,0,0,0,0,0,0,0,0,0,0
2003,371380,1,1,0,0,0,0,0,0,0,0,0,0
2003,371381,1,1,33,0,11,24,28,8,0,0,13,9
2003,371382,1,1,7,10,8,5,0,5,7,9,8,0
2003,371383,1,1,41,24,23,11,23,32,30,8,25,14
2003,371384,1,1,0,0,0,0,0,0,0,0,0,0
2003,371384,2,1,0,0,0,0,0,0,0,0,0,0
2003,371386,1,1,0,0,0,0,0,0,0,0,0,0
2003,371387,1,1,0,0,0,0,0,0,0,0,0,0
2003,371388,1,1,0,0,0,0,0,0,0,0,0,0
2003,371388,2,1,0,0,13,0,0,0,0,0,0,0
2003,371389,1,1,0,0,0,0,0,0,0,0,0,0
2003,371389,2,1,0,0,0,0,0,0,0,0,0,0
2003,371390,0,1,0,0,0,0,0,0,0,0,0,0
2003,371390,1,1,0,0,0,0,0,0,0,0,0,0
2003,371391,1,1,0,0,0,0,0,0,0,0,0,0
2003,371392,1,1,0,0,0,0,0,0,0,0,0,0
2003,371392,2,1,0,0,0,0,0,0,0,0,0,0
2003,371392,3,1,0,0,0,0,0,0,0,0,0,0
2003,371392,4,1,0,0,0,0,0,0,0,0,0,0
2003,371393,1,1,10,18,10,8,11,5,13,13,0,20
2003,371393,2,1,0,0,0,0,0,0,0,0,0,0
2003,371394,1,1,0,0,0,0,0,0,0,0,0,0
2003,371394,2,1,0,0,0,0,0,0,0,0,0,0
2003,371395,0,1,0,0,0,0,0,0,0,0,0,0
2003,371395,0,2,0,0,0,0,0,0,0,0,0,0
2003,371395,1,1,0,0,0,0,0,0,0,0,0,0
2003,371395,2,1,0,0,0,0,0,0,0,0,0,0
2003,371395,3,1,0,0,0,0,0,0,0,0,0,0
2003,371395,4,1,0,0,0,0,0,0,0,0,0,0
2003,371395,5,1,0,0,0,0,0,0,0,0,0,0
2003,371395,6,1,0,0,0,0,0,0,0,0,0,0
2003,371396,1,1,0,0,0,0,0,0,0,0,0,0
2003,371396,2,1,17,17,17,17,17,17,17,17,17,17
2003,371397,1,1,0,0,0,0,0,0,0,0,0,0
2003,371397,2,1,0,0,0,0,0,0,0,0,0,0
2003,371398,1,1,0,0,0,0,0,0,0,0,0,0
2003,371398,2,1,0,0,0,0,0,0,0,0,0,0
2003,371399,1,1,0,0,0,0,0,0,0,0,0,0
2003,371399,2,1,0,0,0,0,0,0,0,0,0,0
2003,371400,1,1,0,0,0,0,0,0,0,0,0,0
2003,371400,2,1,0,0,0,0,0,0,0,0,0,0
2003,371401,1,1,0,0,0,0,0,0,0,0,0,0
2003,371401,2,1,0,0,0,0,0,0,0,0,0,0
2003,371402,0,1,0,0,0,0,0,0,0,0,0,0
2003,371402,1,1,0,0,0,0,0,0,0,0,0,0
2003,371403,0,1,0,0,0,0,0,0,0,0,0,0
2003,371403,1,1,0,0,0,0,0,0,0,0,0,0
2003,371404,1,1,0,0,0,12,0,0,10,0,0,0
2003,371404,2,1,0,0,0,0,0,0,0,0,0,0
2003,371405,1,1,0,16,9,12,0,20,0,0,8,27
2003,371406,1,1,0,0,0,0,0,0,0,0,0,0
2003,371406,2,1,0,0,0,0,0,0,0,0,0,0
2003,371407,0,1,21,13,21,40,18,52,15,24,0,5
2003,371407,1,1,0,0,0,9,0,0,0,0,0,0
2003,371408,1,1,33,0,7,16,8,0,0,15,0,0
2003,371408,2,1,0,22,0,0,0,9,0,0,0,0
2003,371408,3,1,0,0,0,0,0,0,0,0,0,0
2003,371409,1,1,10,0,0,7,10,0,14,0,0,9
2003,371410,1,1,8,16,16,25,7,11,19,16,35,26
2003,371411,1,1,0,0,0,12,0,0,0,0,0,0
2003,371412,1,1,0,0,0,0,0,0,0,0,0,0
2003,371412,2,1,0,0,0,0,0,0,0,0,0,0
2003,371413,1,1,0,0,0,0,11,0,0,0,0,0
2003,371413,2,1,0,0,0,20,0,0,0,0,0,0
2003,380001,1,1,0,0,0,0,0,0,0,0,0,0
2003,380001,2,1,0,0,0,0,0,0,0,0,0,0
2003,380002,1,1,20,20,20,20,20,20,20,20,20,20
2003,380002,2,1,0,0,0,0,0,0,0,0,0,0
2003,380003,1,1,0,0,0,0,0,0,0,0,0,0
2003,380003,2,1,0,0,0,0,0,0,0,0,0,0
2003,380004,1,1,22,22,22,22,22,22,22,22,22,22
2003,380005,1,1,24,24,24,24,24,24,24,24,24,24
2003,380006,1,1,0,0,0,0,0,0,0,0,0,0
2003,380007,0,1,0,0,0,0,0,0,0,0,0,0
2003,380007,1,1,0,0,0,0,0,0,0,0,0,0
2003,380008,1,1,0,0,0,0,0,0,0,0,0,0
2003,380009,1,1,0,0,0,0,0,0,0,0,0,0
2003,380009,2,1,0,0,0,0,0,0,0,0,0,0
2003,380010,1,1,0,0,0,0,0,0,0,0,0,0
2003,380011,1,1,0,0,0,0,0,0,0,0,0,0
2003,380011,2,1,0,0,0,0,0,0,0,0,0,0
2003,380012,0,1,0,0,0,0,0,0,0,0,0,0
2003,380012,1,1,0,0,0,0,0,0,0,0,0,0
2003,380013,1,1,11,11,11,11,11,11,11,11,11,11
2003,380014,1,1,21,21,21,21,21,21,21,21,21,21
2003,380014,2,1,0,0,0,0,0,0,0,0,0,0
2003,380015,1,1,24,24,24,24,24,24,24,24,24,24
2003,380015,2,1,22,22,22,22,22,22,22,22,22,22
2003,380016,1,1,3,3,3,3,3,3,3,3,3,3
2003,380016,2,1,0,0,0,0,0,0,0,0,0,0
2003,380017,1,1,0,0,39,0,0,0,0,17,0,0
2003,380018,1,1,0,0,0,0,0,0,0,0,0,0
2003,380018,2,1,0,0,0,0,0,0,0,10,0,0
2003,380019,1,1,0,0,0,0,0,0,0,0,0,0
2003,380019,2,1,0,0,0,0,0,0,0,0,0,0
2003,380020,1,1,0,0,0,0,0,0,0,0,0,0
2003,380020,2,1,0,0,0,0,0,0,0,0,0,0
2003,380021,1,1,0,0,0,0,0,0,0,0,0,0
2003,380022,1,1,0,0,0,0,0,0,0,0,0,10
2003,380022,2,1,0,0,0,0,0,0,0,0,0,0
2003,380023,1,1,31,0,0,0,0,0,0,0,15,0
2003,380023,2,1,8,13,19,9,24,0,24,30,22,10
2003,380024,1,1,22,22,22,22,22,22,22,22,22,22
2003,380025,1,1,18,18,18,18,18,18,18,18,18,18
2003,380026,1,1,0,0,0,0,0,0,0,0,0,0
2003,380027,1,1,9,9,9,9,9,9,9,9,9,9
2003,380028,1,1,0,0,0,0,0,0,0,0,0,0
2003,380029,1,1,0,0,0,0,0,0,0,0,0,0
2003,380029,2,1,24,24,24,24,24,24,24,24,24,24
2003,380030,1,1,1,1,1,1,1,1,1,1,1,1
2003,380031,1,1,13,13,13,13,13,13,13,13,13,13
2003,380032,1,1,0,0,0,0,0,0,0,0,0,0
2003,380033,1,1,15,15,15,15,15,15,15,15,15,15
2003,380034,1,1,22,22,22,22,22,22,22,22,22,22
2003,380034,2,1,0,16,0,0,0,0,0,0,0,0
2003,380035,1,1,0,0,0,0,0,0,0,0,0,0
2003,380035,2,1,0,0,0,0,0,0,0,0,0,0
2003,380036,1,1,0,0,0,0,0,0,0,0,0,0
2003,380037,1,1,0,0,0,0,0,0,0,0,0,0
2003,380037,2,1,0,0,0,0,0,0,0,0,0,0
2003,380038,1,1,16,16,16,16,16,16,16,16,16,16
2003,380038,2,1,0,0,0,0,0,0,0,0,0,0
2003,380039,1,1,0,0,0,0,0,0,0,0,0,0
2003,380039,2,1,0,0,0,0,0,0,0,0,0,0
2003,380040,1,1,0,0,0,0,0,0,0,0,0,0
2003,380040,2,1,0,0,0,0,0,0,0,0,0,0
2003,380041,1,1,0,0,0,0,0,0,0,0,0,0
2003,380041,2,1,0,0,0,0,0,0,0,0,0,0
2003,380042,1,1,14,14,14,14,14,14,14,14,14,14
2003,380043,1,1,18,18,18,18,18,18,18,18,18,18
2003,380044,1,1,0,0,0,0,0,0,0,0,0,0
2003,380045,1,1,16,16,16,16,16,16,16,16,16,16
2003,380046,1,1,0,0,0,0,0,0,0,0,0,0
2003,380046,2,1,5,5,5,5,5,5,5,5,5,5
2003,380047,0,1,0,0,0,0,0,0,0,0,0,0
2003,380047,1,1,0,0,0,0,0,0,0,0,0,0
2003,380048,1,1,1,1,1,1,1,1,1,1,1,1
2003,380048,2,1,0,0,0,0,0,0,0,0,0,0
2003,380049,1,1,0,7,29,13,0,15,23,9,9,13
2003,380050,1,1,0,0,0,0,0,0,0,0,0,0
2003,380050,2,1,0,0,0,0,0,0,0,0,0,0
2003,380051,1,1,0,0,0,0,0,0,0,0,0,0
2003,380051,2,1,0,0,0,0,0,0,0,0,0,0
2003,380052,1,1,0,0,0,0,0,0,0,0,0,0
2003,380052,2,1,0,0,0,0,0,0,0,0,0,0
2003,380052,3,1,0,0,0,0,0,0,0,0,0,0
2003,380053,1,1,28,28,28,28,28,28,28,28,28,28
2003,380054,1,1,28,28,28,28,28,28,28,28,28,28
2003,380055,1,1,0,0,0,8,4,0,0,0,0,0
2003,380055,2,1,0,0,0,0,0,0,0,0,0,0
2003,380056,1,1,0,0,0,0,0,0,0,0,0,0
2003,380057,1,1,18,18,18,18,18,18,18,18,18,18
2003,380058,1,1,17,17,17,17,17,17,17,17,17,17
2003,380058,2,1,10,10,10,10,10,10,10,10,10,10
2003,380059,1,1,19,19,19,19,19,19,19,19,19,19
2003,380060,1,1,17,17,17,17,17,17,17,17,17,17
2003,380061,1,1,0,0,0,0,0,0,0,0,0,0
2003,380062,1,1,0,0,0,0,0,0,0,0,0,0
2003,380062,2,1,21,21,21,21,21,21,21,21,21,21
2003,380064,0,1,0,0,0,0,0,0,0,0,0,0
2003,380064,1,1,0,0,0,0,0,23,0,0,0,0
2003,380065,1,1,0,0,0,0,0,0,0,0,0,0
2003,380066,1,1,0,0,0,0,0,0,0,0,0,0
2003,380067,1,1,19,19,19,19,19,19,19,19,19,19
2003,380068,1,1,0,0,0,0,0,0,0,0,0,0
2003,380068,2,1,0,0,0,0,0,0,0,0,0,0
2003,380069,1,1,25,25,25,25,25,25,25,25,25,25
2003,380069,2,1,0,0,0,0,0,0,0,0,0,0
2003,380070,0,1,0,0,0,0,0,0,0,0,0,0
2003,380070,1,1,4,0,0,0,0,0,0,0,0,0
2003,380071,1,1,0,0,7,0,14,10,0,0,0,0
2003,380072,1,1,0,0,0,0,0,0,0,0,0,0
2003,380073,1,1,28,28,28,28,28,28,28,28,28,28
2003,380074,0,1,0,0,0,0,0,0,19,0,0,19
2003,380074,1,1,0,0,0,0,0,0,0,0,0,0
2003,380075,1,1,7,7,7,7,7,7,7,7,7,7
2003,380075,2,1,0,0,0,0,0,0,0,0,0,0
2003,380076,1,1,0,0,0,0,0,0,0,0,0,0
2003,380077,1,1,12,3,30,9,19,2,35,0,0,13
2003,380078,1,1,11,11,11,11,11,11,11,11,11,11
2003,380079,1,1,0,0,0,0,0,0,0,0,0,0
2003,380080,1,1,0,0,0,0,0,0,0,0,0,0
2003,380080,2,1,4,4,4,4,4,4,4,4,4,4
2003,380081,1,1,0,0,0,0,0,0,0,0,0,0
2003,380081,2,1,0,0,0,0,0,0,0,0,0,0
2003,380082,1,1,26,26,26,26,26,26,26,26,26,26
2003,380082,2,1,0,0,0,0,0,0,0,0,0,0
2003,380083,1,1,0,0,0,0,0,0,0,0,0,0
2003,380083,2,1,0,0,0,0,0,0,0,0,0,0
2003,380084,1,1,0,0,13,0,0,0,0,0,0,0
2003,380084,2,1,0,0,0,0,0,0,0,0,0,0
2003,380085,1,1,17,17,17,17,17,17,17,17,17,17
2003,380086,1,1,0,0,0,0,0,0,0,0,0,0
2003,380086,2,1,0,0,0,0,11,0,0,0,0,0
2003,380087,1,1,0,0,0,0,0,0,0,0,0,0
2003,380087,2,1,0,0,0,0,0,0,6,0,0,0
2003,380088,1,1,20,20,20,20,20,20,20,20,20,20
2003,380089,1,1,12,12,12,12,12,12,12,12,12,12
2003,380089,2,1,0,0,0,0,0,0,0,0,0,0
2003,380090,1,1,9,9,9,9,9,9,9,9,9,9
2003,380091,1,1,27,27,27,27,27,27,27,27,27,27
2003,380091,2,1,0,0,0,0,0,0,0,0,0,0
2003,380092,1,1,15,15,15,15,15,15,15,15,15,15
2003,380093,1,1,21,21,21,21,21,21,21,21,21,21
2003,380094,0,1,0,0,0,0,0,0,0,0,0,0
2003,380094,1,1,0,0,0,0,0,0,0,0,0,0
2003,380095,1,1,8,8,8,8,8,8,8,8,8,8
2003,380096,1,1,12,16,27,12,0,19,22,12,32,10
2003,390001,1,1,10,10,10,10,10,10,10,10,10,10
2003,390002,1,1,0,0,0,0,0,0,0,0,0,0
2003,390002,2,1,20,20,20,20,20,20,20,20,20,20
2003,390003,1,1,0,0,0,0,0,0,0,0,0,0
2003,390003,2,1,0,0,0,0,0,0,0,0,0,0
2003,390003,3,1,0,0,0,0,0,0,0,0,0,0
2003,390004,1,1,0,0,0,0,0,0,0,0,0,0
2003,390004,2,1,0,0,0,0,0,0,0,0,0,0
2003,390005,1,1,0,0,0,0,0,0,0,0,0,0
2003,390005,2,1,0,0,0,0,0,0,0,0,0,0
2003,390006,1,1,17,24,8,16,11,27,20,12,10,13
2003,390007,1,1,0,0,0,0,0,0,0,0,0,0
2003,390007,2,1,0,0,0,0,0,0,0,0,0,0
2003,390007,3,1,0,0,0,0,0,0,0,0,0,0
2003,390007,4,1,0,0,0,0,0,0,0,18,0,0
2003,390007,5,1,0,0,0,0,0,0,0,0,0,0
2003,390008,1,1,0,0,0,0,0,0,0,0,0,0
2003,390008,2,1,0,0,0,0,0,0,0,0,0,0
2003,390009,1,1,0,0,0,0,0,0,0,0,0,0
2003,390009,2,1,0,0,0,0,0,0,0,0,0,16
2003,390010,1,1,0,0,0,0,0,0,0,0,0,0
2003,390011,1,1,0,0,0,0,0,0,0,0,0,0
2003,390011,2,1,37,37,37,37,37,37,37,37,37,37
2003,390012,1,1,0,0,0,0,0,0,0,0,0,0
2003,390012,2,1,0,0,0,0,0,0,0,0,0,0
2003,390012,3,1,0,0,0,0,0,0,0,0,0,0
2003,390013,1,1,0,0,0,0,0,0,0,0,0,0
2003,390014,1,1,15,15,15,15,15,15,15,15,15,15
2003,390014,2,1,0,0,0,0,0,0,0,0,0,0
2003,390015,1,1,12,12,12,12,12,12,12,12,12,12
2003,390016,1,1,0,0,0,0,0,0,0,0,0,0
2003,390016,2,1,0,0,0,0,0,0,0,0,0,0
2003,390017,1,1,26,26,26,26,26,26,26,26,26,26
2003,390018,1,1,6,6,6,6,6,6,6,6,6,6
2003,390019,1,1,0,0,0,0,0,0,0,0,0,0
2003,390020,1,1,0,0,0,0,0,0,0,0,0,0
2003,390020,2,1,0,0,0,0,0,0,0,0,0,0
2003,390021,1,1,0,0,0,0,0,0,0,0,0,0
2003,390021,2,1,0,0,0,0,0,0,0,0,0,8
2003,390022,1,1,0,0,0,0,0,0,0,0,0,0
2003,390022,2,1,0,0,0,0,0,0,0,0,0,0
2003,390023,1,1,0,0,0,0,0,0,0,0,0,0
2003,390024,1,1,0,0,0,0,0,0,0,0,0,0
2003,390024,2,1,4,0,0,0,0,0,0,0,0,0
2003,390025,0,1,23,23,23,23,23,23,23,23,23,23
2003,390025,1,1,0,0,0,0,0,0,0,0,0,0
2003,390026,1,1,0,0,0,0,0,0,0,0,0,0
2003,390026,2,1,0,0,0,0,0,0,0,0,0,0
2003,390027,1,1,0,0,0,0,0,0,0,0,0,0
2003,390027,2,1,0,0,0,0,0,0,0,0,0,0
2003,390028,1,1,0,0,0,0,0,0,0,0,0,0
2003,390028,2,1,0,0,0,0,0,0,0,0,0,0
2003,390028,3,1,0,0,0,0,0,0,0,0,0,0
2003,390029,1,1,31,31,31,31,31,31,31,31,31,31
2003,390030,1,1,27,27,27,27,27,27,27,27,27,27
2003,390031,1,1,0,0,0,0,0,0,0,0,0,0
2003,390031,2,1,0,0,0,0,0,0,0,12,0,0
2003,390032,1,1,0,0,3,0,0,0,0,0,0,0
2003,390032,2,1,14,14,14,14,14,14,14,14,14,14
2003,390033,1,1,0,0,0,0,0,0,0,0,0,0
2003,390034,1,1,0,0,0,0,0,0,0,0,0,0
2003,390035,1,1,0,0,0,0,0,0,0,0,0,12
2003,390035,2,1,0,0,0,0,0,0,0,0,0,0
2003,390036,1,1,0,0,0,0,0,0,0,0,0,0
2003,390036,2,1,0,0,0,0,0,0,0,0,0,0
2003,390037,1,1,0,0,0,0,0,0,0,0,0,0
2003,390038,1,1,0,0,0,0,0,0,0,0,0,0
2003,390038,2,1,0,0,0,0,0,0,0,0,0,0
2003,390039,1,1,0,0,0,0,0,0,0,0,0,0
2003,390039,2,1,0,0,0,0,10,0,0,0,0,0
2003,390040,1,1,0,0,0,0,0,0,0,0,0,0