YEAR,ST_CASE,veh_no,per_no,P1,P2,P3,P4,P5,P6,P7,P8,P9,P10
2003,390330,2,1,0,0,0,0,0,0,0,0,0,0
2003,390330,3,1,0,0,0,0,0,0,0,0,0,0
2003,390331,1,1,0,0,0,0,0,0,0,0,0,0
2003,390331,2,1,0,0,0,0,0,0,0,0,0,0
2003,390332,1,1,0,0,0,0,0,0,0,0,0,0
2003,390333,0,1,0,0,0,0,0,0,0,0,0,0
2003,390333,1,1,0,0,0,0,0,0,0,0,0,0
2003,390334,1,1,16,16,16,16,16,16,16,16,16,16
2003,390335,1,1,28,28,28,28,28,28,28,28,28,28
2003,390336,1,1,0,0,0,0,0,0,0,0,0,0
2003,390337,1,1,20,20,20,20,20,20,20,20,20,20
2003,390338,1,1,0,0,0,0,0,0,0,0,0,0
2003,390338,2,1,0,0,0,0,0,0,0,0,0,0
2003,390338,3,1,0,0,0,0,0,0,0,0,0,0
2003,390339,1,1,0,0,0,0,0,0,0,0,0,0
2003,390340,1,1,0,0,0,0,0,21,0,0,0,0
2003,390341,1,1,0,0,0,0,0,0,0,0,0,0
2003,390341,2,1,0,0,0,0,0,0,0,0,0,0
2003,390342,1,1,0,0,0,0,0,0,0,0,0,0
2003,390342,2,1,0,0,0,0,0,0,0,0,0,0
2003,390343,1,1,0,0,0,0,0,0,0,0,0,0
2003,390343,2,1,0,0,0,0,0,0,0,0,0,0
2003,390344,1,1,4,4,4,4,4,4,4,4,4,4
2003,390344,2,1,0,0,0,9,0,0,0,0,0,0
2003,390345,1,1,0,0,0,0,0,0,0,0,0,0
2003,390346,1,1,20,20,20,20,20,20,20,20,20,20
2003,390347,1,1,0,0,0,0,0,11,0,0,0,0
2003,390347,2,1,0,8,0,0,0,0,0,14,0,21
2003,390348,1,1,0,0,0,0,0,0,0,0,0,0
2003,390348,2,1,0,0,0,0,0,0,0,0,0,0
2003,390349,1,1,0,0,0,0,0,0,0,0,0,0
2003,390349,2,1,0,0,0,0,0,0,0,0,0,0
2003,390350,1,1,0,0,0,0,0,0,0,0,0,0
2003,390350,2,1,0,0,0,0,0,0,0,0,0,0
2003,390351,1,1,0,0,0,0,0,0,0,0,0,0
2003,390351,2,1,0,0,0,0,0,0,0,0,0,0
2003,390352,1,1,14,14,14,14,14,14,14,14,14,14
2003,390353,1,1,0,0,0,0,0,0,0,0,0,0
2003,390354,1,1,7,7,7,7,7,7,7,7,7,7
2003,390355,1,1,31,31,31,31,31,31,31,31,31,31
2003,390355,2,1,0,0,0,0,0,0,0,0,0,0
2003,390356,1,1,14,14,14,14,14,14,14,14,14,14
2003,390356,2,1,19,19,19,19,19,19,19,19,19,19
2003,390357,0,1,16,16,16,16,16,16,16,16,16,16
2003,390357,1,1,0,0,0,0,0,0,0,0,0,0
2003,390358,1,1,25,25,25,25,25,25,25,25,25,25
2003,390359,1,1,0,0,0,0,0,0,0,0,0,0
2003,390360,1,1,0,0,0,0,0,0,0,0,0,0
2003,390361,1,1,22,22,22,22,22,22,22,22,22,22
2003,390362,1,1,0,0,0,0,0,0,0,0,0,0
2003,390362,2,1,0,0,0,0,0,0,0,0,0,0
2003,390363,1,1,0,0,0,0,0,0,0,0,0,0
2003,390364,1,1,13,13,13,13,13,13,13,13,13,13
2003,390365,1,1,0,0,0,0,0,0,0,0,0,0
2003,390365,2,1,0,0,0,0,0,0,0,0,0,0
2003,390366,1,1,0,0,0,0,0,0,0,0,0,0
2003,390367,1,1,0,0,0,0,0,0,0,0,0,0
2003,390367,2,1,0,0,0,0,0,0,0,0,0,0
2003,390367,3,1,0,0,0,0,0,0,0,4,0,0
2003,390368,1,1,0,0,0,0,0,0,0,0,0,0
2003,390369,1,1,7,7,7,7,7,7,7,7,7,7
2003,390369,2,1,0,0,0,0,0,0,0,0,0,0
2003,390370,1,1,23,23,23,23,23,23,23,23,23,23
2003,390371,1,1,0,0,0,0,0,0,0,0,0,4
2003,390371,2,1,9,9,9,9,9,9,9,9,9,9
2003,390372,1,1,7,12,16,8,16,17,2,29,0,16
2003,390373,1,1,0,0,0,0,0,0,0,0,0,0
2003,390373,2,1,0,0,0,0,0,0,0,0,0,0
2003,390374,1,1,16,16,16,16,16,16,16,16,16,16
2003,390375,1,1,0,0,0,0,0,0,0,0,0,0
2003,390376,1,1,24,24,24,24,24,24,24,24,24,24
2003,390377,1,1,29,29,29,29,29,29,29,29,29,29
2003,390378,1,1,0,0,0,0,0,0,0,0,0,0
2003,390378,2,1,0,0,0,0,0,0,0,0,0,0
2003,390379,1,1,0,0,0,0,0,0,0,0,0,0
2003,390379,2,1,0,0,0,0,0,0,0,0,0,0
2003,390380,1,1,13,13,13,13,13,13,13,13,13,13
2003,390380,2,1,0,0,8,0,0,0,0,0,0,0
2003,390381,1,1,0,0,0,0,0,16,0,0,0,0
2003,390381,2,1,14,14,14,14,14,14,14,14,14,14
2003,390382,1,1,0,0,0,0,0,0,0,0,0,0
2003,390382,2,1,4,4,4,4,4,4,4,4,4,4
2003,390383,1,1,0,0,0,0,0,0,0,0,0,0
2003,390384,1,1,1,1,1,1,1,1,1,1,1,1
2003,390385,1,1,0,0,0,0,0,0,0,0,0,0
2003,390385,2,1,0,0,0,0,0,0,0,0,0,0
2003,390386,0,1,0,0,0,0,0,0,0,0,0,0
2003,390386,1,1,0,0,0,0,0,0,0,0,0,0
2003,390387,1,1,0,0,0,0,0,0,0,0,6,0
2003,390387,2,1,0,0,0,0,0,0,0,0,0,0
2003,390388,1,1,0,0,0,0,0,0,0,0,0,0
2003,390388,2,1,0,0,0,0,0,0,0,0,0,0
2003,390389,1,1,0,0,0,0,0,0,0,0,0,0
2003,390389,2,1,0,0,0,0,0,0,0,0,0,0
2003,390390,0,1,0,0,0,0,0,0,0,0,0,0
2003,390390,1,1,0,0,0,0,0,0,0,0,0,0
2003,390391,1,1,13,13,13,13,13,13,13,13,13,13
2003,390392,1,1,21,21,21,21,21,21,21,21,21,21
2003,390392,2,1,7,7,7,7,7,7,7,7,7,7
2003,390392,3,1,0,0,0,0,0,0,0,0,0,0
2003,390393,1,1,28,28,28,28,28,28,28,28,28,28
2003,390393,2,1,0,0,0,0,0,0,0,0,0,0
2003,390394,1,1,0,0,0,0,0,0,0,0,0,0
2003,390395,1,1,22,22,22,22,22,22,22,22,22,22
2003,390396,1,1,20,20,20,20,20,20,20,20,20,20
2003,390397,1,1,0,0,0,0,0,0,0,0,0,0
2003,390398,1,1,0,0,0,0,0,0,0,0,0,0
2003,390398,2,1,22,22,22,22,22,22,22,22,22,22
2003,390399,1,1,15,15,15,15,15,15,15,15,15,15
2003,390399,2,1,31,0,0,0,0,0,0,0,0,13
2003,390399,3,1,0,0,0,19,0,0,0,0,0,0
2003,390400,1,1,0,0,0,0,0,0,0,0,0,0
2003,390400,2,1,4,4,4,4,4,4,4,4,4,4
2003,390401,1,1,0,0,0,0,0,0,0,0,0,0
2003,390401,2,1,0,0,0,0,0,0,0,0,0,0
2003,390402,1,1,0,0,0,0,0,0,0,0,0,0
2003,390402,2,1,0,0,0,0,0,0,0,0,0,0
2003,390403,1,1,0,0,0,0,0,0,0,0,0,0
2003,390404,1,1,0,0,0,0,0,0,0,0,0,0
2003,390404,2,1,24,24,24,24,24,24,24,24,24,24
2003,390404,3,1,0,0,0,0,0,0,0,0,0,0
2003,390404,4,1,0,0,0,0,0,0,0,0,0,0
2003,390405,1,1,24,24,24,24,24,24,24,24,24,24
2003,390406,1,1,20,20,20,20,20,20,20,20,20,20
2003,390408,1,1,0,0,0,0,0,0,0,0,0,0
2003,390408,2,1,0,0,0,0,0,0,0,0,0,0
2003,390409,1,1,0,0,0,0,0,0,0,0,0,0
2003,390409,2,1,0,0,0,0,0,0,0,0,0,0
2003,390410,1,1,0,0,0,0,0,0,0,0,0,0
2003,390410,2,1,0,0,0,0,0,0,0,0,0,0
2003,390411,0,1,0,0,0,0,0,0,0,0,0,0
2003,390411,1,1,0,0,0,0,0,0,0,0,0,0
2003,390412,1,1,0,0,0,0,0,0,0,0,0,0
2003,390412,2,1,0,0,0,0,0,0,0,0,0,0
2003,390413,0,1,0,0,0,0,0,0,0,0,0,0
2003,390413,0,2,0,0,0,0,0,0,0,0,0,0
2003,390413,0,3,0,0,0,0,0,0,0,0,0,0
2003,390413,0,4,0,6,0,0,0,0,0,0,0,0
2003,390413,0,5,0,16,0,0,0,0,0,0,18,0
2003,390413,1,1,0,0,0,0,0,0,0,0,0,0
2003,390414,1,1,0,0,0,10,0,0,0,0,0,0
2003,390414,2,1,0,0,0,19,0,0,0,0,0,0
2003,390415,1,1,17,17,17,17,17,17,17,17,17,17
2003,390416,1,1,18,18,18,18,18,18,18,18,18,18
2003,390416,2,1,0,0,0,0,0,0,0,0,0,0
2003,390417,1,1,0,0,0,0,0,0,0,0,0,0
2003,390420,1,1,21,21,21,21,21,21,21,21,21,21
2003,390421,1,1,0,0,0,0,0,0,0,0,0,0
2003,390421,2,1,0,0,0,0,0,0,0,0,0,0
2003,390422,1,1,0,0,0,0,0,0,0,0,0,0
2003,390422,2,1,0,0,0,0,0,0,0,0,0,0
2003,390423,1,1,0,0,0,0,0,0,0,0,0,0
2003,390423,2,1,0,0,0,0,0,0,0,0,0,0
2003,390424,0,1,0,0,0,0,0,0,0,0,0,0
2003,390424,1,1,0,0,0,0,15,0,0,0,0,0
2003,390425,1,1,0,0,0,0,0,0,0,0,0,0
2003,390425,2,1,0,0,0,0,0,0,0,0,0,0
2003,390426,1,1,0,0,0,0,0,0,0,0,0,0
2003,390426,2,1,24,24,24,24,24,24,24,24,24,24
2003,390427,1,1,17,6,0,13,0,0,9,8,25,21
2003,390428,1,1,0,0,0,0,0,0,0,0,0,0
2003,390429,1,1,0,0,0,0,0,0,0,0,0,0
2003,390430,1,1,27,27,27,27,27,27,27,27,27,27
2003,390431,1,1,0,0,0,0,0,0,0,0,0,0
2003,390432,1,1,0,0,0,0,0,0,0,0,0,0
2003,390432,2,1,0,0,0,0,0,0,0,0,0,0
2003,390433,1,1,0,0,0,0,0,0,0,0,0,0
2003,390433,2,1,21,21,21,21,21,21,21,21,21,21
2003,390434,1,1,0,0,0,0,0,0,0,0,0,0
2003,390434,2,1,0,0,0,0,0,0,0,0,0,0
2003,390434,3,1,0,0,0,0,0,0,0,0,0,0
2003,390434,4,1,0,0,0,0,0,0,0,0,0,0
2003,390434,5,1,0,0,0,0,0,0,0,0,0,0
2003,390434,6,1,0,0,0,0,0,0,0,0,0,0
2003,390434,7,1,0,0,0,0,0,0,0,0,0,0
2003,390435,1,1,0,0,0,0,0,0,0,0,0,0
2003,390435,2,1,0,0,0,0,0,0,0,0,0,0
2003,390435,3,1,0,0,0,0,0,0,15,0,0,0
2003,390436,1,1,0,0,0,0,0,0,0,0,0,0
2003,390436,2,1,0,0,0,0,25,0,0,0,0,0
2003,390437,1,1,1,1,1,1,1,1,1,1,1,1
2003,390438,1,1,0,0,0,0,0,0,0,0,0,0
2003,390438,2,1,0,0,0,0,0,0,0,0,0,0
2003,390439,1,1,0,0,0,0,11,0,0,0,0,0
2003,390439,2,1,13,13,13,13,13,13,13,13,13,13
2003,390440,1,1,0,0,0,0,0,0,0,0,0,0
2003,390440,2,1,0,10,0,0,0,0,0,0,0,0
2003,390441,1,1,0,0,0,0,0,0,0,0,0,0
2003,390441,2,1,15,0,0,0,0,0,0,0,0,0
2003,390442,0,1,0,0,0,0,0,0,0,0,0,0
2003,390442,1,1,0,0,0,0,0,0,0,0,0,14
2003,390443,1,1,13,13,13,13,13,13,13,13,13,13
2003,390444,1,1,0,6,0,0,0,0,0,0,0,0
2003,390445,1,1,0,0,0,0,0,0,0,0,0,0
2003,390445,2,1,7,0,0,0,0,0,0,7,10,0
2003,390446,0,1,0,0,0,0,0,0,0,0,0,0
2003,390446,0,2,23,0,0,0,0,0,0,0,0,19
2003,390446,1,1,0,0,0,0,0,18,0,0,0,0
2003,390447,1,1,16,16,16,16,16,16,16,16,16,16
2003,390447,2,1,14,14,14,14,14,14,14,14,14,14
2003,390448,1,1,3,3,3,3,3,3,3,3,3,3
2003,390448,2,1,0,0,0,0,0,0,0,0,0,0
2003,390449,1,1,16,16,16,16,16,16,16,16,16,16
2003,390450,1,1,0,0,0,0,0,0,0,0,0,12
2003,390450,2,1,17,11,23,28,15,20,20,18,12,15
2003,390451,1,1,0,0,0,0,0,0,0,0,0,0
2003,390451,2,1,21,21,21,21,21,21,21,21,21,21
2003,390452,1,1,28,28,28,28,28,28,28,28,28,28
2003,390453,1,1,3,3,3,3,3,3,3,3,3,3
2003,390454,1,1,13,13,13,13,13,13,13,13,13,13
2003,390455,1,1,0,0,0,0,0,0,0,0,0,0
2003,390455,2,1,0,0,0,0,0,0,0,0,0,0
2003,390456,0,1,0,0,0,0,0,0,0,0,0,0
2003,390456,1,1,0,0,0,0,0,0,0,0,0,0
2003,390457,1,1,0,0,0,0,0,0,0,0,0,0
2003,390457,2,1,0,0,0,0,0,0,0,0,0,0
2003,390458,1,1,24,24,24,24,24,24,24,24,24,24
2003,390459,1,1,0,0,0,0,0,0,0,0,0,0
2003,390459,2,1,12,0,0,0,0,0,0,0,0,0
2003,390459,3,1,0,0,0,0,0,0,0,0,0,0
2003,390459,4,1,8,0,0,0,0,0,0,0,16,0
2003,390459,5,1,0,0,0,0,0,0,0,0,0,0
2003,390460,1,1,0,0,0,0,0,0,0,0,0,0
2003,390460,2,1,0,0,0,0,0,0,0,0,0,0
2003,390461,1,1,0,0,0,0,0,0,0,0,0,0
2003,390461,2,1,0,0,0,0,0,0,0,0,0,0
2003,390462,1,1,0,0,0,0,0,0,0,0,0,0
2003,390462,2,1,0,0,0,0,0,0,0,0,0,0
2003,390463,1,1,0,0,0,0,0,0,0,0,0,0
2003,390463,2,1,0,0,0,0,0,0,0,0,0,0
2003,390464,1,1,0,0,0,0,0,0,0,0,0,0
2003,390465,1,1,0,0,0,0,0,0,0,0,0,0
2003,390465,2,1,0,0,0,5,0,0,0,0,0,0
2003,390465,3,1,0,0,0,0,0,0,0,0,0,0
2003,390465,4,1,0,0,0,0,0,0,0,0,0,0
2003,390466,1,1,0,0,0,0,0,0,0,0,0,0
2003,390467,1,1,0,0,0,0,0,16,0,0,0,0
2003,390467,2,1,1,1,1,1,1,1,1,1,1,1
2003,390468,1,1,17,17,17,17,17,17,17,17,17,17
2003,390469,1,1,0,0,0,0,0,0,0,0,18,0
2003,390469,2,1,0,0,0,0,0,0,0,0,0,0
2003,390469,3,1,15,0,0,0,0,0,0,0,0,0
2003,390470,1,1,0,0,0,0,0,0,0,0,0,0
2003,390471,1,1,0,0,0,0,0,0,0,0,0,0
2003,390471,2,1,35,35,35,35,35,35,35,35,35,35
2003,390472,1,1,5,5,5,5,5,5,5,5,5,5
2003,390473,1,1,0,0,0,0,0,0,0,0,0,0
2003,390473,2,1,0,0,0,0,0,0,0,0,0,0
2003,390473,3,1,0,0,0,0,0,0,0,0,0,0
2003,390474,1,1,0,0,0,0,0,0,0,0,0,0
2003,390474,2,1,0,0,0,0,0,0,0,0,0,0
2003,390475,1,1,12,12,12,12,12,12,12,12,12,12
2003,390476,1,1,0,0,0,0,0,0,0,0,0,0
2003,390476,2,1,0,0,0,0,0,0,0,0,0,0
2003,390477,1,1,0,0,20,0,0,0,42,0,0,0
2003,390477,2,1,3,3,3,3,3,3,3,3,3,3
2003,390477,3,1,0,0,0,0,0,0,0,0,17,0
2003,390478,1,1,11,11,11,11,11,11,11,11,11,11
2003,390478,2,1,0,0,0,0,0,0,0,0,0,0
2003,390479,1,1,15,15,15,15,15,15,15,15,15,15
2003,390480,1,1,19,19,19,19,19,19,19,19,19,19
2003,390481,1,1,0,0,0,0,0,0,0,0,0,0
2003,390481,2,1,0,0,0,0,0,0,0,0,0,0
2003,390482,1,1,0,0,0,0,0,0,0,0,0,0
2003,390482,2,1,0,0,0,0,0,0,0,0,0,0
2003,390483,1,1,0,0,0,0,0,0,0,0,0,0
2003,390484,1,1,0,0,0,0,0,0,0,0,0,0
2003,390484,2,1,0,0,0,0,0,0,0,0,0,0
2003,390484,3,1,0,0,0,0,0,0,0,0,0,0
2003,390485,1,1,0,0,0,0,0,0,0,0,0,0
2003,390485,2,1,0,0,0,0,0,0,0,0,0,0
2003,390486,1,1,0,0,0,0,0,0,0,0,0,0
2003,390487,1,1,2,2,2,2,2,2,2,2,2,2
2003,390487,2,1,0,10,0,0,0,0,0,0,0,0
2003,390488,0,1,27,27,27,27,27,27,27,27,27,27
2003,390488,1,1,0,0,9,0,0,0,0,0,0,0
2003,390489,1,1,0,0,0,0,0,0,0,0,0,0
2003,390489,2,1,0,0,0,0,0,0,0,0,0,0
2003,390490,1,1,0,0,0,0,0,0,0,0,0,0
2003,390490,2,1,0,0,0,0,0,0,0,0,0,0
2003,390491,1,1,0,0,0,0,0,0,0,0,0,0
2003,390491,2,1,0,0,0,0,0,0,0,0,0,0
2003,390492,1,1,21,21,21,21,21,21,21,21,21,21
2003,390493,0,1,0,0,0,0,0,0,0,0,0,0
2003,390493,1,1,0,0,0,0,0,0,0,0,0,0
2003,390494,1,1,14,14,14,14,14,14,14,14,14,14
2003,390495,1,1,12,12,12,12,12,12,12,12,12,12
2003,390496,1,1,0,0,0,0,0,0,0,0,0,0
2003,390497,1,1,11,11,11,11,11,11,11,11,11,11
2003,390498,1,1,18,18,18,18,18,18,18,18,18,18
2003,390498,2,1,0,0,0,0,0,0,0,0,0,0
2003,390499,1,1,26,26,26,26,26,26,26,26,26,26
2003,390499,2,1,10,10,10,10,10,10,10,10,10,10
2003,390499,3,1,17,17,17,17,17,17,17,17,17,17
2003,390500,1,1,0,0,0,0,0,0,0,0,0,0
2003,390501,1,1,0,0,0,0,0,0,0,0,0,0
2003,390502,1,1,0,0,0,0,0,0,0,0,0,0
2003,390502,2,1,0,0,0,0,0,0,0,0,0,0
2003,390503,1,1,23,23,23,23,23,23,23,23,23,23
2003,390503,2,1,0,0,0,0,0,0,0,0,0,0
2003,390504,1,1,0,0,0,0,0,0,0,0,0,0
2003,390504,2,1,0,0,0,0,0,0,0,0,17,0
2003,390505,1,1,0,0,0,0,0,0,0,0,0,0
2003,390506,1,1,18,18,18,18,18,18,18,18,18,18
2003,390507,1,1,0,0,0,17,0,0,12,0,0,0
2003,390508,1,1,0,0,0,0,0,0,0,0,0,0
2003,390508,2,1,0,0,0,0,0,0,0,0,0,0
2003,390508,3,1,0,0,0,0,0,0,0,0,0,0
2003,390509,1,1,0,0,0,0,0,0,0,0,0,0
2003,390509,2,1,0,0,0,0,0,13,0,0,0,0
2003,390510,1,1,0,0,0,0,0,0,0,0,0,0
2003,390511,1,1,0,0,0,0,0,0,0,0,0,0
2003,390511,2,1,0,0,0,0,0,0,0,0,0,0
2003,390512,1,1,19,19,19,19,19,19,19,19,19,19
2003,390513,1,1,0,0,0,0,0,0,0,0,0,0
2003,390513,2,1,0,0,0,0,0,0,0,0,0,0
2003,390514,1,1,23,23,23,23,23,23,23,23,23,23
2003,390515,1,1,0,0,0,0,0,0,0,0,0,0
2003,390516,1,1,0,0,0,0,0,0,0,0,0,0
2003,390517,1,1,0,0,0,0,0,0,0,0,0,0
2003,390517,2,1,0,0,0,0,0,0,0,0,0,0
2003,390518,1,1,0,0,0,0,0,0,0,0,0,0
2003,390518,2,1,0,0,0,0,0,0,0,0,0,0
2003,390519,1,1,9,9,9,9,9,9,9,9,9,9
2003,390520,1,1,0,0,5,0,0,0,0,15,0,0
2003,390520,2,1,18,18,18,18,18,18,18,18,18,18
2003,390521,1,1,23,23,23,23,23,23,23,23,23,23
2003,390522,1,1,0,0,0,0,0,0,0,0,0,0
2003,390522,2,1,0,0,0,0,0,0,0,0,0,0
2003,390522,3,1,0,0,0,0,0,0,0,0,0,0
2003,390523,1,1,0,0,0,0,0,0,0,0,0,0
2003,390523,2,1,0,0,0,0,0,0,0,0,0,0
2003,390523,3,1,0,0,4,0,0,0,0,0,0,0
2003,390524,1,1,17,17,17,17,17,17,17,17,17,17
2003,390524,2,1,0,0,0,0,0,0,0,0,0,0
2003,390525,1,1,9,9,9,9,9,9,9,9,9,9
2003,390526,1,1,0,0,0,0,0,0,0,0,0,0
2003,390527,1,1,28,28,28,28,28,28,28,28,28,28
2003,390528,1,1,0,0,0,0,0,0,0,5,10,0
2003,390528,2,1,5,5,5,5,5,5,5,5,5,5
2003,390529,1,1,0,0,0,0,0,0,0,0,0,0
2003,390529,2,1,0,0,0,0,0,0,0,0,0,0
2003,390530,1,1,18,18,18,18,18,18,18,18,18,18
2003,390532,0,1,0,0,0,0,0,0,0,0,0,0
2003,390532,1,1,0,0,0,0,0,0,0,0,0,0
2003,390533,1,1,0,0,0,0,0,0,0,0,0,0
2003,390534,1,1,8,8,8,8,8,8,8,8,8,8
2003,390535,1,1,0,0,0,0,0,0,0,0,0,0
2003,390536,1,1,0,0,0,0,0,0,0,0,0,0
2003,390537,1,1,20,20,20,20,20,20,20,20,20,20
2003,390538,1,1,22,22,22,22,22,22,22,22,22,22
2003,390539,0,1,25,25,25,25,25,25,25,25,25,25
2003,390539,1,1,0,0,0,0,0,0,0,0,0,0
2003,390540,1,1,3,3,3,3,3,3,3,3,3,3
2003,390540,2,1,0,0,0,0,0,0,0,0,0,0
2003,390541,1,1,0,0,0,0,0,0,0,0,0,0
2003,390541,2,1,0,0,0,0,0,0,0,0,0,0
2003,390542,1,1,0,0,0,0,0,0,0,0,0,0
2003,390543,1,1,0,0,0,0,0,0,0,0,0,0
2003,390543,2,1,0,0,0,0,0,0,0,0,0,0
2003,390543,3,1,0,0,0,0,0,0,0,0,0,0
2003,390544,1,1,0,0,0,0,0,0,0,0,0,0
2003,390544,2,1,0,0,0,0,0,0,0,0,0,0
2003,390544,3,1,0,0,0,0,0,0,0,0,0,0
2003,390545,1,1,0,13,28,15,21,19,14,0,0,0
2003,390545,2,1,0,0,0,0,0,0,0,0,0,0
2003,390546,1,1,0,0,0,0,0,0,0,0,0,0
2003,390546,2,1,0,0,0,0,0,0,0,0,0,0
2003,390547,0,1,0,0,0,0,0,0,0,0,0,0
2003,390547,1,1,0,0,0,0,0,0,0,0,0,0
2003,390548,1,1,0,0,0,0,0,0,0,0,0,0
2003,390548,2,1,0,0,0,0,0,0,0,0,0,0
2003,390549,1,1,0,0,0,0,0,0,0,0,0,0
2003,390549,2,1,0,0,0,0,0,0,0,0,0,0
2003,390550,1,1,11,11,11,11,11,11,11,11,11,11
2003,390550,2,1,0,0,0,0,0,0,0,0,0,0
2003,390551,1,1,11,11,11,11,11,11,11,11,11,11
2003,390552,1,1,0,16,37,30,19,22,17,13,4,10
2003,390553,1,1,10,10,10,10,10,10,10,10,10,10
2003,390554,1,1,0,0,0,0,0,0,0,0,0,0
2003,390555,1,1,2,0,6,0,0,0,19,7,11,11
2003,390556,1,1,28,28,28,28,28,28,28,28,28,28
2003,390557,1,1,0,0,0,0,0,0,0,0,0,0
2003,390558,1,1,0,0,0,0,0,0,0,0,0,0
2003,390558,2,1,0,0,0,0,0,0,0,0,0,0
2003,390559,1,1,0,0,0,0,0,0,0,0,0,0
2003,390560,1,1,17,17,17,17,17,17,17,17,17,17
2003,390560,2,1,0,0,0,0,0,0,0,0,0,0
2003,390560,3,1,0,0,0,0,0,0,0,0,0,0
2003,390561,1,1,0,0,0,0,0,0,0,0,0,0
2003,390561,2,1,0,0,0,0,0,0,0,0,0,0
2003,390562,1,1,0,0,0,0,0,0,0,0,0,0
2003,390562,2,1,0,0,0,0,0,0,0,0,0,0
2003,390563,1,1,0,0,0,0,0,0,0,0,0,0
2003,390563,2,1,0,0,0,0,0,0,0,0,0,0
2003,390564,1,1,0,0,0,0,0,0,0,0,0,0
2003,390565,1,1,0,0,0,0,0,0,0,0,0,0
2003,390566,1,1,24,24,24,24,24,24,24,24,24,24
2003,390567,1,1,7,7,7,7,7,7,7,7,7,7
2003,390568,1,1,0,0,0,0,0,0,0,0,0,0
2003,390569,1,1,0,0,0,0,0,0,0,0,0,0
2003,390569,2,1,0,0,0,0,0,0,0,0,0,0
2003,390570,1,1,0,0,0,0,0,0,0,0,0,0
2003,390570,2,1,0,0,0,0,0,0,0,0,0,0
2003,390570,3,1,0,0,0,0,0,0,0,0,0,0
2003,390570,4,1,0,0,0,9,0,0,0,0,0,0
2003,390570,5,1,0,0,0,0,0,11,0,0,0,0
2003,390570,6,1,0,0,0,0,0,0,0,0,0,0
2003,390570,7,1,0,0,0,0,0,0,0,0,0,0
2003,390570,8,1,0,0,0,0,0,0,0,0,0,0
2003,390570,9,1,0,0,0,0,0,0,0,0,0,0
2003,390570,10,1,0,0,0,0,0,0,0,0,0,0
2003,390570,11,1,0,0,0,0,0,0,0,0,0,0
2003,390570,12,1,0,0,0,0,0,0,0,0,0,0
2003,390570,13,1,0,0,0,0,0,0,14,0,0,0
2003,390571,1,1,0,0,0,0,0,0,0,0,0,0
2003,390571,2,1,0,0,0,0,0,0,0,0,0,0
2003,390572,1,1,0,0,0,0,0,0,0,0,0,0
2003,390573,1,1,0,0,0,0,0,0,0,0,0,0
2003,390573,2,1,0,0,0,0,0,0,0,0,0,0
2003,390573,3,1,0,0,0,0,0,0,0,0,0,0
2003,390574,1,1,26,26,26,26,26,26,26,26,26,26
2003,390575,1,1,0,0,0,0,0,0,0,0,0,0
2003,390575,2,1,0,0,0,0,0,0,0,0,0,0
2003,390576,1,1,0,0,0,0,0,0,0,0,0,0
2003,390576,2,1,0,0,0,0,0,0,0,0,0,0
2003,390577,1,1,12,12,12,12,12,12,12,12,12,12
2003,390578,1,1,0,0,0,0,0,0,0,0,0,0
2003,390578,2,1,0,0,0,0,0,0,0,0,0,0
2003,390579,1,1,0,0,0,0,0,0,0,0,0,0
2003,390580,1,1,0,0,0,0,0,0,0,0,0,0
2003,390580,2,1,0,0,0,0,0,0,0,0,0,0
2003,390581,1,1,0,0,0,0,0,0,0,0,0,0
2003,390581,2,1,0,0,0,0,0,0,0,0,0,0
2003,390582,1,1,0,0,0,0,0,0,0,0,0,0
2003,390582,2,1,0,0,0,0,0,0,0,0,0,0
2003,390583,1,1,0,0,0,0,0,0,0,0,0,0
2003,390584,1,1,11,11,11,11,11,11,11,11,11,11
2003,390585,1,1,0,0,0,0,0,0,0,0,0,0
2003,390585,2,1,0,0,0,0,0,0,0,0,0,0
2003,390585,3,1,0,15,0,0,0,0,0,0,0,0
2003,390586,1,1,0,0,0,0,0,21,18,0,0,0
2003,390587,1,1,4,12,13,6,13,8,14,8,0,0
2003,390588,1,1,0,0,0,0,0,0,0,0,0,0
2003,390588,2,1,32,32,32,32,32,32,32,32,32,32
2003,390589,1,1,0,0,0,0,0,0,0,0,0,0
2003,390590,1,1,13,13,13,13,13,13,13,13,13,13
2003,390591,1,1,0,0,0,0,0,0,0,0,0,0
2003,390592,1,1,0,0,0,0,0,0,0,0,0,0
2003,390593,1,1,0,0,0,0,0,0,0,0,0,0
2003,390593,2,1,0,0,0,0,0,0,0,0,0,0
2003,390594,1,1,30,30,30,30,30,30,30,30,30,30
2003,390595,1,1,0,0,0,0,0,0,0,0,0,0
2003,390595,2,1,0,0,0,0,0,0,0,0,0,0
2003,390596,1,1,21,21,21,21,21,21,21,21,21,21
2003,390597,1,1,0,0,0,0,0,0,0,0,0,0
2003,390598,1,1,0,0,0,0,0,0,0,0,0,0
2003,390599,1,1,17,17,17,17,17,17,17,17,17,17
2003,390600,1,1,9,9,9,9,9,9,9,9,9,9