YEAR,ST_CASE,veh_no,per_no,P1,P2,P3,P4,P5,P6,P7,P8,P9,P10
2003,390601,1,1,0,0,0,0,0,0,0,0,0,0
2003,390602,1,1,0,0,0,0,0,0,0,0,0,0
2003,390602,2,1,0,0,0,0,0,0,0,0,0,0
2003,390603,1,1,9,9,9,9,9,9,9,9,9,9
2003,390603,2,1,0,0,0,0,0,0,0,0,0,0
2003,390604,1,1,0,0,0,0,0,0,0,0,0,0
2003,390605,1,1,0,0,0,0,0,0,0,0,0,0
2003,390605,2,1,0,0,0,0,6,0,0,9,0,0
2003,390605,3,1,0,0,0,0,0,0,0,0,0,0
2003,390606,1,1,0,0,0,0,24,0,0,0,0,0
2003,390607,1,1,25,25,25,25,25,25,25,25,25,25
2003,390608,1,1,0,0,0,0,0,0,0,0,0,0
2003,390609,1,1,5,5,5,5,5,5,5,5,5,5
2003,390610,1,1,0,0,0,0,0,0,0,0,0,0
2003,390611,1,1,3,3,3,3,3,3,3,3,3,3
2003,390611,2,1,11,0,0,0,0,0,0,16,0,0
2003,390612,1,1,0,0,0,0,0,0,0,0,0,22
2003,390612,2,1,0,0,0,0,0,0,0,0,0,0
2003,390613,1,1,0,0,0,0,0,0,0,0,0,0
2003,390613,2,1,0,0,0,0,0,0,0,0,0,0
2003,390614,1,1,0,0,0,0,0,0,0,0,0,0
2003,390614,2,1,0,0,0,0,0,0,0,0,0,0
2003,390615,1,1,0,0,0,0,0,0,0,0,0,0
2003,390615,2,1,24,24,24,24,24,24,24,24,24,24
2003,390616,1,1,18,25,17,7,0,28,12,19,18,23
2003,390616,2,1,0,0,0,0,0,0,0,8,0,0
2003,390617,1,1,0,0,0,0,0,0,0,0,0,0
2003,390617,2,1,0,0,0,0,0,0,0,0,0,21
2003,390618,1,1,0,0,0,0,0,0,0,0,0,0
2003,390618,2,1,0,0,0,0,0,0,0,0,0,0
2003,390619,1,1,0,0,0,0,0,0,0,0,0,0
2003,390620,1,1,15,15,15,15,15,15,15,15,15,15
2003,390621,1,1,22,22,22,22,22,22,22,22,22,22
2003,390622,1,1,21,21,21,21,21,21,21,21,21,21
2003,390623,1,1,0,0,0,0,0,0,0,0,0,0
2003,390623,2,1,0,0,0,0,0,0,0,0,0,0
2003,390624,1,1,11,11,11,11,11,11,11,11,11,11
2003,390625,1,1,21,21,21,21,21,21,21,21,21,21
2003,390625,2,1,0,0,0,0,0,0,0,0,0,0
2003,390626,1,1,19,19,19,19,19,19,19,19,19,19
2003,390627,1,1,0,0,0,0,0,0,0,0,0,0
2003,390628,0,1,0,0,0,0,0,0,0,0,0,0
2003,390628,1,1,0,0,0,0,0,0,0,0,0,0
2003,390629,0,1,0,0,0,0,0,0,0,0,0,0
2003,390629,1,1,20,20,20,20,20,20,20,20,20,20
2003,390630,1,1,0,0,0,0,0,0,0,0,0,0
2003,390631,1,2,0,0,0,11,0,14,0,27,0,0
2003,390632,1,1,0,0,0,0,0,0,0,0,0,0
2003,390633,1,1,0,0,0,0,0,0,0,0,0,0
2003,390633,2,1,0,0,0,0,0,0,0,0,0,0
2003,390634,1,1,0,0,0,0,0,0,0,0,0,0
2003,390634,2,1,0,0,0,0,0,0,0,0,0,0
2003,390635,1,1,0,0,0,0,0,0,0,0,0,0
2003,390635,2,1,0,0,0,0,0,0,0,0,0,0
2003,390636,1,1,24,24,24,24,24,24,24,24,24,24
2003,390636,2,1,0,0,0,0,0,0,0,0,0,0
2003,390637,1,1,0,0,0,0,0,0,0,0,0,0
2003,390637,2,1,0,0,0,0,0,0,0,0,0,0
2003,390638,1,1,0,0,0,0,0,0,0,0,0,0
2003,390638,2,1,0,0,0,0,0,0,0,0,0,0
2003,390639,1,1,0,0,0,0,0,0,0,0,0,0
2003,390640,1,1,0,0,0,0,0,0,0,0,0,0
2003,390640,2,1,0,0,0,0,0,0,0,0,0,0
2003,390641,0,1,0,0,0,0,0,11,0,0,15,3
2003,390641,1,1,0,0,0,0,0,0,0,0,0,0
2003,390641,2,1,0,0,0,0,0,0,0,0,0,0
2003,390642,1,1,0,0,0,0,0,0,0,0,0,0
2003,390643,1,1,0,0,0,0,0,0,0,0,0,0
2003,390643,2,1,13,0,0,0,0,0,0,0,0,0
2003,390643,3,1,0,16,0,0,0,0,0,0,0,22
2003,390643,4,1,0,0,0,0,0,0,9,0,0,0
2003,390644,0,1,0,0,0,0,0,0,0,0,0,0
2003,390644,1,1,0,0,0,0,0,0,0,0,0,0
2003,390645,1,1,0,0,0,0,0,0,0,0,0,0
2003,390645,2,1,0,0,0,0,0,0,0,0,0,0
2003,390645,3,1,0,0,0,0,0,0,0,0,0,0
2003,390646,1,1,0,0,0,0,0,0,0,0,0,0
2003,390646,2,1,0,0,0,0,0,0,0,0,17,9
2003,390647,1,1,19,10,7,29,31,0,0,7,6,11
2003,390648,1,1,0,0,0,0,0,0,0,0,0,0
2003,390649,1,1,0,0,0,0,0,0,0,0,0,0
2003,390650,1,1,0,0,0,0,0,0,0,0,0,0
2003,390650,2,1,0,0,0,0,0,0,0,0,0,0
2003,390651,1,1,26,26,26,26,26,26,26,26,26,26
2003,390651,2,1,0,0,0,0,0,0,0,0,0,0
2003,390651,3,1,0,0,0,0,0,9,0,0,0,0
2003,390652,1,1,10,10,10,10,10,10,10,10,10,10
2003,390653,1,1,0,0,0,0,0,0,0,0,0,0
2003,390653,2,1,0,0,0,0,0,0,0,0,0,0
2003,390654,1,1,0,0,0,0,0,0,0,0,0,0
2003,390654,2,1,0,0,0,0,0,0,0,0,0,0
2003,390655,1,1,0,0,0,0,0,0,0,0,0,0
2003,390655,2,1,0,0,0,0,0,0,0,0,0,0
2003,390655,3,1,0,0,0,0,0,0,0,0,0,0
2003,390656,1,1,19,19,19,19,19,19,19,19,19,19
2003,390657,1,1,0,0,0,0,0,0,0,0,0,0
2003,390658,1,1,0,0,0,0,0,0,0,0,0,0
2003,390658,2,1,0,0,0,0,0,0,18,0,0,15
2003,390658,3,1,0,0,0,0,0,0,0,0,0,0
2003,390659,1,1,0,0,0,0,0,0,0,0,0,0
2003,390659,2,1,0,0,0,0,0,0,0,0,0,0
2003,390659,3,1,0,0,0,0,0,0,0,0,0,0
2003,390659,4,1,0,0,0,0,0,0,0,0,0,0
2003,390659,5,1,0,0,0,0,0,0,0,0,0,0
2003,390661,1,1,0,10,27,0,0,0,0,0,0,0
2003,390661,2,1,0,0,0,0,0,0,0,0,0,0
2003,390661,3,1,0,0,9,0,0,0,0,0,0,0
2003,390662,1,1,0,0,0,0,0,0,0,0,0,0
2003,390662,2,1,0,0,0,0,0,0,0,0,0,0
2003,390662,3,1,0,0,0,0,0,0,0,0,0,0
2003,390663,1,1,0,0,0,0,0,0,0,0,0,0
2003,390663,2,1,0,0,0,12,0,0,0,0,0,0
2003,390664,1,1,0,0,0,0,0,0,0,0,0,0
2003,390665,1,1,0,0,0,0,0,0,0,0,0,0
2003,390666,1,1,28,28,28,28,28,28,28,28,28,28
2003,390667,1,1,7,7,7,7,7,7,7,7,7,7
2003,390668,1,1,26,26,26,26,26,26,26,26,26,26
2003,390668,2,1,0,0,0,0,0,14,0,0,12,0
2003,390669,1,1,0,0,0,0,0,0,0,0,0,0
2003,390669,2,1,0,0,0,0,0,0,0,0,0,0
2003,390670,1,1,0,0,0,0,0,0,0,0,0,0
2003,390670,2,1,35,35,35,35,35,35,35,35,35,35
2003,390671,1,1,24,24,24,24,24,24,24,24,24,24
2003,390672,0,1,19,19,19,19,19,19,19,19,19,19
2003,390672,1,1,19,19,19,19,19,19,19,19,19,19
2003,390673,1,1,0,12,0,0,31,0,0,0,34,0
2003,390673,2,1,0,0,0,0,0,0,0,0,0,4
2003,390674,1,1,0,13,0,0,22,0,0,0,0,0
2003,390675,1,1,0,0,0,0,0,0,0,0,0,0
2003,390676,1,1,0,0,0,0,0,0,0,0,0,0
2003,390677,0,1,0,0,0,0,0,0,0,0,0,0
2003,390677,1,1,0,0,0,0,0,0,0,0,0,0
2003,390678,1,1,0,0,0,0,0,0,0,0,0,0
2003,390679,1,1,0,0,0,0,0,0,0,0,0,0
2003,390679,2,1,18,18,18,18,18,18,18,18,18,18
2003,390680,1,1,0,0,0,0,0,0,0,0,0,0
2003,390680,2,1,0,0,0,0,0,0,0,0,0,0
2003,390681,1,1,22,22,22,22,22,22,22,22,22,22
2003,390681,2,1,0,0,0,0,0,0,0,0,0,0
2003,390682,1,1,11,11,11,11,11,11,11,11,11,11
2003,390683,1,1,0,0,0,0,0,0,0,0,0,0
2003,390683,2,1,0,0,0,0,0,0,0,0,0,12
2003,390684,1,1,2,2,2,2,2,2,2,2,2,2
2003,390684,2,1,0,0,0,0,0,0,0,0,0,0
2003,390685,0,1,0,0,0,0,0,0,0,0,0,0
2003,390685,1,1,0,0,0,0,0,0,0,0,0,0
2003,390686,1,1,15,15,15,15,15,15,15,15,15,15
2003,390688,0,1,0,0,0,0,0,0,0,0,0,0
2003,390688,1,1,0,0,0,0,0,0,0,0,0,0
2003,390689,1,1,20,20,20,20,20,20,20,20,20,20
2003,390689,2,1,0,0,0,0,0,0,0,0,0,0
2003,390690,1,1,0,0,0,0,0,0,0,0,0,0
2003,390691,1,1,12,12,12,12,12,12,12,12,12,12
2003,390692,1,1,0,0,0,0,0,0,0,0,0,0
2003,390693,1,1,0,0,0,0,0,0,0,0,0,0
2003,390693,2,1,0,0,0,0,0,0,0,0,0,0
2003,390694,1,1,16,16,16,16,16,16,16,16,16,16
2003,390695,0,1,0,0,0,0,0,0,0,0,0,0
2003,390695,1,1,0,0,0,0,0,0,0,0,0,0
2003,390696,1,1,0,0,0,0,0,0,0,0,0,0
2003,390696,2,1,0,0,0,0,0,0,0,0,0,0
2003,390697,1,1,27,27,27,27,27,27,27,27,27,27
2003,390698,1,1,0,0,0,0,0,0,0,0,0,0
2003,390698,2,1,0,0,0,0,0,0,0,0,9,0
2003,390699,1,1,38,38,38,38,38,38,38,38,38,38
2003,390700,1,1,19,19,19,19,19,19,19,19,19,19
2003,390702,1,1,31,31,31,31,31,31,31,31,31,31
2003,390703,1,1,0,0,0,0,0,0,0,0,0,0
2003,390703,2,1,0,0,0,0,0,0,0,0,0,0
2003,390704,1,1,27,27,27,27,27,27,27,27,27,27
2003,390705,0,1,0,16,24,0,0,22,0,18,15,29
2003,390705,1,1,20,9,8,0,7,0,8,10,5,11
2003,390706,0,1,0,0,0,0,0,0,0,0,0,0
2003,390706,1,1,9,0,0,0,0,0,0,0,6,0
2003,390707,1,1,0,0,0,0,0,0,0,0,0,0
2003,390708,1,1,6,6,6,6,6,6,6,6,6,6
2003,390708,2,1,0,0,0,0,0,0,0,0,0,0
2003,390709,1,1,17,17,17,17,17,17,17,17,17,17
2003,390710,1,1,0,0,0,0,0,0,0,0,0,0
2003,390710,2,1,0,0,0,0,0,0,0,0,0,0
2003,390711,1,1,19,19,19,19,19,19,19,19,19,19
2003,390712,1,1,22,22,22,22,22,22,22,22,22,22
2003,390713,1,1,0,0,0,0,0,0,0,0,0,0
2003,390714,1,1,0,0,0,0,0,0,0,0,0,0
2003,390714,2,1,3,0,0,0,0,0,0,0,0,0
2003,390714,3,1,0,0,0,0,0,0,0,0,0,0
2003,390714,4,1,0,0,0,0,0,0,0,0,0,0
2003,390714,5,1,0,0,0,0,0,0,0,6,0,0
2003,390715,1,1,0,0,0,0,0,0,0,0,0,0
2003,390715,2,1,0,0,0,0,0,0,0,0,0,0
2003,390716,1,1,0,0,0,0,0,0,0,0,0,0
2003,390716,2,1,0,0,0,0,0,0,0,0,0,0
2003,390717,1,1,25,25,25,25,25,25,25,25,25,25
2003,390718,1,1,4,4,4,4,4,4,4,4,4,4
2003,390718,2,1,18,18,18,18,18,18,18,18,18,18
2003,390719,1,1,0,0,0,0,0,0,0,0,0,0
2003,390719,2,1,0,0,0,0,0,0,0,0,0,0
2003,390720,1,1,25,25,25,25,25,25,25,25,25,25
2003,390721,1,1,0,0,0,0,0,0,0,0,0,0
2003,390722,1,1,0,0,0,0,0,0,0,0,0,0
2003,390723,1,1,0,0,0,0,0,0,0,0,0,0
2003,390723,2,1,0,0,0,0,0,0,0,0,0,0
2003,390723,3,1,0,0,0,0,0,0,0,0,0,0
2003,390724,1,1,0,0,0,0,0,0,0,0,0,0
2003,390725,1,1,0,0,0,0,0,0,0,0,0,0
2003,390725,2,1,13,13,13,13,13,13,13,13,13,13
2003,390726,0,1,0,0,0,15,0,0,0,0,0,0
2003,390726,1,1,0,0,0,0,0,0,0,0,0,0
2003,390727,1,1,0,0,0,0,0,0,0,0,0,0
2003,390727,2,1,17,17,17,17,17,17,17,17,17,17
2003,390728,1,1,0,10,10,11,8,0,24,19,4,18
2003,390728,2,1,9,9,9,9,9,9,9,9,9,9
2003,390729,1,1,0,0,0,0,0,0,0,0,0,0
2003,390730,1,1,0,0,0,0,0,0,0,0,0,0
2003,390731,1,1,0,0,0,0,0,0,0,0,0,0
2003,390731,2,1,0,0,0,0,0,0,0,0,0,0
2003,390732,1,1,0,0,0,0,0,0,0,0,0,0
2003,390732,2,1,0,0,0,0,0,0,0,0,0,0
2003,390733,1,1,22,22,22,22,22,22,22,22,22,22
2003,390734,0,1,0,0,0,0,0,0,0,0,0,0
2003,390734,2,1,12,12,12,12,12,12,12,12,12,12
2003,390735,1,1,0,0,0,0,0,0,0,0,0,0
2003,390735,2,1,0,0,0,0,0,0,0,0,0,0
2003,390736,1,1,0,0,0,0,0,0,0,0,0,0
2003,390736,2,1,0,0,0,0,0,0,0,0,0,0
2003,390737,1,1,36,36,36,36,36,36,36,36,36,36
2003,390738,1,1,0,0,0,0,0,0,0,0,0,0
2003,390739,0,1,14,14,14,14,14,14,14,14,14,14
2003,390739,1,1,0,0,0,0,0,0,0,0,0,0
2003,390740,1,1,0,0,8,0,0,0,0,0,0,0
2003,390740,2,1,0,0,0,0,0,0,0,0,0,0
2003,390741,0,1,0,0,0,0,0,0,0,0,0,0
2003,390741,1,1,11,11,11,11,11,11,11,11,11,11
2003,390742,1,1,0,0,0,4,0,0,0,0,0,0
2003,390742,2,1,0,0,0,0,0,0,0,0,0,0
2003,390743,1,1,0,0,0,0,0,0,0,0,0,0
2003,390743,2,1,0,0,0,0,0,0,0,0,0,0
2003,390744,1,1,0,0,0,0,0,0,0,0,0,0
2003,390745,1,1,0,0,0,0,0,0,0,0,0,0
2003,390745,2,1,0,0,0,0,0,0,0,0,0,0
2003,390746,1,1,0,0,0,0,0,0,0,0,0,0
2003,390747,1,1,25,25,25,25,25,25,25,25,25,25
2003,390748,1,1,24,24,24,24,24,24,24,24,24,24
2003,390748,2,1,0,0,0,0,0,0,0,0,0,7
2003,390748,3,1,0,0,0,0,0,0,20,0,0,0
2003,390748,4,1,0,0,0,0,0,0,0,0,0,0
2003,390749,1,1,0,0,0,0,0,0,0,0,0,0
2003,390749,2,1,0,0,0,0,0,0,0,0,0,0
2003,390750,1,1,34,34,34,34,34,34,34,34,34,34
2003,390751,1,1,0,0,0,0,0,0,0,0,0,0
2003,390751,2,1,0,0,0,0,0,0,0,0,0,0
2003,390752,1,1,0,0,0,0,7,0,0,0,0,0
2003,390752,2,1,8,8,8,8,8,8,8,8,8,8
2003,390753,1,1,0,7,0,0,0,0,0,0,0,0
2003,390753,2,1,14,0,0,0,19,30,4,0,2,11
2003,390753,3,1,25,25,25,25,25,25,25,25,25,25
2003,390754,0,1,0,0,0,0,0,0,0,0,0,0
2003,390754,1,1,0,0,0,0,0,0,0,0,0,0
2003,390755,1,1,0,0,0,0,0,0,0,0,0,0
2003,390755,2,1,0,0,0,0,0,0,0,0,0,0
2003,390758,1,1,21,8,17,18,16,0,10,8,17,8
2003,390759,1,1,0,0,0,0,0,0,0,0,0,0
2003,390759,2,1,0,0,0,0,0,0,0,0,0,0
2003,390759,3,1,0,0,0,0,0,0,0,0,0,0
2003,390759,4,1,0,0,0,0,0,0,0,0,0,0
2003,390759,5,1,0,0,0,0,0,0,0,0,0,0
2003,390759,6,1,0,0,0,0,0,0,0,0,0,0
2003,390760,1,1,0,0,0,0,0,0,0,0,0,0
2003,390760,2,1,0,0,0,0,0,0,0,0,0,0
2003,390761,1,1,24,24,24,24,24,24,24,24,24,24
2003,390762,1,1,18,18,18,18,18,18,18,18,18,18
2003,390763,1,1,0,0,0,0,0,0,0,0,0,0
2003,390763,2,1,0,0,0,0,0,0,0,0,0,0
2003,390764,1,1,0,0,0,0,0,0,0,0,0,0
2003,390764,2,1,0,0,0,0,0,0,0,0,0,0
2003,390765,1,1,0,0,0,0,0,0,0,0,0,0
2003,390766,1,1,21,21,21,21,21,21,21,21,21,21
2003,390767,1,1,4,4,4,4,4,4,4,4,4,4
2003,390768,1,1,0,0,0,0,0,0,0,0,0,0
2003,390768,2,1,0,7,0,0,0,0,0,0,0,0
2003,390769,1,1,10,10,10,10,10,10,10,10,10,10
2003,390770,0,1,22,22,22,22,22,22,22,22,22,22
2003,390770,1,1,14,0,15,0,14,0,0,0,0,0
2003,390771,1,1,24,24,24,24,24,24,24,24,24,24
2003,390772,1,1,0,0,0,0,0,0,0,0,0,0
2003,390772,2,1,0,0,0,0,0,0,0,0,0,0
2003,390773,1,1,0,0,0,0,0,0,0,0,0,0
2003,390773,2,1,0,0,0,0,0,0,0,0,0,0
2003,390773,3,1,0,0,0,0,0,0,0,0,0,2
2003,390774,1,1,0,0,0,0,0,0,0,0,0,0
2003,390774,2,1,0,0,9,0,0,0,0,0,13,0
2003,390774,3,1,0,0,0,0,0,0,0,11,0,0
2003,390774,4,1,0,0,0,0,0,0,0,0,0,0
2003,390774,5,1,1,1,1,1,1,1,1,1,1,1
2003,390774,6,1,0,0,0,0,0,0,0,7,0,0
2003,390774,7,1,0,0,0,0,0,0,0,0,0,0
2003,390774,8,1,0,0,0,0,0,0,0,0,0,0
2003,390775,1,1,0,0,0,0,0,0,0,0,0,0
2003,390775,2,1,0,0,0,0,0,0,14,0,0,0
2003,390776,1,1,0,0,0,0,0,0,0,0,0,0
2003,390776,2,1,0,0,0,0,0,0,0,0,0,0
2003,390777,1,1,0,0,0,0,0,0,0,0,0,0
2003,390777,2,1,0,0,0,0,0,0,0,0,0,0
2003,390778,1,1,0,0,0,0,0,0,0,0,0,0
2003,390778,2,1,0,0,0,0,0,0,0,0,0,0
2003,390779,1,1,0,0,0,0,0,0,0,0,0,0
2003,390779,2,1,0,0,0,0,0,0,0,0,0,0
2003,390780,1,1,21,21,21,21,21,21,21,21,21,21
2003,390781,1,1,27,18,16,26,10,19,0,0,38,20
2003,390782,1,1,28,28,28,28,28,28,28,28,28,28
2003,390784,1,1,0,0,0,0,0,0,0,0,0,0
2003,390785,0,1,0,0,0,0,0,0,0,0,0,0
2003,390785,1,1,0,0,0,0,0,0,0,0,0,0
2003,390786,0,1,22,22,22,22,22,22,22,22,22,22
2003,390786,1,1,0,0,0,0,0,0,0,0,0,0
2003,390787,1,1,19,19,19,19,19,19,19,19,19,19
2003,390788,0,1,0,0,0,0,0,0,0,0,0,0
2003,390788,1,1,17,17,17,17,17,17,17,17,17,17
2003,390789,1,1,0,0,0,0,0,0,0,0,6,0
2003,390789,2,1,0,0,0,0,0,0,0,0,0,0
2003,390790,0,1,23,23,23,23,23,23,23,23,23,23
2003,390790,1,1,0,21,0,0,0,0,0,0,0,0
2003,390791,1,1,0,0,0,0,0,0,0,0,0,0
2003,390791,2,1,0,0,0,0,0,0,0,0,0,0
2003,390792,1,1,0,0,0,0,0,0,0,0,0,0
2003,390792,2,1,0,0,0,0,0,0,0,0,0,0
2003,390792,3,1,0,0,0,0,0,0,0,0,0,0
2003,390793,1,1,17,17,17,17,17,17,17,17,17,17
2003,390794,1,1,0,0,0,0,0,0,0,0,0,0
2003,390794,2,1,0,0,0,0,0,0,0,0,0,0
2003,390794,3,1,0,0,0,0,0,0,0,0,16,0
2003,390795,1,1,0,0,0,0,0,0,0,0,0,0
2003,390795,2,1,0,0,0,0,0,0,0,0,0,0
2003,390796,1,1,0,0,0,0,0,0,0,0,0,0
2003,390796,2,1,0,0,0,0,0,0,0,0,0,0
2003,390797,1,1,6,6,6,6,6,6,6,6,6,6
2003,390797,2,1,0,0,0,0,0,0,0,0,0,0
2003,390798,1,1,0,0,0,0,0,0,0,0,0,0
2003,390799,1,1,35,35,35,35,35,35,35,35,35,35
2003,390800,1,1,0,0,0,0,0,16,0,0,0,0
2003,390801,1,1,0,0,0,0,0,0,0,0,0,0
2003,390801,2,1,0,0,0,0,0,0,0,0,0,0
2003,390803,1,1,0,0,0,0,0,0,0,0,0,0
2003,390803,2,1,0,0,0,0,0,0,0,0,0,0
2003,390804,1,1,13,13,13,13,13,13,13,13,13,13
2003,390805,1,1,0,0,0,0,0,0,0,0,0,0
2003,390805,2,1,0,0,0,0,0,0,0,0,0,0
2003,390806,0,1,31,31,31,31,31,31,31,31,31,31
2003,390806,1,1,0,0,8,0,10,0,0,0,0,0
2003,390807,1,1,0,0,0,0,0,0,0,0,0,0
2003,390808,1,1,0,0,0,0,0,0,0,0,0,0
2003,390809,1,1,0,0,0,0,0,0,0,0,0,0
2003,390809,2,1,0,0,0,0,0,0,0,0,0,0
2003,390810,1,1,16,16,16,16,16,16,16,16,16,16
2003,390811,1,1,0,0,0,0,16,0,0,0,0,0
2003,390811,2,1,0,0,0,0,0,0,0,0,0,0
2003,390812,1,1,0,0,0,0,0,0,0,0,0,0
2003,390813,1,1,17,17,17,17,17,17,17,17,17,17
2003,390814,0,1,23,23,23,23,23,23,23,23,23,23
2003,390814,1,1,12,12,12,12,12,12,12,12,12,12
2003,390815,1,1,0,0,0,0,0,0,0,0,0,0
2003,390816,1,1,0,0,0,0,0,0,0,0,0,0
2003,390816,2,1,0,0,0,0,0,0,0,0,0,0
2003,390817,1,1,0,0,0,0,0,0,0,0,0,0
2003,390818,1,1,0,0,0,0,0,0,0,0,0,0
2003,390818,2,1,0,0,0,0,0,0,0,0,0,0
2003,390819,1,1,0,0,0,0,0,0,0,0,0,0
2003,390819,2,1,5,5,5,5,5,5,5,5,5,5
2003,390820,1,1,0,0,0,0,0,0,0,0,0,0
2003,390821,1,1,0,0,0,0,0,0,0,0,0,0
2003,390821,2,1,0,0,0,0,0,0,0,0,0,0
2003,390821,3,1,0,0,0,0,0,0,0,0,0,0
2003,390822,1,1,0,0,0,0,0,0,0,0,0,0
2003,390822,2,1,0,0,0,0,0,0,0,0,0,0
2003,390823,1,1,0,0,0,0,0,0,0,0,0,0
2003,390824,1,1,0,0,0,0,0,0,0,0,0,0
2003,390824,2,1,0,0,0,0,0,0,0,0,0,0
2003,390825,1,1,0,0,0,0,0,0,0,0,0,0
2003,390826,1,1,0,0,0,0,0,0,0,0,0,0
2003,390826,2,1,0,0,0,0,0,0,0,0,0,0
2003,390827,0,1,26,26,26,26,26,26,26,26,26,26
2003,390827,1,1,0,0,0,0,0,0,0,0,0,0
2003,390828,1,1,0,0,0,0,0,0,0,0,0,0
2003,390829,1,1,0,0,0,0,0,0,0,0,0,0
2003,390830,1,1,0,0,0,0,0,0,0,0,0,0
2003,390831,1,1,23,23,23,23,23,23,23,23,23,23
2003,390832,1,1,0,0,0,0,0,0,0,0,0,0
2003,390832,2,1,0,0,0,0,0,0,0,0,0,0
2003,390833,1,1,0,0,0,0,0,0,0,0,0,0
2003,390833,2,1,0,0,0,0,0,0,7,0,0,0
2003,390833,3,1,0,0,0,0,0,0,0,0,0,0
2003,390833,4,1,0,0,0,0,0,0,0,0,0,0
2003,390834,0,1,0,0,0,0,0,0,0,0,0,0
2003,390834,1,1,0,0,0,0,0,0,0,0,0,0
2003,390835,1,1,0,0,0,0,0,0,0,0,0,0
2003,390835,2,1,0,0,0,0,0,0,0,0,0,0
2003,390836,1,1,0,0,0,0,0,0,0,0,0,0
2003,390836,2,1,0,0,0,0,0,0,0,0,0,0
2003,390837,1,1,9,9,9,9,9,9,9,9,9,9
2003,390838,1,1,0,10,0,0,0,0,0,0,11,0
2003,390838,2,1,0,0,0,0,0,0,0,0,0,0
2003,390838,3,1,0,0,0,0,0,0,0,0,0,0
2003,390839,1,1,0,0,0,0,0,0,0,0,0,0
2003,390839,2,1,0,0,0,0,0,0,0,0,0,0
2003,390840,1,1,24,24,24,24,24,24,24,24,24,24
2003,390841,1,1,19,19,19,19,19,19,19,19,19,19
2003,390842,1,1,0,0,0,0,0,0,0,0,0,0
2003,390843,1,1,0,0,0,0,0,0,0,0,0,0
2003,390843,2,1,0,0,0,0,0,0,0,0,0,0
2003,390844,1,1,23,23,23,23,23,23,23,23,23,23
2003,390845,1,1,15,15,15,15,15,15,15,15,15,15
2003,390846,0,1,0,0,0,0,0,0,0,0,0,0
2003,390846,1,1,0,0,0,0,0,0,0,0,0,0
2003,390847,1,1,22,22,22,22,22,22,22,22,22,22
2003,390848,1,1,0,0,0,0,0,0,0,0,0,0
2003,390849,1,1,0,0,0,0,0,0,0,0,0,0
2003,390850,1,1,0,0,0,0,0,0,0,0,0,0
2003,390850,2,1,0,0,0,0,0,0,0,0,0,0
2003,390851,1,1,0,0,0,0,0,0,0,0,0,24
2003,390851,2,1,0,0,0,0,0,0,0,5,0,0
2003,390852,1,1,0,0,0,0,0,0,0,0,0,0
2003,390852,2,1,0,0,0,0,0,0,0,0,0,0
2003,390853,1,1,0,0,0,0,0,0,0,0,0,0
2003,390853,2,1,0,0,0,0,0,0,0,0,0,0
2003,390853,3,1,0,0,0,0,0,0,0,0,0,0
2003,390854,1,1,0,0,0,0,0,0,0,0,0,0
2003,390855,1,1,0,0,0,0,0,0,0,0,0,0
2003,390855,2,1,0,0,0,0,0,0,0,0,0,0
2003,390857,1,1,0,0,0,0,0,0,0,0,0,0
2003,390857,2,1,0,0,0,0,0,0,0,0,0,0
2003,390858,0,1,0,0,0,0,0,0,0,0,0,0
2003,390858,1,1,0,9,0,0,0,0,0,0,0,0
2003,390859,1,1,22,22,22,22,22,22,22,22,22,22
2003,390859,2,1,0,8,0,0,0,12,3,0,0,0
2003,390860,1,1,0,0,0,0,0,0,0,0,0,0
2003,390861,1,1,26,26,26,26,26,26,26,26,26,26
2003,390862,1,1,0,0,0,0,0,0,0,0,0,0
2003,390863,1,1,0,0,0,0,0,0,0,0,0,0
2003,390864,1,1,0,0,0,0,0,0,0,0,0,0
2003,390864,2,1,0,0,0,0,0,0,0,0,0,0
2003,390865,1,1,0,0,0,0,0,0,0,0,0,0
2003,390865,2,1,0,0,5,1,0,0,0,0,0,0
2003,390866,1,1,0,0,0,0,0,0,0,0,0,0
2003,390866,2,1,0,0,0,0,0,0,0,0,0,0
2003,390867,1,1,0,0,0,0,0,0,0,0,0,0
2003,390867,2,1,0,0,0,0,0,0,0,0,0,0
2003,390868,1,1,0,0,0,0,0,0,0,0,0,0
2003,390868,2,1,0,0,0,0,0,0,0,0,0,0
2003,390869,1,1,0,0,0,0,0,0,0,0,0,0
2003,390869,2,1,0,0,0,0,0,0,0,0,0,0
2003,390870,1,1,0,0,0,0,0,0,0,0,0,0
2003,390870,2,1,0,0,0,0,0,0,0,0,0,0
2003,390871,1,1,0,0,0,0,0,0,0,0,0,0
2003,390871,2,1,21,21,21,21,21,21,21,21,21,21
2003,390872,0,1,0,0,0,0,0,0,0,0,0,0
2003,390872,2,1,5,29,17,13,8,11,13,13,17,20
2003,390873,1,1,0,24,12,6,11,14,0,20,8,22
2003,390873,2,1,0,0,0,0,0,0,0,0,0,0
2003,390874,1,1,6,6,6,6,6,6,6,6,6,6
2003,390875,1,1,0,0,0,0,0,0,0,0,0,0