YEAR,ST_CASE,veh_no,per_no,P1,P2,P3,P4,P5,P6,P7,P8,P9,P10
2003,390875,2,1,0,0,0,0,0,0,0,0,0,0
2003,390876,1,1,0,0,0,0,0,0,0,0,0,0
2003,390877,0,1,0,0,0,0,0,0,0,0,0,0
2003,390877,1,1,0,0,0,0,0,0,0,0,0,0
2003,390878,1,1,0,11,17,9,12,10,0,0,11,21
2003,390879,1,1,14,14,14,14,14,14,14,14,14,14
2003,390879,2,1,24,24,24,24,24,24,24,24,24,24
2003,390880,1,1,0,0,0,0,0,0,0,0,0,0
2003,390880,2,1,0,0,0,0,0,0,0,0,0,0
2003,390881,1,1,0,0,0,0,0,0,0,0,0,0
2003,390882,1,1,0,0,0,0,0,0,0,0,0,0
2003,390882,2,1,0,0,0,0,0,0,0,0,0,0
2003,390883,0,1,0,0,0,0,0,0,0,0,0,0
2003,390883,1,1,0,0,0,0,0,0,0,0,0,0
2003,390884,1,1,28,28,28,28,28,28,28,28,28,28
2003,390884,2,1,28,28,28,28,28,28,28,28,28,28
2003,390885,1,1,0,0,0,0,0,0,0,0,0,0
2003,390886,1,1,0,0,0,0,0,0,0,0,0,4
2003,390886,2,1,0,0,0,0,0,0,0,0,0,0
2003,390886,3,1,0,0,0,0,0,0,0,0,0,0
2003,390887,1,1,0,0,0,0,0,0,0,0,0,0
2003,390887,2,1,0,0,0,0,0,0,0,0,0,0
2003,390888,1,1,19,19,19,19,19,19,19,19,19,19
2003,390889,1,2,23,16,0,0,34,10,18,20,0,9
2003,390890,1,1,20,20,20,20,20,20,20,20,20,20
2003,390891,1,1,16,16,16,16,16,16,16,16,16,16
2003,390892,1,1,0,0,0,0,0,0,0,0,0,0
2003,390892,2,1,0,0,0,0,0,0,0,0,0,0
2003,390894,1,1,0,0,0,0,0,0,0,0,0,0
2003,390894,2,1,0,0,0,0,0,0,0,0,0,0
2003,390895,1,1,0,0,0,0,0,0,0,0,0,0
2003,390897,1,1,14,14,14,14,14,14,14,14,14,14
2003,390898,1,1,0,0,0,0,0,0,0,0,0,0
2003,390898,2,1,0,0,0,0,0,0,0,0,0,0
2003,390899,1,1,0,0,0,0,0,0,0,0,0,0
2003,390899,2,1,0,0,0,0,0,0,0,0,0,0
2003,390900,1,1,12,12,12,12,12,12,12,12,12,12
2003,390901,1,1,0,0,0,0,0,0,0,0,0,0
2003,390902,1,1,0,0,0,0,0,0,0,0,0,0
2003,390902,2,1,0,0,0,0,0,0,0,0,0,0
2003,390903,1,1,18,18,18,18,18,18,18,18,18,18
2003,390904,1,1,0,0,0,0,0,0,0,0,0,0
2003,390904,2,1,0,0,0,0,0,0,0,0,0,0
2003,390905,2,1,0,0,0,0,0,0,0,0,0,0
2003,390906,1,1,0,0,0,0,0,0,0,0,0,0
2003,390907,1,1,19,19,19,19,19,19,19,19,19,19
2003,390907,2,1,0,0,0,0,0,0,0,0,0,0
2003,390908,1,1,0,0,0,0,0,0,0,0,0,0
2003,390908,2,1,1,1,1,1,1,1,1,1,1,1
2003,390909,1,1,0,0,0,0,0,0,0,0,0,0
2003,390909,2,1,19,19,19,19,19,19,19,19,19,19
2003,390910,0,1,10,10,10,10,10,10,10,10,10,10
2003,390910,1,1,16,16,16,16,16,16,16,16,16,16
2003,390911,1,1,4,4,4,4,4,4,4,4,4,4
2003,390911,2,1,0,0,0,0,0,0,0,0,0,0
2003,390912,1,1,0,0,0,0,0,0,0,0,0,0
2003,390913,1,1,0,0,0,0,0,0,0,0,0,0
2003,390914,0,1,0,0,0,0,0,0,0,0,0,0
2003,390914,1,1,0,0,0,0,0,0,0,0,0,0
2003,390915,1,1,7,7,7,7,7,7,7,7,7,7
2003,390916,0,1,0,0,0,0,0,0,0,0,0,0
2003,390916,1,1,16,16,16,16,16,16,16,16,16,16
2003,390917,1,1,0,0,0,12,0,0,0,0,0,0
2003,390917,2,1,0,0,0,0,0,0,0,0,0,0
2003,390918,1,1,8,8,8,8,8,8,8,8,8,8
2003,390919,1,1,0,0,0,0,0,0,0,0,0,0
2003,390920,1,1,23,23,23,23,23,23,23,23,23,23
2003,390921,1,1,30,30,30,30,30,30,30,30,30,30
2003,390921,2,1,0,23,25,15,16,3,4,19,13,6
2003,390922,1,1,0,0,0,0,0,0,0,0,0,0
2003,390922,2,1,0,0,0,0,14,0,0,0,0,0
2003,390923,1,1,17,17,17,17,17,17,17,17,17,17
2003,390924,1,1,14,14,14,14,14,14,14,14,14,14
2003,390925,1,1,0,0,0,0,0,0,0,0,0,0
2003,390926,1,1,0,0,0,0,0,0,22,0,0,0
2003,390926,2,1,0,0,0,0,0,0,0,0,0,0
2003,390927,1,1,0,0,0,0,0,0,0,0,0,0
2003,390927,2,1,0,0,0,0,0,0,0,0,0,0
2003,390928,1,1,0,0,0,0,0,0,0,0,0,0
2003,390928,2,1,0,0,0,0,0,0,0,0,0,0
2003,390929,1,1,0,0,0,0,0,0,0,0,0,0
2003,390929,2,1,0,0,0,0,0,0,0,0,0,0
2003,390930,0,1,0,0,0,0,0,0,0,0,13,0
2003,390930,0,2,0,0,0,0,0,0,0,0,0,0
2003,390930,1,1,0,0,0,0,0,0,0,0,0,0
2003,390931,1,1,19,19,19,19,19,19,19,19,19,19
2003,390931,2,1,0,0,0,0,0,0,0,0,0,0
2003,390932,1,1,0,0,0,0,0,0,0,0,0,0
2003,390932,2,1,0,0,0,0,0,0,0,0,0,0
2003,390933,1,1,23,23,23,23,23,23,23,23,23,23
2003,390934,1,1,0,0,0,0,0,0,0,0,0,0
2003,390935,1,1,0,0,0,0,0,0,0,0,0,0
2003,390935,2,1,0,0,0,0,0,0,0,0,0,0
2003,390936,1,1,0,0,0,0,0,0,0,0,0,0
2003,390936,2,1,14,14,14,14,14,14,14,14,14,14
2003,390937,1,1,0,0,0,0,0,0,0,0,0,0
2003,390938,1,1,0,0,0,0,0,0,0,0,0,0
2003,390938,2,1,0,0,0,0,0,0,0,0,0,0
2003,390939,1,1,29,29,29,29,29,29,29,29,29,29
2003,390940,1,1,0,0,0,0,0,0,0,0,0,0
2003,390940,2,1,0,0,0,0,0,0,0,0,0,0
2003,390940,3,1,0,0,0,0,0,0,0,0,0,0
2003,390941,0,1,0,0,0,0,0,0,0,0,0,0
2003,390941,1,1,0,0,0,0,0,0,0,0,0,0
2003,390942,1,1,0,0,0,0,0,0,0,0,0,0
2003,390943,0,1,0,0,0,0,0,0,0,0,0,0
2003,390943,1,1,0,0,0,0,0,0,0,0,0,0
2003,390944,1,1,13,13,13,13,13,13,13,13,13,13
2003,390945,1,1,0,0,0,0,0,0,0,0,0,0
2003,390945,2,1,0,0,0,0,0,0,0,0,0,0
2003,390945,3,1,0,0,0,0,0,0,0,0,0,0
2003,390946,1,1,0,0,0,0,0,0,0,0,0,0
2003,390946,2,1,0,0,0,0,0,0,0,0,0,0
2003,390947,1,1,0,18,0,0,0,0,0,22,0,0
2003,390947,2,1,0,0,0,0,0,0,0,0,0,0
2003,390948,1,1,0,0,0,0,0,0,0,0,0,0
2003,390949,0,1,0,0,0,0,0,0,0,0,0,0
2003,390949,1,1,0,0,0,0,0,0,0,0,0,0
2003,390950,1,1,0,0,0,0,0,0,0,0,0,0
2003,390950,2,1,0,0,0,0,0,0,0,0,0,0
2003,390951,1,1,0,0,0,0,0,0,0,0,0,0
2003,390951,2,1,0,0,0,0,0,0,0,0,0,0
2003,390952,1,1,0,0,0,0,0,0,0,0,0,0
2003,390952,2,1,41,41,41,41,41,41,41,41,41,41
2003,390953,1,1,38,38,38,38,38,38,38,38,38,38
2003,390954,0,1,0,0,0,0,0,0,0,0,0,0
2003,390954,1,1,0,0,0,0,0,0,0,0,0,0
2003,390954,2,1,0,0,0,0,0,0,23,0,0,0
2003,390955,0,1,0,0,0,0,0,0,0,0,0,0
2003,390955,1,1,0,0,0,0,0,0,0,0,0,0
2003,390956,1,1,0,0,0,0,0,0,0,0,0,0
2003,390957,1,1,0,0,0,0,0,0,0,0,0,0
2003,390957,2,1,0,0,0,0,0,0,0,0,0,0
2003,390958,1,1,0,0,0,0,0,0,0,0,0,0
2003,390958,2,1,0,0,0,0,0,0,0,0,0,0
2003,390959,1,1,0,0,0,0,0,0,0,0,0,0
2003,390959,2,1,0,0,0,0,0,0,0,0,0,0
2003,390960,1,1,0,0,0,0,0,0,0,0,0,0
2003,390960,2,1,0,0,0,0,0,0,0,0,0,0
2003,390961,1,1,21,21,21,21,21,21,21,21,21,21
2003,390961,2,1,0,0,0,0,0,0,0,0,0,0
2003,390962,0,1,0,0,0,0,0,0,0,0,0,0
2003,390962,1,1,0,0,0,0,0,0,0,0,0,0
2003,390963,1,1,0,0,0,0,0,0,0,0,0,0
2003,390963,2,1,0,0,0,0,0,0,0,0,0,0
2003,390963,3,1,0,0,0,0,0,0,0,0,0,0
2003,390964,0,1,0,0,0,0,0,0,0,0,0,0
2003,390964,1,1,0,0,0,0,0,0,0,0,0,0
2003,390965,1,1,0,0,0,0,0,0,0,0,0,0
2003,390966,1,1,0,0,0,0,0,0,0,0,0,0
2003,390966,2,1,0,0,0,0,0,0,0,0,0,0
2003,390967,1,1,0,0,0,0,0,0,0,0,0,0
2003,390967,2,1,0,0,0,0,0,0,0,0,0,0
2003,390968,1,1,0,0,0,0,0,0,0,0,0,0
2003,390968,2,1,0,0,0,0,0,0,0,0,0,0
2003,390969,1,1,0,0,0,0,0,0,0,0,0,0
2003,390969,2,1,0,0,0,0,0,0,0,0,0,0
2003,390970,1,1,0,0,0,0,0,0,0,0,0,0
2003,390970,2,1,0,0,0,0,0,0,0,0,0,0
2003,390971,1,1,0,0,0,0,0,0,0,0,0,0
2003,390971,2,1,0,0,0,0,0,0,0,0,0,0
2003,390972,1,1,0,0,0,0,0,0,0,0,0,0
2003,390973,1,1,21,21,21,21,21,21,21,21,21,21
2003,390974,1,1,0,0,0,0,0,0,0,0,0,0
2003,390975,1,1,19,19,19,19,19,19,19,19,19,19
2003,390975,2,1,0,0,0,0,0,0,0,0,0,0
2003,390976,0,1,23,23,23,23,23,23,23,23,23,23
2003,390976,1,1,0,0,0,0,0,0,0,0,0,0
2003,390977,0,1,13,13,13,13,13,13,13,13,13,13
2003,390977,1,1,0,0,0,0,0,0,0,0,17,0
2003,390978,1,1,0,0,0,0,0,0,0,0,0,0
2003,390979,1,1,0,0,0,0,0,0,0,0,0,0
2003,390979,2,1,0,0,0,0,0,0,0,0,0,0
2003,390980,1,1,0,0,0,0,0,0,0,0,0,0
2003,390980,2,1,0,0,0,0,0,0,0,0,0,0
2003,390981,1,1,0,0,0,0,0,0,0,0,0,0
2003,390981,2,1,0,0,0,0,0,0,0,0,0,0
2003,390982,1,1,0,0,0,0,0,0,0,0,0,0
2003,390982,2,1,15,15,15,15,15,15,15,15,15,15
2003,390982,3,1,0,0,0,0,0,0,0,0,0,0
2003,390983,1,1,0,0,0,0,0,0,0,0,0,0
2003,390984,1,1,26,26,26,26,26,26,26,26,26,26
2003,390985,1,1,0,0,0,0,0,0,0,0,0,0
2003,390985,2,1,0,0,0,0,0,0,0,0,0,0
2003,390986,1,1,0,0,0,0,0,0,0,0,0,0
2003,390986,2,1,0,0,0,0,0,0,0,0,0,0
2003,390987,1,1,0,0,0,0,0,0,0,0,0,0
2003,390987,2,1,0,0,0,0,0,0,0,0,0,0
2003,390988,1,1,0,0,0,0,0,0,0,0,0,0
2003,390989,1,1,21,21,21,21,21,21,21,21,21,21
2003,390989,2,1,0,0,0,0,0,0,0,0,0,0
2003,390989,3,1,7,0,12,7,10,17,12,0,13,8
2003,390990,1,1,23,23,23,23,23,23,23,23,23,23
2003,390991,1,1,0,0,0,0,0,0,0,0,0,0
2003,390992,0,1,0,0,0,0,0,0,0,0,0,0
2003,390992,1,1,0,0,0,0,0,0,0,0,0,0
2003,390993,1,1,0,0,0,0,0,0,0,0,0,0
2003,390993,2,1,0,0,0,0,0,0,0,0,0,0
2003,390994,1,1,0,0,0,0,0,0,0,0,0,0
2003,390995,1,1,12,12,12,12,12,12,12,12,12,12
2003,390995,2,1,4,4,4,4,4,4,4,4,4,4
2003,390996,1,1,0,0,0,0,0,0,0,0,0,0
2003,390996,2,1,0,0,0,0,0,0,0,0,0,0
2003,390997,1,1,0,0,0,0,0,0,0,0,0,0
2003,390997,2,1,0,0,0,0,0,0,0,0,0,0
2003,390998,2,1,15,15,15,15,15,15,15,15,15,15
2003,390999,1,1,0,0,0,0,0,0,0,0,0,0
2003,391000,1,1,0,0,0,14,0,0,17,8,0,0
2003,391001,1,1,0,0,0,0,0,0,0,0,0,0
2003,391002,1,1,0,0,0,0,0,0,0,0,0,0
2003,391002,2,1,0,0,0,0,0,0,0,0,0,0
2003,391003,1,1,17,17,17,17,17,17,17,17,17,17
2003,391004,1,1,11,11,11,11,11,11,11,11,11,11
2003,391004,2,1,9,9,9,9,9,9,9,9,9,9
2003,391005,1,1,0,0,0,0,0,0,0,0,0,0
2003,391006,1,1,0,0,0,0,0,0,0,0,0,0
2003,391008,1,1,0,0,0,0,0,0,0,0,0,0
2003,391008,2,1,0,0,0,0,0,0,0,0,0,0
2003,391008,3,1,0,0,0,15,0,0,0,0,0,0
2003,391009,1,1,26,26,26,26,26,26,26,26,26,26
2003,391009,2,1,0,0,0,0,0,0,0,0,0,0
2003,391010,1,1,0,0,0,0,0,0,0,0,0,0
2003,391010,2,1,0,0,0,0,0,0,0,0,0,0
2003,391011,0,1,0,0,0,0,0,0,0,0,0,0
2003,391011,1,1,0,0,0,0,0,0,0,0,0,0
2003,391012,1,1,0,0,0,0,0,0,0,0,0,0
2003,391012,2,1,0,0,0,0,0,0,0,0,0,0
2003,391013,1,1,0,0,0,0,0,0,0,0,0,0
2003,391013,2,1,0,0,0,0,0,0,0,0,0,0
2003,391014,1,1,0,0,0,0,0,0,0,0,0,0
2003,391014,2,1,0,0,0,0,0,0,0,0,0,0
2003,391015,1,1,0,0,0,0,0,0,0,0,0,0
2003,391015,2,1,0,0,0,0,0,0,0,0,0,0
2003,391016,1,1,0,0,0,0,0,0,0,0,0,0
2003,391016,2,1,0,0,0,0,0,0,0,0,0,12
2003,391017,1,1,0,0,0,0,0,0,0,0,0,0
2003,391018,1,1,0,0,0,0,0,0,0,0,0,0
2003,391018,2,1,0,0,0,0,0,0,0,0,0,0
2003,391018,3,1,0,0,0,0,0,0,0,0,0,0
2003,391019,1,1,6,6,6,6,6,6,6,6,6,6
2003,391020,1,1,0,0,0,0,0,0,0,0,0,0
2003,391021,1,1,0,0,0,0,0,0,0,0,0,0
2003,391022,1,1,0,0,0,0,0,0,0,0,0,0
2003,391022,2,1,0,0,0,0,0,0,0,0,0,0
2003,391023,1,1,0,0,0,0,0,0,0,0,0,0
2003,391023,2,1,0,0,0,0,0,0,0,0,0,0
2003,391023,3,1,0,0,0,0,0,0,0,0,0,0
2003,391024,1,1,25,25,25,25,25,25,25,25,25,25
2003,391025,1,1,4,4,4,4,4,4,4,4,4,4
2003,391026,1,1,0,0,0,0,0,0,0,0,0,0
2003,391026,2,1,0,0,0,0,0,0,0,0,0,0
2003,391027,1,1,23,23,23,23,23,23,23,23,23,23
2003,391028,0,1,0,0,0,0,0,0,0,0,0,0
2003,391028,0,2,0,0,0,0,0,0,0,0,0,0
2003,391028,1,1,0,0,0,0,0,0,0,0,0,0
2003,391029,1,1,2,2,2,2,2,2,2,2,2,2
2003,391030,1,1,0,0,0,0,0,0,0,0,0,0
2003,391030,2,1,0,0,0,0,0,0,0,0,0,20
2003,391031,1,1,0,0,0,0,0,0,0,0,0,0
2003,391032,1,1,0,0,0,0,0,0,0,0,0,0
2003,391032,2,1,0,0,0,0,0,0,0,0,0,0
2003,391032,3,1,0,0,0,0,0,0,0,0,0,0
2003,391033,1,1,0,0,0,0,0,0,0,0,0,0
2003,391033,2,1,0,0,0,0,0,0,0,0,0,0
2003,391034,1,1,0,0,0,0,0,0,0,0,0,0
2003,391034,2,1,0,0,0,0,0,0,0,0,0,0
2003,391035,1,1,0,0,0,0,0,0,0,0,0,0
2003,391035,2,1,0,0,0,0,0,0,0,0,0,0
2003,391036,1,1,7,7,7,7,7,7,7,7,7,7
2003,391037,1,1,0,0,0,0,0,0,0,0,0,0
2003,391038,1,1,18,18,18,18,18,18,18,18,18,18
2003,391039,0,1,11,11,11,11,11,11,11,11,11,11
2003,391039,1,1,9,0,0,0,0,0,0,0,0,7
2003,391040,0,1,0,0,0,0,0,0,0,0,0,0
2003,391040,1,1,0,0,0,0,0,0,0,8,0,0
2003,391041,1,1,0,0,0,0,0,0,0,0,0,0
2003,391041,2,1,0,0,0,0,0,0,0,0,0,0
2003,391042,1,1,0,0,0,0,0,0,0,0,0,0
2003,391043,1,1,24,24,24,24,24,24,24,24,24,24
2003,391044,1,1,11,11,11,11,11,11,11,11,11,11
2003,391045,1,1,0,0,0,0,0,0,0,0,0,0
2003,391045,2,1,0,0,0,0,0,0,0,0,0,0
2003,391046,1,1,6,6,6,6,6,6,6,6,6,6
2003,391047,1,1,0,0,0,0,0,0,0,0,0,0
2003,391048,1,1,0,0,0,0,0,0,0,0,0,0
2003,391048,2,1,0,0,0,0,0,0,0,0,0,0
2003,391049,1,1,0,0,0,0,0,0,0,0,0,0
2003,391050,1,1,21,21,21,21,21,21,21,21,21,21
2003,391050,2,1,0,0,0,0,0,0,0,0,0,0
2003,391051,1,1,0,0,0,0,0,0,0,0,0,0
2003,391051,2,1,0,0,0,0,0,0,0,0,0,0
2003,391051,3,1,0,0,0,0,0,0,0,0,0,0
2003,391052,1,1,0,0,0,0,0,0,0,0,0,0
2003,391052,2,1,0,0,0,0,0,0,0,0,0,0
2003,391053,1,1,0,0,0,0,0,0,0,0,0,0
2003,391053,2,1,0,0,0,0,0,0,0,0,0,0
2003,391054,1,1,0,0,0,0,0,0,0,0,0,0
2003,391054,2,1,0,0,0,0,0,0,0,0,0,0
2003,391055,0,1,0,15,20,0,0,0,0,0,0,0
2003,391055,0,2,0,0,0,0,0,0,0,0,0,0
2003,391055,1,1,0,0,0,0,0,0,0,0,0,0
2003,391056,1,1,19,19,19,19,19,19,19,19,19,19
2003,391057,1,1,21,21,21,21,21,21,21,21,21,21
2003,391057,2,1,0,0,0,0,0,0,0,0,0,0
2003,391057,3,1,0,3,0,0,0,0,0,0,0,0
2003,391058,1,1,0,0,0,0,0,0,0,0,0,0
2003,391058,2,1,0,0,0,0,0,0,0,0,0,0
2003,391059,1,1,0,0,0,0,0,0,0,0,0,0
2003,391059,2,1,0,0,0,0,0,0,0,0,0,0
2003,391059,3,1,0,0,0,0,0,0,0,0,0,0
2003,391060,1,1,11,11,11,11,11,11,11,11,11,11
2003,391061,1,1,0,0,0,0,4,0,10,0,0,0
2003,391061,2,1,0,0,0,0,0,0,0,0,0,0
2003,391062,0,1,17,17,17,17,17,17,17,17,17,17
2003,391062,1,1,0,22,0,0,18,0,9,21,0,0
2003,391063,1,1,0,0,8,0,0,12,0,10,0,0
2003,391064,0,1,0,0,0,0,0,0,0,0,0,0
2003,391064,1,1,0,0,0,0,0,0,0,0,0,0
2003,391065,1,1,0,0,0,0,0,0,0,0,0,0
2003,391065,2,1,20,20,20,20,20,20,20,20,20,20
2003,391066,1,1,0,0,0,0,0,0,0,0,0,0
2003,391066,2,1,0,0,0,0,0,0,0,0,0,0
2003,391067,1,1,0,0,0,0,0,0,0,0,0,0
2003,391068,1,1,0,0,0,0,0,0,0,0,0,0
2003,391068,2,1,0,0,0,0,0,0,0,0,0,0
2003,391069,1,1,0,0,0,0,0,0,0,0,0,0
2003,391070,1,1,0,0,0,0,0,0,0,0,0,0
2003,391071,1,1,0,0,0,0,0,0,0,0,0,0
2003,391071,2,1,0,0,0,0,0,0,0,0,0,0
2003,391072,1,1,4,4,4,4,4,4,4,4,4,4
2003,391073,0,1,0,0,0,0,0,0,0,0,0,0
2003,391073,1,1,0,0,0,0,0,0,0,0,11,0
2003,391073,2,1,6,0,15,4,0,0,0,0,0,0
2003,391074,0,1,0,0,0,0,0,0,0,0,0,0
2003,391074,1,1,0,0,0,0,0,0,0,0,0,0
2003,391075,1,1,0,0,0,0,0,0,0,0,0,0
2003,391075,2,1,0,0,0,0,0,0,0,0,8,0
2003,391076,1,1,0,0,0,0,0,0,0,0,0,0
2003,391076,2,1,0,0,0,0,0,0,0,0,0,0
2003,391076,3,1,0,0,0,0,0,0,0,0,0,0
2003,391077,1,1,5,0,0,0,0,0,0,0,12,0
2003,391077,2,1,0,0,0,0,0,0,0,0,0,0
2003,391078,1,1,16,16,16,16,16,16,16,16,16,16
2003,391079,0,1,0,34,0,0,5,0,0,0,0,0
2003,391079,1,1,4,4,4,4,4,4,4,4,4,4
2003,391080,1,1,1,1,1,1,1,1,1,1,1,1
2003,391080,2,1,0,0,0,0,0,0,0,0,0,0
2003,391081,0,1,0,0,0,0,0,0,0,0,0,0
2003,391081,1,1,0,0,0,0,0,0,0,0,19,0
2003,391082,1,1,0,22,0,0,0,0,0,0,19,0
2003,391082,2,1,0,0,19,0,0,0,0,0,0,0
2003,391083,1,1,0,0,0,0,0,0,0,0,0,0
2003,391083,2,1,0,0,0,0,0,0,0,0,0,0
2003,391084,1,1,17,0,14,21,24,18,8,0,11,20
2003,391085,1,1,15,15,15,15,15,15,15,15,15,15
2003,391086,1,1,17,17,17,17,17,17,17,17,17,17
2003,391087,1,1,0,0,0,0,0,0,0,0,0,0
2003,391087,2,1,0,0,0,0,0,0,0,0,0,0
2003,391088,1,1,0,0,0,0,0,0,0,0,0,0
2003,391089,1,1,22,22,22,22,22,22,22,22,22,22
2003,391089,2,1,29,29,29,29,29,29,29,29,29,29
2003,391090,1,1,0,0,0,0,0,0,0,0,0,0
2003,391090,2,1,0,0,0,0,0,0,0,0,0,0
2003,391091,1,1,0,0,0,0,0,0,0,0,0,0
2003,391091,2,1,0,26,0,15,0,10,0,0,21,14
2003,391092,0,1,0,0,0,0,0,0,0,0,0,0
2003,391092,1,1,0,0,0,0,16,0,0,0,0,0
2003,391093,1,1,0,0,0,0,0,0,0,0,0,0
2003,391093,2,1,0,0,0,0,0,0,0,0,0,13
2003,391093,3,1,0,0,0,0,0,0,0,0,0,0
2003,391094,1,1,0,0,0,0,0,0,0,0,0,0
2003,391094,2,1,0,0,0,0,0,0,0,0,0,0
2003,391095,1,1,27,27,27,27,27,27,27,27,27,27
2003,391096,1,1,22,22,22,22,22,22,22,22,22,22
2003,391097,1,1,0,0,0,0,0,0,0,0,0,0
2003,391097,2,1,0,0,0,0,0,0,0,0,0,0
2003,391098,1,1,0,0,0,0,0,0,0,0,0,0
2003,391098,2,1,0,0,0,0,0,0,0,0,0,0
2003,391099,1,1,0,0,0,0,0,0,0,0,0,0
2003,391099,2,1,0,0,0,0,0,0,0,0,0,0
2003,391100,0,1,25,25,25,25,25,25,25,25,25,25
2003,391100,1,1,0,0,0,0,0,0,0,0,0,0
2003,391101,1,1,19,19,19,19,19,19,19,19,19,19
2003,391102,1,1,0,0,0,0,0,0,0,0,0,0
2003,391102,2,1,0,0,0,0,0,0,0,0,0,0
2003,391103,1,1,0,0,0,0,0,0,0,0,0,0
2003,391103,2,1,0,0,0,0,0,0,0,0,0,0
2003,391104,0,1,24,24,24,24,24,24,24,24,24,24
2003,391104,1,1,0,0,0,0,16,0,7,20,9,8
2003,391105,1,1,3,0,0,0,19,21,0,0,0,11
2003,391106,1,1,21,21,21,21,21,21,21,21,21,21
2003,391107,1,1,35,35,35,35,35,35,35,35,35,35
2003,391108,1,1,0,0,0,0,0,0,0,0,0,0
2003,391108,2,1,0,0,0,0,0,0,0,0,0,0
2003,391109,1,1,0,0,0,0,0,0,0,0,0,0
2003,391110,0,1,0,0,0,0,0,0,0,0,0,0
2003,391110,1,1,16,16,16,16,16,16,16,16,16,16
2003,391111,0,1,0,0,0,0,0,0,0,0,0,0
2003,391111,1,1,0,0,0,0,0,0,0,0,0,0
2003,391112,1,1,10,10,10,10,10,10,10,10,10,10
2003,391113,1,1,0,0,0,0,0,0,0,0,0,0
2003,391113,2,1,0,0,0,0,0,0,0,0,0,0
2003,391114,1,1,0,0,0,0,0,0,0,0,0,0
2003,391114,2,1,0,0,0,0,0,0,0,0,0,0
2003,391115,1,1,22,22,22,22,22,22,22,22,22,22
2003,391116,1,1,0,0,0,0,0,0,28,0,0,0
2003,391116,2,1,0,0,0,0,0,0,0,0,0,0
2003,391117,1,1,0,0,0,0,0,0,0,0,0,0
2003,391117,2,1,0,0,0,0,0,0,0,0,0,0
2003,391117,3,1,0,0,0,0,0,0,0,0,0,0
2003,391117,4,1,3,0,0,0,0,0,0,0,0,0
2003,391117,5,1,0,0,0,0,0,0,0,0,0,0
2003,391118,1,1,0,0,0,0,0,0,0,0,0,0
2003,391118,2,1,0,0,0,0,0,0,0,0,0,0
2003,391118,3,1,0,0,0,0,0,0,0,0,0,0
2003,391118,4,1,0,0,0,0,0,0,0,0,0,0
2003,391119,1,1,0,0,0,0,0,0,0,0,0,0
2003,391119,2,1,0,0,0,0,0,0,0,0,0,0
2003,391120,1,1,0,0,0,0,0,0,0,0,0,0
2003,391120,2,1,0,0,0,0,0,0,0,0,0,0
2003,391120,3,1,0,0,0,0,0,0,0,0,0,0
2003,391121,1,1,0,0,0,0,0,0,0,0,0,0
2003,391121,2,1,0,0,0,0,0,0,0,0,0,0
2003,391122,1,1,0,0,0,0,0,0,0,0,0,0
2003,391122,2,1,0,0,0,0,0,0,0,0,0,0
2003,391123,1,1,0,0,0,0,0,0,0,0,0,0
2003,391124,1,1,0,0,0,0,0,0,0,0,0,0
2003,391125,1,1,0,0,0,0,0,0,0,0,0,0
2003,391126,1,1,0,0,0,0,0,0,0,0,0,0
2003,391127,1,1,7,0,0,0,0,0,0,0,0,5
2003,391127,2,1,0,0,0,0,0,0,0,0,0,0
2003,391128,1,1,12,12,12,12,12,12,12,12,12,12
2003,391128,2,1,0,0,0,0,0,0,0,0,0,0
2003,391129,0,1,20,20,20,20,20,20,20,20,20,20
2003,391129,1,1,0,0,0,10,0,0,0,22,0,0
2003,391130,1,1,0,0,0,0,0,0,0,0,0,0
2003,391130,2,1,0,0,15,0,0,0,0,0,0,0
2003,391131,1,1,0,0,0,0,0,0,0,0,0,0
2003,391132,1,1,0,0,0,0,0,0,0,0,0,0
2003,391132,2,1,0,0,0,0,0,0,0,0,0,0
2003,391133,1,1,0,0,0,20,0,0,0,0,30,0
2003,391134,1,1,0,0,0,0,0,0,0,0,0,0
2003,391134,2,1,0,0,0,0,0,0,0,0,0,0
2003,391135,1,1,0,0,0,0,0,0,0,0,0,0
2003,391136,1,1,5,5,5,5,5,5,5,5,5,5
2003,391137,0,1,19,19,19,19,19,19,19,19,19,19
2003,391137,1,1,0,0,0,0,0,0,12,0,0,0
2003,391138,1,1,18,18,18,18,18,18,18,18,18,18
2003,391139,0,1,0,0,0,0,0,28,0,0,0,0
2003,391139,1,1,0,0,0,0,0,0,0,0,0,0
2003,391140,1,1,0,0,0,0,0,0,22,0,0,0
2003,391140,2,1,0,0,0,0,0,0,0,0,0,0
2003,391142,1,1,0,0,0,0,0,0,0,0,0,0
2003,391142,2,1,0,0,0,0,0,0,0,0,0,0
2003,391143,1,1,0,0,0,0,0,0,0,0,0,0
2003,391144,1,1,0,0,0,0,0,0,0,0,0,0
2003,391145,0,1,19,19,19,19,19,19,19,19,19,19
2003,391145,1,1,0,0,0,0,0,0,0,0,0,0
2003,391146,1,1,0,0,0,0,0,0,0,0,0,0
2003,391146,2,1,0,0,0,0,0,0,0,0,0,0
2003,391147,0,1,0,0,0,0,0,0,0,0,0,0
2003,391147,1,1,0,0,0,0,0,0,0,0,0,0