YEAR,ST_CASE,veh_no,per_no,P1,P2,P3,P4,P5,P6,P7,P8,P9,P10
2003,400520,1,1,0,0,0,0,0,0,0,0,0,0
2003,400520,2,1,0,0,0,0,0,0,0,0,0,0
2003,400521,1,1,0,0,0,0,0,2,0,0,0,0
2003,400521,2,1,0,0,0,0,0,0,0,0,0,0
2003,400522,1,1,0,0,0,0,0,0,0,0,0,0
2003,400522,2,1,0,0,0,0,0,0,0,0,0,0
2003,400523,1,1,15,15,15,15,15,15,15,15,15,15
2003,400523,2,1,0,0,0,0,0,0,0,0,0,0
2003,400524,1,1,14,14,14,14,14,14,14,14,14,14
2003,400524,2,1,0,0,0,0,0,0,0,0,0,0
2003,400525,1,1,0,0,0,0,0,0,0,0,0,0
2003,400525,2,1,0,0,0,0,0,0,0,0,0,0
2003,400526,1,1,35,35,35,35,35,35,35,35,35,35
2003,400526,2,1,0,0,0,0,0,0,0,0,0,0
2003,400527,1,1,0,0,0,0,0,0,0,0,0,0
2003,400528,1,1,24,24,24,24,24,24,24,24,24,24
2003,400528,2,1,0,0,0,0,0,0,0,0,17,0
2003,400529,1,1,0,0,0,0,0,0,0,0,0,0
2003,400530,1,1,0,0,0,0,0,0,0,0,0,0
2003,400530,2,1,0,0,0,0,0,0,7,0,0,0
2003,400531,1,1,0,0,0,0,0,0,0,0,0,0
2003,400531,2,1,0,0,0,0,0,0,0,0,0,0
2003,400532,0,1,14,14,14,14,14,14,14,14,14,14
2003,400532,1,1,0,0,0,0,0,0,0,0,0,0
2003,400533,1,1,0,0,0,0,0,0,0,0,0,0
2003,400534,1,1,10,10,10,10,10,10,10,10,10,10
2003,400534,2,1,0,0,0,0,0,0,0,0,0,0
2003,400535,1,1,0,0,0,0,0,0,0,0,0,0
2003,400535,2,1,0,0,0,0,0,0,0,0,0,0
2003,400536,1,1,0,0,0,0,0,0,0,0,0,0
2003,400537,1,1,16,16,16,16,16,16,16,16,16,16
2003,400538,1,1,6,6,6,6,6,6,6,6,6,6
2003,400538,2,1,0,0,0,0,0,0,0,0,0,0
2003,400539,0,1,5,5,5,5,5,5,5,5,5,5
2003,400539,1,1,7,7,7,7,7,7,7,7,7,7
2003,400540,1,1,0,0,0,0,0,0,0,0,0,0
2003,400540,2,1,0,0,0,0,0,0,0,0,0,0
2003,400540,3,1,15,34,26,7,43,0,12,23,40,9
2003,400540,4,1,0,0,0,0,0,0,0,0,0,0
2003,400541,1,1,0,0,0,0,0,0,0,0,0,0
2003,400541,2,1,0,0,0,0,0,0,0,0,0,0
2003,400542,1,1,16,31,23,14,14,15,18,16,13,14
2003,400542,2,1,0,0,0,0,0,0,0,0,0,0
2003,400543,1,1,0,0,0,0,0,0,0,0,10,0
2003,400544,1,1,0,0,0,0,0,0,0,0,0,0
2003,400545,1,1,0,0,0,0,0,0,0,4,0,0
2003,400546,1,1,15,15,15,15,15,15,15,15,15,15
2003,400547,1,1,0,0,0,0,0,0,0,0,0,0
2003,400547,2,1,0,0,0,0,0,12,0,0,0,0
2003,400547,3,1,0,0,0,0,0,0,0,0,0,0
2003,400548,1,1,0,0,0,0,0,0,0,0,0,0
2003,400549,1,1,0,0,0,0,0,0,0,0,0,0
2003,400549,2,1,0,0,0,0,0,0,0,0,0,0
2003,400550,0,1,0,0,0,0,0,0,0,0,0,0
2003,400550,0,2,23,4,0,22,0,0,27,19,0,4
2003,400550,1,1,13,13,13,13,13,13,13,13,13,13
2003,400551,1,1,0,0,0,43,0,0,0,0,0,0
2003,400551,2,1,0,0,0,0,0,0,0,0,0,0
2003,400552,1,1,0,0,5,0,0,0,5,0,0,0
2003,400553,1,1,0,0,0,0,0,0,0,0,0,0
2003,400553,2,1,0,0,0,9,0,0,0,0,0,0
2003,400554,1,1,0,0,0,0,0,0,0,0,0,0
2003,400555,1,1,19,10,21,18,9,18,21,15,9,23
2003,400556,1,1,8,0,0,0,0,0,29,0,0,0
2003,400557,1,1,0,0,0,0,0,0,0,0,0,0
2003,400557,2,1,0,0,0,0,0,0,0,0,0,0
2003,400557,3,1,0,0,0,0,0,0,0,0,0,0
2003,400558,1,1,0,0,0,0,0,0,0,0,0,0
2003,400559,1,1,0,0,0,0,0,0,0,0,0,0
2003,400559,2,1,0,0,0,0,0,0,0,0,0,0
2003,400559,3,1,0,14,0,11,0,0,2,0,0,0
2003,400560,1,1,0,0,0,0,0,0,0,0,0,0
2003,400560,2,1,0,0,0,0,0,0,0,18,0,0
2003,400561,1,1,34,34,34,34,34,34,34,34,34,34
2003,400562,1,1,0,0,0,0,0,0,0,0,0,0
2003,400562,2,1,0,0,0,0,0,0,0,0,0,0
2003,400563,1,1,0,0,0,0,0,0,0,0,0,0
2003,400563,2,1,0,0,0,0,0,0,0,0,0,0
2003,400564,1,1,28,28,28,28,28,28,28,28,28,28
2003,400564,2,1,0,9,0,0,0,0,0,0,0,0
2003,400565,1,1,14,14,14,14,14,14,14,14,14,14
2003,400565,2,1,28,21,0,23,0,17,12,18,0,0
2003,400566,1,1,0,0,0,0,0,0,0,0,0,0
2003,400566,2,1,0,0,0,0,0,0,0,0,0,0
2003,400567,1,1,0,0,0,0,0,0,0,0,0,0
2003,400567,2,1,0,0,0,0,0,0,0,0,0,0
2003,400567,3,1,0,0,0,0,0,0,0,0,0,0
2003,400568,1,1,0,0,0,0,0,0,0,0,0,0
2003,400568,2,1,0,0,0,0,0,0,0,0,0,0
2003,400569,0,1,30,30,30,30,30,30,30,30,30,30
2003,400569,1,1,0,0,0,0,0,0,0,0,0,0
2003,400570,1,1,18,18,18,18,18,18,18,18,18,18
2003,400570,2,1,0,0,0,0,0,0,0,0,0,0
2003,400571,1,1,16,16,16,16,16,16,16,16,16,16
2003,400571,2,1,0,0,0,0,0,0,11,0,0,0
2003,400572,0,1,0,0,0,0,0,0,0,0,0,0
2003,400572,1,1,0,0,0,0,0,0,0,0,0,0
2003,400573,0,1,0,0,0,0,0,0,0,0,0,0
2003,400573,1,1,0,0,0,0,0,0,0,0,0,0
2003,400574,1,1,0,0,0,0,15,0,0,0,0,0
2003,400574,2,1,0,0,0,0,0,0,0,0,0,0
2003,400575,1,1,0,0,0,0,0,0,0,0,0,0
2003,400576,1,1,9,9,9,9,9,9,9,9,9,9
2003,400576,2,1,0,0,0,0,0,0,0,0,0,0
2003,400577,1,1,0,0,0,0,0,0,0,0,0,0
2003,400577,2,1,0,0,0,0,0,0,0,0,0,0
2003,400578,1,1,14,0,0,0,0,0,4,20,4,0
2003,400579,1,1,0,0,0,0,0,0,0,0,0,0
2003,400579,2,1,0,0,0,0,0,0,0,0,0,0
2003,400580,1,1,0,0,20,41,0,0,0,0,23,0
2003,400581,0,1,16,0,0,0,0,0,0,0,0,0
2003,400581,1,1,0,0,0,0,0,0,0,0,0,0
2003,400582,1,1,0,0,6,0,0,12,0,0,0,0
2003,400583,1,1,22,0,0,0,18,0,0,0,0,0
2003,400583,2,1,0,0,0,0,0,0,0,0,0,0
2003,400584,1,1,0,0,0,0,0,0,0,0,0,0
2003,400585,1,1,0,0,0,0,0,0,0,0,0,0
2003,400585,2,1,0,0,0,0,0,0,0,0,0,0
2003,400586,0,1,0,0,0,0,0,0,0,0,0,0
2003,400586,1,1,0,0,0,0,0,0,0,0,0,0
2003,400587,1,1,3,18,8,12,9,12,0,17,5,17
2003,400588,1,1,0,0,0,0,0,0,0,0,0,0
2003,400589,1,1,8,8,8,8,8,8,8,8,8,8
2003,400589,2,1,0,0,0,0,0,0,0,0,0,0
2003,400590,1,1,7,7,7,7,7,7,7,7,7,7
2003,400591,1,1,0,0,0,0,0,0,0,0,0,0
2003,400592,1,1,7,23,37,25,5,16,25,25,11,21
2003,400593,0,1,0,0,0,0,0,9,0,0,0,0
2003,400593,1,1,0,0,0,0,0,0,0,0,0,0
2003,400594,1,1,0,0,0,0,0,0,0,0,0,0
2003,400594,2,1,0,0,0,0,0,0,0,0,0,0
2003,400595,0,1,0,41,0,10,22,0,0,24,0,13
2003,400595,1,1,8,27,0,16,17,25,24,27,17,4
2003,400596,1,1,0,0,0,0,0,23,0,0,0,0
2003,410001,1,1,0,0,0,0,0,0,0,0,0,0
2003,410001,2,1,0,0,0,0,0,0,0,0,0,0
2003,410002,1,1,0,0,0,0,0,0,0,0,0,0
2003,410002,2,1,0,0,0,0,0,0,0,0,0,0
2003,410003,1,1,5,5,5,5,5,5,5,5,5,5
2003,410006,1,1,0,0,0,0,0,0,0,0,0,0
2003,410006,2,1,0,0,0,0,0,0,0,0,0,0
2003,410007,0,1,0,0,0,0,0,0,0,0,0,0
2003,410007,1,1,0,0,0,0,0,0,0,0,0,0
2003,410008,1,1,0,0,0,0,0,0,0,0,0,0
2003,410009,1,1,0,0,0,0,0,0,0,0,0,0
2003,410009,2,1,0,0,0,0,0,0,0,0,0,0
2003,410010,0,1,11,11,11,11,11,11,11,11,11,11
2003,410010,1,1,0,0,0,0,0,0,0,0,0,0
2003,410011,1,1,21,21,21,21,21,21,21,21,21,21
2003,410012,1,1,0,0,0,0,0,0,0,0,0,0
2003,410013,1,1,0,0,0,0,0,0,0,0,0,0
2003,410013,2,1,0,0,0,0,0,0,0,0,0,0
2003,410014,0,1,0,0,0,0,0,0,0,0,0,0
2003,410014,1,1,0,0,0,0,0,0,0,0,0,0
2003,410015,0,1,0,0,0,0,0,0,0,0,0,0
2003,410015,1,1,0,0,0,0,0,0,0,0,0,0
2003,410016,1,1,0,15,0,0,19,0,9,0,14,28
2003,410017,1,1,0,0,0,0,0,0,0,0,0,0
2003,410017,2,1,0,0,0,0,0,0,0,0,0,0
2003,410018,1,1,0,0,0,0,0,0,0,0,0,0
2003,410019,1,1,0,0,0,0,0,0,0,0,0,0
2003,410019,2,1,0,0,0,0,0,0,0,0,0,0
2003,410019,3,1,0,0,0,0,0,0,0,0,0,0
2003,410020,1,1,23,23,23,23,23,23,23,23,23,23
2003,410021,1,1,0,0,0,0,0,0,0,0,0,0
2003,410021,2,1,0,0,0,0,0,0,0,0,0,0
2003,410022,0,1,0,0,0,0,0,0,0,0,0,0
2003,410022,0,2,0,0,0,0,0,0,0,0,0,0
2003,410022,1,1,0,0,0,0,0,0,0,0,0,0
2003,410023,1,1,0,0,0,0,0,0,0,0,0,0
2003,410024,1,1,26,26,26,26,26,26,26,26,26,26
2003,410025,1,1,0,0,0,0,0,0,0,0,0,0
2003,410026,1,1,0,0,0,0,0,0,0,0,0,0
2003,410026,2,1,0,0,0,0,0,0,0,0,0,0
2003,410027,1,1,0,0,0,0,0,0,0,0,0,0
2003,410028,0,1,0,0,38,47,0,15,0,0,0,17
2003,410028,1,1,0,0,0,0,0,0,0,0,0,0
2003,410029,1,1,22,7,0,0,0,0,13,0,0,12
2003,410030,1,1,0,0,0,0,0,0,0,0,0,0
2003,410030,2,1,0,0,0,0,0,0,0,0,0,0
2003,410031,1,1,0,0,0,0,0,0,0,0,0,0
2003,410032,1,1,0,0,0,0,0,0,0,0,0,0
2003,410032,2,1,0,22,0,0,0,0,0,0,0,0
2003,410033,1,1,0,0,0,0,0,0,0,0,0,0
2003,410033,2,1,0,0,0,0,0,0,0,0,0,0
2003,410033,3,1,0,0,9,0,0,0,0,0,0,0
2003,410034,1,1,27,27,27,27,27,27,27,27,27,27
2003,410034,2,1,0,0,0,0,0,8,0,15,0,0
2003,410035,1,1,0,18,19,19,0,0,0,0,12,0
2003,410036,1,1,0,0,0,0,0,0,0,0,0,0
2003,410038,1,1,16,16,16,16,16,16,16,16,16,16
2003,410039,0,1,0,0,0,0,0,0,0,0,0,0
2003,410039,1,1,0,0,0,0,0,0,0,0,0,0
2003,410040,1,1,0,0,0,0,8,0,0,0,0,0
2003,410040,2,1,5,5,5,5,5,5,5,5,5,5
2003,410041,1,1,3,3,3,3,3,3,3,3,3,3
2003,410042,1,1,28,28,28,28,28,28,28,28,28,28
2003,410042,2,1,0,0,0,0,0,0,0,0,0,0
2003,410043,1,1,0,0,0,0,0,0,0,0,0,0
2003,410043,2,1,0,0,0,0,0,0,0,0,0,0
2003,410044,1,1,0,0,0,0,0,0,0,0,0,0
2003,410044,2,1,0,0,0,0,0,0,0,0,0,0
2003,410045,1,1,13,13,13,13,13,13,13,13,13,13
2003,410046,1,1,10,10,10,10,10,10,10,10,10,10
2003,410047,1,1,0,0,0,0,0,0,0,0,0,0
2003,410048,0,1,17,17,17,17,17,17,17,17,17,17
2003,410048,1,1,0,0,0,0,0,0,0,0,0,0
2003,410049,1,1,0,0,0,0,0,0,0,0,0,0
2003,410049,2,1,0,0,0,0,0,0,0,0,0,0
2003,410050,1,1,7,7,7,7,7,7,7,7,7,7
2003,410051,1,1,22,22,22,22,22,22,22,22,22,22
2003,410052,0,1,0,0,0,0,0,0,0,0,0,0
2003,410052,1,1,0,0,0,0,0,0,0,0,0,0
2003,410053,1,1,0,0,0,0,0,0,0,0,0,0
2003,410054,1,1,0,0,0,0,0,0,0,0,0,0
2003,410055,1,1,0,0,0,0,0,0,0,0,0,0
2003,410055,2,1,0,0,0,0,0,0,0,0,0,0
2003,410055,3,1,0,0,0,0,0,0,0,0,0,0
2003,410056,1,1,0,0,0,0,0,0,0,0,0,0
2003,410056,2,1,0,0,0,0,0,0,0,0,0,0
2003,410056,3,1,0,0,0,0,0,0,0,0,0,0
2003,410057,1,1,0,0,0,0,0,0,0,0,0,0
2003,410058,1,1,22,22,22,22,22,22,22,22,22,22
2003,410058,2,1,0,0,0,0,0,0,0,0,0,0
2003,410059,1,1,20,20,20,20,20,20,20,20,20,20
2003,410060,0,1,0,0,0,0,0,0,0,0,0,0
2003,410060,1,1,0,0,0,0,0,0,0,0,0,0
2003,410061,1,1,0,0,0,0,0,0,0,0,0,0
2003,410061,2,1,0,0,0,0,0,0,0,0,0,0
2003,410061,3,1,0,0,0,0,0,0,0,0,0,0
2003,410061,4,1,0,0,0,0,0,0,0,0,0,0
2003,410062,1,1,0,0,0,0,0,0,0,0,0,0
2003,410062,2,1,0,0,0,0,0,0,0,0,0,0
2003,410063,1,1,17,17,17,17,17,17,17,17,17,17
2003,410063,2,1,0,0,0,0,0,0,0,0,0,0
2003,410064,1,1,0,0,0,0,0,0,0,0,0,0
2003,410064,2,1,0,0,0,0,0,0,0,0,0,0
2003,410065,1,1,0,0,0,0,0,0,0,0,0,0
2003,410065,2,1,0,0,0,0,0,0,0,0,0,0
2003,410066,1,1,0,0,0,0,0,0,0,0,0,0
2003,410067,1,1,0,0,0,0,0,0,0,0,0,0
2003,410067,2,1,0,0,0,0,0,0,0,0,0,0
2003,410068,1,1,0,0,0,0,0,0,0,0,0,0
2003,410068,2,1,0,0,0,0,0,0,0,0,0,0
2003,410069,1,1,25,25,25,25,25,25,25,25,25,25
2003,410070,1,1,0,0,0,0,0,0,0,0,0,0
2003,410070,2,1,0,0,0,0,0,0,0,0,0,0
2003,410071,1,1,6,6,6,6,6,6,6,6,6,6
2003,410072,0,1,0,0,0,0,0,0,0,0,0,0
2003,410072,1,1,0,0,0,0,0,0,0,0,0,0
2003,410072,2,1,0,0,0,0,0,0,0,0,0,0
2003,410072,3,1,0,0,0,0,0,0,0,0,0,0
2003,410073,1,1,0,0,0,0,0,0,0,0,0,0
2003,410073,2,1,0,0,0,0,0,0,0,0,0,0
2003,410073,3,1,0,0,0,0,0,0,0,0,0,0
2003,410073,4,1,0,0,0,0,0,0,0,0,0,0
2003,410074,1,1,16,16,16,16,16,16,16,16,16,16
2003,410075,1,1,0,0,0,0,0,0,0,0,0,0
2003,410075,2,1,0,0,0,0,0,0,0,0,0,0
2003,410076,1,1,15,15,15,15,15,15,15,15,15,15
2003,410077,0,1,0,0,0,0,0,0,0,0,0,0
2003,410077,1,1,0,0,0,0,0,0,0,0,0,0
2003,410078,1,1,14,14,14,14,14,14,14,14,14,14
2003,410079,1,1,10,10,10,10,10,10,10,10,10,10
2003,410080,1,1,20,20,20,20,20,20,20,20,20,20
2003,410081,1,1,0,0,0,0,0,0,0,0,0,0
2003,410081,2,1,0,0,0,0,0,0,0,0,0,0
2003,410082,1,1,0,0,0,0,0,0,0,0,0,0
2003,410082,2,1,0,0,0,0,0,0,0,0,0,0
2003,410083,1,1,28,28,28,28,28,28,28,28,28,28
2003,410084,1,1,0,0,0,0,0,0,0,0,0,0
2003,410085,1,1,0,0,0,0,0,0,0,0,0,0
2003,410085,2,1,0,0,0,0,0,0,0,0,0,0
2003,410086,1,1,0,0,0,0,0,0,6,0,0,0
2003,410087,1,1,0,0,0,0,0,0,0,0,0,0
2003,410087,2,1,0,0,0,0,0,0,0,0,0,0
2003,410088,1,1,0,0,0,0,0,0,0,0,0,0
2003,410088,2,1,0,0,0,0,0,0,0,0,0,0
2003,410089,1,1,26,26,26,26,26,26,26,26,26,26
2003,410089,2,1,22,22,22,22,22,22,22,22,22,22
2003,410090,1,1,0,0,0,0,0,0,0,0,0,0
2003,410091,1,1,0,0,0,0,0,0,0,0,0,0
2003,410091,2,1,0,0,0,0,0,0,0,0,0,0
2003,410092,1,1,0,0,0,0,0,0,0,0,0,0
2003,410092,2,1,0,0,0,0,0,0,0,0,0,0
2003,410093,1,1,19,19,19,19,19,19,19,19,19,19
2003,410094,1,1,0,0,0,0,0,0,0,0,7,0
2003,410094,2,1,0,0,0,0,0,0,0,0,0,0
2003,410095,1,1,0,0,0,0,0,0,0,0,0,0
2003,410096,1,1,0,0,11,0,0,0,0,20,3,0
2003,410097,1,1,15,15,15,15,15,15,15,15,15,15
2003,410098,1,1,0,0,0,0,26,0,0,0,0,0
2003,410099,1,1,0,0,0,0,0,0,0,0,0,0
2003,410099,2,1,0,0,0,0,0,0,0,3,0,0
2003,410100,1,1,0,0,0,0,0,0,0,0,0,0
2003,410101,0,1,28,28,28,28,28,28,28,28,28,28
2003,410101,1,1,0,0,0,0,0,0,0,0,0,0
2003,410102,1,1,0,0,0,0,0,0,0,3,0,0
2003,410103,1,1,24,24,24,24,24,24,24,24,24,24
2003,410104,1,1,18,18,18,18,18,18,18,18,18,18
2003,410105,1,1,6,6,6,6,6,6,6,6,6,6
2003,410106,1,1,0,0,0,0,0,0,0,0,0,0
2003,410106,2,1,0,0,0,0,0,0,0,0,0,0
2003,410107,0,1,19,19,19,19,19,19,19,19,19,19
2003,410107,1,1,0,0,0,0,0,0,0,0,0,0
2003,410108,1,1,15,15,15,15,15,15,15,15,15,15
2003,410109,1,1,19,19,19,19,19,19,19,19,19,19
2003,410110,1,1,23,23,23,23,23,23,23,23,23,23
2003,410111,1,1,27,27,27,27,27,27,27,27,27,27
2003,410112,1,1,0,0,0,0,0,0,0,0,0,0
2003,410112,2,1,0,0,0,0,0,0,0,0,0,0
2003,410113,1,1,0,0,0,0,0,0,0,0,0,0
2003,410114,1,1,0,0,0,0,0,0,0,0,0,0
2003,410114,2,1,0,0,0,0,0,0,0,0,0,0
2003,410115,0,1,0,0,0,0,0,0,0,0,0,0
2003,410115,1,1,0,0,0,0,0,0,0,0,0,0
2003,410115,2,1,0,0,0,0,0,0,0,0,7,0
2003,410117,1,1,0,0,0,0,0,0,0,0,0,0
2003,410117,2,1,0,0,0,0,0,0,0,0,0,0
2003,410118,1,1,0,0,0,0,0,0,0,0,0,0
2003,410118,2,1,0,0,0,0,0,0,0,0,0,0
2003,410119,1,1,0,0,0,0,0,0,0,0,0,0
2003,410120,1,1,16,16,16,16,16,16,16,16,16,16
2003,410121,1,1,0,0,0,0,0,0,0,0,0,0
2003,410122,1,1,29,29,29,29,29,29,29,29,29,29
2003,410123,1,1,0,0,0,0,0,0,0,0,0,0
2003,410123,2,1,0,0,0,0,0,0,0,0,0,0
2003,410124,0,1,0,0,0,0,0,0,0,0,0,0
2003,410124,1,1,0,0,0,0,0,0,0,0,0,0
2003,410125,1,1,23,23,23,23,23,23,23,23,23,23
2003,410125,2,1,0,0,0,0,0,0,0,0,0,0
2003,410126,1,1,0,0,0,0,0,0,0,0,0,0
2003,410126,2,1,0,0,0,0,0,0,0,0,0,0
2003,410127,1,1,0,0,0,0,0,0,0,0,0,0
2003,410128,1,1,14,14,14,14,14,14,14,14,14,14
2003,410128,2,1,0,0,0,0,0,0,0,0,0,0
2003,410129,1,1,0,0,0,0,0,0,0,0,0,0
2003,410130,1,1,14,14,14,14,14,14,14,14,14,14
2003,410131,1,1,0,0,0,0,0,0,0,0,0,0
2003,410132,1,1,6,6,6,6,6,6,6,6,6,6
2003,410132,2,1,0,0,0,0,0,0,0,0,0,0
2003,410133,1,1,28,28,28,28,28,28,28,28,28,28
2003,410134,1,1,0,0,0,0,0,0,0,0,0,0
2003,410134,2,1,0,0,0,0,0,0,0,0,0,0
2003,410135,1,1,0,0,0,0,0,0,0,0,0,0
2003,410135,2,1,0,0,0,0,0,0,0,0,0,0
2003,410136,0,1,0,0,0,0,0,0,0,0,0,0
2003,410136,1,1,10,0,0,0,0,0,12,0,0,0
2003,410137,1,1,0,0,0,0,0,0,0,0,0,0
2003,410138,1,1,0,0,0,0,0,0,0,0,0,0
2003,410138,2,1,0,0,0,0,0,0,0,0,0,0
2003,410139,1,1,0,0,0,0,0,0,0,0,0,0
2003,410139,2,1,0,0,0,0,0,0,0,0,0,0
2003,410140,1,1,0,0,0,0,0,0,0,0,0,0
2003,410140,2,1,0,0,0,0,0,0,0,0,0,0
2003,410141,1,1,22,22,22,22,22,22,22,22,22,22
2003,410141,2,1,0,0,0,0,0,0,0,0,0,0
2003,410142,1,1,16,16,16,16,16,16,16,16,16,16
2003,410143,1,1,0,0,0,0,0,0,0,0,0,0
2003,410143,2,1,0,0,0,0,0,0,0,0,0,0
2003,410144,1,1,0,0,0,0,0,0,0,0,0,0
2003,410145,1,1,14,14,14,14,14,14,14,14,14,14
2003,410146,1,1,0,0,0,0,0,0,0,0,0,0
2003,410146,2,1,0,0,0,0,0,0,0,19,0,0
2003,410147,1,1,7,7,7,7,7,7,7,7,7,7
2003,410148,1,1,0,0,0,0,0,0,0,0,0,0
2003,410149,0,1,4,4,4,4,4,4,4,4,4,4
2003,410149,1,1,0,0,0,0,0,7,0,0,0,0
2003,410150,1,1,3,3,3,3,3,3,3,3,3,3
2003,410150,2,1,0,0,0,0,0,0,0,0,0,0
2003,410151,1,1,1,1,1,1,1,1,1,1,1,1
2003,410151,2,1,1,1,1,1,1,1,1,1,1,1
2003,410152,1,1,22,22,22,22,22,22,22,22,22,22
2003,410153,1,1,0,0,0,0,0,0,0,0,0,0
2003,410153,2,1,0,0,0,0,0,0,0,0,0,0
2003,410154,1,1,0,0,0,0,0,0,0,0,0,0
2003,410155,1,1,0,0,0,0,0,0,0,0,0,0
2003,410156,1,1,17,0,0,0,38,0,0,0,31,11
2003,410157,1,1,0,0,0,0,0,0,0,0,0,0
2003,410158,1,1,0,0,0,0,0,0,0,0,0,0
2003,410158,2,1,0,0,0,0,0,0,0,0,0,0
2003,410159,1,1,0,0,0,0,0,0,0,0,0,0
2003,410159,2,1,0,0,0,0,0,0,0,0,0,0
2003,410160,1,1,0,0,0,10,0,0,0,0,0,6
2003,410160,2,1,0,0,0,0,0,0,0,0,0,0
2003,410161,1,1,0,0,0,0,0,0,0,0,0,0
2003,410162,1,1,0,0,0,0,0,0,0,0,0,0
2003,410163,1,1,14,14,14,14,14,14,14,14,14,14
2003,410164,0,1,0,0,0,0,0,0,0,0,0,0
2003,410164,1,1,19,19,19,19,19,19,19,19,19,19
2003,410165,1,1,24,24,24,24,24,24,24,24,24,24
2003,410166,1,1,0,0,0,0,0,0,0,0,0,0
2003,410166,2,1,0,0,0,0,0,0,0,0,0,0
2003,410167,1,1,10,10,10,10,10,10,10,10,10,10
2003,410168,1,1,11,11,11,11,11,11,11,11,11,11
2003,410169,0,1,0,0,0,0,0,0,0,0,0,0
2003,410169,0,2,23,0,5,18,0,0,0,17,14,0
2003,410169,0,3,33,0,12,33,0,20,5,24,0,14
2003,410169,1,1,22,22,22,22,22,22,22,22,22,22
2003,410170,1,1,0,0,0,0,0,0,0,0,0,0
2003,410170,2,1,8,8,8,8,8,8,8,8,8,8
2003,410171,0,1,11,0,18,33,0,0,0,32,21,0
2003,410171,1,1,0,0,0,0,0,0,0,0,0,0
2003,410172,1,1,0,0,0,0,10,0,10,0,0,0
2003,410173,1,1,22,0,33,0,16,0,0,17,0,7
2003,410173,2,1,0,0,0,0,0,0,0,0,0,0
2003,410174,1,1,0,0,0,0,0,0,0,0,0,0
2003,410175,1,1,21,21,21,21,21,21,21,21,21,21
2003,410176,1,1,0,0,0,0,0,0,8,0,0,0
2003,410177,1,1,6,6,6,6,6,6,6,6,6,6
2003,410178,1,1,9,9,9,9,9,9,9,9,9,9
2003,410179,1,1,13,13,13,13,13,13,13,13,13,13
2003,410180,1,1,0,29,30,33,17,26,0,12,0,35
2003,410181,1,1,0,0,0,0,0,0,0,0,0,0
2003,410182,1,1,14,14,14,14,14,14,14,14,14,14
2003,410183,0,1,0,0,0,0,0,0,0,0,0,0
2003,410183,1,1,0,0,0,0,0,0,0,0,0,0
2003,410184,1,1,14,14,14,14,14,14,14,14,14,14
2003,410184,2,1,0,0,0,0,0,0,0,0,0,0
2003,410185,1,1,0,0,13,0,14,0,0,0,0,0
2003,410185,2,1,0,0,0,0,0,9,0,0,0,0
2003,410186,1,1,0,8,12,24,34,0,11,27,17,18
2003,410187,1,1,0,0,0,0,0,0,0,0,0,0
2003,410187,2,1,0,0,0,0,0,0,0,0,0,0
2003,410188,1,1,16,16,16,16,16,16,16,16,16,16
2003,410189,1,1,14,14,14,14,14,14,14,14,14,14
2003,410190,1,1,0,0,0,0,0,0,0,0,0,0
2003,410191,1,1,0,0,0,0,0,0,0,0,0,0
2003,410191,2,1,0,0,0,0,0,0,0,0,0,0
2003,410192,1,1,19,19,19,19,19,19,19,19,19,19
2003,410193,1,1,2,2,2,2,2,2,2,2,2,2
2003,410194,1,1,28,28,28,28,28,28,28,28,28,28
2003,410195,1,1,0,0,0,0,0,0,0,0,0,0
2003,410195,2,1,0,0,0,0,0,0,0,0,0,0
2003,410195,3,1,0,0,0,0,0,0,12,0,0,0
2003,410196,1,1,33,31,9,19,0,25,0,11,0,0
2003,410197,1,1,0,0,0,0,0,0,0,0,0,0
2003,410197,2,1,0,0,0,0,0,0,0,0,0,0
2003,410198,1,1,21,21,21,21,21,21,21,21,21,21
2003,410199,1,1,0,0,0,0,0,0,0,0,0,0
2003,410199,2,1,0,0,0,0,0,0,0,0,0,0
2003,410200,1,1,16,16,16,16,16,16,16,16,16,16
2003,410200,2,1,0,0,0,0,0,0,0,0,0,0
2003,410201,1,1,0,0,0,0,9,14,11,0,0,0
2003,410202,1,1,13,13,13,13,13,13,13,13,13,13
2003,410203,1,1,0,0,0,0,0,0,0,0,0,0
2003,410203,2,1,0,0,0,0,0,0,0,0,0,0
2003,410204,1,1,13,13,13,13,13,13,13,13,13,13
2003,410205,1,1,0,0,0,0,0,0,0,0,0,0
2003,410205,2,1,35,35,35,35,35,35,35,35,35,35
2003,410206,1,1,10,0,0,0,0,0,0,0,0,0
2003,410206,2,1,0,0,0,0,0,0,0,0,0,0
2003,410207,1,1,0,15,0,0,0,0,0,0,12,0
2003,410208,1,1,20,20,20,20,20,20,20,20,20,20
2003,410208,2,1,0,0,0,0,0,0,0,0,0,0
2003,410208,3,1,0,0,0,0,0,0,0,0,0,0
2003,410209,0,1,0,0,0,0,19,0,0,0,0,0
2003,410209,1,1,0,0,0,0,0,0,0,0,0,0
2003,410210,1,1,0,0,0,0,0,0,0,0,0,0