YEAR,ST_CASE,veh_no,per_no,P1,P2,P3,P4,P5,P6,P7,P8,P9,P10
2003,410210,2,1,0,0,0,0,0,0,0,0,0,0
2003,410211,1,1,11,11,11,11,11,11,11,11,11,11
2003,410212,0,1,0,0,0,0,0,0,0,9,0,0
2003,410212,1,1,0,0,0,0,0,0,0,0,0,0
2003,410213,1,1,0,0,0,0,0,0,0,0,0,0
2003,410214,1,1,13,13,13,13,13,13,13,13,13,13
2003,410215,1,1,0,0,0,0,0,0,0,0,0,0
2003,410216,1,1,13,13,13,13,13,13,13,13,13,13
2003,410217,1,1,0,0,0,0,0,0,0,0,0,0
2003,410218,1,1,0,0,0,0,0,0,0,0,0,0
2003,410218,2,1,0,0,0,0,13,0,0,0,0,0
2003,410219,1,1,23,23,23,23,23,23,23,23,23,23
2003,410220,1,1,0,0,0,0,0,0,0,0,0,0
2003,410220,2,1,0,0,0,0,0,0,0,0,0,0
2003,410221,1,1,0,0,0,0,0,0,0,0,0,0
2003,410221,2,1,0,0,0,0,0,0,0,0,0,0
2003,410222,1,1,8,8,8,8,8,8,8,8,8,8
2003,410222,2,1,0,0,0,0,13,0,0,0,0,0
2003,410223,1,1,20,20,20,20,20,20,20,20,20,20
2003,410224,1,1,6,0,0,19,15,18,8,0,9,18
2003,410225,1,1,13,13,13,13,13,13,13,13,13,13
2003,410226,1,1,0,0,0,0,0,0,0,0,0,0
2003,410227,1,1,26,0,17,17,24,0,0,23,0,12
2003,410228,1,1,0,0,0,0,0,0,0,0,0,0
2003,410229,1,1,0,12,0,0,10,0,0,0,0,0
2003,410229,2,1,0,0,18,0,0,0,0,0,0,0
2003,410230,1,1,0,0,0,0,0,0,0,0,0,0
2003,410230,2,1,0,0,0,0,0,0,0,0,0,0
2003,410231,0,1,0,0,0,0,0,0,0,0,0,0
2003,410231,0,2,0,0,0,0,0,0,0,0,0,0
2003,410231,0,3,0,0,0,16,0,0,0,23,12,0
2003,410231,1,1,0,0,0,0,0,0,0,5,0,0
2003,410232,1,1,0,0,0,0,0,0,0,0,0,0
2003,410232,2,1,0,0,0,0,0,0,0,0,0,0
2003,410233,1,1,0,0,0,0,0,0,0,0,0,0
2003,410234,0,1,0,0,0,0,0,0,0,0,0,0
2003,410234,1,1,0,0,0,0,0,0,0,0,0,0
2003,410235,1,1,14,14,14,14,14,14,14,14,14,14
2003,410236,1,1,0,0,0,14,0,0,0,0,0,0
2003,410237,1,1,0,0,0,0,0,0,0,0,0,0
2003,410238,1,1,19,19,19,19,19,19,19,19,19,19
2003,410240,1,1,0,0,0,0,0,0,0,0,0,0
2003,410240,2,1,0,0,0,0,0,0,0,0,0,0
2003,410241,1,1,10,10,10,10,10,10,10,10,10,10
2003,410242,1,1,0,0,0,0,0,0,0,0,0,0
2003,410242,2,1,0,0,0,0,0,0,0,0,0,0
2003,410242,3,1,0,0,0,0,0,0,0,0,0,0
2003,410243,1,1,0,0,0,0,4,0,0,0,0,0
2003,410244,1,1,0,0,0,0,0,0,0,0,0,0
2003,410245,1,1,0,0,0,0,0,0,0,11,0,0
2003,410245,2,1,0,0,0,0,0,0,0,0,0,0
2003,410246,1,1,0,0,0,0,0,0,0,0,0,0
2003,410247,1,1,0,0,0,0,0,0,0,0,0,0
2003,410247,2,1,0,0,0,11,0,0,0,0,0,0
2003,410248,1,1,0,0,0,0,0,0,0,0,0,0
2003,410248,2,1,0,0,0,0,0,0,0,0,0,0
2003,410249,1,1,0,0,0,0,0,0,0,0,0,0
2003,410249,2,1,0,0,0,0,0,0,0,0,0,0
2003,410250,0,1,18,18,18,18,18,18,18,18,18,18
2003,410250,1,1,2,2,2,2,2,2,2,2,2,2
2003,410251,0,1,0,0,0,0,0,0,0,0,0,0
2003,410251,1,1,0,0,0,0,0,0,0,0,0,0
2003,410252,1,1,2,2,2,2,2,2,2,2,2,2
2003,410252,2,1,0,0,0,0,0,0,0,0,0,0
2003,410253,1,1,0,0,0,0,0,0,0,0,0,0
2003,410253,2,1,0,0,0,0,0,23,0,0,17,0
2003,410254,1,1,12,0,11,21,26,22,48,23,0,16
2003,410254,2,1,0,0,0,0,0,0,0,0,0,0
2003,410254,3,1,0,0,0,0,0,0,0,0,0,0
2003,410255,0,1,0,0,0,0,0,0,0,0,0,0
2003,410255,1,1,0,0,0,0,0,0,0,0,0,0
2003,410256,1,1,13,13,13,13,13,13,13,13,13,13
2003,410256,2,1,0,0,0,0,0,0,0,0,0,0
2003,410257,1,1,0,0,0,0,0,0,0,0,0,0
2003,410257,2,1,0,0,0,0,0,0,0,0,0,0
2003,410258,0,1,0,0,0,0,0,0,0,0,0,0
2003,410258,1,1,0,0,0,0,0,0,0,0,0,0
2003,410259,1,1,0,0,0,0,0,0,0,0,0,0
2003,410260,1,1,14,14,14,14,14,14,14,14,14,14
2003,410261,1,1,3,3,3,3,3,3,3,3,3,3
2003,410261,2,1,2,2,2,2,2,2,2,2,2,2
2003,410262,1,1,22,22,22,22,22,22,22,22,22,22
2003,410262,2,1,0,0,0,0,0,0,0,0,0,0
2003,410263,1,1,0,0,0,0,0,0,0,0,0,0
2003,410264,1,1,0,0,0,0,0,0,0,0,0,0
2003,410264,2,1,0,0,0,0,0,0,0,0,0,0
2003,410265,1,1,13,13,13,13,13,13,13,13,13,13
2003,410266,1,1,12,0,13,0,28,0,0,0,16,20
2003,410266,2,1,0,0,0,0,0,0,0,0,0,0
2003,410267,1,1,1,1,1,1,1,1,1,1,1,1
2003,410268,1,1,0,0,0,0,0,0,0,0,0,0
2003,410268,2,1,0,0,0,0,0,0,0,0,0,0
2003,410268,3,1,4,0,0,0,0,0,0,0,0,0
2003,410269,1,1,0,0,0,0,0,0,0,0,0,0
2003,410270,1,1,0,0,0,7,25,0,0,0,0,0
2003,410271,1,1,0,0,0,0,0,0,0,0,0,0
2003,410271,2,1,0,0,0,0,0,0,0,0,0,0
2003,410272,1,1,10,10,10,10,10,10,10,10,10,10
2003,410273,1,1,19,19,19,19,19,19,19,19,19,19
2003,410274,1,1,0,0,0,0,0,0,0,0,0,0
2003,410274,2,1,0,0,0,0,0,0,0,0,0,0
2003,410275,1,1,14,14,14,14,14,14,14,14,14,14
2003,410276,1,1,18,18,18,18,18,18,18,18,18,18
2003,410277,1,1,21,21,21,21,21,21,21,21,21,21
2003,410278,0,1,29,29,29,29,29,29,29,29,29,29
2003,410278,1,1,0,0,0,0,0,0,0,0,0,0
2003,410279,0,1,20,20,20,20,20,20,20,20,20,20
2003,410279,1,1,0,0,0,0,0,0,0,0,0,0
2003,410281,1,1,17,17,17,17,17,17,17,17,17,17
2003,410282,1,1,0,0,0,0,0,0,0,0,0,2
2003,410282,2,1,0,0,0,0,0,0,0,0,0,0
2003,410282,3,1,17,12,0,9,0,0,31,0,0,0
2003,410283,1,1,12,12,12,12,12,12,12,12,12,12
2003,410284,1,1,0,0,0,0,0,0,0,0,0,0
2003,410285,1,1,0,0,0,0,0,0,0,0,0,0
2003,410285,2,1,0,0,0,0,0,0,0,0,0,0
2003,410286,1,1,0,0,0,0,0,0,0,0,0,0
2003,410287,1,1,14,14,14,14,14,14,14,14,14,14
2003,410288,1,1,11,11,11,11,11,11,11,11,11,11
2003,410289,1,1,24,24,24,24,24,24,24,24,24,24
2003,410291,1,1,15,0,15,0,0,21,14,15,31,0
2003,410292,1,1,0,0,0,0,0,0,0,0,0,0
2003,410293,1,1,3,3,3,3,3,3,3,3,3,3
2003,410293,2,1,0,6,0,0,0,0,0,0,0,3
2003,410294,1,1,0,0,0,0,0,0,0,0,0,0
2003,410294,2,1,0,0,0,0,0,0,0,0,0,0
2003,410295,1,1,0,0,0,0,0,0,0,0,0,0
2003,410295,2,1,0,0,0,0,0,0,0,0,0,17
2003,410296,1,1,3,3,3,3,3,3,3,3,3,3
2003,410296,2,1,0,0,0,0,1,0,0,22,20,0
2003,410297,1,1,15,15,15,15,15,15,15,15,15,15
2003,410298,1,1,27,27,27,27,27,27,27,27,27,27
2003,410299,1,1,29,29,29,29,29,29,29,29,29,29
2003,410300,1,1,0,13,0,0,0,7,11,0,0,0
2003,410300,2,1,0,0,0,0,0,0,0,0,0,0
2003,410301,1,1,0,0,0,0,0,0,0,0,0,0
2003,410302,1,1,12,12,12,12,12,12,12,12,12,12
2003,410302,2,1,0,0,0,0,0,0,0,0,0,0
2003,410303,0,1,0,0,0,0,0,0,0,0,0,0
2003,410303,1,1,22,22,22,22,22,22,22,22,22,22
2003,410304,1,1,0,0,0,0,0,0,0,0,0,0
2003,410304,2,1,0,0,0,0,0,0,0,0,0,0
2003,410305,1,1,0,0,0,23,0,17,0,0,0,0
2003,410305,2,1,0,0,0,0,0,0,0,0,0,0
2003,410306,1,1,12,0,26,23,0,18,0,19,15,0
2003,410307,0,1,0,0,20,0,0,0,0,0,0,11
2003,410307,1,1,0,0,0,0,0,0,0,0,0,0
2003,410308,1,1,0,0,0,0,0,0,0,0,0,0
2003,410309,0,1,35,35,35,35,35,35,35,35,35,35
2003,410309,1,1,0,0,0,0,0,0,0,0,0,0
2003,410310,1,1,0,0,0,0,0,0,0,0,0,0
2003,410311,1,1,0,0,0,0,0,0,0,0,0,0
2003,410311,2,1,0,0,0,0,0,0,0,0,0,0
2003,410312,1,1,0,0,0,0,0,0,0,0,0,0
2003,410313,1,1,8,8,8,8,8,8,8,8,8,8
2003,410314,1,1,0,0,0,0,0,0,0,0,0,0
2003,410314,2,1,0,0,0,0,0,0,0,0,0,0
2003,410314,3,1,0,16,0,0,0,0,0,0,0,0
2003,410315,1,1,0,0,0,0,0,0,0,0,0,0
2003,410316,1,1,10,10,10,10,10,10,10,10,10,10
2003,410317,1,1,0,0,0,0,0,0,0,0,0,0
2003,410317,2,1,0,0,0,0,0,0,0,0,0,0
2003,410317,3,1,0,0,0,0,0,0,0,0,0,0
2003,410318,1,1,0,16,0,0,0,0,0,0,0,0
2003,410319,1,1,0,0,0,0,0,0,0,0,0,0
2003,410320,0,1,25,25,25,25,25,25,25,25,25,25
2003,410320,1,1,0,0,0,0,0,0,0,0,0,0
2003,410321,0,1,28,28,28,28,28,28,28,28,28,28
2003,410321,1,1,0,0,0,0,0,0,0,0,0,0
2003,410322,1,1,0,0,0,0,0,0,0,0,0,0
2003,410323,1,1,0,0,0,0,0,0,0,0,0,0
2003,410323,2,1,0,0,0,0,0,0,0,0,0,0
2003,410324,0,1,7,7,7,7,7,7,7,7,7,7
2003,410324,1,1,7,7,7,7,7,7,7,7,7,7
2003,410325,1,1,12,12,12,12,12,12,12,12,12,12
2003,410326,1,1,25,25,25,25,25,25,25,25,25,25
2003,410327,1,1,0,0,0,0,0,0,0,0,0,0
2003,410327,2,1,0,0,0,0,0,0,0,0,0,0
2003,410328,1,1,8,8,8,8,8,8,8,8,8,8
2003,410329,1,1,0,0,0,0,0,0,0,0,0,0
2003,410329,2,1,0,0,0,0,0,0,0,0,0,0
2003,410330,1,1,18,18,18,18,18,18,18,18,18,18
2003,410331,0,1,0,0,0,0,0,0,0,0,0,0
2003,410331,1,1,0,0,0,0,10,0,0,10,0,0
2003,410332,1,1,0,0,0,0,0,0,0,0,0,0
2003,410333,1,1,0,0,0,0,0,0,0,0,0,0
2003,410333,2,1,0,0,0,0,0,0,0,14,0,0
2003,410334,1,1,0,0,0,0,0,0,0,0,0,0
2003,410335,1,1,0,0,0,0,0,0,0,0,0,0
2003,410335,2,1,0,0,0,0,0,0,0,0,0,0
2003,410335,3,1,0,21,0,0,0,0,0,0,0,10
2003,410336,1,1,0,0,0,0,0,0,0,0,0,0
2003,410336,2,1,0,0,0,0,0,0,0,0,0,0
2003,410337,1,1,0,0,0,0,0,0,0,0,0,0
2003,410338,1,1,0,0,0,0,0,0,21,0,0,0
2003,410339,1,1,3,3,3,3,3,3,3,3,3,3
2003,410339,2,1,0,0,0,0,0,0,0,0,0,0
2003,410340,1,1,0,0,0,0,0,0,0,0,0,0
2003,410340,2,1,0,0,0,0,0,0,0,0,0,0
2003,410341,1,1,0,0,0,0,0,0,0,0,0,0
2003,410342,1,1,0,0,0,0,0,0,0,0,10,0
2003,410342,2,1,0,0,0,0,0,0,0,0,0,0
2003,410343,1,1,0,0,0,0,0,0,0,0,0,0
2003,410343,2,1,0,0,0,0,0,0,0,0,0,0
2003,410344,1,1,0,0,0,0,29,0,22,14,0,19
2003,410345,1,1,0,0,0,0,0,0,0,0,0,0
2003,410346,1,1,11,11,11,11,11,11,11,11,11,11
2003,410347,0,1,32,32,32,32,32,32,32,32,32,32
2003,410347,1,1,0,0,0,0,0,0,0,0,0,0
2003,410348,1,1,23,23,23,23,23,23,23,23,23,23
2003,410349,0,1,0,0,0,0,0,0,0,0,0,0
2003,410349,1,1,0,0,0,0,0,0,0,0,0,0
2003,410350,1,1,0,0,0,0,0,0,0,0,0,0
2003,410351,1,1,0,0,0,0,0,0,0,0,0,0
2003,410352,1,1,27,27,27,27,27,27,27,27,27,27
2003,410353,1,1,6,6,6,6,6,6,6,6,6,6
2003,410353,2,1,0,0,0,0,0,0,0,0,0,0
2003,410354,1,1,0,0,0,0,0,0,0,0,0,0
2003,410355,1,1,0,0,0,0,0,0,0,0,0,0
2003,410356,1,1,0,0,0,0,0,0,0,0,0,0
2003,410356,2,1,0,0,0,0,0,0,0,0,0,0
2003,410357,0,1,19,19,19,19,19,19,19,19,19,19
2003,410357,1,1,0,0,0,0,0,0,0,0,0,0
2003,410358,0,1,12,12,12,12,12,12,12,12,12,12
2003,410358,1,1,0,0,0,0,0,0,0,0,0,0
2003,410359,1,1,18,18,18,18,18,18,18,18,18,18
2003,410360,1,1,0,0,0,0,0,0,0,0,0,0
2003,410360,2,1,0,0,0,0,0,0,0,0,0,0
2003,410361,1,1,0,0,0,0,0,0,0,0,0,0
2003,410361,2,1,0,0,0,0,0,0,0,0,0,0
2003,410362,1,1,0,0,0,0,0,0,0,0,0,0
2003,410362,2,1,0,0,0,0,0,0,0,0,0,0
2003,410362,3,1,0,0,0,0,0,0,0,0,0,0
2003,410363,1,1,0,0,0,0,0,0,0,0,0,0
2003,410364,1,1,0,0,0,0,0,0,0,0,0,0
2003,410364,2,1,0,0,0,0,0,0,0,0,0,0
2003,410365,1,1,24,24,24,24,24,24,24,24,24,24
2003,410365,2,1,0,0,0,0,0,0,0,0,0,0
2003,410366,1,1,9,9,9,9,9,9,9,9,9,9
2003,410366,2,1,0,0,0,0,0,0,0,0,0,0
2003,410367,1,1,18,18,18,18,18,18,18,18,18,18
2003,410368,0,1,25,25,25,25,25,25,25,25,25,25
2003,410368,1,1,0,0,0,0,0,0,0,12,0,0
2003,410369,1,1,28,28,28,28,28,28,28,28,28,28
2003,410369,2,1,0,0,0,0,0,0,0,0,0,0
2003,410370,1,1,0,0,0,0,0,0,0,0,0,0
2003,410370,2,1,0,0,0,0,0,0,0,0,0,0
2003,410370,3,1,11,0,0,0,0,11,0,0,0,0
2003,410371,1,1,12,0,6,7,0,0,0,0,12,19
2003,410371,2,1,0,0,0,0,0,0,0,0,0,0
2003,410372,1,1,0,0,0,0,0,0,0,0,0,0
2003,410372,2,1,0,0,0,0,0,0,0,0,0,0
2003,410373,1,1,0,0,0,0,0,0,0,0,0,0
2003,410374,1,1,0,0,0,0,0,0,0,0,0,0
2003,410375,1,1,0,0,0,0,0,0,0,0,0,0
2003,410375,2,1,0,0,0,0,0,0,0,0,0,0
2003,410375,3,1,0,0,0,0,0,0,0,0,0,0
2003,410376,1,1,0,0,0,0,0,0,0,0,0,0
2003,410376,2,1,0,0,0,0,20,28,0,0,0,0
2003,410377,1,1,0,0,0,0,0,0,0,0,0,0
2003,410377,2,1,0,0,0,0,0,0,0,0,0,0
2003,410378,1,1,21,21,21,21,21,21,21,21,21,21
2003,410379,1,1,0,0,0,0,6,0,0,0,0,0
2003,410379,2,1,0,0,0,0,0,0,0,0,0,0
2003,410380,1,1,19,19,19,19,19,19,19,19,19,19
2003,410380,2,1,0,0,0,0,0,0,0,0,0,0
2003,410382,1,1,19,0,16,0,0,16,24,14,0,0
2003,410383,1,1,0,0,0,0,0,0,0,0,0,0
2003,410384,1,1,0,0,0,0,0,0,0,0,0,0
2003,410384,2,1,0,0,0,0,0,0,0,0,0,0
2003,410385,0,1,6,6,6,6,6,6,6,6,6,6
2003,410385,1,1,0,0,0,0,0,0,0,0,0,0
2003,410386,1,1,0,0,0,0,0,0,0,0,0,0
2003,410386,2,1,0,0,0,0,0,0,0,0,0,0
2003,410386,3,1,0,0,0,0,0,5,0,0,0,0
2003,410386,4,1,0,0,17,0,0,0,0,0,0,0
2003,410387,1,1,0,0,0,0,0,0,0,0,0,0
2003,410388,0,1,0,0,0,0,0,0,0,0,0,0
2003,410388,1,1,0,0,0,0,0,0,0,0,0,0
2003,410390,0,1,30,7,0,0,0,13,0,12,0,0
2003,410390,1,1,0,0,0,0,0,0,0,0,0,0
2003,410391,1,1,0,0,0,0,0,0,0,0,0,0
2003,410391,2,1,0,0,0,0,0,0,0,0,0,0
2003,410392,1,1,0,0,0,0,0,0,0,0,0,0
2003,410393,1,1,1,1,1,1,1,1,1,1,1,1
2003,410393,2,1,0,0,0,0,0,0,0,0,0,0
2003,410394,0,1,0,0,0,0,0,0,0,0,0,0
2003,410394,1,1,0,0,0,0,0,0,0,0,0,0
2003,410395,1,1,0,0,0,0,0,0,0,0,0,0
2003,410395,2,1,0,0,0,0,0,0,0,0,0,0
2003,410396,1,1,0,0,0,0,0,0,0,0,0,0
2003,410397,1,1,0,0,0,0,0,0,0,0,0,0
2003,410397,2,1,15,15,15,15,15,15,15,15,15,15
2003,410398,1,1,0,0,0,0,0,0,0,0,0,0
2003,410398,2,1,0,0,0,0,0,0,0,0,0,0
2003,410399,1,1,3,3,3,3,3,3,3,3,3,3
2003,410400,1,1,8,8,8,8,8,8,8,8,8,8
2003,410400,2,1,0,0,0,0,0,0,0,0,0,0
2003,410401,0,1,0,0,0,0,0,0,0,0,0,0
2003,410401,1,1,0,0,0,0,0,0,0,0,0,0
2003,410402,1,1,0,0,0,0,0,0,0,0,0,0
2003,410402,2,1,0,0,0,0,0,0,0,0,0,0
2003,410403,1,1,0,11,0,0,0,0,0,0,0,0
2003,410404,1,1,0,15,0,0,0,13,0,0,0,21
2003,410404,2,1,0,0,0,0,0,0,0,0,16,0
2003,410405,1,1,0,0,0,0,0,0,0,0,0,0
2003,410406,0,1,0,18,0,0,0,0,0,0,0,0
2003,410406,1,1,0,0,8,0,0,0,0,0,19,15
2003,410406,2,1,0,0,0,0,0,0,0,0,0,0
2003,410407,1,1,0,0,0,0,0,0,0,0,0,0
2003,410407,2,1,0,0,0,0,0,0,0,0,0,0
2003,410408,0,1,0,0,15,0,0,0,0,0,0,0
2003,410408,0,2,0,0,0,0,0,0,0,0,0,0
2003,410408,1,1,0,0,0,0,0,0,0,0,0,0
2003,410408,2,1,0,0,0,0,0,0,0,0,0,0
2003,410409,1,1,0,0,0,0,0,0,0,0,0,0
2003,410409,2,1,0,0,0,0,0,0,0,0,0,0
2003,410410,1,1,0,0,0,0,0,0,0,0,0,0
2003,410410,2,1,0,0,0,0,0,0,0,0,0,0
2003,410411,0,1,0,0,0,0,0,0,0,0,0,0
2003,410411,1,1,0,0,0,0,0,0,0,0,0,0
2003,410412,1,1,0,0,13,0,7,0,0,0,9,5
2003,410412,2,1,0,0,0,0,0,0,0,0,0,0
2003,410412,3,1,0,25,0,0,0,8,3,0,0,0
2003,410413,1,1,13,13,13,13,13,13,13,13,13,13
2003,410414,1,1,0,0,0,8,0,20,0,0,0,0
2003,410415,1,1,0,0,0,0,0,0,0,0,0,0
2003,410416,0,1,32,32,32,32,32,32,32,32,32,32
2003,410416,1,1,0,0,0,0,0,0,0,0,0,0
2003,410417,1,1,0,0,0,0,0,0,0,0,0,0
2003,410418,0,1,0,0,0,0,0,0,0,0,0,0
2003,410418,1,1,0,0,0,0,0,0,0,0,0,0
2003,410419,1,1,0,0,0,0,0,0,0,0,0,0
2003,410420,1,1,0,0,0,0,0,0,0,0,0,0
2003,410421,1,1,22,22,22,22,22,22,22,22,22,22
2003,410422,0,1,0,0,0,0,0,0,0,0,0,0
2003,410422,1,1,0,0,0,0,0,0,0,0,0,0
2003,410423,1,1,19,6,29,10,6,0,16,0,8,6
2003,410424,1,1,0,0,0,0,0,0,0,0,0,0
2003,410424,2,1,0,0,0,0,0,0,0,0,0,0
2003,410425,1,1,0,0,0,0,14,0,0,0,0,0
2003,410425,2,1,0,0,0,0,0,0,0,0,0,0
2003,410426,0,1,0,0,0,0,0,0,0,0,0,0
2003,410426,1,1,0,0,0,0,0,0,0,0,0,0
2003,410426,2,1,0,0,0,0,0,0,0,0,0,0
2003,410427,1,1,0,14,0,0,0,0,0,0,0,0
2003,410427,2,1,0,0,0,0,0,0,0,0,0,0
2003,410428,1,1,0,0,0,0,0,0,0,0,0,0
2003,410428,2,1,10,0,0,0,0,0,0,0,0,0
2003,410429,1,1,0,17,0,5,13,8,0,5,31,11
2003,410430,1,1,0,0,10,0,0,0,0,0,0,0
2003,410431,1,1,7,7,7,7,7,7,7,7,7,7
2003,410432,1,1,0,0,0,0,0,0,14,7,11,11
2003,410433,1,1,0,0,0,0,0,0,0,0,0,0
2003,410434,1,1,0,0,0,0,0,0,0,0,0,0
2003,410434,2,1,0,0,0,0,0,0,0,0,0,0
2003,410435,1,1,30,30,30,30,30,30,30,30,30,30
2003,410435,2,1,0,0,0,0,0,0,0,0,0,0
2003,410436,1,1,11,11,11,11,11,11,11,11,11,11
2003,410437,1,1,8,8,8,8,8,8,8,8,8,8
2003,410437,2,1,14,14,14,14,14,14,14,14,14,14
2003,410438,1,1,0,0,0,0,10,0,0,0,0,0
2003,410438,2,1,0,0,0,0,0,0,0,0,0,0
2003,420001,1,1,0,0,38,0,0,0,0,0,0,0
2003,420001,2,1,0,0,0,0,0,0,0,0,0,0
2003,420002,0,1,0,0,0,0,0,0,0,0,14,0
2003,420002,1,1,10,0,5,0,0,0,0,0,0,0
2003,420003,0,1,0,0,0,0,0,0,0,0,0,0
2003,420003,1,1,0,0,0,15,0,13,0,0,0,0
2003,420004,1,1,0,0,0,0,0,0,0,8,0,0
2003,420004,2,1,0,0,0,0,0,0,0,0,0,0
2003,420004,3,1,0,0,0,0,0,0,0,0,0,0
2003,420005,0,1,0,0,0,0,0,0,0,0,0,0
2003,420005,1,1,0,0,0,0,0,0,0,0,0,16
2003,420006,1,1,0,0,0,0,0,0,0,0,0,0
2003,420007,1,1,28,28,28,28,28,28,28,28,28,28
2003,420008,1,1,0,0,0,0,0,0,0,0,0,0
2003,420008,2,1,0,0,0,0,0,0,0,0,0,0
2003,420009,1,1,0,0,0,0,0,0,0,0,0,0
2003,420010,1,1,0,0,0,0,0,18,0,0,0,0
2003,420011,1,1,0,0,0,0,0,0,0,0,0,0
2003,420011,2,1,0,0,0,0,0,0,0,0,0,0
2003,420012,1,1,0,0,0,0,0,0,0,0,0,0
2003,420012,2,1,13,13,13,13,13,13,13,13,13,13
2003,420013,1,1,0,0,0,0,0,0,0,0,0,0
2003,420013,2,1,0,0,0,0,0,0,0,0,0,0
2003,420014,1,1,0,0,0,0,0,0,0,0,0,0
2003,420014,2,1,0,0,0,0,0,0,0,0,0,0
2003,420015,1,1,0,0,0,0,0,0,0,0,0,0
2003,420015,2,1,17,8,0,0,0,0,0,0,0,0
2003,420015,3,1,0,0,0,0,0,0,0,0,5,0
2003,420015,4,1,0,0,0,0,0,0,0,0,0,0
2003,420016,1,1,0,0,0,0,0,0,0,0,0,0
2003,420017,1,1,0,0,0,0,0,0,0,0,0,0
2003,420018,0,1,0,0,6,0,36,0,0,0,16,0
2003,420018,1,1,0,0,0,0,0,0,2,0,13,0
2003,420019,1,1,6,0,0,0,0,0,0,0,0,0
2003,420019,2,1,0,0,0,0,0,0,0,0,2,0
2003,420020,1,1,0,0,0,0,0,0,0,0,0,0
2003,420020,2,1,0,0,0,0,0,0,0,0,0,0
2003,420021,1,1,0,0,0,0,10,0,16,0,6,0
2003,420021,2,1,0,0,0,0,0,6,0,0,0,0
2003,420022,1,1,0,0,0,0,0,0,0,0,0,0
2003,420023,1,1,0,0,0,0,0,0,0,0,0,0
2003,420023,2,1,17,0,25,20,15,24,13,22,8,21
2003,420024,1,1,0,0,0,0,0,0,0,0,0,0
2003,420024,2,1,0,0,0,0,0,0,0,0,0,0
2003,420025,1,1,0,0,0,0,0,0,0,0,0,0
2003,420025,2,1,0,0,0,0,0,0,0,0,0,0
2003,420026,1,1,14,14,14,14,14,14,14,14,14,14
2003,420027,1,1,0,0,0,0,0,0,0,0,0,0
2003,420027,2,1,0,0,0,0,0,0,0,0,0,0
2003,420028,1,1,0,0,0,21,0,0,0,0,0,20
2003,420028,2,1,0,0,0,0,0,0,0,0,0,4
2003,420028,3,1,0,0,0,0,0,0,0,0,0,0
2003,420029,1,1,0,0,0,0,0,0,11,8,0,0
2003,420029,2,1,0,0,0,0,0,0,0,0,0,0
2003,420030,1,1,0,0,0,0,0,0,0,0,0,0
2003,420031,1,1,19,19,19,19,19,19,19,19,19,19
2003,420032,1,1,0,0,0,0,0,0,0,0,0,0
2003,420032,2,1,0,0,0,24,0,0,0,0,0,0
2003,420033,1,1,0,22,8,8,11,3,14,15,17,24
2003,420034,0,1,0,0,0,0,0,0,0,0,0,0
2003,420034,1,1,0,0,0,0,0,0,0,0,0,0
2003,420035,1,1,4,19,14,12,7,14,12,0,23,8
2003,420036,1,1,0,0,0,0,0,0,0,0,0,0
2003,420036,2,1,0,0,0,0,0,0,0,0,0,0
2003,420037,1,1,0,0,0,0,0,0,0,0,0,0
2003,420037,2,1,0,0,0,0,0,0,0,0,0,0
2003,420038,1,1,26,26,26,26,26,26,26,26,26,26
2003,420038,2,1,0,0,0,0,0,0,0,0,0,0
2003,420039,1,1,0,0,0,0,0,0,0,0,0,0
2003,420040,1,1,0,0,0,0,0,0,0,0,0,0
2003,420040,2,1,0,0,0,0,0,0,0,0,0,0
2003,420041,0,1,0,0,0,0,0,0,0,0,0,0
2003,420041,1,1,0,0,0,0,14,0,0,10,0,0
2003,420042,1,1,26,26,26,26,26,26,26,26,26,26
2003,420042,2,1,0,0,0,0,0,0,0,0,0,0
2003,420043,1,1,0,0,0,0,0,0,0,0,0,0
2003,420044,1,1,8,3,22,23,21,27,16,0,14,26
2003,420044,2,1,11,0,0,0,0,9,1,0,0,0
2003,420045,1,1,0,0,0,0,0,32,0,24,5,0
2003,420046,1,1,17,17,17,17,17,17,17,17,17,17
2003,420047,1,1,0,0,0,0,0,0,0,0,0,0
2003,420047,2,1,0,0,0,0,0,0,0,0,0,0
2003,420048,1,1,0,0,0,0,0,0,0,0,0,0
2003,420048,2,1,0,0,0,0,0,0,0,0,0,0
2003,420049,1,1,8,16,14,8,16,24,16,17,8,25
2003,420050,1,1,8,8,8,8,8,8,8,8,8,8
2003,420051,1,1,0,0,0,0,0,0,0,0,0,0
2003,420051,2,1,0,0,0,0,0,0,0,0,0,0
2003,420052,1,1,0,0,0,0,0,0,0,0,0,0
2003,420053,1,1,13,13,13,13,13,13,13,13,13,13
2003,420054,1,1,0,0,0,0,0,0,0,0,0,0
2003,420054,2,1,0,0,0,0,0,0,0,0,0,0
2003,420054,3,1,0,0,0,0,0,0,0,0,0,0
2003,420055,1,1,20,20,20,20,20,20,20,20,20,20
2003,420056,0,1,21,21,21,21,21,21,21,21,21,21
2003,420056,1,1,0,0,0,0,0,0,0,0,0,0
2003,420057,1,1,17,17,0,0,0,0,21,0,0,17
2003,420058,1,1,0,0,0,0,0,0,8,0,0,0