YEAR,ST_CASE,veh_no,per_no,P1,P2,P3,P4,P5,P6,P7,P8,P9,P10
2003,420058,2,1,0,0,0,11,0,0,0,0,0,0
2003,420059,1,1,1,1,1,1,1,1,1,1,1,1
2003,420059,2,1,0,0,0,0,0,0,0,0,0,0
2003,420059,3,1,0,0,0,0,0,0,0,0,0,0
2003,420059,4,1,11,0,0,0,0,0,0,0,0,0
2003,420060,1,1,0,0,0,0,0,0,0,0,0,0
2003,420060,2,1,0,0,0,0,0,0,0,0,0,0
2003,420061,1,1,0,0,0,0,0,0,0,0,0,0
2003,420062,1,1,0,0,0,0,0,0,0,0,0,0
2003,420062,2,1,0,0,0,0,0,0,0,0,0,0
2003,420063,1,1,18,18,18,18,18,18,18,18,18,18
2003,420064,0,1,33,33,33,33,33,33,33,33,33,33
2003,420064,1,1,0,0,0,0,0,0,0,0,0,0
2003,420065,1,1,0,0,0,0,0,0,0,0,0,0
2003,420066,1,1,0,0,0,0,0,0,0,0,0,0
2003,420067,1,1,0,0,0,0,0,0,0,0,0,0
2003,420068,1,1,0,0,0,0,0,0,0,0,0,0
2003,420068,2,1,0,0,0,0,0,0,0,0,0,0
2003,420069,1,1,0,0,12,0,0,0,0,0,0,0
2003,420069,2,1,0,11,0,0,0,0,0,0,0,0
2003,420070,1,1,0,0,0,0,0,0,0,0,0,0
2003,420071,1,1,0,0,0,0,0,0,0,0,0,0
2003,420071,2,1,0,0,0,0,0,0,0,0,0,0
2003,420072,1,1,12,12,12,12,12,12,12,12,12,12
2003,420073,1,1,0,0,0,0,0,0,0,0,0,0
2003,420073,2,1,0,0,0,0,0,0,0,0,0,0
2003,420074,0,1,26,26,26,26,26,26,26,26,26,26
2003,420074,1,1,0,0,0,0,0,0,0,0,0,0
2003,420075,1,1,21,21,21,21,21,21,21,21,21,21
2003,420076,1,1,17,0,0,0,0,0,0,0,0,0
2003,420077,0,1,0,29,0,0,0,0,44,0,0,0
2003,420077,1,1,0,0,0,0,0,0,0,0,0,0
2003,420078,1,1,0,0,0,0,0,0,0,0,0,0
2003,420078,2,1,0,0,0,0,0,0,0,0,0,0
2003,420079,1,1,0,0,0,0,0,0,0,0,0,0
2003,420079,2,1,11,0,0,0,0,0,0,0,0,0
2003,420080,1,1,0,0,0,0,10,0,18,0,0,0
2003,420080,2,1,0,0,0,0,0,0,0,0,0,0
2003,420081,1,1,0,0,0,0,0,0,0,0,0,0
2003,420082,1,1,25,25,25,25,25,25,25,25,25,25
2003,420083,1,1,0,0,0,0,0,0,0,0,0,0
2003,420083,2,1,0,0,0,0,0,0,0,0,0,0
2003,420084,0,1,0,0,0,0,0,0,0,0,0,0
2003,420084,1,1,0,0,0,15,0,0,0,0,0,0
2003,420085,1,1,0,0,0,0,0,0,0,0,0,0
2003,420086,1,1,0,0,0,0,0,0,0,0,0,0
2003,420086,2,1,0,0,0,0,0,0,0,0,0,0
2003,420087,1,1,13,13,13,13,13,13,13,13,13,13
2003,420087,2,1,0,7,0,0,0,0,0,0,0,0
2003,420088,1,1,0,0,0,0,12,0,0,0,0,0
2003,420088,2,1,0,0,0,0,0,0,0,0,0,0
2003,420089,1,1,0,0,0,0,0,0,0,0,0,0
2003,420089,2,1,0,0,0,0,0,0,0,0,0,0
2003,420090,1,1,0,0,0,0,0,0,0,0,0,0
2003,420090,2,1,0,0,0,0,0,0,0,0,0,0
2003,420091,0,1,0,0,0,0,0,0,0,0,0,0
2003,420091,1,1,0,0,0,0,0,0,0,0,0,0
2003,420092,1,1,0,0,0,0,0,0,0,0,0,0
2003,420092,2,1,0,0,0,0,0,0,0,0,0,0
2003,420093,1,1,0,0,0,0,0,0,0,0,0,0
2003,420093,2,1,0,0,0,0,0,0,0,0,0,0
2003,420094,1,1,15,15,15,15,15,15,15,15,15,15
2003,420095,0,1,0,22,0,4,21,15,21,0,18,0
2003,420095,0,2,18,0,0,0,0,0,14,12,0,0
2003,420095,0,3,0,0,0,0,0,0,0,0,0,0
2003,420095,2,1,0,0,0,0,0,0,0,0,0,0
2003,420096,1,1,0,0,0,9,0,0,0,0,0,0
2003,420096,2,1,0,0,0,0,0,0,0,0,0,0
2003,420097,1,1,0,0,0,0,0,0,0,0,0,0
2003,420098,1,1,14,14,14,14,14,14,14,14,14,14
2003,420098,2,1,0,0,0,0,0,0,16,0,0,10
2003,420099,1,1,10,10,10,10,10,10,10,10,10,10
2003,420100,1,1,10,10,10,10,10,10,10,10,10,10
2003,420101,1,1,14,14,14,14,14,14,14,14,14,14
2003,420102,1,1,6,6,6,6,6,6,6,6,6,6
2003,420102,2,1,0,0,0,0,0,0,0,0,0,0
2003,420103,0,1,0,0,0,0,0,0,0,0,0,0
2003,420103,1,1,13,13,13,13,13,13,13,13,13,13
2003,420104,1,1,10,10,10,10,10,10,10,10,10,10
2003,420105,1,1,14,14,14,14,14,14,14,14,14,14
2003,420105,2,1,0,0,0,0,0,0,0,0,0,0
2003,420105,3,1,0,0,0,0,0,0,0,0,0,0
2003,420106,1,1,10,10,10,10,10,10,10,10,10,10
2003,420107,1,1,7,7,7,7,7,7,7,7,7,7
2003,420108,1,1,0,0,0,0,0,0,0,0,0,0
2003,420109,1,1,0,0,0,0,0,0,0,0,0,0
2003,420109,2,1,0,0,0,0,0,0,0,0,0,0
2003,420110,1,1,14,14,14,14,14,14,14,14,14,14
2003,420111,1,1,0,0,0,0,0,0,0,0,0,0
2003,420111,2,1,0,0,0,0,0,0,0,0,0,0
2003,420112,0,1,0,0,0,0,0,0,0,0,0,0
2003,420112,1,1,10,10,10,10,10,10,10,10,10,10
2003,420113,1,1,0,0,0,0,0,0,0,0,0,0
2003,420113,2,1,0,0,0,0,0,0,0,0,0,0
2003,420114,1,1,0,0,0,0,0,0,0,0,0,0
2003,420114,2,1,0,0,0,0,0,0,0,0,0,0
2003,420115,1,1,20,20,20,20,20,20,20,20,20,20
2003,420115,2,1,0,0,0,0,0,0,0,0,13,0
2003,420115,3,1,0,0,0,5,0,0,0,0,14,0
2003,420116,1,1,19,19,19,19,19,19,19,19,19,19
2003,420117,0,1,0,0,0,0,0,0,0,0,0,0
2003,420117,1,1,0,0,0,0,0,0,0,0,0,0
2003,420118,1,1,17,17,17,17,17,17,17,17,17,17
2003,420118,2,1,0,0,0,0,0,0,0,0,0,0
2003,420119,0,1,0,0,0,0,0,0,0,0,0,0
2003,420120,1,1,0,0,11,0,0,0,0,0,0,0
2003,420120,2,1,0,0,0,0,0,0,0,0,0,0
2003,420121,1,1,13,13,13,13,13,13,13,13,13,13
2003,420122,1,1,0,0,0,0,0,0,0,0,0,0
2003,420122,2,1,0,0,0,0,0,0,0,0,0,0
2003,420122,3,1,0,0,0,0,0,0,0,0,0,0
2003,420123,1,1,0,0,0,0,0,0,0,0,0,0
2003,420124,0,1,0,0,0,0,0,0,0,0,0,0
2003,420124,1,1,0,0,0,0,0,0,0,0,0,0
2003,420124,2,1,0,0,0,0,0,0,0,0,0,0
2003,420125,1,1,8,0,0,0,0,0,0,0,0,0
2003,420125,2,1,0,0,0,0,0,0,0,0,0,0
2003,420126,1,1,0,0,0,0,0,0,0,0,0,0
2003,420127,0,1,23,23,23,23,23,23,23,23,23,23
2003,420127,1,1,15,0,0,0,0,0,0,11,0,0
2003,420128,1,1,0,0,0,0,0,0,0,0,0,0
2003,420128,2,1,0,0,0,0,0,0,0,0,0,0
2003,420128,3,1,0,0,0,0,0,0,0,0,0,0
2003,420129,0,1,0,0,0,0,0,0,0,0,0,0
2003,420129,1,1,6,0,0,0,0,0,0,0,0,0
2003,420130,1,1,0,23,0,11,0,0,0,0,0,19
2003,420130,2,1,0,0,0,0,0,0,0,0,0,0
2003,420130,3,1,0,30,0,0,0,0,0,0,22,0
2003,420131,1,1,0,0,0,0,0,0,0,0,0,0
2003,420132,1,1,13,13,13,13,13,13,13,13,13,13
2003,420133,1,1,0,0,0,0,0,0,0,0,0,0
2003,420134,1,1,0,0,0,0,0,0,0,0,0,0
2003,420135,1,1,18,18,18,18,18,18,18,18,18,18
2003,420135,2,1,0,0,0,0,0,0,0,0,0,0
2003,420136,1,1,9,9,9,9,9,9,9,9,9,9
2003,420136,2,1,7,7,7,7,7,7,7,7,7,7
2003,420137,1,1,11,11,11,11,11,11,11,11,11,11
2003,420138,0,1,0,0,0,0,0,0,0,0,0,0
2003,420138,1,1,0,0,0,0,0,0,0,0,0,0
2003,420139,1,1,0,0,0,0,0,0,0,0,0,0
2003,420139,2,1,0,0,0,0,0,0,0,0,0,0
2003,420140,1,1,0,0,0,0,0,0,0,0,0,0
2003,420141,1,1,0,0,0,0,0,0,0,0,0,0
2003,420141,2,1,0,0,0,0,0,0,0,0,0,0
2003,420142,1,1,20,20,20,20,20,20,20,20,20,20
2003,420143,1,1,27,27,27,27,27,27,27,27,27,27
2003,420144,1,1,30,30,30,30,30,30,30,30,30,30
2003,420144,2,1,0,0,0,0,0,0,0,0,0,0
2003,420145,1,1,0,0,0,0,0,0,0,0,0,0
2003,420146,1,1,0,0,0,0,0,0,0,0,0,0
2003,420146,2,1,0,0,0,0,0,0,0,0,0,0
2003,420146,3,1,0,0,0,0,0,0,0,0,0,0
2003,420147,1,1,0,0,0,0,0,0,0,0,0,0
2003,420148,1,1,0,0,0,0,0,0,0,0,0,0
2003,420149,1,1,0,0,0,0,0,0,0,0,0,0
2003,420149,2,1,0,0,0,0,0,0,0,0,0,0
2003,420150,1,1,3,3,3,3,3,3,3,3,3,3
2003,420150,2,1,15,0,0,0,0,0,0,0,0,9
2003,420150,3,1,0,0,0,0,0,0,0,0,0,0
2003,420150,4,1,0,0,0,0,0,0,0,15,0,0
2003,420151,1,1,0,0,0,0,0,0,0,0,0,0
2003,420152,0,1,0,0,0,0,0,0,0,0,0,0
2003,420152,1,1,0,0,0,0,0,0,0,0,0,0
2003,420153,1,1,0,0,0,0,0,0,0,0,0,0
2003,420153,2,1,0,0,0,0,0,0,0,0,0,0
2003,420153,3,1,0,0,2,0,0,0,0,0,0,0
2003,420153,4,1,0,0,0,0,0,0,0,0,0,0
2003,420154,1,1,3,3,3,3,3,3,3,3,3,3
2003,420154,2,1,0,0,0,0,0,0,0,0,0,0
2003,420155,1,1,0,0,0,0,0,0,0,0,0,0
2003,420155,2,1,0,0,0,0,0,0,0,0,0,0
2003,420156,1,1,20,20,20,20,20,20,20,20,20,20
2003,420157,1,1,0,0,0,0,0,0,0,0,0,0
2003,420158,1,1,13,13,13,13,13,13,13,13,13,13
2003,420159,1,1,0,0,0,0,0,0,0,0,0,0
2003,420159,2,1,0,0,0,0,0,0,0,0,0,0
2003,420160,1,1,0,0,0,0,0,0,0,0,0,0
2003,420161,0,1,0,0,0,0,15,0,0,0,0,0
2003,420161,1,1,0,0,0,0,0,0,0,0,0,0
2003,420161,2,1,0,0,0,0,0,0,0,0,0,0
2003,420162,1,1,9,9,9,9,9,9,9,9,9,9
2003,420163,1,1,19,19,19,19,19,19,19,19,19,19
2003,420164,0,1,0,0,0,0,0,0,8,24,0,0
2003,420164,1,1,0,0,0,15,0,0,0,16,15,0
2003,420165,0,1,23,17,40,13,25,12,23,16,29,25
2003,420165,1,1,0,0,0,0,0,0,0,0,0,0
2003,420166,1,1,0,0,0,0,0,0,0,0,0,0
2003,420167,1,1,30,30,30,30,30,30,30,30,30,30
2003,420168,1,1,0,0,0,0,0,0,0,0,0,0
2003,420168,2,1,0,0,0,0,0,0,0,0,0,0
2003,420169,0,1,0,0,0,0,0,0,0,0,0,0
2003,420169,1,1,0,0,0,0,0,0,0,0,0,0
2003,420170,1,1,14,14,14,14,14,14,14,14,14,14
2003,420171,1,1,0,0,0,0,0,0,0,0,0,0
2003,420171,2,1,0,0,0,0,0,0,0,0,0,0
2003,420172,0,1,0,0,0,0,0,0,0,0,0,0
2003,420172,1,1,0,0,0,0,0,0,0,0,0,17
2003,420173,1,1,17,0,30,0,0,0,0,0,0,0
2003,420173,2,1,0,0,0,0,0,0,0,0,0,0
2003,420174,1,1,0,0,0,0,0,0,0,0,0,0
2003,420174,2,1,0,0,0,0,0,0,0,0,0,0
2003,420175,1,1,0,0,0,0,0,0,0,0,0,0
2003,420176,0,1,8,8,8,8,8,8,8,8,8,8
2003,420176,1,1,0,0,0,0,0,0,0,0,0,0
2003,420176,2,1,0,0,0,0,0,0,0,0,0,0
2003,420177,1,1,27,27,27,27,27,27,27,27,27,27
2003,420178,0,1,16,0,0,23,16,21,43,23,0,0
2003,420178,1,1,0,0,0,0,0,0,0,0,0,0
2003,420179,1,1,0,0,0,0,0,0,0,0,0,0
2003,420180,1,1,22,22,22,22,22,22,22,22,22,22
2003,420181,1,1,11,11,11,11,11,11,11,11,11,11
2003,420182,1,1,23,23,23,23,23,23,23,23,23,23
2003,420182,2,1,10,0,0,0,0,0,0,0,0,0
2003,420183,1,1,0,0,0,0,14,0,0,0,0,6
2003,420183,2,1,0,0,0,0,0,0,0,0,0,0
2003,420184,1,1,0,0,0,0,0,0,0,0,0,0
2003,420184,2,1,0,0,0,0,0,0,0,0,0,0
2003,420185,1,1,0,0,0,0,0,0,0,0,0,0
2003,420185,2,1,0,0,0,0,0,0,0,0,0,0
2003,420186,1,1,20,20,20,20,20,20,20,20,20,20
2003,420187,1,1,0,0,0,0,0,0,0,0,0,0
2003,420188,1,1,0,0,0,0,0,0,0,0,0,0
2003,420188,2,1,0,0,0,0,0,0,0,0,0,0
2003,420189,1,1,0,0,0,0,0,0,0,0,0,0
2003,420189,2,1,0,0,0,0,0,0,0,0,0,0
2003,420190,1,1,18,0,20,19,19,5,15,9,25,0
2003,420191,1,1,0,0,0,0,0,0,0,0,0,0
2003,420191,2,1,0,0,0,0,0,0,0,0,0,0
2003,420192,1,1,0,0,0,0,0,0,0,0,0,0
2003,420192,2,1,0,0,0,0,0,0,0,0,0,0
2003,420193,1,1,20,20,20,20,20,20,20,20,20,20
2003,420193,2,1,0,0,0,0,14,0,0,14,18,0
2003,420194,1,1,0,0,0,0,0,0,0,0,0,0
2003,420194,2,1,0,0,0,0,0,0,0,0,0,0
2003,420194,3,1,0,0,0,0,0,0,0,0,0,0
2003,420195,1,1,0,0,0,0,0,0,0,0,0,0
2003,420195,2,1,0,0,0,0,0,0,0,0,0,0
2003,420196,0,1,0,0,0,0,11,0,0,0,18,0
2003,420196,1,1,5,5,5,5,5,5,5,5,5,5
2003,420197,1,1,0,0,0,0,0,0,0,8,0,2
2003,420197,2,1,0,0,0,0,0,0,0,0,0,0
2003,420198,1,1,3,3,3,3,3,3,3,3,3,3
2003,420198,2,1,0,0,0,0,0,0,0,0,0,0
2003,420198,3,1,6,0,0,0,0,0,0,0,0,0
2003,420199,1,1,0,0,0,0,0,0,0,0,0,0
2003,420199,2,1,0,0,0,0,0,0,0,0,0,0
2003,420199,3,1,0,0,0,0,0,0,0,0,0,0
2003,420199,4,1,0,0,0,0,0,0,0,0,0,0
2003,420199,5,1,0,0,0,0,0,0,0,0,0,0
2003,420199,6,1,0,0,0,0,8,0,0,0,0,0
2003,420199,7,1,0,0,0,0,1,0,0,0,0,0
2003,420199,8,1,0,0,0,0,0,0,0,0,0,0
2003,420199,9,1,0,0,0,0,0,0,0,0,0,0
2003,420199,10,1,0,0,0,0,0,0,0,0,0,0
2003,420199,11,1,18,0,0,0,0,0,0,0,0,0
2003,420199,12,1,0,0,0,0,0,0,0,0,0,0
2003,420200,1,1,21,21,21,21,21,21,21,21,21,21
2003,420201,0,1,0,0,0,0,0,0,0,0,0,0
2003,420201,1,1,0,0,0,0,0,0,0,0,0,0
2003,420202,1,1,0,0,0,0,0,0,0,0,0,0
2003,420203,1,1,0,0,0,0,0,0,0,0,0,0
2003,420204,1,1,8,8,8,8,8,8,8,8,8,8
2003,420205,1,1,0,0,0,0,0,0,0,0,0,0
2003,420206,1,1,16,16,16,16,16,16,16,16,16,16
2003,420206,2,1,14,14,14,14,14,14,14,14,14,14
2003,420207,1,1,0,0,0,0,0,0,0,0,0,0
2003,420207,2,1,0,0,0,0,0,0,0,0,0,0
2003,420208,1,1,0,0,0,0,0,0,0,0,0,0
2003,420208,2,1,0,0,0,0,0,0,0,0,0,0
2003,420209,1,1,0,0,0,0,0,0,0,0,0,0
2003,420210,1,1,0,0,0,0,0,0,0,0,0,0
2003,420210,2,1,0,0,0,0,0,0,0,0,7,0
2003,420211,1,1,0,0,0,0,0,0,0,0,0,0
2003,420212,1,1,0,0,0,0,0,0,0,0,0,0
2003,420212,2,1,0,0,0,0,0,0,0,0,0,0
2003,420213,1,1,40,40,40,40,40,40,40,40,40,40
2003,420214,1,1,0,0,0,0,0,0,0,0,0,0
2003,420214,2,1,0,0,0,0,0,0,0,0,0,0
2003,420215,1,1,0,0,0,0,0,0,0,0,0,0
2003,420215,2,1,0,0,0,0,0,0,0,0,0,0
2003,420216,0,1,0,0,0,0,0,0,0,0,0,0
2003,420216,1,1,10,16,21,0,23,4,15,12,20,9
2003,420217,1,1,0,0,0,0,0,0,0,0,0,0
2003,420217,2,1,0,0,0,0,0,0,10,0,17,0
2003,420218,0,1,17,17,17,17,17,17,17,17,17,17
2003,420218,1,1,0,0,0,0,0,0,0,0,0,0
2003,420219,1,1,4,4,4,4,4,4,4,4,4,4
2003,420219,2,1,0,0,0,0,0,0,0,0,0,0
2003,420220,1,1,0,0,0,0,0,0,0,0,0,0
2003,420220,2,1,0,0,0,0,0,0,0,0,0,0
2003,420221,1,1,0,0,0,0,0,0,0,0,0,0
2003,420221,2,1,0,0,0,0,0,0,0,0,0,0
2003,420222,1,1,20,20,20,20,20,20,20,20,20,20
2003,420222,2,1,0,0,0,0,0,0,0,0,0,0
2003,420223,1,1,0,0,0,0,0,0,0,0,0,0
2003,420224,0,1,36,36,36,36,36,36,36,36,36,36
2003,420224,1,1,0,0,0,0,0,0,0,0,0,0
2003,420224,2,1,0,4,0,0,0,0,0,0,0,0
2003,420225,1,1,0,0,0,0,0,0,0,0,0,0
2003,420226,1,1,0,0,0,0,0,0,0,0,0,0
2003,420227,1,1,0,0,0,0,0,0,0,0,0,0
2003,420227,2,1,0,0,0,0,0,0,0,0,0,0
2003,420228,0,1,0,0,0,0,0,0,7,0,0,0
2003,420228,0,2,0,0,0,0,0,32,0,23,10,21
2003,420228,1,1,0,0,0,0,0,0,0,0,0,0
2003,420229,1,1,0,0,0,0,0,0,0,0,0,0
2003,420230,1,1,0,11,0,7,0,0,0,0,0,0
2003,420230,2,1,0,0,15,0,0,0,0,0,0,0
2003,420231,1,1,0,0,0,0,0,0,0,0,0,0
2003,420231,2,1,0,0,0,0,0,0,0,0,0,0
2003,420232,1,1,0,0,0,0,0,0,0,0,0,0
2003,420232,2,1,0,0,0,0,0,0,0,0,0,0
2003,420233,1,1,36,17,12,14,21,20,30,21,20,20
2003,420234,1,1,0,0,0,0,0,0,0,0,0,0
2003,420234,2,1,0,0,0,0,0,0,0,0,0,0
2003,420235,1,1,0,0,0,0,5,0,0,0,0,0
2003,420235,2,1,0,0,0,0,0,0,0,0,0,0
2003,420236,1,1,28,28,28,28,28,28,28,28,28,28
2003,420237,1,1,0,0,11,0,0,0,0,0,0,0
2003,420237,2,1,0,0,0,0,0,16,0,0,0,0
2003,420238,1,1,12,12,12,12,12,12,12,12,12,12
2003,420239,0,1,0,0,0,0,0,0,0,0,0,0
2003,420239,1,1,14,0,16,0,0,0,0,0,0,0
2003,420240,1,1,0,0,0,0,0,0,0,0,0,0
2003,420241,0,1,6,12,31,6,0,10,14,25,8,3
2003,420241,1,1,0,0,21,0,0,0,0,0,0,0
2003,420242,1,1,0,0,0,0,0,0,0,0,0,0
2003,420242,2,1,0,0,0,0,0,0,0,0,0,0
2003,420242,3,1,0,0,0,0,16,0,0,0,0,0
2003,420243,1,1,14,14,14,14,14,14,14,14,14,14
2003,420243,2,1,0,0,0,0,0,0,0,0,0,0
2003,420244,1,1,15,15,15,15,15,15,15,15,15,15
2003,420245,2,1,0,0,0,0,0,0,0,13,0,0
2003,420246,1,1,0,0,0,0,0,0,0,0,0,0
2003,420247,1,1,0,0,0,0,0,0,0,0,0,0
2003,420248,1,1,0,0,0,0,0,0,0,0,0,0
2003,420248,2,1,0,0,0,0,0,0,17,0,14,14
2003,420249,0,1,0,0,0,0,0,0,0,0,0,0
2003,420249,1,1,0,0,20,0,0,0,0,0,0,0
2003,420250,1,1,30,9,31,8,17,9,5,18,21,19
2003,420251,1,1,7,7,7,7,7,7,7,7,7,7
2003,420252,1,1,0,0,0,0,0,0,0,0,0,0
2003,420252,2,1,0,0,0,0,0,0,0,0,0,0
2003,420253,0,1,0,0,0,0,0,0,0,0,0,0
2003,420253,1,1,13,0,0,0,0,0,0,0,0,0
2003,420254,1,1,0,0,0,0,0,0,0,0,0,0
2003,420254,2,1,5,5,5,5,5,5,5,5,5,5
2003,420255,1,1,24,24,24,24,24,24,24,24,24,24
2003,420256,1,1,23,10,3,23,2,27,14,0,15,17
2003,420256,2,1,18,18,18,18,18,18,18,18,18,18
2003,420257,1,1,0,0,0,0,0,0,0,0,0,0
2003,420258,1,1,0,0,0,14,0,0,0,0,0,0
2003,420258,2,1,0,0,0,0,0,0,0,0,0,0
2003,420259,1,1,0,0,0,0,0,0,0,0,0,0
2003,420260,0,1,0,0,0,0,0,0,0,0,0,0
2003,420260,1,1,0,0,0,0,0,0,0,0,0,0
2003,420261,1,1,7,13,14,6,10,13,17,0,17,26
2003,420262,1,1,29,29,29,29,29,29,29,29,29,29
2003,420263,1,1,0,0,0,0,0,0,0,0,0,0
2003,420264,1,1,18,18,18,18,18,18,18,18,18,18
2003,420265,1,1,0,0,0,0,0,0,0,0,0,0
2003,420265,2,1,1,1,1,1,1,1,1,1,1,1
2003,420266,1,1,23,23,23,23,23,23,23,23,23,23
2003,420266,2,1,0,0,0,0,0,0,0,0,0,0
2003,420267,1,1,0,0,0,0,0,0,0,0,0,0
2003,420268,1,1,28,28,28,28,28,28,28,28,28,28
2003,420268,2,1,0,0,0,0,0,0,0,0,0,0
2003,420268,3,1,0,0,0,0,0,0,0,0,0,0
2003,420268,4,1,0,18,0,0,0,0,0,0,25,0
2003,420269,1,1,13,13,13,13,13,13,13,13,13,13
2003,420270,1,1,0,0,0,0,0,0,0,0,0,0
2003,420270,2,1,0,21,0,0,0,5,0,0,0,0
2003,420270,3,1,0,0,0,0,0,0,0,0,0,0
2003,420270,4,1,0,0,0,0,0,0,0,0,0,0
2003,420271,1,1,0,0,0,0,0,0,0,0,0,0
2003,420271,2,1,0,0,0,0,0,0,0,0,0,0
2003,420272,1,1,13,13,13,13,13,13,13,13,13,13
2003,420272,2,1,0,0,0,0,0,0,9,13,0,10
2003,420273,1,1,14,14,14,14,14,14,14,14,14,14
2003,420274,1,1,0,0,0,0,0,0,0,0,0,0
2003,420274,2,1,0,0,0,0,0,0,0,0,0,0
2003,420274,3,1,0,0,0,0,0,0,0,0,0,0
2003,420275,1,1,0,0,0,0,0,0,0,0,0,0
2003,420276,1,1,16,16,16,16,16,16,16,16,16,16
2003,420276,2,1,0,0,0,0,0,0,0,0,0,0
2003,420277,1,1,0,0,0,0,0,0,0,0,0,0
2003,420278,1,1,22,22,22,22,22,22,22,22,22,22
2003,420279,1,1,0,0,0,0,0,0,0,0,0,0
2003,420279,2,1,0,0,0,0,0,0,0,0,0,0
2003,420280,1,1,44,8,14,23,19,16,25,11,9,18
2003,420280,2,1,7,0,0,0,0,0,0,24,0,0
2003,420281,1,1,3,3,3,3,3,3,3,3,3,3
2003,420282,1,1,0,0,0,0,0,0,0,0,0,0
2003,420283,1,1,0,0,0,0,0,0,0,0,0,0
2003,420283,2,1,0,0,0,0,0,0,0,0,0,0
2003,420284,1,1,20,20,20,20,20,20,20,20,20,20
2003,420285,1,1,37,37,37,37,37,37,37,37,37,37
2003,420286,0,1,31,31,31,31,31,31,31,31,31,31
2003,420286,1,1,0,0,0,0,0,0,0,0,5,0
2003,420287,1,1,0,0,0,0,0,0,0,0,0,0
2003,420288,1,1,0,0,0,0,0,0,0,0,0,0
2003,420288,2,1,0,0,0,0,0,0,0,0,0,0
2003,420289,1,1,0,0,0,0,0,0,0,0,0,0
2003,420289,2,1,0,0,0,0,0,0,0,0,0,0
2003,420290,1,1,0,0,0,0,0,0,0,0,0,0
2003,420291,1,1,31,31,31,31,31,31,31,31,31,31
2003,420292,1,1,19,19,19,19,19,19,19,19,19,19
2003,420293,1,1,0,0,0,0,0,0,0,0,0,0
2003,420293,2,1,0,0,0,0,0,5,0,0,0,0
2003,420294,1,1,0,13,0,0,0,0,6,0,0,0
2003,420294,2,1,0,0,0,0,0,0,0,0,0,0
2003,420295,0,1,0,0,0,0,0,0,0,0,0,0
2003,420295,1,1,0,0,0,0,0,0,0,0,0,0
2003,420296,1,1,21,21,21,21,21,21,21,21,21,21
2003,420296,2,1,0,22,51,0,0,0,0,0,0,0
2003,420297,2,1,0,0,0,0,0,0,12,0,0,0
2003,420298,0,1,0,0,0,0,0,0,0,0,0,0
2003,420298,1,1,4,10,0,15,0,9,12,16,0,13
2003,420299,1,1,0,0,0,21,0,0,0,0,0,0
2003,420300,1,1,0,0,0,0,0,0,0,0,0,0
2003,420300,2,1,0,0,0,0,0,0,0,0,0,0
2003,420301,1,1,18,18,18,18,18,18,18,18,18,18
2003,420302,1,1,19,19,19,19,19,19,19,19,19,19
2003,420303,1,1,0,0,0,0,0,0,0,0,0,0
2003,420303,2,1,0,0,0,0,0,0,0,0,0,0
2003,420304,1,1,0,0,0,0,0,0,0,0,0,0
2003,420305,1,1,11,11,11,11,11,11,11,11,11,11
2003,420306,1,1,0,0,0,0,0,0,0,0,0,0
2003,420307,1,1,0,0,0,0,0,0,0,0,0,0
2003,420307,2,1,0,0,0,0,0,0,0,0,0,0
2003,420308,1,1,0,0,0,0,0,0,0,0,0,0
2003,420308,2,1,0,0,0,0,0,0,0,0,0,0
2003,420309,1,1,22,22,22,22,22,22,22,22,22,22
2003,420310,1,1,38,38,38,38,38,38,38,38,38,38
2003,420310,2,1,0,0,0,0,0,0,0,0,0,0
2003,420311,0,1,0,0,0,0,0,0,0,0,0,0
2003,420311,1,1,0,0,0,0,0,0,0,0,0,0
2003,420312,1,1,0,0,0,0,0,0,0,0,0,0
2003,420312,2,1,0,13,0,0,0,0,0,0,0,0
2003,420313,1,1,23,23,23,23,23,23,23,23,23,23
2003,420314,1,1,0,0,0,0,0,0,0,0,0,0
2003,420315,1,1,0,0,0,0,0,0,0,0,0,0
2003,420315,2,1,0,0,0,0,0,0,0,0,0,0
2003,420316,1,1,20,16,17,18,20,13,35,22,11,18
2003,420317,1,1,29,29,29,29,29,29,29,29,29,29
2003,420318,1,1,12,12,12,12,12,12,12,12,12,12
2003,420319,1,1,0,0,0,0,0,0,0,0,0,0
2003,420319,2,1,0,0,0,0,0,0,0,0,0,0
2003,420319,3,1,1,1,1,1,1,1,1,1,1,1
2003,420320,1,1,7,7,7,7,7,7,7,7,7,7
2003,420321,1,1,25,25,25,25,25,25,25,25,25,25
2003,420322,1,1,0,0,0,0,0,0,0,0,0,0
2003,420323,0,1,25,25,25,25,25,25,25,25,25,25
2003,420323,1,1,0,0,0,0,0,0,0,0,0,0
2003,420323,2,1,11,0,0,0,0,0,0,0,0,0
2003,420324,1,1,0,0,0,0,0,0,0,0,0,0
2003,420325,1,1,0,0,0,0,0,0,0,0,0,0
2003,420326,1,1,0,0,0,0,0,0,0,0,0,0