YEAR,ST_CASE,veh_no,per_no,P1,P2,P3,P4,P5,P6,P7,P8,P9,P10
2003,420327,1,1,17,17,17,17,17,17,17,17,17,17
2003,420328,1,1,0,0,0,0,0,0,0,0,0,0
2003,420328,2,1,0,0,0,0,0,0,0,0,0,0
2003,420329,1,1,18,18,18,18,18,18,18,18,18,18
2003,420329,2,1,0,0,0,0,0,0,0,0,0,0
2003,420330,0,1,21,21,21,21,21,21,21,21,21,21
2003,420330,1,1,0,0,0,0,0,0,0,0,0,0
2003,420331,1,1,28,28,28,28,28,28,28,28,28,28
2003,420332,0,1,0,0,0,22,24,28,17,0,0,0
2003,420332,0,2,10,10,10,10,10,10,10,10,10,10
2003,420332,1,1,0,0,0,0,0,0,0,0,0,0
2003,420333,1,1,0,0,0,0,0,0,0,0,0,0
2003,420334,1,1,15,15,15,15,15,15,15,15,15,15
2003,420335,1,1,0,0,0,0,0,0,0,0,0,0
2003,420335,2,1,29,29,29,29,29,29,29,29,29,29
2003,420336,1,1,20,20,20,20,20,20,20,20,20,20
2003,420337,1,1,0,23,27,4,4,13,0,24,20,2
2003,420338,1,1,12,12,12,12,12,12,12,12,12,12
2003,420339,1,1,17,17,17,17,17,17,17,17,17,17
2003,420340,1,1,0,0,0,0,0,0,0,0,0,0
2003,420340,2,1,0,0,0,0,0,0,0,0,0,0
2003,420341,1,1,0,8,22,0,12,17,12,33,24,13
2003,420341,2,1,2,6,10,13,0,19,22,8,13,22
2003,420342,0,1,0,0,0,0,0,0,0,0,0,0
2003,420342,1,1,0,0,0,0,0,0,0,0,0,0
2003,420343,1,1,0,0,0,0,0,0,0,0,0,0
2003,420344,1,1,0,0,0,0,0,0,0,0,0,0
2003,420344,2,1,0,0,0,0,0,0,0,0,0,0
2003,420345,1,1,0,0,0,0,0,0,0,0,0,0
2003,420345,2,1,0,0,0,0,0,0,0,0,0,0
2003,420346,1,1,12,12,12,12,12,12,12,12,12,12
2003,420346,2,1,8,0,0,0,0,0,0,0,0,23
2003,420347,1,1,18,18,18,18,18,18,18,18,18,18
2003,420348,1,1,0,0,0,0,0,0,0,0,0,0
2003,420348,2,1,0,0,0,0,0,0,0,0,0,0
2003,420349,1,1,21,21,21,21,21,21,21,21,21,21
2003,420350,1,1,0,0,0,0,0,0,0,0,0,0
2003,420351,1,1,0,0,0,0,0,0,0,0,0,0
2003,420352,1,1,6,6,6,6,6,6,6,6,6,6
2003,420352,2,1,10,10,10,10,10,10,10,10,10,10
2003,420353,1,1,0,10,0,0,0,0,0,0,0,16
2003,420353,2,1,0,0,0,0,0,0,0,0,0,0
2003,420354,1,1,1,1,1,1,1,1,1,1,1,1
2003,420355,1,1,0,0,0,0,0,0,0,0,0,0
2003,420356,1,1,6,6,6,6,6,6,6,6,6,6
2003,420357,1,1,0,0,13,0,0,0,0,0,0,0
2003,420357,2,1,0,0,0,0,0,0,0,0,0,0
2003,420358,1,1,0,14,0,33,0,16,18,0,26,23
2003,420358,2,1,0,0,0,0,0,0,0,0,0,0
2003,420359,1,1,13,13,13,13,13,13,13,13,13,13
2003,420360,0,1,6,19,10,0,17,28,19,14,15,13
2003,420360,1,1,0,0,0,0,0,0,0,0,0,0
2003,420360,2,1,16,16,16,16,16,16,16,16,16,16
2003,420361,1,1,0,0,0,0,0,0,0,0,0,0
2003,420361,2,1,0,0,0,0,0,0,0,0,0,0
2003,420362,1,1,40,40,40,40,40,40,40,40,40,40
2003,420363,1,1,3,3,3,3,3,3,3,3,3,3
2003,420364,0,1,0,0,0,0,0,0,0,0,0,0
2003,420364,1,1,0,0,0,0,0,0,0,0,0,0
2003,420365,1,1,0,0,0,0,0,0,0,0,3,0
2003,420365,2,1,0,0,0,0,0,0,0,0,0,0
2003,420366,1,1,0,0,0,0,0,0,0,0,0,0
2003,420367,1,1,0,0,0,0,0,0,0,0,0,0
2003,420367,2,1,0,0,0,0,0,0,0,0,0,0
2003,420368,1,1,0,0,0,0,0,0,0,0,0,0
2003,420369,1,1,0,0,0,0,0,0,0,0,0,0
2003,420369,2,1,0,0,0,0,0,0,0,0,0,0
2003,420369,3,1,0,0,0,0,0,0,0,0,0,0
2003,420370,1,1,24,24,24,24,24,24,24,24,24,24
2003,420370,2,1,0,0,0,0,0,0,0,0,0,0
2003,420371,1,1,0,0,0,0,0,0,0,0,0,0
2003,420371,2,1,0,0,0,0,0,0,0,0,0,0
2003,420372,1,1,13,13,13,13,13,13,13,13,13,13
2003,420373,1,1,0,0,0,0,0,0,18,10,0,0
2003,420374,1,1,21,21,21,21,21,21,21,21,21,21
2003,420375,1,1,0,0,0,0,0,0,0,0,0,0
2003,420376,1,1,0,0,0,0,0,0,0,0,0,0
2003,420376,2,1,0,0,0,0,0,0,0,0,0,0
2003,420377,1,1,0,0,0,0,0,0,0,0,0,0
2003,420377,2,1,0,0,0,0,0,0,0,0,0,0
2003,420378,1,1,0,0,0,0,0,0,0,0,0,0
2003,420379,1,1,0,0,0,0,0,0,0,0,0,0
2003,420380,1,1,0,0,0,0,0,0,0,0,0,0
2003,420380,2,1,0,0,0,0,0,0,0,0,0,0
2003,420381,1,1,0,0,0,0,0,0,0,8,0,0
2003,420381,2,1,0,0,0,0,0,0,0,0,0,0
2003,420382,1,1,0,0,0,0,0,0,0,0,0,0
2003,420382,2,1,0,0,0,0,0,0,0,0,0,0
2003,420382,3,1,0,0,0,0,0,0,0,0,0,0
2003,420383,1,1,0,0,0,0,0,0,0,0,0,0
2003,420384,1,1,10,10,10,10,10,10,10,10,10,10
2003,420385,1,1,0,0,0,0,0,0,0,0,0,0
2003,420386,1,1,0,0,0,0,0,0,0,0,0,0
2003,420386,2,1,0,0,0,0,0,0,0,0,0,0
2003,420387,1,1,0,0,0,0,0,0,0,0,0,0
2003,420387,2,1,0,0,0,0,0,0,0,0,0,0
2003,420388,1,1,8,8,8,8,8,8,8,8,8,8
2003,420389,1,1,14,14,14,14,14,14,14,14,14,14
2003,420390,1,1,1,1,1,1,1,1,1,1,1,1
2003,420390,2,1,0,0,0,0,0,0,0,0,0,0
2003,420391,1,1,0,0,0,0,0,0,0,0,0,0
2003,420391,2,1,0,0,0,0,0,0,0,0,0,0
2003,420391,3,1,0,0,0,0,0,0,0,0,0,0
2003,420392,1,1,30,30,30,30,30,30,30,30,30,30
2003,420393,0,1,0,0,0,19,0,0,0,0,0,0
2003,420393,1,1,7,16,19,15,30,13,0,17,14,22
2003,420394,1,1,12,12,12,12,12,12,12,12,12,12
2003,420395,1,1,0,0,0,0,0,0,0,0,0,0
2003,420395,2,1,0,0,0,0,0,0,0,0,0,0
2003,420396,1,1,24,24,24,24,24,24,24,24,24,24
2003,420397,1,1,28,28,28,28,28,28,28,28,28,28
2003,420398,1,1,0,0,0,0,0,0,0,0,0,0
2003,420398,2,1,0,0,0,0,0,0,0,0,0,0
2003,420399,1,1,0,0,0,0,0,0,0,0,0,0
2003,420399,2,1,0,0,0,0,0,0,0,0,0,0
2003,420400,1,1,25,25,25,25,25,25,25,25,25,25
2003,420400,2,1,18,18,18,18,18,18,18,18,18,18
2003,420401,1,1,17,17,17,17,17,17,17,17,17,17
2003,420401,2,1,17,17,17,17,17,17,17,17,17,17
2003,420402,1,1,0,0,0,0,0,14,0,0,0,0
2003,420402,2,1,0,0,0,0,0,0,0,0,0,0
2003,420402,3,1,0,0,0,0,0,0,0,0,0,0
2003,420402,4,1,0,5,0,0,0,0,0,0,0,0
2003,420403,1,1,9,9,9,9,9,9,9,9,9,9
2003,420404,0,1,0,0,0,0,0,0,0,0,0,0
2003,420404,1,1,0,0,0,0,0,0,0,0,0,0
2003,420405,1,1,24,24,7,43,0,0,0,0,0,0
2003,420406,1,1,6,6,6,6,6,6,6,6,6,6
2003,420406,2,1,0,0,0,0,0,0,0,0,0,0
2003,420407,0,1,0,0,0,0,0,0,0,0,0,0
2003,420407,1,1,0,0,0,0,0,0,0,0,0,0
2003,420408,0,1,18,18,18,18,18,18,18,18,18,18
2003,420408,1,1,0,0,0,0,0,0,0,0,0,0
2003,420409,1,1,0,0,0,0,0,0,0,0,0,0
2003,420410,1,1,24,24,24,24,24,24,24,24,24,24
2003,420411,1,1,0,0,0,0,0,0,0,0,0,0
2003,420411,2,1,0,0,0,0,0,0,0,0,0,0
2003,420412,1,1,0,0,0,0,0,0,0,0,0,0
2003,420413,0,1,0,0,0,0,0,0,0,0,0,0
2003,420413,1,1,0,0,0,0,0,0,0,0,0,0
2003,420414,1,1,29,29,29,29,29,29,29,29,29,29
2003,420415,0,1,9,9,9,9,9,9,9,9,9,9
2003,420415,1,1,0,0,0,0,7,3,0,0,0,0
2003,420415,2,1,0,0,0,0,0,0,0,0,0,0
2003,420416,1,1,13,13,13,13,13,13,13,13,13,13
2003,420416,2,1,0,0,0,0,0,0,0,0,0,0
2003,420417,1,1,0,0,0,0,0,0,0,0,0,0
2003,420417,2,1,0,0,0,0,0,0,0,0,0,0
2003,420418,1,1,15,15,15,15,15,15,15,15,15,15
2003,420419,1,1,19,19,19,19,19,19,19,19,19,19
2003,420419,2,1,0,0,0,0,0,0,7,0,0,0
2003,420420,1,1,25,25,25,25,25,25,25,25,25,25
2003,420420,2,1,0,0,0,0,0,0,0,0,0,0
2003,420421,1,1,10,10,10,10,10,10,10,10,10,10
2003,420421,2,1,0,0,0,0,0,0,0,0,0,0
2003,420422,1,1,0,0,0,0,0,0,0,0,0,0
2003,420423,0,1,0,0,0,0,0,0,0,0,0,0
2003,420423,1,1,0,0,4,0,8,0,14,0,0,0
2003,420424,1,1,0,0,0,0,0,0,0,0,0,0
2003,420425,1,1,34,34,34,34,34,34,34,34,34,34
2003,420426,0,1,0,21,19,13,18,7,18,18,0,20
2003,420426,0,2,0,0,0,0,0,0,0,0,0,0
2003,420426,0,3,0,0,0,0,0,0,0,0,0,0
2003,420426,0,4,0,30,0,15,17,24,0,0,13,8
2003,420426,1,1,0,0,0,0,0,0,0,0,0,0
2003,420426,2,1,0,0,0,0,0,0,0,0,0,0
2003,420427,0,1,0,0,0,0,0,0,0,0,0,0
2003,420427,0,2,0,0,0,0,0,21,0,0,0,0
2003,420427,1,1,0,0,0,0,0,0,0,22,0,0
2003,420428,1,1,0,0,0,0,0,0,0,0,0,0
2003,420428,2,1,0,0,0,0,0,0,0,0,0,0
2003,420429,1,1,0,0,0,0,14,0,18,11,0,0
2003,420429,2,1,0,0,0,0,0,0,0,0,0,0
2003,420430,1,1,0,0,6,0,0,0,20,0,0,0
2003,420431,1,1,20,20,20,20,20,20,20,20,20,20
2003,420432,1,1,0,0,0,0,0,0,0,0,0,0
2003,420432,2,1,0,0,0,0,0,0,0,0,0,0
2003,420433,0,1,5,5,5,5,5,5,5,5,5,5
2003,420433,1,1,0,0,0,0,0,0,0,0,0,0
2003,420434,1,1,22,22,22,22,22,22,22,22,22,22
2003,420435,1,1,18,18,18,18,18,18,18,18,18,18
2003,420436,1,1,43,43,43,43,43,43,43,43,43,43
2003,420437,1,1,0,0,0,0,0,0,0,0,0,0
2003,420438,1,1,0,0,0,19,0,7,0,7,0,21
2003,420439,1,1,0,0,0,0,0,0,0,0,0,0
2003,420440,1,1,0,0,0,0,0,0,0,0,0,0
2003,420440,2,1,0,0,0,0,0,0,0,0,0,0
2003,420441,1,1,12,12,12,12,12,12,12,12,12,12
2003,420442,1,1,0,0,0,0,0,0,0,0,0,0
2003,420443,1,1,0,0,0,0,0,0,0,0,0,22
2003,420443,2,1,0,0,0,0,0,0,0,0,0,0
2003,420444,1,1,0,0,0,0,0,0,0,0,0,0
2003,420444,2,1,25,25,25,25,25,25,25,25,25,25
2003,420445,1,1,14,14,14,14,14,14,14,14,14,14
2003,420446,0,1,0,0,0,0,0,0,0,0,0,0
2003,420446,1,1,0,0,0,4,0,0,0,0,0,0
2003,420447,1,1,0,0,0,0,0,0,0,0,0,0
2003,420447,2,1,0,0,0,0,0,0,0,0,0,0
2003,420448,1,1,0,0,0,0,0,0,0,0,0,0
2003,420449,1,1,0,0,0,0,0,0,0,0,0,0
2003,420449,2,1,0,0,0,0,0,0,0,0,0,0
2003,420450,1,1,16,16,16,16,16,16,16,16,16,16
2003,420451,1,1,21,0,20,38,0,0,5,0,20,11
2003,420451,2,1,0,0,0,0,0,0,0,0,0,0
2003,420452,1,1,0,0,0,0,0,0,0,0,0,0
2003,420453,0,1,0,0,0,0,0,0,0,0,0,0
2003,420453,1,1,0,0,0,0,0,0,0,0,0,0
2003,420454,1,1,0,0,0,0,0,0,0,0,0,0
2003,420454,2,1,0,0,0,0,0,0,0,0,0,0
2003,420455,1,1,0,0,0,0,0,0,0,0,0,0
2003,420456,1,1,15,15,15,15,15,15,15,15,15,15
2003,420457,0,1,0,0,0,0,0,0,0,0,0,0
2003,420457,1,1,0,0,0,0,0,0,0,0,0,0
2003,420457,2,1,0,0,0,0,0,0,0,0,0,0
2003,420457,3,1,0,0,0,0,0,0,0,0,0,0
2003,420458,1,1,0,0,0,0,0,0,0,0,0,0
2003,420458,2,1,0,0,0,0,0,0,0,0,0,0
2003,420458,3,1,0,0,0,0,0,0,0,0,0,0
2003,420459,1,1,20,20,20,20,20,20,20,20,20,20
2003,420460,1,1,0,0,0,0,0,0,0,0,0,0
2003,420460,2,1,0,0,0,0,0,0,0,0,0,0
2003,420461,1,1,0,0,0,0,0,0,0,0,0,0
2003,420461,2,1,0,0,0,0,0,0,0,0,0,0
2003,420462,1,1,21,21,21,21,21,21,21,21,21,21
2003,420463,1,1,23,23,23,23,23,23,23,23,23,23
2003,420463,2,1,0,0,0,0,0,0,0,0,0,0
2003,420464,1,1,25,25,25,25,25,25,25,25,25,25
2003,420464,2,1,0,0,0,0,0,0,0,0,0,0
2003,420465,1,1,0,0,0,8,0,0,0,0,0,0
2003,420465,2,1,0,0,0,0,0,0,0,0,0,0
2003,420466,1,1,0,0,0,0,0,0,0,0,0,0
2003,420466,2,1,0,0,0,0,0,0,0,0,0,0
2003,420467,1,1,0,0,0,0,0,0,0,0,0,0
2003,420468,1,1,22,22,22,22,22,22,22,22,22,22
2003,420469,1,1,0,0,0,0,0,0,0,0,0,0
2003,420469,2,1,0,0,0,0,0,0,0,0,0,0
2003,420470,1,1,0,0,0,0,0,0,0,0,0,0
2003,420470,2,1,0,0,0,0,0,0,0,0,0,0
2003,420471,1,1,14,14,14,14,14,14,14,14,14,14
2003,420472,1,1,17,17,17,17,17,17,17,17,17,17
2003,420472,2,1,0,0,0,0,0,0,0,0,0,15
2003,420473,1,1,0,17,12,30,18,15,0,6,7,5
2003,420473,2,1,0,0,0,0,0,0,0,0,0,0
2003,420474,1,1,0,0,0,0,0,0,0,0,0,0
2003,420474,2,1,0,0,0,0,0,0,0,0,0,0
2003,420475,0,1,0,0,0,0,0,0,0,0,0,0
2003,420475,1,1,10,27,0,16,8,11,11,16,18,23
2003,420476,1,1,0,0,0,0,0,0,0,0,0,0
2003,420477,1,1,22,0,0,0,0,0,0,0,23,0
2003,420477,2,1,0,0,0,8,0,0,0,0,0,0
2003,420478,1,1,0,0,0,0,0,0,0,0,0,0
2003,420478,2,1,0,0,0,0,0,0,0,0,0,0
2003,420479,1,1,0,0,0,0,0,0,0,0,0,0
2003,420480,1,1,6,8,21,10,14,8,3,19,14,19
2003,420480,2,1,0,0,0,0,0,0,0,0,0,0
2003,420481,1,1,24,24,24,24,24,24,24,24,24,24
2003,420482,1,1,0,0,0,0,0,0,0,0,0,0
2003,420482,2,1,0,0,0,0,0,0,0,0,0,0
2003,420483,1,1,0,0,0,0,0,0,0,0,0,0
2003,420484,1,1,0,0,0,0,0,0,0,0,0,0
2003,420485,1,1,2,2,2,2,2,2,2,2,2,2
2003,420486,1,1,0,0,0,0,0,0,0,0,0,0
2003,420487,1,1,0,19,7,0,0,8,0,0,0,4
2003,420488,1,1,21,0,16,20,29,18,29,12,13,14
2003,420489,1,1,0,0,0,0,0,0,0,0,0,0
2003,420489,2,1,21,21,21,21,21,21,21,21,21,21
2003,420490,1,1,0,0,0,0,0,0,0,0,0,0
2003,420490,2,1,0,0,0,0,0,0,0,0,0,0
2003,420491,1,1,0,0,0,0,0,0,0,0,0,0
2003,420491,2,1,0,0,0,0,0,0,0,0,0,0
2003,420491,3,1,0,0,0,0,0,0,0,0,0,0
2003,420491,4,1,0,0,0,0,0,0,0,0,0,0
2003,420491,5,1,0,0,0,0,0,0,0,0,0,0
2003,420491,6,1,0,0,0,0,0,0,0,0,0,0
2003,420491,7,1,0,0,0,0,0,0,0,0,0,0
2003,420491,8,1,0,0,0,0,0,0,0,0,0,0
2003,420491,9,1,0,0,0,0,0,0,0,0,0,0
2003,420491,10,1,0,0,0,0,0,0,0,0,0,0
2003,420491,11,1,26,0,20,0,0,0,12,7,0,2
2003,420491,12,1,0,0,0,0,0,0,0,0,0,0
2003,420491,13,1,0,21,0,0,0,0,0,0,0,0
2003,420491,14,1,0,0,0,15,0,0,0,0,0,0
2003,420491,15,1,0,0,0,0,0,0,0,0,0,0
2003,420491,16,1,0,0,0,0,0,0,0,0,0,0
2003,420492,0,1,9,9,9,9,9,9,9,9,9,9
2003,420492,1,1,16,16,16,16,16,16,16,16,16,16
2003,420493,0,1,0,0,0,0,0,0,0,0,0,0
2003,420493,1,1,0,0,0,0,0,0,0,0,0,0
2003,420494,1,1,15,6,32,5,13,9,32,6,17,13
2003,420495,1,1,0,0,0,0,0,0,0,0,0,0
2003,420495,2,1,0,23,0,0,0,0,0,0,0,0
2003,420495,3,1,0,0,0,0,0,0,0,0,0,8
2003,420496,1,1,0,0,0,0,0,0,0,0,0,0
2003,420497,1,1,0,0,6,0,18,5,0,10,17,0
2003,420497,2,1,0,0,0,0,0,0,0,0,0,0
2003,420497,3,1,0,0,0,0,0,0,0,0,0,0
2003,420498,1,1,22,22,22,22,22,22,22,22,22,22
2003,420498,2,1,0,0,0,0,0,0,0,0,0,0
2003,420499,1,1,0,0,0,0,0,0,0,0,0,0
2003,420499,2,1,0,0,0,0,0,0,0,0,0,0
2003,420500,1,1,19,19,19,19,19,19,19,19,19,19
2003,420501,1,1,28,28,28,28,28,28,28,28,28,28
2003,420502,1,1,9,9,9,9,9,9,9,9,9,9
2003,420503,1,1,0,0,0,0,0,0,0,0,0,0
2003,420503,2,1,0,0,0,0,10,0,0,0,0,0
2003,420504,1,1,0,0,0,0,0,0,0,0,0,0
2003,420505,1,1,0,0,0,0,0,0,0,0,0,0
2003,420506,1,1,0,0,0,0,0,0,0,0,0,0
2003,420507,1,1,0,0,0,0,0,0,0,0,0,0
2003,420507,2,1,0,0,0,0,0,0,0,0,0,0
2003,420508,1,1,24,24,24,24,24,24,24,24,24,24
2003,420509,1,1,0,0,0,0,0,0,0,0,0,0
2003,420509,2,1,0,0,0,0,0,0,0,0,0,0
2003,420510,1,1,0,0,0,0,0,0,0,0,0,0
2003,420510,2,1,0,0,0,0,0,0,0,0,0,0
2003,420511,1,1,0,0,0,0,0,0,0,0,0,0
2003,420511,2,1,0,0,0,0,0,0,0,0,0,0
2003,420512,0,1,23,23,23,23,23,23,23,23,23,23
2003,420512,1,1,0,0,0,0,0,0,0,0,0,0
2003,420513,1,1,0,0,0,0,0,0,0,0,0,0
2003,420513,2,1,0,0,0,0,0,0,0,0,0,0
2003,420513,3,1,0,0,0,0,0,0,0,0,0,0
2003,420514,1,1,26,26,26,26,26,26,26,26,26,26
2003,420515,1,1,13,13,13,13,13,13,13,13,13,13
2003,420516,1,1,0,0,0,0,0,0,0,0,0,0
2003,420517,1,1,0,0,0,0,0,0,0,0,0,0
2003,420517,2,1,0,0,0,0,0,0,0,0,0,0
2003,420518,1,1,0,0,0,0,0,0,0,0,0,0
2003,420519,0,1,31,31,31,31,31,31,31,31,31,31
2003,420519,1,1,0,0,0,0,0,0,0,0,0,0
2003,420520,0,1,0,0,0,0,0,0,0,0,0,0
2003,420520,1,1,0,0,0,0,0,0,0,0,0,0
2003,420521,0,1,0,0,0,0,0,0,0,0,0,0
2003,420521,1,1,0,0,0,0,0,0,0,0,0,0
2003,420522,1,1,13,13,13,13,13,13,13,13,13,13
2003,420523,0,1,0,0,0,0,0,0,0,0,0,0
2003,420523,1,1,0,0,0,0,0,0,0,0,0,0
2003,420524,1,1,0,0,0,0,0,0,0,0,0,0
2003,420525,1,1,0,0,0,0,0,0,0,0,0,0
2003,420525,2,1,0,0,0,0,0,0,0,0,0,0
2003,420526,0,1,0,18,0,0,0,0,0,0,0,0
2003,420526,1,1,0,0,0,0,0,0,0,0,0,0
2003,420527,0,1,0,0,0,0,0,0,0,0,0,0
2003,420527,1,1,0,0,0,0,0,0,0,0,0,0
2003,420528,1,1,0,0,0,0,0,0,0,0,0,0
2003,420528,2,1,14,0,0,0,0,0,0,0,0,0
2003,420529,1,1,0,0,0,0,0,0,0,0,0,0
2003,420529,2,1,10,0,0,0,0,0,0,0,21,0
2003,420530,1,1,0,0,0,0,0,0,0,0,0,0
2003,420531,1,1,44,44,44,44,44,44,44,44,44,44
2003,420532,1,1,0,0,0,0,0,0,0,0,0,0
2003,420533,1,1,35,35,35,35,35,35,35,35,35,35
2003,420534,1,1,0,0,0,0,0,0,0,0,0,0
2003,420535,1,1,0,0,0,0,0,0,0,0,0,0
2003,420535,2,1,0,0,0,0,0,0,0,0,0,0
2003,420535,3,1,0,0,0,0,0,0,0,0,0,0
2003,420536,1,1,0,0,0,0,0,0,0,0,0,0
2003,420536,2,1,0,0,0,0,0,0,0,0,0,0
2003,420537,1,1,0,0,0,0,0,0,0,0,0,0
2003,420538,1,1,21,21,21,21,21,21,21,21,21,21
2003,420539,1,1,0,0,0,0,0,0,0,0,0,0
2003,420539,2,1,0,0,0,0,0,0,0,0,0,0
2003,420539,3,1,0,0,0,0,0,0,0,0,0,0
2003,420539,4,1,0,0,0,0,0,0,0,0,0,0
2003,420540,1,1,0,0,0,0,0,0,0,0,0,0
2003,420541,1,1,1,1,1,1,1,1,1,1,1,1
2003,420542,1,1,10,10,10,10,10,10,10,10,10,10
2003,420543,1,1,0,0,0,0,0,0,0,0,0,0
2003,420544,1,1,21,21,21,21,21,21,21,21,21,21
2003,420545,0,1,0,0,0,0,0,0,0,0,0,0
2003,420545,1,1,5,20,10,7,16,10,9,6,10,6
2003,420546,1,1,0,0,0,0,0,0,0,0,0,0
2003,420546,2,1,0,0,0,0,0,0,0,0,0,0
2003,420547,1,1,0,0,0,0,0,0,0,0,0,0
2003,420547,2,1,0,0,0,0,17,0,0,0,0,0
2003,420547,3,1,0,0,0,0,0,14,0,0,0,0
2003,420548,1,1,13,13,13,13,13,13,13,13,13,13
2003,420549,1,1,4,4,4,4,4,4,4,4,4,4
2003,420549,2,1,0,0,0,0,0,0,0,0,0,0
2003,420549,3,1,0,0,0,0,0,0,0,0,0,0
2003,420550,0,1,19,20,17,31,13,35,31,0,30,8
2003,420550,1,1,0,0,0,0,0,0,0,0,0,0
2003,420551,1,1,6,0,0,0,0,0,0,0,0,0
2003,420552,1,1,12,12,12,12,12,12,12,12,12,12
2003,420553,1,1,27,27,27,27,27,27,27,27,27,27
2003,420554,1,1,0,0,0,0,0,0,0,0,0,0
2003,420555,1,1,14,14,14,14,14,14,14,14,14,14
2003,420555,2,1,5,4,0,9,19,7,17,23,20,23
2003,420556,1,1,35,35,35,35,35,35,35,35,35,35
2003,420556,2,1,0,0,0,0,0,0,0,0,0,0
2003,420557,1,1,0,0,0,0,0,0,0,0,0,0
2003,420558,1,1,0,0,0,0,0,0,0,0,0,0
2003,420558,2,1,0,0,0,0,0,0,0,0,0,0
2003,420559,1,1,0,0,0,0,0,0,0,0,0,0
2003,420560,1,1,5,5,5,5,5,5,5,5,5,5
2003,420560,2,1,0,0,0,20,14,8,0,0,0,14
2003,420561,1,1,0,0,0,0,0,0,0,0,0,0
2003,420561,2,1,0,0,0,0,0,0,0,0,0,0
2003,420561,3,1,0,0,0,0,0,0,0,0,0,0
2003,420562,1,1,0,0,0,0,0,0,0,0,0,0
2003,420563,1,1,0,0,0,0,0,0,0,0,0,0
2003,420563,2,1,0,0,0,0,0,0,0,0,0,0
2003,420564,1,1,18,18,18,18,18,18,18,18,18,18
2003,420565,0,1,0,0,25,1,34,7,10,0,14,0
2003,420565,1,1,0,0,0,0,0,0,0,0,0,0
2003,420565,2,1,0,0,0,0,0,0,0,23,0,0
2003,420566,1,1,22,22,22,22,22,22,22,22,22,22
2003,420567,0,1,0,9,20,11,6,0,30,32,5,14
2003,420567,1,1,9,9,9,9,9,9,9,9,9,9
2003,420568,1,1,0,0,0,0,0,0,0,9,0,0
2003,420568,2,1,0,0,0,0,0,0,0,0,0,0
2003,420569,1,1,21,21,21,21,21,21,21,21,21,21
2003,420569,2,1,0,0,0,0,0,0,0,0,0,0
2003,420570,1,1,0,0,0,0,0,0,0,0,0,0
2003,420571,1,1,0,0,0,0,0,0,0,0,0,0
2003,420572,1,1,0,0,0,0,0,0,0,0,0,0
2003,420573,1,1,0,0,0,0,0,0,0,0,0,0
2003,420573,2,1,0,0,0,0,0,0,0,0,0,0
2003,420574,1,1,0,0,0,0,0,0,0,0,0,0
2003,420574,2,1,0,0,0,0,0,0,0,0,0,0
2003,420575,1,1,0,0,0,0,0,0,0,0,0,0
2003,420575,2,1,0,9,0,5,0,0,0,11,0,0
2003,420576,1,1,31,31,31,31,31,31,31,31,31,31
2003,420577,1,1,0,0,0,0,0,0,0,0,0,0
2003,420577,2,1,0,0,0,0,0,0,0,0,0,0
2003,420578,1,1,0,0,0,0,0,0,0,0,0,0
2003,420579,0,1,16,16,16,16,16,16,16,16,16,16
2003,420579,1,1,0,15,27,0,15,5,0,17,14,0
2003,420580,1,1,1,1,1,1,1,1,1,1,1,1
2003,420581,1,1,0,0,0,0,0,0,0,0,0,0
2003,420581,2,1,0,0,0,0,0,0,2,0,0,0
2003,420582,1,1,4,4,4,4,4,4,4,4,4,4
2003,420582,2,1,0,0,0,0,0,0,0,0,0,0
2003,420583,1,1,0,0,0,0,0,0,0,0,0,0
2003,420583,2,1,0,0,0,0,0,0,0,0,0,0
2003,420584,1,1,7,7,7,7,7,7,7,7,7,7
2003,420585,1,1,0,25,0,0,0,0,0,0,0,0
2003,420586,1,1,0,0,0,0,0,0,0,0,2,0
2003,420586,2,1,0,0,0,0,0,0,0,0,0,0
2003,420587,0,1,7,7,7,7,7,7,7,7,7,7
2003,420587,1,1,0,0,0,0,0,0,0,2,0,0
2003,420588,1,1,11,11,0,0,9,20,18,13,0,0
2003,420589,1,1,3,3,3,3,3,3,3,3,3,3
2003,420589,2,1,0,0,0,0,0,0,0,0,0,0
2003,420590,1,1,11,11,11,11,11,11,11,11,11,11
2003,420590,2,1,0,0,0,0,0,0,0,0,0,0
2003,420591,1,1,25,25,25,25,25,25,25,25,25,25
2003,420592,1,1,0,0,0,0,0,0,0,0,0,0
2003,420592,2,1,0,0,0,0,0,0,0,0,0,0
2003,420592,3,1,0,0,0,0,0,0,0,0,0,0
2003,420593,1,1,1,1,1,1,1,1,1,1,1,1
2003,420594,1,1,0,0,0,0,0,0,0,3,0,0
2003,420595,1,1,0,0,0,0,0,0,0,0,0,0
2003,420596,1,1,0,0,0,0,0,0,0,0,0,0
2003,420596,2,1,0,0,0,0,0,0,0,0,0,0
2003,420597,1,1,14,14,14,14,14,14,14,14,14,14