YEAR,ST_CASE,veh_no,per_no,P1,P2,P3,P4,P5,P6,P7,P8,P9,P10
2003,420857,1,1,0,0,0,0,0,0,0,0,0,0
2003,420858,1,1,6,0,0,0,26,0,0,0,0,17
2003,420858,2,1,0,0,0,0,9,0,0,0,0,0
2003,420859,0,1,0,0,0,0,0,0,0,0,0,0
2003,420859,1,2,0,0,0,0,0,0,0,0,0,0
2003,420860,1,1,0,0,0,0,0,0,0,0,0,0
2003,420861,1,1,0,0,0,0,0,0,0,0,0,0
2003,420861,2,1,0,0,0,0,0,0,0,0,0,0
2003,420862,1,1,11,11,11,11,11,11,11,11,11,11
2003,420863,1,1,1,1,1,1,1,1,1,1,1,1
2003,420864,1,1,0,0,0,0,0,0,0,0,0,0
2003,420864,2,1,0,0,0,0,0,0,0,0,0,0
2003,420865,1,1,0,30,0,6,12,8,0,26,0,0
2003,420865,2,1,0,0,0,0,0,0,0,0,0,0
2003,420866,1,1,0,0,0,0,0,0,0,0,0,0
2003,420866,2,1,0,0,0,0,10,0,0,0,0,0
2003,420867,1,1,0,0,0,0,0,0,0,0,0,0
2003,420867,2,1,0,0,0,0,0,0,0,0,0,0
2003,420868,1,1,0,0,0,0,0,0,0,0,0,0
2003,420868,2,1,0,0,0,0,0,0,0,0,0,0
2003,420869,1,1,23,23,23,23,23,23,23,23,23,23
2003,420869,2,1,16,16,17,12,18,28,3,0,17,10
2003,420869,3,1,0,0,0,0,0,0,0,0,0,0
2003,420870,0,1,0,0,0,0,0,0,0,0,0,0
2003,420870,1,1,0,0,0,0,0,0,0,0,0,0
2003,420871,1,1,0,0,0,0,0,0,0,0,0,0
2003,420871,2,1,0,0,0,0,0,0,0,0,0,0
2003,420872,1,1,0,0,0,0,0,0,0,0,0,0
2003,420874,1,1,19,19,19,19,19,19,19,19,19,19
2003,420874,2,1,8,8,8,8,8,8,8,8,8,8
2003,420875,1,1,0,0,0,0,0,0,0,0,0,0
2003,420875,2,1,0,0,0,0,0,0,0,0,0,0
2003,420876,1,1,0,0,0,0,0,0,0,0,0,0
2003,420877,1,1,0,0,0,0,0,0,0,0,0,0
2003,420878,1,1,0,0,0,0,0,0,0,0,0,0
2003,420878,2,1,0,0,0,0,0,0,0,0,0,0
2003,420879,1,1,25,25,25,25,25,25,25,25,25,25
2003,420880,1,1,0,0,0,0,0,0,0,0,0,0
2003,420881,1,1,6,6,6,6,6,6,6,6,6,6
2003,420882,1,1,15,15,15,15,15,15,15,15,15,15
2003,420882,2,1,0,0,0,0,0,0,0,0,0,0
2003,420883,1,1,6,7,0,18,13,4,27,0,14,8
2003,420884,0,1,0,0,0,0,0,0,0,0,0,0
2003,420884,1,1,0,0,0,0,0,0,0,0,0,0
2003,420885,1,1,1,1,1,1,1,1,1,1,1,1
2003,420886,1,1,24,24,24,24,24,24,24,24,24,24
2003,420887,1,1,0,0,0,0,0,0,0,0,0,0
2003,420887,2,1,0,0,0,0,0,0,0,0,0,0
2003,420887,3,1,20,9,0,0,0,0,0,0,0,0
2003,420888,1,1,25,25,25,25,25,25,25,25,25,25
2003,420889,1,1,0,0,0,0,0,0,0,0,0,0
2003,420890,0,1,0,0,0,0,0,0,0,0,0,0
2003,420890,1,1,0,0,0,0,0,0,0,0,0,0
2003,420891,1,1,17,3,22,17,34,18,9,16,4,19
2003,420891,2,1,0,0,0,0,0,0,0,0,0,0
2003,420892,1,1,0,0,0,0,0,0,0,0,0,0
2003,420893,1,1,0,0,0,0,0,0,0,0,0,0
2003,420894,0,1,0,0,0,0,0,0,0,0,0,0
2003,420894,1,1,0,0,0,0,0,0,0,0,0,0
2003,420895,1,1,0,0,0,0,0,0,0,0,0,0
2003,420896,0,1,0,0,0,0,0,0,0,0,0,0
2003,420896,1,1,0,0,0,0,0,0,0,0,0,0
2003,420897,1,1,0,0,0,0,0,0,0,0,0,0
2003,420898,1,1,21,21,21,21,21,21,21,21,21,21
2003,420899,1,1,18,18,18,18,18,18,18,18,18,18
2003,420899,2,1,0,0,0,0,7,0,0,0,0,0
2003,420900,1,1,0,0,0,0,0,0,0,0,0,0
2003,420900,2,1,10,0,0,0,0,0,0,0,0,0
2003,420901,1,1,0,0,0,0,0,0,0,0,0,0
2003,420901,2,1,0,0,0,0,0,0,0,0,0,0
2003,420901,3,1,0,0,0,0,0,0,0,0,0,0
2003,420902,1,1,17,17,17,17,17,17,17,17,17,17
2003,420903,1,1,10,10,10,10,10,10,10,10,10,10
2003,420904,1,1,0,0,0,0,0,0,0,0,0,0
2003,420904,2,1,0,0,0,0,0,0,0,0,0,0
2003,420904,3,1,0,0,0,0,0,0,14,0,0,10
2003,420905,1,1,24,24,24,24,24,24,24,24,24,24
2003,420906,0,1,0,0,0,0,0,0,0,0,0,0
2003,420906,1,1,0,0,0,0,0,0,0,0,0,0
2003,420907,0,1,0,0,0,0,0,0,0,0,0,0
2003,420907,1,1,0,0,0,0,0,0,0,0,0,0
2003,420908,1,1,0,0,0,0,0,0,0,0,0,0
2003,420908,2,1,0,0,0,0,0,0,0,0,0,0
2003,420909,1,1,0,0,0,0,0,14,0,0,16,0
2003,420909,2,1,0,0,0,0,0,0,0,0,0,0
2003,420910,1,1,27,27,27,27,27,27,27,27,27,27
2003,420911,1,1,0,0,0,0,6,0,0,0,0,0
2003,420912,0,1,14,0,0,12,0,0,0,0,0,0
2003,420912,1,1,0,0,0,0,0,0,0,0,0,0
2003,420913,1,1,0,0,0,0,0,0,0,0,0,0
2003,420913,2,1,0,0,0,0,0,0,0,0,0,0
2003,420914,1,1,0,0,0,0,0,0,0,0,0,0
2003,420914,2,1,0,0,0,0,0,0,0,0,0,0
2003,420915,1,1,18,18,18,18,18,18,18,18,18,18
2003,420916,0,1,0,0,0,0,0,0,0,0,0,0
2003,420916,1,1,0,0,0,0,4,13,0,0,0,0
2003,420917,0,1,0,12,0,0,3,0,0,23,5,0
2003,420917,1,1,0,0,0,0,0,0,0,0,0,0
2003,420918,1,1,0,0,0,0,0,0,0,0,0,0
2003,420919,1,1,0,0,0,0,0,0,0,0,0,0
2003,420919,2,1,0,0,0,0,0,0,0,0,0,0
2003,420920,1,1,0,0,0,0,0,0,0,0,0,0
2003,420920,2,1,0,0,0,0,0,0,0,0,0,0
2003,420921,1,1,0,0,0,0,0,0,0,0,0,0
2003,420922,1,1,25,25,25,25,25,25,25,25,25,25
2003,420923,1,1,0,0,0,0,0,0,0,0,0,0
2003,420923,2,1,0,0,0,0,0,0,0,0,0,0
2003,420924,1,1,0,0,0,0,0,0,0,0,0,0
2003,420924,2,1,0,0,0,0,0,0,0,0,0,0
2003,420925,1,1,0,0,0,0,0,0,0,0,0,0
2003,420925,2,1,0,0,0,0,0,0,0,0,0,0
2003,420925,3,1,0,0,0,0,0,0,0,0,0,0
2003,420926,1,1,0,0,0,0,0,0,0,0,0,0
2003,420926,2,1,0,0,0,0,0,0,0,0,0,0
2003,420927,1,1,16,16,16,16,16,16,16,16,16,16
2003,420928,1,1,6,6,6,6,6,6,6,6,6,6
2003,420929,1,1,0,0,0,0,0,0,0,0,0,0
2003,420929,2,1,0,0,0,0,0,0,0,0,0,0
2003,420929,3,1,0,0,0,0,0,0,0,0,0,0
2003,420930,1,1,11,29,29,2,13,17,5,10,18,10
2003,420931,0,1,15,27,18,16,23,38,9,20,9,12
2003,420931,1,1,13,0,10,0,15,6,11,5,29,15
2003,420931,2,1,13,5,24,11,0,5,14,13,15,13
2003,420931,3,1,14,13,12,5,9,17,31,29,11,16
2003,420932,1,1,19,19,19,19,19,19,19,19,19,19
2003,420933,1,1,0,0,0,0,0,0,0,0,0,0
2003,420934,1,1,29,29,29,29,29,29,29,29,29,29
2003,420935,1,1,0,0,0,0,0,0,0,0,0,0
2003,420936,0,1,0,16,0,0,0,0,11,0,12,23
2003,420936,1,1,1,1,1,1,1,1,1,1,1,1
2003,420937,1,1,12,12,12,12,12,12,12,12,12,12
2003,420938,1,1,0,0,0,0,0,0,0,0,0,0
2003,420938,2,1,0,0,0,0,0,0,0,0,0,0
2003,420939,1,1,0,0,0,0,0,0,0,0,0,0
2003,420939,2,1,0,0,0,0,0,0,0,0,0,0
2003,420940,1,1,22,22,22,22,22,22,22,22,22,22
2003,420941,1,1,0,0,0,0,0,0,0,0,0,0
2003,420941,2,1,0,0,0,0,0,0,0,0,0,0
2003,420942,1,1,0,0,0,0,0,0,0,0,0,0
2003,420942,2,1,0,0,0,0,0,0,0,0,0,0
2003,420943,1,1,0,0,0,0,0,0,0,0,0,0
2003,420943,2,1,0,0,0,0,0,0,0,0,0,0
2003,420944,1,1,18,18,18,18,18,18,18,18,18,18
2003,420945,1,1,23,23,23,23,23,23,23,23,23,23
2003,420946,1,1,10,10,10,10,10,10,10,10,10,10
2003,420947,1,1,0,0,0,0,0,0,0,0,0,0
2003,420948,1,1,0,0,0,0,0,0,0,0,0,0
2003,420949,1,1,12,12,12,12,12,12,12,12,12,12
2003,420950,1,1,15,15,15,15,15,15,15,15,15,15
2003,420951,1,1,0,0,0,0,0,0,0,0,0,0
2003,420952,1,1,0,0,0,0,0,0,0,0,0,0
2003,420953,1,1,0,0,0,0,0,0,0,0,0,0
2003,420954,1,1,0,0,0,0,0,0,0,0,0,0
2003,420955,1,1,0,0,0,0,0,0,0,0,0,0
2003,420956,1,1,25,25,25,25,25,25,25,25,25,25
2003,420956,2,1,0,0,0,0,0,0,0,0,0,0
2003,420957,1,1,23,23,23,23,23,23,23,23,23,23
2003,420957,2,1,0,0,0,0,0,0,0,0,0,0
2003,420958,1,1,21,21,21,21,21,21,21,21,21,21
2003,420959,1,1,0,0,0,0,0,0,0,0,0,0
2003,420959,2,1,0,0,0,0,0,0,0,0,0,0
2003,420960,1,1,19,19,19,19,19,19,19,19,19,19
2003,420961,1,1,3,3,3,3,3,3,3,3,3,3
2003,420962,1,1,0,0,0,0,0,0,0,0,0,0
2003,420963,1,1,0,0,0,0,0,0,0,0,0,0
2003,420963,2,1,0,0,0,0,0,0,0,0,0,0
2003,420964,1,1,24,24,24,24,24,24,24,24,24,24
2003,420965,1,1,20,20,20,20,20,20,20,20,20,20
2003,420966,1,1,12,4,21,13,14,30,0,23,11,23
2003,420967,0,1,0,0,0,0,37,0,0,0,0,0
2003,420967,1,1,0,0,0,0,0,0,0,0,0,0
2003,420968,0,1,0,0,0,0,0,0,0,0,0,0
2003,420968,1,1,0,0,17,0,0,0,0,0,0,0
2003,420969,1,1,0,0,0,14,0,0,0,7,0,0
2003,420970,0,1,0,0,0,0,0,0,0,0,0,0
2003,420970,1,1,0,0,0,0,0,0,0,0,0,0
2003,420971,1,1,0,0,0,0,0,0,0,0,0,0
2003,420971,2,1,0,0,0,0,0,0,0,0,0,0
2003,420972,1,1,11,11,11,11,11,11,11,11,11,11
2003,420973,1,1,0,0,0,0,0,0,0,0,0,0
2003,420973,2,1,0,0,0,0,0,0,0,0,0,0
2003,420974,1,1,12,12,12,12,12,12,12,12,12,12
2003,420974,2,1,14,14,14,14,14,14,14,14,14,14
2003,420974,3,1,0,0,0,0,0,0,0,0,0,0
2003,420975,1,1,8,5,0,5,14,20,14,16,11,12
2003,420975,2,1,0,0,0,0,0,0,0,0,0,0
2003,420975,3,1,0,0,0,0,0,0,0,0,0,0
2003,420976,1,1,0,0,0,0,0,0,0,0,0,0
2003,420978,0,1,0,0,0,0,0,0,0,0,0,0
2003,420978,0,2,0,0,0,0,21,0,17,31,0,0
2003,420978,1,1,0,0,0,0,0,0,0,0,0,0
2003,420978,4,1,0,0,0,0,0,0,0,0,0,0
2003,420979,1,1,0,24,22,0,0,0,0,0,0,0
2003,420980,1,1,0,6,0,0,0,0,0,0,0,0
2003,420980,2,1,0,17,0,0,0,0,0,0,0,17
2003,420981,1,1,13,13,13,13,13,13,13,13,13,13
2003,420981,2,1,2,2,2,2,2,2,2,2,2,2
2003,420982,1,1,0,0,0,0,0,0,0,0,0,0
2003,420983,0,1,0,0,0,0,0,0,0,0,0,0
2003,420983,1,1,0,0,0,0,0,2,0,0,0,0
2003,420984,1,1,0,0,0,0,0,0,0,0,0,0
2003,420984,2,1,0,0,0,0,0,0,0,0,0,0
2003,420985,0,1,0,0,0,0,0,0,0,0,0,0
2003,420985,1,1,0,0,0,0,0,0,0,0,0,0
2003,420986,1,1,0,0,0,0,0,0,0,0,0,0
2003,420986,2,1,0,0,0,0,0,0,11,0,0,0
2003,420987,1,1,12,12,12,12,12,12,12,12,12,12
2003,420987,2,1,0,0,9,0,0,7,0,0,0,0
2003,420989,1,1,32,32,32,32,32,32,32,32,32,32
2003,420990,0,1,0,0,0,0,0,0,0,0,0,0
2003,420990,1,1,0,0,0,0,0,0,0,0,0,0
2003,420991,1,1,12,12,12,12,12,12,12,12,12,12
2003,420992,1,1,0,0,0,0,0,0,0,0,0,0
2003,420993,1,1,0,0,0,0,0,0,0,0,0,0
2003,420993,2,1,0,7,0,0,0,0,0,0,0,0
2003,420993,3,1,0,0,0,0,0,0,0,0,0,0
2003,420994,0,1,1,1,1,1,1,1,1,1,1,1
2003,420994,1,1,8,0,0,0,0,0,0,31,5,15
2003,420994,2,1,0,0,0,0,0,0,0,0,0,0
2003,420995,0,1,0,0,0,0,0,0,0,0,0,0
2003,420995,1,1,19,19,19,19,19,19,19,19,19,19
2003,420996,1,1,43,43,43,43,43,43,43,43,43,43
2003,420996,2,1,0,0,0,0,0,0,0,0,0,0
2003,420997,1,1,0,0,0,0,0,0,0,0,0,0
2003,420997,2,1,0,0,0,0,0,0,0,0,0,0
2003,420998,1,1,21,21,21,21,21,21,21,21,21,21
2003,420999,1,1,0,0,0,0,0,0,0,0,0,0
2003,420999,2,1,0,0,0,0,0,0,0,0,0,0
2003,421000,1,1,14,14,14,14,14,14,14,14,14,14
2003,421000,2,1,0,0,0,0,0,0,0,0,0,0
2003,421001,1,1,0,0,12,0,0,0,0,0,0,0
2003,421002,1,1,20,20,20,20,20,20,20,20,20,20
2003,421002,2,2,0,0,0,0,0,0,0,0,0,0
2003,421002,3,1,0,0,0,0,0,0,0,0,0,0
2003,421003,1,1,0,0,0,0,0,0,0,0,0,0
2003,421003,2,1,11,16,0,0,0,0,7,0,0,0
2003,421004,1,1,0,0,15,29,0,31,15,16,19,24
2003,421005,1,1,8,8,8,8,8,8,8,8,8,8
2003,421006,0,1,22,22,22,22,22,22,22,22,22,22
2003,421006,1,1,7,30,15,11,26,0,0,10,24,12
2003,421007,1,1,0,0,0,0,0,16,0,0,0,0
2003,421008,1,1,0,0,0,0,0,0,0,0,0,0
2003,421009,1,1,0,0,0,0,0,0,0,0,0,0
2003,421009,2,1,0,0,0,0,0,0,0,0,0,0
2003,421010,0,1,25,25,25,25,25,25,25,25,25,25
2003,421010,1,1,0,0,0,0,0,0,0,0,0,0
2003,421012,1,1,0,0,0,0,0,0,0,0,0,0
2003,421012,2,1,0,0,0,0,0,0,0,0,0,0
2003,421013,1,1,23,23,23,23,23,23,23,23,23,23
2003,421014,1,1,0,0,0,0,0,0,0,0,0,0
2003,421014,2,1,0,0,0,0,0,0,0,0,0,0
2003,421015,1,1,0,0,0,0,0,0,0,0,0,0
2003,421015,2,1,0,0,0,0,0,0,0,0,0,0
2003,421016,1,1,16,16,16,16,16,16,16,16,16,16
2003,421017,1,1,7,13,16,23,14,21,24,11,13,3
2003,421018,1,1,10,10,10,10,10,10,10,10,10,10
2003,421019,0,1,18,0,26,18,23,0,0,31,17,21
2003,421019,1,1,0,0,0,0,0,0,0,0,0,0
2003,421020,1,1,12,22,11,8,21,19,0,18,16,9
2003,421020,2,1,0,0,0,0,0,0,0,0,0,0
2003,421021,1,1,0,0,0,0,0,0,0,0,0,0
2003,421021,2,1,22,22,22,22,22,22,22,22,22,22
2003,421022,1,1,0,0,0,0,0,0,0,0,0,0
2003,421023,1,1,0,0,0,0,0,0,0,0,0,0
2003,421024,1,1,0,0,0,0,0,0,0,0,0,0
2003,421025,1,1,0,0,0,0,12,0,0,0,0,26
2003,421025,2,1,0,0,6,0,0,0,0,0,0,0
2003,421026,1,1,0,0,0,0,0,0,0,0,0,0
2003,421026,2,1,0,0,0,0,0,0,0,0,0,0
2003,421027,1,1,18,18,18,18,18,18,18,18,18,18
2003,421028,1,1,0,0,0,0,0,0,0,0,0,0
2003,421029,0,1,0,0,0,0,0,0,0,0,0,0
2003,421029,1,1,0,0,0,0,0,0,0,0,0,0
2003,421030,1,2,0,0,0,0,0,0,0,0,0,0
2003,421031,0,1,0,0,0,0,0,24,0,0,27,0
2003,421031,1,1,20,20,20,20,20,20,20,20,20,20
2003,421032,0,1,0,6,0,0,21,30,7,0,0,0
2003,421032,1,1,0,0,0,0,0,0,0,0,0,0
2003,421033,1,1,0,0,0,0,0,0,0,0,0,0
2003,421033,2,1,0,0,0,0,0,0,0,0,0,9
2003,421034,1,1,0,0,0,0,0,0,0,0,0,0
2003,421035,0,1,0,0,0,17,12,32,0,0,27,0
2003,421035,1,1,0,0,0,0,6,0,0,0,0,22
2003,421036,1,1,24,24,24,24,24,24,24,24,24,24
2003,421036,2,1,0,0,0,0,0,0,0,0,0,0
2003,421037,1,1,0,0,0,0,0,0,0,0,0,0
2003,421037,2,1,0,0,0,0,0,0,0,0,0,0
2003,421037,3,1,0,0,0,0,0,0,0,0,0,0
2003,421038,1,1,20,20,20,20,20,20,20,20,20,20
2003,421039,1,1,0,0,0,0,3,0,0,0,27,0
2003,421040,1,1,0,0,0,0,0,0,0,0,0,0
2003,421041,1,1,18,18,18,18,18,18,18,18,18,18
2003,421041,2,1,0,0,0,0,0,0,0,0,0,0
2003,421042,0,1,0,0,0,0,0,0,0,0,0,0
2003,421042,1,1,0,0,0,0,0,0,0,0,0,0
2003,421043,1,1,0,0,0,0,0,0,0,0,0,0
2003,421043,2,1,0,0,0,0,0,0,0,9,0,0
2003,421044,1,1,18,18,18,18,18,18,18,18,18,18
2003,421044,2,1,0,0,0,0,0,0,0,0,0,0
2003,421044,3,1,0,0,0,0,0,0,0,0,0,0
2003,421045,1,1,0,0,0,0,0,0,0,0,0,0
2003,421045,2,1,0,0,0,0,0,0,0,0,0,0
2003,421046,1,1,0,0,0,0,0,0,0,0,0,0
2003,421046,2,1,0,0,0,0,0,0,0,0,0,0
2003,421047,1,1,9,9,9,9,9,9,9,9,9,9
2003,421048,1,1,0,0,0,0,0,0,0,0,0,0
2003,421049,1,1,10,6,14,11,25,10,15,21,12,15
2003,421050,1,1,0,0,0,0,0,0,0,0,0,0
2003,421050,2,1,0,0,0,0,0,0,0,0,0,0
2003,421051,1,1,0,0,18,17,27,24,16,4,34,19
2003,421051,2,1,0,0,0,0,0,0,0,0,0,0
2003,421051,3,1,0,0,0,0,0,0,0,0,0,0
2003,421052,1,1,0,0,0,0,0,0,0,0,0,0
2003,421052,2,1,0,0,0,0,0,0,0,0,0,0
2003,421052,3,1,0,0,0,0,0,0,0,0,0,0
2003,421053,0,1,19,19,19,19,19,19,19,19,19,19
2003,421053,1,1,0,0,0,0,0,0,0,0,0,0
2003,421054,1,1,28,28,28,28,28,28,28,28,28,28
2003,421054,2,1,0,0,0,0,0,0,0,0,0,0
2003,421055,1,1,0,0,0,0,0,0,0,0,0,0
2003,421055,2,1,0,0,0,0,0,0,0,0,0,0
2003,421056,1,1,29,29,29,29,29,29,29,29,29,29
2003,421057,0,1,13,0,41,0,0,0,0,0,0,0
2003,421057,1,1,0,0,0,0,12,0,5,0,0,0
2003,421058,1,1,0,0,0,0,0,0,0,0,0,0
2003,421058,2,1,0,0,0,0,0,0,0,0,0,0
2003,421059,1,1,0,0,0,0,0,9,0,0,0,0
2003,421060,1,1,0,0,0,0,38,0,0,0,0,0
2003,421061,1,1,26,26,26,26,26,26,26,26,26,26
2003,421062,1,1,0,0,0,0,0,0,0,0,0,0
2003,421062,2,1,0,0,0,0,0,0,0,0,0,0
2003,421063,1,1,0,0,0,0,0,0,11,0,0,0
2003,421064,1,2,0,0,0,0,0,0,0,0,0,0
2003,421065,1,1,20,0,0,0,0,0,0,0,0,0
2003,421065,2,1,0,0,0,2,0,0,0,0,0,0
2003,421066,1,1,0,0,0,0,0,0,0,0,0,0
2003,421067,1,1,13,13,13,13,13,13,13,13,13,13
2003,421068,1,1,0,0,0,0,0,0,0,0,0,0
2003,421068,2,1,0,0,0,0,0,0,0,0,0,0
2003,421069,1,1,0,0,0,0,0,7,0,0,0,0
2003,421069,2,1,0,0,0,0,0,0,0,0,0,0
2003,421070,1,1,3,3,3,3,3,3,3,3,3,3
2003,421071,1,1,19,0,0,0,0,0,0,0,0,0
2003,421071,2,1,0,0,0,0,0,0,0,0,0,0
2003,421072,1,1,0,0,0,0,0,0,0,0,0,0
2003,421072,2,1,0,0,0,0,0,0,0,0,0,0
2003,421073,1,1,0,0,0,0,0,0,0,0,0,0
2003,421073,2,1,0,0,0,0,0,0,0,7,0,0
2003,421073,3,1,0,0,0,0,0,0,0,0,0,0
2003,421074,1,1,0,0,0,0,0,0,0,0,0,0
2003,421075,1,1,0,0,0,0,0,0,0,0,0,0
2003,421075,2,1,0,0,0,0,0,0,0,0,0,0
2003,421076,1,1,0,0,0,0,0,0,0,0,0,0
2003,421077,1,1,29,29,29,29,29,29,29,29,29,29
2003,421078,1,1,27,27,27,27,27,27,27,27,27,27
2003,421078,2,1,0,0,0,0,0,0,0,0,0,0
2003,421079,1,1,0,0,0,0,0,0,0,0,0,0
2003,421080,1,1,18,18,18,18,18,18,18,18,18,18
2003,421081,1,1,0,0,0,0,0,0,0,0,0,0
2003,421082,0,1,0,0,0,0,0,0,0,0,0,0
2003,421082,1,1,6,0,0,0,0,0,0,0,0,0
2003,421083,1,1,3,3,3,3,3,3,3,3,3,3
2003,421084,1,1,13,13,13,13,13,13,13,13,13,13
2003,421085,1,1,20,20,20,20,20,20,20,20,20,20
2003,421086,0,1,0,0,0,0,0,0,0,0,0,0
2003,421086,1,1,0,13,0,0,0,0,0,0,0,0
2003,421086,2,1,0,0,0,0,0,0,0,0,0,0
2003,421087,1,1,19,8,20,10,20,21,17,19,16,11
2003,421088,1,1,0,0,0,0,0,0,0,0,0,0
2003,421089,1,1,19,19,19,19,19,19,19,19,19,19
2003,421089,2,1,14,15,0,0,0,0,0,0,0,0
2003,421090,1,1,0,0,0,0,0,0,0,0,0,0
2003,421091,1,1,0,0,0,0,0,0,0,0,0,0
2003,421091,2,1,0,0,0,0,0,0,0,0,0,0
2003,421092,1,1,0,0,0,0,0,0,0,0,0,0
2003,421093,1,1,0,0,0,0,0,0,0,0,0,0
2003,421093,2,2,0,0,0,0,0,0,0,0,0,0
2003,421094,1,1,0,0,0,0,0,3,0,0,0,0
2003,421094,2,1,0,0,0,0,0,0,0,0,0,0
2003,421095,1,1,0,0,0,0,0,0,0,0,0,0
2003,421095,2,1,20,29,20,17,25,17,6,0,13,0
2003,421096,1,1,29,29,29,29,29,29,29,29,29,29
2003,421097,1,3,0,0,35,0,0,25,0,0,12,0
2003,421098,1,1,0,0,0,0,0,0,0,0,0,0
2003,421098,2,1,0,0,0,0,0,0,0,0,0,0
2003,421099,1,1,0,0,0,0,0,0,0,0,0,0
2003,421099,2,1,0,0,0,0,0,0,0,0,0,0
2003,421100,1,1,20,20,20,20,20,20,20,20,20,20
2003,421101,1,1,0,0,0,0,0,0,0,0,0,0
2003,421102,1,1,0,0,0,0,0,0,0,0,0,0
2003,421103,1,1,0,0,0,0,0,0,0,0,0,0
2003,421103,2,1,0,0,0,0,0,0,0,0,0,0
2003,421103,3,1,0,0,0,0,0,0,0,0,0,0
2003,421104,1,1,8,8,8,8,8,8,8,8,8,8
2003,421104,2,1,0,0,0,0,0,0,0,0,0,0
2003,421105,1,1,20,20,20,20,20,20,20,20,20,20
2003,421106,1,1,0,0,0,0,0,0,0,0,0,0
2003,421107,1,1,30,30,30,30,30,30,30,30,30,30
2003,421107,2,1,0,0,0,0,0,0,4,5,0,0
2003,421108,1,1,0,0,0,0,0,0,0,0,0,0
2003,421108,2,1,0,0,0,0,0,0,0,0,0,0
2003,421109,1,1,0,0,0,0,0,30,0,0,18,0
2003,421110,1,1,15,0,8,37,34,0,14,26,0,10
2003,421111,1,1,0,0,0,0,0,0,0,0,0,0
2003,421111,2,1,13,12,7,9,0,0,8,9,6,15
2003,421112,1,1,18,18,18,18,18,18,18,18,18,18
2003,421113,1,1,0,0,0,0,0,0,0,0,0,0
2003,421114,1,1,3,30,0,0,19,0,0,10,32,0
2003,421115,1,1,0,0,0,0,0,0,0,0,0,0
2003,421115,2,1,0,0,0,0,0,0,0,0,0,0
2003,421116,1,1,0,0,0,0,0,0,0,0,0,0
2003,421116,2,1,0,0,0,0,0,0,0,0,0,0
2003,421117,1,1,18,18,18,18,18,18,18,18,18,18
2003,421117,2,1,0,0,0,0,0,0,0,0,0,0
2003,421118,1,1,0,0,0,0,0,0,0,0,0,0
2003,421119,1,1,0,0,0,0,0,0,0,0,0,0
2003,421119,2,1,0,0,0,0,0,0,0,0,0,0
2003,421120,1,1,0,0,0,2,0,0,0,0,0,0
2003,421120,2,1,0,0,0,0,0,0,0,0,0,0
2003,421120,3,1,1,1,1,1,1,1,1,1,1,1
2003,421121,1,1,0,0,0,0,0,0,0,0,0,0
2003,421121,2,1,0,0,0,0,0,0,0,0,0,0
2003,421122,0,1,17,0,0,3,0,0,0,0,0,0
2003,421122,1,1,0,0,0,0,0,0,0,0,0,0
2003,421123,1,1,0,0,0,0,0,0,0,0,0,0
2003,421124,1,1,0,0,0,0,0,0,0,0,0,0
2003,421124,2,1,0,0,0,0,0,0,0,0,0,0
2003,421125,0,1,0,15,0,0,0,6,0,24,0,17
2003,421125,1,1,0,0,0,0,0,0,0,0,0,0
2003,421126,1,1,0,0,0,0,0,0,0,0,0,0
2003,421127,1,1,0,0,0,0,0,0,0,0,0,0
2003,421127,2,1,0,0,0,0,0,0,0,0,0,0
2003,421128,1,1,0,0,0,0,0,0,0,0,0,0
2003,421129,1,1,8,3,22,17,11,6,0,14,12,20
2003,421130,1,1,0,0,0,0,0,0,0,5,0,7
2003,421131,1,1,0,0,0,0,0,0,0,0,0,0
2003,421132,1,1,0,0,0,0,0,0,0,0,0,0
2003,421132,2,1,0,0,0,0,0,0,0,0,0,0
2003,421133,1,1,12,12,12,12,12,12,12,12,12,12
2003,421134,1,1,19,19,19,19,19,19,19,19,19,19
2003,421135,1,1,0,0,0,0,0,0,0,0,0,0
2003,421135,2,1,0,0,0,0,0,0,0,0,0,0
2003,421136,0,1,18,18,18,18,18,18,18,18,18,18
2003,421136,1,1,0,21,0,0,0,0,0,0,0,0
2003,421137,0,1,0,0,0,0,0,0,0,0,0,0
2003,421137,1,1,0,0,0,0,0,0,0,0,0,0
2003,421138,1,1,32,32,32,32,32,32,32,32,32,32
2003,421139,1,1,17,17,17,17,17,17,17,17,17,17
2003,421139,2,1,0,0,0,0,0,0,0,0,0,0
2003,421140,1,1,0,0,0,0,0,0,0,0,0,0
2003,421140,2,1,0,0,0,0,0,0,0,0,0,0
2003,421141,1,1,0,0,0,0,0,0,0,0,0,0
2003,421141,2,1,0,0,0,0,0,0,0,0,0,0
2003,421142,1,1,0,0,0,0,0,0,0,0,0,0
2003,421142,2,1,0,0,0,0,0,0,0,0,0,0
2003,421143,1,1,0,0,0,0,0,0,0,0,0,0
2003,421144,1,1,31,0,0,0,0,0,2,10,11,26