YEAR,ST_CASE,veh_no,per_no,P1,P2,P3,P4,P5,P6,P7,P8,P9,P10
2003,421145,1,1,19,19,19,19,19,19,19,19,19,19
2003,421145,2,1,0,0,0,0,0,0,0,0,0,0
2003,421146,1,1,0,0,0,0,0,0,0,0,0,0
2003,421146,2,1,23,23,23,23,23,23,23,23,23,23
2003,421147,1,1,0,0,0,0,0,0,0,0,0,0
2003,421148,0,1,0,0,0,0,0,0,0,0,0,0
2003,421148,0,2,0,16,0,0,15,35,22,23,0,0
2003,421148,1,1,18,18,18,18,18,18,18,18,18,18
2003,421149,1,1,0,0,0,0,0,0,0,0,0,0
2003,421149,2,1,0,0,0,0,0,0,0,0,0,0
2003,421150,1,1,34,34,34,34,34,34,34,34,34,34
2003,421151,1,1,19,19,19,19,19,19,19,19,19,19
2003,421152,1,1,0,0,0,0,0,0,0,0,0,0
2003,421152,2,1,0,0,0,0,0,0,0,0,0,0
2003,421152,3,1,0,0,0,0,0,0,0,0,0,0
2003,421153,1,1,26,5,39,0,32,23,31,21,24,21
2003,421154,1,1,0,0,0,0,0,0,0,0,0,0
2003,421154,2,1,0,0,0,0,0,0,0,0,0,0
2003,421155,1,1,0,0,0,0,0,0,0,0,0,0
2003,421156,1,1,0,0,0,0,0,0,0,0,0,0
2003,421157,1,1,22,22,22,22,22,22,22,22,22,22
2003,421158,1,1,0,0,0,0,0,0,0,0,0,0
2003,421158,2,1,0,0,0,0,0,0,0,0,0,0
2003,421159,1,1,0,0,0,0,0,0,0,0,0,0
2003,421159,2,1,0,0,0,0,0,0,0,0,0,0
2003,421160,1,1,23,23,23,23,23,23,23,23,23,23
2003,421161,1,1,0,0,0,0,0,0,0,0,0,0
2003,421161,2,1,0,0,0,0,0,0,0,0,0,0
2003,421162,1,1,19,19,19,19,19,19,19,19,19,19
2003,421163,1,1,0,0,0,0,0,0,0,0,0,0
2003,421164,0,1,0,8,0,0,0,0,0,0,0,0
2003,421164,0,2,0,18,0,0,0,0,0,10,12,0
2003,421164,1,1,0,0,0,0,0,0,0,0,0,0
2003,421165,1,1,16,16,16,16,16,16,16,16,16,16
2003,421166,1,1,21,21,21,21,21,21,21,21,21,21
2003,421167,1,1,0,0,0,0,0,0,0,0,0,0
2003,421167,2,1,0,0,0,0,0,0,0,0,0,0
2003,421168,1,1,0,0,0,0,0,0,13,0,0,0
2003,421168,2,1,0,0,0,0,0,0,0,0,0,0
2003,421169,1,1,38,38,38,38,38,38,38,38,38,38
2003,421169,2,1,0,0,0,0,0,0,0,0,0,0
2003,421170,1,1,0,0,0,0,0,0,0,0,0,0
2003,421171,1,1,0,0,0,0,0,0,0,0,0,0
2003,421172,1,1,13,13,13,13,13,13,13,13,13,13
2003,421173,1,1,26,26,26,26,26,26,26,26,26,26
2003,421174,0,1,0,0,0,0,0,0,0,0,0,0
2003,421174,1,1,0,0,0,0,0,0,0,0,0,0
2003,421175,1,1,0,0,0,0,0,0,0,0,0,0
2003,421175,2,1,0,0,0,0,0,0,0,0,0,0
2003,421176,1,1,18,18,18,18,18,18,18,18,18,18
2003,421176,2,1,14,14,14,14,14,14,14,14,14,14
2003,421177,1,1,0,0,0,0,0,0,0,0,0,0
2003,421178,1,1,0,0,0,0,0,0,0,0,0,0
2003,421179,1,1,13,13,13,13,13,13,13,13,13,13
2003,421179,2,1,0,0,0,0,0,0,0,0,0,0
2003,421180,1,1,12,12,12,12,12,12,12,12,12,12
2003,421181,1,2,0,0,0,0,0,0,0,0,0,0
2003,421182,1,1,19,19,19,19,19,19,19,19,19,19
2003,421183,0,1,32,32,32,32,32,32,32,32,32,32
2003,421183,1,1,0,0,0,0,0,0,0,0,0,0
2003,421184,1,1,11,11,11,11,11,11,11,11,11,11
2003,421184,2,1,0,0,0,0,0,0,0,0,0,0
2003,421185,1,1,0,0,0,0,0,0,0,0,0,0
2003,421185,2,1,0,0,0,0,0,0,0,0,0,0
2003,421186,1,1,16,16,16,16,16,16,16,16,16,16
2003,421187,0,1,0,0,16,19,0,17,0,24,0,0
2003,421187,1,1,18,0,0,35,0,0,32,17,0,0
2003,421187,2,1,16,0,0,0,0,0,0,0,0,0
2003,421187,3,1,0,0,0,0,0,0,0,0,0,0
2003,421188,1,1,0,0,0,0,0,0,0,0,0,0
2003,421188,2,1,0,0,0,0,0,0,0,0,0,0
2003,421189,0,1,20,20,20,20,20,20,20,20,20,20
2003,421189,1,1,0,5,0,0,0,0,0,9,20,6
2003,421189,2,1,0,0,0,16,4,0,0,12,0,0
2003,421190,1,1,18,18,18,18,18,18,18,18,18,18
2003,421191,0,1,0,0,0,0,0,0,0,0,0,0
2003,421191,1,1,15,12,15,0,12,11,17,10,19,17
2003,421192,1,1,0,0,0,0,0,0,0,0,0,0
2003,421193,1,1,0,0,0,0,0,0,0,0,0,0
2003,421193,2,1,0,0,0,0,0,0,0,0,0,0
2003,421194,1,1,17,17,17,17,17,17,17,17,17,17
2003,421195,1,1,0,0,0,0,0,0,0,0,0,0
2003,421196,0,1,0,0,0,0,0,0,0,0,0,0
2003,421196,1,1,0,0,0,0,0,0,0,0,0,0
2003,421197,1,1,32,32,32,32,32,32,32,32,32,32
2003,421198,1,2,0,0,0,0,0,0,0,0,0,0
2003,421198,2,1,0,0,0,0,0,0,0,0,0,0
2003,421198,3,1,0,0,0,0,0,0,0,0,0,0
2003,421199,1,1,0,0,0,0,0,0,0,0,0,0
2003,421199,2,1,0,0,0,0,0,0,0,0,0,0
2003,421200,1,1,9,9,9,9,9,9,9,9,9,9
2003,421200,2,1,7,7,7,7,7,7,7,7,7,7
2003,421201,1,1,22,22,22,22,22,22,22,22,22,22
2003,421202,1,2,0,7,0,0,0,0,0,0,0,0
2003,421202,2,1,4,4,4,4,4,4,4,4,4,4
2003,421203,0,1,0,0,0,0,0,0,0,0,0,0
2003,421203,1,1,0,0,0,0,0,0,0,0,0,0
2003,421204,1,1,0,0,0,0,0,0,0,0,0,0
2003,421204,2,1,0,0,0,0,0,0,0,0,0,0
2003,421205,1,1,0,0,0,0,0,0,0,0,0,0
2003,421205,2,1,0,0,0,0,0,0,0,0,0,0
2003,421205,3,1,0,0,0,0,0,0,0,0,0,0
2003,421206,0,1,0,0,0,0,0,0,0,0,0,0
2003,421206,1,1,0,0,0,0,0,0,0,0,0,0
2003,421207,1,1,14,14,14,14,14,14,14,14,14,14
2003,421208,1,1,0,0,0,0,0,0,0,0,0,0
2003,421208,2,1,0,0,0,0,0,0,0,0,0,0
2003,421209,0,1,35,0,0,0,0,10,0,0,7,0
2003,421209,1,1,0,0,0,0,0,0,0,0,0,0
2003,421210,1,1,0,0,0,0,0,0,0,0,0,0
2003,421210,2,1,0,0,0,0,0,0,0,0,0,0
2003,421211,0,1,0,0,0,0,0,0,0,0,0,0
2003,421211,1,1,0,0,0,0,0,0,0,0,0,0
2003,421212,1,1,17,17,17,17,17,17,17,17,17,17
2003,421213,1,1,0,0,0,0,0,0,0,0,0,0
2003,421214,1,1,0,0,0,0,0,0,0,0,0,0
2003,421215,1,1,0,0,0,0,0,0,0,0,0,0
2003,421215,2,1,0,0,0,0,0,0,0,0,0,0
2003,421216,1,1,0,0,0,0,0,0,0,0,0,0
2003,421216,2,1,0,0,0,0,0,0,0,0,0,0
2003,421217,1,1,12,12,12,12,12,12,12,12,12,12
2003,421218,1,1,0,0,0,0,0,0,0,0,0,0
2003,421218,2,1,0,0,0,0,0,0,0,0,0,0
2003,421218,3,1,0,0,0,0,0,0,0,0,0,0
2003,421219,1,1,0,0,0,0,0,0,0,10,0,0
2003,421219,2,1,0,0,0,0,0,0,0,0,0,0
2003,421220,1,1,0,0,0,0,0,0,0,0,0,0
2003,421220,2,1,0,0,0,0,0,0,0,0,0,0
2003,421221,1,1,0,0,0,0,0,4,0,0,0,0
2003,421221,2,1,0,0,0,0,0,0,6,0,0,0
2003,421221,3,1,0,0,0,0,0,0,0,0,0,0
2003,421222,1,1,0,0,0,0,0,0,0,0,0,0
2003,421222,2,1,0,0,0,0,0,0,0,0,0,0
2003,421223,1,1,0,0,0,0,0,0,0,0,0,0
2003,421223,2,1,0,0,0,0,0,0,0,0,0,0
2003,421224,1,1,0,0,0,0,0,0,0,0,0,0
2003,421225,1,1,14,14,14,14,14,14,14,14,14,14
2003,421226,1,1,0,0,0,0,0,0,0,0,0,0
2003,421227,0,1,30,0,10,0,19,22,21,0,0,6
2003,421227,1,1,6,10,0,12,11,0,0,0,0,20
2003,421228,1,1,8,13,25,19,21,14,37,24,13,7
2003,421229,1,1,0,0,21,0,0,0,0,0,0,7
2003,421230,0,1,0,0,0,0,0,0,0,0,0,0
2003,421230,1,1,0,0,0,0,0,0,0,0,0,0
2003,421231,1,1,0,0,0,0,0,0,0,0,0,0
2003,421231,2,1,0,0,0,0,0,0,0,0,0,0
2003,421231,3,1,0,0,0,0,0,0,0,0,0,0
2003,421232,1,1,0,0,0,0,0,0,0,0,0,0
2003,421232,2,1,0,0,0,0,0,0,0,0,0,0
2003,421232,3,1,0,0,0,0,0,0,0,0,0,0
2003,421232,4,1,0,0,0,0,0,0,0,0,0,0
2003,421233,1,1,0,0,0,0,0,0,0,0,0,0
2003,421233,2,1,0,0,0,0,19,0,0,0,0,0
2003,421234,1,1,16,16,9,37,15,0,7,0,6,30
2003,421234,2,1,0,0,0,4,0,0,0,0,0,0
2003,421235,1,1,0,0,0,0,0,0,0,0,0,0
2003,421236,1,1,0,0,0,0,0,0,0,0,0,0
2003,421236,2,1,0,0,0,0,10,0,0,0,0,0
2003,421237,0,1,0,0,0,0,0,0,0,0,0,0
2003,421237,1,1,0,0,0,0,0,0,0,0,0,0
2003,421238,0,1,0,0,0,0,0,0,0,0,0,0
2003,421238,0,2,6,10,0,7,0,0,12,0,0,0
2003,421238,1,1,0,0,0,0,0,0,0,0,0,0
2003,421238,3,1,0,0,0,0,0,0,0,0,0,7
2003,421239,0,1,0,0,0,0,22,0,0,0,14,0
2003,421239,0,2,0,0,0,0,0,0,0,0,0,0
2003,421239,1,1,0,0,0,0,0,0,0,0,0,0
2003,421240,1,1,0,0,0,0,0,0,0,0,0,0
2003,421241,1,1,24,24,24,24,24,24,24,24,24,24
2003,421242,1,1,0,0,0,0,0,0,0,0,0,0
2003,421243,1,1,22,22,22,22,22,22,22,22,22,22
2003,421244,1,1,11,29,4,17,36,47,13,8,12,13
2003,421245,1,1,31,31,31,31,31,31,31,31,31,31
2003,421246,1,1,0,0,0,0,0,0,0,0,0,0
2003,421247,1,1,0,0,0,0,0,0,0,0,0,0
2003,421247,2,1,0,0,0,0,0,0,0,0,0,0
2003,421248,1,1,0,0,0,0,0,0,0,0,0,0
2003,421248,2,1,0,0,0,0,0,0,0,0,0,0
2003,421249,1,1,0,0,0,0,0,0,0,0,0,0
2003,421249,2,1,0,0,0,0,0,0,0,0,0,0
2003,421250,1,1,16,16,16,16,16,16,16,16,16,16
2003,421251,1,1,0,0,0,0,0,0,0,0,0,0
2003,421252,0,1,0,0,0,0,0,0,0,0,0,0
2003,421252,1,1,14,0,0,0,0,0,0,0,0,0
2003,421252,2,1,0,0,0,0,0,0,0,0,0,0
2003,421253,1,1,0,0,0,0,0,0,0,0,0,0
2003,421253,2,1,0,0,0,0,0,0,0,0,0,8
2003,421254,1,1,25,25,25,25,25,25,25,25,25,25
2003,421255,1,1,0,0,0,0,0,0,0,0,0,0
2003,421256,1,1,0,0,0,0,0,0,0,0,0,0
2003,421256,2,1,0,0,0,0,0,0,0,0,0,0
2003,421257,1,1,0,0,0,4,0,23,9,0,0,0
2003,421258,1,1,0,0,0,0,0,0,0,0,0,0
2003,421258,2,1,0,0,0,0,0,0,0,0,0,0
2003,421259,1,1,21,21,21,21,21,21,21,21,21,21
2003,421260,1,1,0,0,0,0,0,0,0,0,0,0
2003,421261,1,1,20,20,20,20,20,20,20,20,20,20
2003,421261,2,1,0,23,0,0,0,0,0,0,0,0
2003,421262,1,1,0,0,0,0,0,0,0,0,0,0
2003,421262,2,1,0,0,0,0,0,0,0,0,0,0
2003,421262,3,1,0,0,0,0,0,0,0,0,0,0
2003,421263,1,1,23,23,23,23,23,23,23,23,23,23
2003,421264,1,1,7,7,7,7,7,7,7,7,7,7
2003,421265,1,1,0,0,0,0,0,0,0,0,0,0
2003,421265,2,1,0,0,0,0,0,0,0,0,0,0
2003,421266,0,1,0,8,27,0,31,30,0,0,0,11
2003,421266,1,1,10,13,0,9,0,0,0,0,0,6
2003,421267,1,1,0,0,0,0,0,0,0,0,0,0
2003,421268,1,1,19,19,19,19,19,19,19,19,19,19
2003,421269,1,1,0,0,0,0,0,0,0,0,0,0
2003,421269,2,1,0,0,0,0,0,0,0,0,0,0
2003,421270,1,1,0,0,0,0,0,0,0,0,0,0
2003,421271,1,1,24,24,24,24,24,24,24,24,24,24
2003,421271,2,1,0,0,0,0,0,0,0,0,0,0
2003,421271,3,1,0,0,0,0,0,0,0,0,0,0
2003,421272,1,1,21,0,10,0,0,0,8,20,9,0
2003,421272,2,1,0,0,0,0,0,0,0,0,0,0
2003,421273,0,1,13,20,0,16,30,19,20,19,0,36
2003,421273,1,1,0,0,0,8,0,0,0,0,18,0
2003,421274,0,1,0,0,0,0,0,0,0,0,0,0
2003,421274,1,1,0,0,0,0,0,0,0,0,0,0
2003,421275,1,1,0,0,0,0,0,0,0,0,0,0
2003,421275,2,1,0,0,0,0,0,0,0,0,0,0
2003,421276,1,1,23,23,23,23,23,23,23,23,23,23
2003,421277,1,1,0,0,0,0,0,0,0,0,0,0
2003,421278,0,1,0,0,0,0,28,0,0,0,0,0
2003,421278,1,1,0,0,0,0,0,0,0,0,0,0
2003,421279,1,1,0,0,0,0,0,0,0,0,0,0
2003,421279,2,1,0,0,0,0,0,0,0,0,0,0
2003,421280,1,1,0,0,0,0,0,0,0,0,0,0
2003,421280,2,1,0,0,0,0,0,0,0,0,0,0
2003,421281,0,1,0,0,0,0,0,0,0,0,0,0
2003,421281,1,1,0,0,0,0,0,0,0,0,0,0
2003,421281,2,1,0,0,0,0,0,0,0,0,0,0
2003,421282,1,1,0,0,0,0,0,0,0,0,0,29
2003,421283,1,1,10,10,10,10,10,10,10,10,10,10
2003,421284,1,1,0,0,0,0,0,0,0,0,0,0
2003,421285,1,1,14,14,14,14,14,14,14,14,14,14
2003,421286,1,1,17,17,17,17,17,17,17,17,17,17
2003,421287,1,1,0,0,0,0,0,0,0,0,0,0
2003,421287,2,1,0,0,0,0,0,0,0,0,0,0
2003,421288,1,1,0,0,0,0,0,0,0,0,0,0
2003,421288,2,1,0,0,18,0,0,0,0,0,0,0
2003,421289,1,1,0,0,0,0,0,0,0,0,0,0
2003,421290,1,1,20,20,20,20,20,20,20,20,20,20
2003,421291,1,1,10,10,10,10,10,10,10,10,10,10
2003,421292,1,1,11,11,11,11,11,11,11,11,11,11
2003,421293,1,1,0,0,0,0,0,0,0,0,0,0
2003,421293,2,1,0,0,0,0,0,0,0,0,0,0
2003,421294,1,1,18,18,18,18,18,18,18,18,18,18
2003,421295,1,1,0,9,0,0,0,0,0,0,0,0
2003,421296,1,1,0,0,0,0,0,0,0,0,0,0
2003,421296,2,1,0,0,0,0,0,0,0,0,0,0
2003,421296,3,1,0,0,0,0,0,0,0,0,0,0
2003,421297,0,1,0,0,0,0,0,0,0,0,0,0
2003,421297,1,1,0,0,0,0,0,0,0,0,0,0
2003,421298,1,1,0,0,0,0,0,0,0,0,0,0
2003,421298,2,1,0,0,0,0,0,0,0,0,0,0
2003,421299,1,1,0,0,0,0,0,0,0,0,0,0
2003,421299,2,1,0,0,0,0,0,0,0,0,0,0
2003,421299,3,1,0,0,0,0,0,0,0,0,0,0
2003,421300,1,1,0,0,0,0,0,0,0,0,0,0
2003,421301,0,1,0,0,0,0,0,0,0,0,0,0
2003,421301,1,1,0,0,0,0,0,0,0,0,0,0
2003,421302,1,1,0,0,0,0,0,0,0,0,0,0
2003,421302,2,1,0,0,0,0,0,0,0,0,0,0
2003,421302,3,1,0,0,0,0,0,0,0,0,0,0
2003,421303,1,1,0,0,0,0,0,0,0,0,0,0
2003,421303,2,1,0,0,0,0,0,0,0,0,0,0
2003,421304,1,1,0,0,0,0,0,0,0,0,0,0
2003,421304,2,1,6,0,0,0,0,0,0,0,4,0
2003,421305,0,1,0,0,0,0,0,0,0,0,0,0
2003,421305,0,2,0,22,0,0,0,0,0,0,4,0
2003,421305,0,3,24,29,0,0,0,0,0,0,0,20
2003,421305,1,1,0,0,0,0,0,0,0,0,0,0
2003,421306,1,1,0,0,0,0,0,0,0,0,0,0
2003,421307,1,1,0,0,0,0,0,0,0,0,0,0
2003,421307,2,1,0,0,0,0,18,0,0,0,0,0
2003,421308,1,1,0,0,0,0,0,0,0,0,0,0
2003,421308,2,1,0,0,0,0,0,0,0,0,0,0
2003,421309,1,1,0,0,0,0,0,0,0,0,0,0
2003,421309,2,1,0,0,0,0,0,0,0,0,0,0
2003,421310,1,1,19,19,19,19,19,19,19,19,19,19
2003,421311,1,1,29,29,29,29,29,29,29,29,29,29
2003,421312,1,1,13,20,23,15,25,7,9,8,0,13
2003,421313,1,1,1,1,1,1,1,1,1,1,1,1
2003,421314,1,1,0,0,0,0,0,0,0,6,0,0
2003,421315,1,1,0,0,0,0,0,0,0,0,0,0
2003,421316,1,1,0,0,0,0,0,0,0,0,0,0
2003,421317,1,1,0,0,0,0,0,0,0,0,0,0
2003,421317,2,1,0,0,0,0,0,0,0,0,0,0
2003,421318,1,1,0,0,0,0,0,0,0,0,0,0
2003,421318,2,1,0,0,0,0,0,0,0,0,18,0
2003,421319,1,1,14,14,14,14,14,14,14,14,14,14
2003,421320,1,1,13,13,13,13,13,13,13,13,13,13
2003,421320,2,1,0,0,0,0,0,0,0,0,0,0
2003,421321,1,1,0,0,0,0,0,0,0,0,0,0
2003,421321,2,1,0,0,0,0,0,0,0,0,0,0
2003,421322,1,1,0,0,0,0,0,0,0,0,0,0
2003,421323,1,1,0,0,0,0,0,0,0,0,0,0
2003,421324,1,1,6,6,6,6,6,6,6,6,6,6
2003,421324,2,1,0,8,0,0,0,0,0,0,0,0
2003,421325,1,1,0,0,0,0,0,0,0,0,0,0
2003,421325,2,1,0,0,0,0,0,0,0,0,0,0
2003,421326,0,1,0,0,0,0,0,0,0,0,0,0
2003,421326,1,1,0,0,0,0,0,0,0,0,0,0
2003,421326,2,1,0,0,0,0,0,0,0,0,0,0
2003,421327,1,1,0,0,0,0,0,0,0,0,0,0
2003,421328,1,1,33,33,33,33,33,33,33,33,33,33
2003,421328,2,1,0,0,0,0,0,0,0,0,0,0
2003,421329,1,1,0,0,0,0,0,0,0,0,0,0
2003,421330,1,1,0,0,0,0,0,0,0,0,0,0
2003,421331,1,1,4,4,4,4,4,4,4,4,4,4
2003,421331,2,1,15,15,15,15,15,15,15,15,15,15
2003,421332,1,1,22,22,22,22,22,22,22,22,22,22
2003,421333,1,1,7,7,7,7,7,7,7,7,7,7
2003,421333,2,1,0,0,0,5,0,0,0,0,0,0
2003,421334,1,1,26,26,26,26,26,26,26,26,26,26
2003,421335,1,1,0,0,0,0,0,0,0,0,0,0
2003,421336,1,2,0,0,0,0,28,0,13,0,0,0
2003,421337,1,1,0,0,0,0,0,0,0,0,0,0
2003,421337,2,1,0,0,0,0,0,0,0,0,0,0
2003,421338,1,1,36,21,20,15,30,25,18,35,17,19
2003,421339,1,1,0,0,0,19,0,0,0,0,0,0
2003,421340,1,1,0,0,0,0,0,0,0,0,0,0
2003,421340,2,1,0,0,0,0,0,0,0,0,0,0
2003,421341,1,1,22,22,22,22,22,22,22,22,22,22
2003,421342,1,1,17,17,17,17,17,17,17,17,17,17
2003,421343,1,1,8,8,8,8,8,8,8,8,8,8
2003,421344,1,1,0,0,0,0,0,0,0,0,0,0
2003,421344,2,1,0,0,0,0,0,0,0,0,0,0
2003,421345,1,1,0,0,0,0,0,0,0,0,0,0
2003,421345,2,1,0,0,0,0,0,0,0,0,0,0
2003,421346,1,1,0,0,0,0,0,0,0,0,8,0
2003,421346,2,1,0,0,0,0,0,0,0,0,0,16
2003,421346,3,1,0,5,0,0,0,0,0,0,0,0
2003,421346,4,1,0,0,0,0,0,0,0,0,0,0
2003,421347,1,1,0,0,0,0,0,0,0,0,0,0
2003,421347,2,1,0,0,0,0,0,0,0,0,0,0
2003,421348,1,1,0,0,0,0,0,0,0,0,0,0
2003,421349,1,1,0,0,8,23,18,12,34,0,23,0
2003,421350,1,1,0,0,0,0,0,0,0,0,0,0
2003,421350,2,1,0,0,0,0,0,0,0,0,0,0
2003,421351,1,1,0,0,0,0,0,0,0,0,0,0
2003,421352,1,1,0,0,0,0,0,0,23,0,0,0
2003,421352,2,1,0,0,0,0,0,0,0,0,0,0
2003,421352,3,1,0,0,0,0,0,0,0,0,0,0
2003,421353,1,1,0,0,0,0,0,0,0,0,0,0
2003,421353,2,1,0,0,0,0,0,0,0,0,0,0
2003,421354,1,1,0,0,0,0,0,0,0,0,0,0
2003,421355,1,1,20,20,20,20,20,20,20,20,20,20
2003,421356,1,1,25,25,25,25,25,25,25,25,25,25
2003,421357,1,1,0,0,0,0,0,0,0,0,0,0
2003,421357,2,1,0,0,0,0,0,0,0,0,0,0
2003,421358,1,1,26,26,26,26,26,26,26,26,26,26
2003,421359,1,1,0,0,0,0,0,0,0,0,0,0
2003,421359,2,1,0,0,0,0,0,0,0,0,0,0
2003,421360,1,1,0,0,0,14,0,0,0,0,11,17
2003,421361,1,1,0,0,0,0,0,0,0,0,0,0
2003,421361,2,1,0,0,0,0,0,0,0,0,0,0
2003,421362,1,1,0,13,5,0,9,19,0,11,0,0
2003,421363,1,1,0,0,0,0,0,0,0,0,0,0
2003,421363,2,1,0,0,0,0,0,0,0,0,0,0
2003,421364,1,1,4,4,4,4,4,4,4,4,4,4
2003,421365,1,1,0,0,0,0,0,0,0,0,0,8
2003,421365,2,1,0,0,0,0,0,0,0,0,0,3
2003,421366,1,1,0,0,0,0,0,0,0,0,0,0
2003,421366,2,1,0,0,0,0,0,0,0,0,0,0
2003,421366,3,1,22,0,0,0,0,0,0,0,0,0
2003,421367,1,1,0,0,0,0,0,0,0,0,0,0
2003,421367,2,1,0,0,0,0,0,0,0,0,0,0
2003,421368,1,1,16,16,16,16,16,16,16,16,16,16
2003,421368,2,1,2,0,0,0,0,0,0,0,0,0
2003,421369,0,1,0,0,0,0,0,0,0,0,0,0
2003,421369,1,1,0,0,0,0,0,0,0,0,0,0
2003,421370,1,1,0,0,0,0,0,0,0,0,0,0
2003,421371,1,1,0,0,0,0,0,0,0,0,0,0
2003,421371,2,1,0,0,0,0,0,0,0,0,0,0
2003,421372,0,1,0,0,0,0,0,0,0,0,0,0
2003,421372,1,1,1,1,1,1,1,1,1,1,1,1
2003,421373,1,1,23,23,23,23,23,23,23,23,23,23
2003,421374,1,1,0,0,0,0,0,0,0,0,0,0
2003,421374,2,1,0,0,0,0,0,0,0,0,0,0
2003,421375,0,1,0,0,0,0,0,0,0,0,0,10
2003,421375,0,2,0,0,0,0,0,0,0,0,0,0
2003,421375,1,1,0,0,0,0,0,0,0,0,0,0
2003,421376,1,1,0,0,0,0,0,0,0,0,0,0
2003,421376,2,1,0,0,0,0,0,0,0,0,0,0
2003,421377,1,1,0,0,0,0,0,0,0,0,0,0
2003,421377,2,2,0,0,0,0,0,0,0,0,0,0
2003,421378,1,1,0,0,0,0,0,0,0,0,0,0
2003,421378,2,1,0,0,0,0,0,0,0,0,0,0
2003,421379,1,1,0,0,0,0,0,0,0,0,0,0
2003,421379,2,1,0,0,0,0,0,0,0,0,0,0
2003,421380,1,1,0,0,0,0,0,0,0,0,0,0
2003,421381,1,1,13,13,13,13,13,13,13,13,13,13
2003,421382,1,1,0,0,0,0,0,0,0,0,0,0
2003,421382,2,1,0,0,0,0,0,0,0,0,0,0
2003,421383,1,1,0,0,0,0,0,0,0,0,0,0
2003,421384,1,1,14,14,14,14,14,14,14,14,14,14
2003,421385,1,1,0,0,0,0,0,0,0,0,0,0
2003,421386,1,1,0,0,0,0,0,0,0,0,0,0
2003,421387,0,1,0,0,0,0,0,0,0,0,0,0
2003,421387,1,1,12,0,0,0,0,0,0,0,0,0
2003,421388,1,1,0,0,0,0,0,0,0,0,0,0
2003,421388,2,1,0,0,0,0,0,0,0,0,0,0
2003,421388,3,1,0,0,0,0,0,0,0,0,0,0
2003,421389,1,1,0,0,0,0,0,0,0,0,0,0
2003,421390,1,1,0,0,0,0,0,0,0,0,0,0
2003,421390,2,1,0,0,0,0,0,0,0,0,0,0
2003,421391,1,1,17,0,0,0,0,0,0,0,0,0
2003,421392,1,1,0,0,0,0,0,0,0,0,0,0
2003,421393,1,1,0,0,0,0,0,0,0,0,0,0
2003,421393,2,1,0,0,0,0,0,0,0,0,0,0
2003,421393,3,1,0,0,0,0,0,0,0,0,0,0
2003,421393,4,1,0,0,0,0,0,0,0,0,0,0
2003,421393,5,1,0,0,0,0,0,0,0,0,0,0
2003,421393,6,1,0,0,0,0,0,0,0,0,0,0
2003,421393,7,1,0,0,0,0,0,0,0,0,0,0
2003,421393,8,1,0,0,0,0,0,0,0,0,0,0
2003,421393,9,1,0,0,0,0,0,0,0,0,0,0
2003,421393,10,1,0,0,0,0,0,0,0,0,0,0
2003,421393,11,1,0,0,0,0,0,0,0,0,0,0
2003,421393,12,1,0,0,0,0,0,0,0,0,0,0
2003,421393,13,1,0,0,0,0,0,0,0,0,0,0
2003,421393,14,1,0,0,0,0,0,16,0,0,0,0
2003,421394,1,1,0,0,0,0,0,0,0,0,0,0
2003,421394,2,1,0,0,0,0,0,0,0,0,0,0
2003,421394,3,1,0,0,0,0,0,0,0,0,0,0
2003,421395,1,1,0,0,0,0,0,0,0,0,0,0
2003,421395,2,1,0,0,0,0,0,0,0,0,0,0
2003,421396,1,1,0,0,0,0,0,0,0,0,0,0
2003,421396,2,1,0,0,0,0,0,0,0,0,0,0
2003,421397,1,1,22,22,22,22,22,22,22,22,22,22
2003,421397,2,1,0,0,28,0,0,0,0,0,0,0
2003,421398,1,1,21,21,21,21,21,21,21,21,21,21
2003,421399,1,1,8,24,24,15,23,32,9,22,22,31
2003,421399,2,1,0,0,0,0,0,0,0,0,30,0
2003,421400,1,1,0,0,0,0,0,0,0,0,0,0
2003,421401,1,1,0,0,0,0,0,0,0,0,0,0
2003,421402,1,1,0,0,0,0,0,0,0,0,0,0
2003,421402,2,1,0,0,0,0,0,0,0,0,0,0
2003,421403,0,1,0,0,0,0,0,0,0,0,0,0
2003,421403,1,1,0,0,0,0,0,0,0,0,0,0
2003,421404,1,1,0,0,0,0,0,0,0,0,0,0
2003,421404,2,1,0,0,0,0,0,0,0,0,0,0
2003,421405,1,1,9,9,9,9,9,9,9,9,9,9
2003,421406,1,1,0,0,0,0,0,0,0,0,0,11
2003,421406,2,1,0,0,0,0,0,0,0,0,0,0
2003,421407,1,1,0,0,0,0,0,0,0,0,0,0
2003,421408,1,1,15,0,0,0,0,0,0,18,0,0
2003,421408,2,1,0,0,0,14,0,0,0,0,0,0
2003,421408,3,1,0,0,5,0,0,0,0,0,0,0
2003,421408,4,1,0,0,0,23,0,0,0,17,0,0
2003,421409,1,1,0,0,0,0,0,0,0,0,0,0
2003,421409,2,1,0,0,0,0,0,0,0,0,0,0
2003,421409,3,1,0,0,0,0,0,0,0,0,0,0
2003,421410,1,1,0,0,0,0,0,0,0,0,0,0
2003,421410,2,1,0,0,0,0,0,0,0,0,0,0
2003,421410,3,1,0,0,0,0,0,0,0,0,0,0
2003,421411,1,1,0,0,0,0,0,0,0,0,0,0