YEAR,ST_CASE,veh_no,per_no,P1,P2,P3,P4,P5,P6,P7,P8,P9,P10
2003,421411,2,1,0,0,0,0,0,0,0,0,0,0
2003,421412,1,1,0,0,0,0,0,0,0,0,0,0
2003,421412,2,1,0,0,0,0,0,0,0,0,0,0
2003,421412,3,1,0,0,0,0,0,0,0,0,7,0
2003,421412,4,1,0,0,0,0,0,0,0,0,0,0
2003,421413,1,1,0,0,0,0,0,0,0,0,0,0
2003,421413,2,1,0,0,0,0,0,0,0,0,0,0
2003,421414,1,1,0,0,0,0,0,0,0,0,0,0
2003,421414,2,1,0,0,0,0,0,0,0,0,0,0
2003,421415,1,1,0,0,0,0,0,0,0,0,0,0
2003,421415,2,1,0,0,0,0,0,0,0,0,0,0
2003,421416,1,1,0,0,0,0,0,0,0,0,0,0
2003,421416,2,1,0,0,0,0,0,0,0,0,0,0
2003,421417,1,1,0,0,0,0,0,0,0,0,0,0
2003,421417,2,1,0,0,0,0,0,0,0,0,0,0
2003,421417,3,1,0,0,0,0,0,0,0,0,0,0
2003,421418,1,1,0,0,0,0,0,0,0,0,0,0
2003,421418,2,1,0,0,0,0,0,0,0,0,0,0
2003,421419,1,1,0,0,0,0,0,0,0,0,0,0
2003,421419,2,1,0,0,0,0,0,0,0,0,0,0
2003,421420,0,1,0,0,47,0,16,0,0,0,0,0
2003,421420,1,1,6,0,0,0,0,0,23,0,0,0
2003,421421,0,1,0,0,0,0,0,0,0,0,0,0
2003,421421,1,1,0,0,0,0,0,0,0,0,0,0
2003,421422,0,1,25,25,25,25,25,25,25,25,25,25
2003,421422,1,1,4,4,4,4,4,4,4,4,4,4
2003,421423,1,1,18,18,18,18,18,18,18,18,18,18
2003,421424,0,1,14,14,14,14,14,14,14,14,14,14
2003,421424,1,1,0,0,0,0,0,0,0,0,0,0
2003,421425,1,1,12,14,20,14,0,15,19,27,16,25
2003,421426,1,1,24,24,24,24,24,24,24,24,24,24
2003,421427,1,1,0,0,0,0,0,0,0,0,0,0
2003,421428,1,1,0,0,0,0,0,0,0,0,0,0
2003,421428,2,1,0,0,0,0,0,0,0,0,0,0
2003,421429,1,1,23,0,14,11,0,15,0,0,0,0
2003,421429,2,1,0,0,0,0,0,0,0,0,0,0
2003,421430,1,1,0,0,0,0,0,0,0,0,0,0
2003,421430,2,1,0,0,0,0,0,0,0,0,0,18
2003,421431,1,1,0,0,0,0,0,0,0,0,0,0
2003,421431,2,1,0,0,0,0,0,0,0,0,0,0
2003,421432,0,1,0,0,0,0,0,0,0,0,0,0
2003,421432,1,1,0,0,0,0,0,0,0,0,0,0
2003,421433,1,1,0,0,0,0,0,0,0,0,0,0
2003,421434,1,1,0,0,0,16,0,0,0,0,0,0
2003,421435,0,1,0,0,0,19,28,0,0,0,0,0
2003,421435,1,1,0,0,0,0,0,0,0,0,0,0
2003,421436,1,1,0,0,0,0,0,0,0,0,0,0
2003,421436,2,1,0,0,0,0,0,0,0,0,0,0
2003,421437,1,1,0,0,0,0,0,0,0,0,0,0
2003,421437,2,1,0,0,0,0,0,0,0,0,0,0
2003,440001,1,1,0,0,0,0,0,0,0,0,0,0
2003,440001,2,1,0,0,0,0,0,0,0,0,0,0
2003,440001,3,1,0,0,0,0,0,0,0,0,0,9
2003,440002,1,1,3,3,3,3,3,3,3,3,3,3
2003,440003,1,1,0,0,0,0,0,0,0,0,0,0
2003,440004,0,1,0,0,0,0,0,0,0,0,0,0
2003,440004,1,1,0,0,12,0,0,0,0,0,0,0
2003,440005,1,2,0,0,0,0,0,0,0,0,0,0
2003,440006,1,1,34,34,34,34,34,34,34,34,34,34
2003,440006,2,1,0,0,0,0,0,0,0,0,0,0
2003,440007,1,1,22,22,22,22,22,22,22,22,22,22
2003,440008,1,2,8,18,9,0,15,19,15,12,14,34
2003,440009,1,1,0,0,0,0,0,0,0,0,0,0
2003,440010,1,1,27,27,27,27,27,27,27,27,27,27
2003,440011,1,1,9,9,9,9,9,9,9,9,9,9
2003,440012,1,1,19,19,19,19,19,19,19,19,19,19
2003,440012,2,1,16,8,11,20,21,20,0,17,14,19
2003,440013,1,1,23,23,23,23,23,23,23,23,23,23
2003,440014,1,2,0,0,0,0,0,0,0,0,0,0
2003,440015,1,1,0,0,0,0,0,0,0,0,0,0
2003,440016,0,1,0,0,0,0,0,0,0,0,0,0
2003,440016,0,2,0,0,0,0,0,0,0,0,0,0
2003,440016,1,1,22,12,20,15,3,10,6,4,0,14
2003,440017,1,1,13,13,13,13,13,13,13,13,13,13
2003,440017,2,1,0,6,0,33,23,16,7,15,0,15
2003,440018,0,1,0,0,0,0,0,0,0,0,0,0
2003,440018,1,1,0,8,8,0,14,32,0,0,9,0
2003,440019,1,1,25,25,25,25,25,25,25,25,25,25
2003,440020,1,1,18,18,18,18,18,18,18,18,18,18
2003,440020,2,1,0,24,0,0,0,44,14,0,0,0
2003,440021,1,1,23,23,23,23,23,23,23,23,23,23
2003,440022,1,1,35,35,35,35,35,35,35,35,35,35
2003,440023,1,1,0,0,0,0,0,0,0,0,0,0
2003,440024,1,1,0,0,0,0,0,0,0,0,0,0
2003,440024,2,1,0,0,0,0,0,0,0,0,0,0
2003,440025,1,1,0,0,0,0,0,0,0,0,0,0
2003,440025,2,1,0,0,0,0,0,0,0,0,0,0
2003,440025,3,1,0,0,0,0,0,0,0,0,0,0
2003,440026,1,3,11,11,11,11,11,11,11,11,11,11
2003,440027,1,1,14,14,14,14,14,14,14,14,14,14
2003,440028,1,1,8,8,8,8,8,8,8,8,8,8
2003,440029,1,2,0,0,0,0,0,5,0,0,0,0
2003,440029,2,1,0,0,0,0,0,0,0,0,0,0
2003,440030,1,1,0,0,0,0,0,0,0,0,0,0
2003,440030,2,1,0,0,0,0,0,5,0,0,0,0
2003,440031,1,1,0,0,0,0,0,0,0,0,0,0
2003,440031,2,1,0,0,0,0,0,17,0,0,0,10
2003,440032,1,1,19,19,19,19,19,19,19,19,19,19
2003,440033,1,1,0,0,0,0,0,0,0,0,0,0
2003,440033,2,1,9,7,11,11,12,17,20,12,0,8
2003,440033,3,1,0,0,0,0,0,0,0,0,0,0
2003,440034,1,1,0,0,0,0,0,0,0,0,0,0
2003,440034,2,1,0,0,0,0,0,9,0,0,0,0
2003,440035,1,1,0,0,0,0,0,0,0,0,0,0
2003,440036,1,1,21,21,21,21,21,21,21,21,21,21
2003,440036,2,1,0,0,0,0,0,0,0,0,0,0
2003,440037,1,3,8,8,8,8,8,8,8,8,8,8
2003,440038,1,1,0,0,0,0,0,0,0,0,0,0
2003,440039,1,1,0,0,0,0,0,0,0,0,0,0
2003,440039,2,1,0,0,0,0,0,0,0,0,0,0
2003,440040,1,1,20,20,20,20,20,20,20,20,20,20
2003,440041,1,1,0,0,0,0,0,0,0,0,0,0
2003,440042,1,1,28,28,28,28,28,28,28,28,28,28
2003,440043,1,2,0,0,0,0,0,0,0,0,0,0
2003,440043,2,1,0,0,0,0,0,0,0,0,0,0
2003,440044,0,1,0,0,0,0,0,0,0,0,0,0
2003,440044,1,1,0,0,36,8,17,22,0,11,3,0
2003,440045,1,1,0,0,0,0,0,0,0,0,0,0
2003,440046,0,1,0,0,0,0,0,0,0,0,0,0
2003,440046,1,1,0,0,0,0,0,0,7,0,20,0
2003,440047,1,1,12,12,12,12,12,12,12,12,12,12
2003,440048,1,1,22,22,22,22,22,22,22,22,22,22
2003,440049,1,1,0,0,0,0,0,0,0,0,0,0
2003,440049,2,1,19,19,19,19,19,19,19,19,19,19
2003,440050,1,1,18,18,18,18,18,18,18,18,18,18
2003,440051,1,2,0,0,0,0,0,0,0,0,0,0
2003,440052,0,1,0,0,0,0,0,0,0,0,0,0
2003,440052,1,1,0,0,0,0,0,0,0,0,0,0
2003,440053,1,1,0,0,0,0,0,0,0,0,0,0
2003,440054,1,1,6,6,6,6,6,6,6,6,6,6
2003,440055,0,1,8,8,8,8,8,8,8,8,8,8
2003,440055,1,1,24,0,0,15,0,0,22,0,12,0
2003,440056,0,1,15,15,15,15,15,15,15,15,15,15
2003,440056,1,1,0,0,0,0,0,0,0,0,0,0
2003,440057,1,1,19,19,19,19,19,19,19,19,19,19
2003,440058,1,2,0,0,0,0,0,0,0,0,0,0
2003,440058,2,1,0,0,0,0,0,0,0,0,0,0
2003,440058,3,1,0,13,12,0,0,0,0,0,0,0
2003,440059,1,1,0,0,0,0,0,0,0,0,0,0
2003,440059,2,1,0,0,0,0,21,0,0,0,0,0
2003,440060,1,1,0,0,0,0,0,0,0,0,0,0
2003,440061,1,1,21,21,21,21,21,21,21,21,21,21
2003,440062,1,1,0,0,0,0,0,0,0,0,0,0
2003,440062,2,1,0,8,0,0,0,0,0,0,0,13
2003,440063,1,1,0,0,0,0,0,0,0,0,0,0
2003,440063,2,1,6,0,0,7,0,0,0,0,0,0
2003,440064,1,1,4,4,4,4,4,4,4,4,4,4
2003,440064,2,1,0,0,0,0,0,0,12,0,0,0
2003,440065,0,1,18,18,18,18,18,18,18,18,18,18
2003,440065,1,1,12,14,0,0,0,15,0,13,0,0
2003,440066,1,2,0,0,0,0,0,0,0,0,0,0
2003,440066,2,1,0,0,0,0,0,0,0,0,0,0
2003,440067,1,2,10,0,12,19,0,0,0,0,22,0
2003,440068,1,1,22,22,22,22,22,22,22,22,22,22
2003,440069,1,1,0,0,0,0,8,0,14,9,8,0
2003,440069,2,1,9,18,10,16,28,20,13,11,12,26
2003,440070,1,2,0,0,0,0,0,0,0,0,0,0
2003,440070,2,1,0,0,0,0,0,0,0,0,0,0
2003,440071,1,1,17,17,17,17,17,17,17,17,17,17
2003,440072,1,1,0,0,0,0,0,0,0,0,0,0
2003,440073,1,1,0,0,0,0,0,0,0,0,0,0
2003,440073,2,1,0,0,0,0,0,0,0,0,0,0
2003,440074,1,1,0,0,0,0,0,0,0,0,0,0
2003,440074,2,1,0,0,0,0,17,0,0,0,2,0
2003,440075,1,2,0,0,0,0,0,0,0,0,0,0
2003,440075,2,1,13,13,14,17,23,17,8,0,15,3
2003,440076,0,1,20,20,20,20,20,20,20,20,20,20
2003,440076,1,1,0,3,0,0,0,0,0,0,0,0
2003,440077,1,1,0,0,0,14,20,24,15,15,17,32
2003,440078,1,1,0,0,0,0,0,0,0,0,0,0
2003,440079,1,1,16,16,16,16,16,16,16,16,16,16
2003,440080,0,1,0,33,0,0,0,12,0,0,0,14
2003,440080,1,1,14,0,0,0,0,0,0,0,0,0
2003,440081,1,1,0,0,0,0,0,0,0,0,0,0
2003,440081,2,1,23,30,18,24,4,23,7,11,21,12
2003,440082,1,2,0,0,0,0,0,0,0,0,0,0
2003,440082,2,1,0,0,0,0,0,0,0,0,0,0
2003,440083,1,1,0,0,0,0,0,0,0,0,0,0
2003,440084,1,1,0,0,0,0,0,0,0,0,0,0
2003,440084,2,1,0,0,0,0,0,0,0,0,6,0
2003,440084,3,1,0,0,0,0,0,0,0,0,0,0
2003,440084,4,1,0,0,0,0,0,0,0,0,0,0
2003,440085,1,1,17,17,17,17,17,17,17,17,17,17
2003,440086,0,1,0,0,0,0,0,0,0,0,0,0
2003,440086,1,1,0,0,0,0,0,6,0,0,0,11
2003,440087,1,1,20,20,20,20,20,20,20,20,20,20
2003,440088,1,1,31,31,31,31,31,31,31,31,31,31
2003,440089,1,1,0,0,0,0,0,0,0,0,0,0
2003,440089,2,1,0,0,0,0,0,0,0,0,0,0
2003,440089,3,1,15,0,0,0,0,0,0,0,0,0
2003,440090,1,2,6,21,3,18,19,34,10,17,2,12
2003,440091,1,2,17,7,12,26,20,22,0,23,2,15
2003,440092,1,2,11,0,0,7,4,24,0,20,9,3
2003,440093,1,1,28,28,28,28,28,28,28,28,28,28
2003,440093,2,1,0,0,0,0,0,0,0,0,0,0
2003,440093,3,1,0,0,0,0,0,0,0,0,0,0
2003,440093,4,1,0,0,0,0,0,0,0,0,0,0
2003,440093,5,1,0,0,0,0,0,0,0,0,0,0
2003,440093,6,1,0,0,0,0,0,0,0,0,0,0
2003,440093,7,1,0,0,0,0,0,13,0,0,0,0
2003,440094,0,1,0,0,0,0,0,0,0,0,0,0
2003,440094,1,1,0,0,0,0,0,0,0,0,0,0
2003,440095,0,1,10,15,4,22,0,28,21,13,0,41
2003,440095,2,1,0,0,13,0,0,28,7,0,14,0
2003,440096,0,1,0,0,0,0,0,0,0,0,0,0
2003,440096,2,1,0,0,0,0,0,0,27,0,0,0
2003,440096,3,1,16,0,0,0,0,0,14,0,0,0
2003,450001,0,1,0,26,0,19,30,23,18,56,23,18
2003,450001,1,1,0,12,25,0,0,0,11,0,0,0
2003,450002,0,1,4,4,4,4,4,4,4,4,4,4
2003,450002,1,1,0,0,0,0,0,0,0,18,17,0
2003,450003,1,1,27,27,27,27,27,27,27,27,27,27
2003,450004,0,1,27,27,27,27,27,27,27,27,27,27
2003,450004,1,1,0,0,0,0,0,0,0,0,0,0
2003,450005,1,1,0,12,0,0,0,16,0,0,0,0
2003,450006,1,1,8,19,15,7,0,0,0,14,0,19
2003,450007,1,1,0,0,0,0,0,0,0,0,0,0
2003,450008,1,1,18,0,0,5,9,13,0,0,14,3
2003,450009,0,1,0,0,0,0,0,0,0,0,0,0
2003,450009,1,1,0,0,14,0,0,0,0,0,0,0
2003,450010,1,1,0,0,0,0,0,0,0,0,0,0
2003,450010,2,1,0,0,0,0,0,0,0,0,0,0
2003,450010,3,1,22,4,11,10,7,6,14,14,20,13
2003,450011,1,1,35,35,35,35,35,35,35,35,35,35
2003,450012,1,1,0,0,0,0,0,0,0,0,0,0
2003,450013,1,1,0,0,0,0,0,0,0,0,0,0
2003,450013,2,1,0,0,0,0,0,0,0,12,13,0
2003,450013,3,1,0,0,0,0,0,0,0,0,0,0
2003,450014,1,1,0,0,0,0,0,0,0,0,0,0
2003,450015,1,1,10,18,8,8,18,6,21,6,22,7
2003,450015,2,1,0,4,0,0,0,0,10,0,0,0
2003,450015,3,1,0,0,0,0,0,0,0,0,0,0
2003,450016,1,1,0,0,0,0,0,0,0,0,0,0
2003,450016,2,1,0,0,0,0,0,0,0,0,0,0
2003,450016,3,1,0,0,0,0,0,0,0,0,0,0
2003,450017,1,1,15,15,15,15,15,15,15,15,15,15
2003,450018,1,1,0,0,0,0,0,0,0,0,0,0
2003,450018,2,1,0,0,0,0,0,0,0,0,0,0
2003,450019,1,1,0,0,0,0,0,0,0,0,0,0
2003,450020,1,1,0,0,0,0,0,0,0,0,0,0
2003,450021,1,1,0,0,0,0,0,0,0,0,0,0
2003,450021,2,1,0,0,0,0,0,0,0,0,0,0
2003,450022,0,1,0,0,0,0,0,0,0,0,0,0
2003,450022,0,2,0,0,0,0,0,0,0,0,0,0
2003,450022,1,1,0,0,0,0,0,0,0,0,0,0
2003,450023,1,1,0,0,0,0,0,0,0,0,0,0
2003,450024,1,1,0,0,0,0,0,0,0,0,0,0
2003,450024,2,1,14,14,14,14,14,14,14,14,14,14
2003,450025,0,1,9,9,9,9,9,9,9,9,9,9
2003,450025,1,1,0,0,0,0,0,0,0,0,0,0
2003,450026,1,1,0,0,0,0,9,7,0,0,0,0
2003,450026,2,1,0,0,0,0,0,0,0,0,0,0
2003,450027,0,1,6,6,6,6,6,6,6,6,6,6
2003,450027,1,1,0,0,0,0,0,0,0,0,0,0
2003,450028,1,1,23,23,23,23,23,23,23,23,23,23
2003,450029,1,1,0,0,0,0,0,0,0,0,0,0
2003,450030,1,1,0,0,17,26,0,37,13,7,15,23
2003,450031,1,1,0,0,0,0,0,0,0,0,0,0
2003,450031,2,1,0,0,0,0,0,0,0,0,0,0
2003,450032,1,1,25,25,25,25,25,25,25,25,25,25
2003,450033,1,1,0,0,13,0,0,0,0,0,0,0
2003,450033,2,1,0,0,0,0,0,0,0,0,0,0
2003,450034,1,1,0,0,0,0,0,0,0,15,0,0
2003,450034,2,1,2,2,2,2,2,2,2,2,2,2
2003,450035,1,1,0,0,0,0,0,0,0,0,0,0
2003,450036,1,1,24,24,24,24,24,24,24,24,24,24
2003,450037,1,1,0,0,0,8,0,0,0,0,0,0
2003,450037,2,1,0,0,0,0,0,0,0,0,0,0
2003,450038,1,1,13,0,18,0,0,12,0,0,0,0
2003,450038,2,1,16,16,16,16,16,16,16,16,16,16
2003,450039,1,1,6,6,6,6,6,6,6,6,6,6
2003,450040,1,1,0,0,0,0,0,0,0,0,0,0
2003,450040,2,1,0,0,0,0,0,0,0,0,0,0
2003,450041,1,1,0,0,6,0,0,11,0,0,0,0
2003,450041,2,1,0,0,14,14,0,0,0,8,0,22
2003,450042,1,1,0,0,0,0,0,0,0,0,0,0
2003,450042,2,1,0,0,0,0,0,0,0,0,0,0
2003,450043,1,1,5,21,4,24,22,13,13,24,9,4
2003,450043,2,1,0,0,0,0,0,0,0,0,0,0
2003,450043,3,1,0,20,13,9,16,17,0,11,0,0
2003,450044,1,1,0,0,0,15,0,0,0,0,0,0
2003,450044,2,1,0,0,0,0,0,0,0,0,0,0
2003,450044,3,1,0,0,0,0,0,0,0,0,0,0
2003,450045,1,1,3,0,13,9,0,19,9,14,2,24
2003,450046,0,1,0,0,0,0,0,0,0,0,0,0
2003,450046,1,1,0,0,0,0,0,8,0,0,0,0
2003,450047,1,1,0,0,0,0,0,0,0,0,0,0
2003,450047,2,1,7,0,0,0,19,0,0,0,0,0
2003,450048,1,1,0,0,0,0,0,0,10,0,0,0
2003,450049,1,1,25,25,25,25,25,25,25,25,25,25
2003,450050,1,1,5,5,5,5,5,5,5,5,5,5
2003,450051,1,1,21,20,0,0,0,0,0,0,0,0
2003,450051,2,1,0,0,0,0,0,10,0,0,0,0
2003,450052,1,1,13,13,13,13,13,13,13,13,13,13
2003,450052,2,1,0,0,0,0,0,0,6,0,0,0
2003,450053,1,1,0,0,0,0,0,0,16,0,0,0
2003,450054,1,1,0,0,0,0,0,0,0,0,0,0
2003,450055,1,1,0,0,0,0,0,0,0,0,0,0
2003,450055,2,1,0,0,0,0,0,0,0,0,0,0
2003,450056,1,1,0,0,0,0,0,0,0,0,0,0
2003,450057,1,1,28,28,28,28,28,28,28,28,28,28
2003,450058,1,1,0,0,0,0,0,0,0,0,0,0
2003,450059,1,1,14,14,14,14,14,14,14,14,14,14
2003,450060,1,1,12,12,12,12,12,12,12,12,12,12
2003,450061,1,1,31,31,31,31,31,31,31,31,31,31
2003,450062,1,1,28,28,28,28,28,28,28,28,28,28
2003,450062,2,1,14,0,0,0,0,0,0,0,0,0
2003,450063,1,1,24,24,24,24,24,24,24,24,24,24
2003,450064,1,1,38,38,38,38,38,38,38,38,38,38
2003,450065,1,1,12,13,13,9,14,13,0,14,8,18
2003,450066,1,1,0,0,0,0,0,0,0,0,0,0
2003,450066,2,1,0,0,0,0,0,0,0,0,0,0
2003,450067,1,1,0,0,0,0,0,0,0,0,0,0
2003,450068,0,1,21,21,21,21,21,21,21,21,21,21
2003,450068,1,1,0,0,0,0,0,0,0,0,0,0
2003,450069,0,1,19,19,19,19,19,19,19,19,19,19
2003,450069,1,1,0,0,0,9,0,0,0,0,0,0
2003,450070,1,1,17,17,17,17,17,17,17,17,17,17
2003,450072,1,1,17,17,17,17,17,17,17,17,17,17
2003,450073,0,1,32,32,32,32,32,32,32,32,32,32
2003,450073,1,1,16,0,0,0,0,0,13,0,0,0
2003,450074,1,1,0,0,0,0,0,0,0,0,17,10
2003,450074,2,1,10,10,10,10,10,10,10,10,10,10
2003,450075,1,1,20,20,20,20,20,20,20,20,20,20
2003,450076,1,1,11,0,16,13,11,8,22,10,12,7
2003,450077,1,1,0,0,0,0,0,0,0,0,0,0
2003,450077,2,1,0,0,0,0,0,0,0,0,0,0
2003,450078,1,1,0,0,11,0,11,12,0,0,0,0
2003,450079,1,1,0,0,0,0,0,0,0,0,0,0
2003,450080,1,1,20,20,20,20,20,20,20,20,20,20
2003,450080,2,1,0,10,19,17,7,20,20,10,0,11
2003,450081,1,1,0,0,0,0,0,0,0,0,8,0
2003,450081,2,1,0,0,0,0,0,0,0,0,0,0
2003,450082,1,1,0,0,0,0,0,0,0,0,0,0
2003,450083,1,1,0,0,0,0,0,0,0,0,0,0
2003,450083,2,1,0,0,0,0,0,0,0,0,0,0
2003,450084,0,1,0,0,36,27,0,23,51,38,0,25
2003,450084,1,1,18,0,0,0,0,12,0,0,0,23
2003,450085,1,1,0,0,0,0,0,0,0,0,0,0
2003,450085,2,1,0,0,0,0,0,0,0,0,0,0
2003,450085,3,1,0,0,0,0,0,0,0,0,0,0
2003,450086,1,1,0,0,8,27,0,0,22,0,0,0
2003,450086,2,1,6,0,0,0,0,0,0,0,0,0
2003,450087,1,1,0,0,0,0,0,0,0,0,0,0
2003,450087,2,1,0,0,0,0,0,0,0,0,0,0
2003,450088,1,1,17,17,17,17,17,17,17,17,17,17
2003,450089,1,1,17,17,17,17,17,17,17,17,17,17
2003,450090,1,1,0,0,0,0,0,0,0,0,0,0
2003,450090,2,1,0,0,0,0,0,0,0,0,0,0
2003,450091,1,1,0,0,0,0,0,0,0,0,0,0
2003,450092,0,1,33,33,33,33,33,33,33,33,33,33
2003,450092,1,1,18,0,0,0,0,0,0,0,0,0
2003,450093,1,1,0,0,0,0,0,0,0,0,0,7
2003,450093,2,1,18,0,0,0,0,15,6,6,15,0
2003,450094,1,1,26,26,26,26,26,26,26,26,26,26
2003,450095,1,1,5,5,5,5,5,5,5,5,5,5
2003,450096,1,1,10,10,10,10,10,10,10,10,10,10
2003,450097,0,1,9,9,9,9,9,9,9,9,9,9
2003,450097,1,1,0,0,0,0,0,0,0,0,0,0
2003,450098,1,1,0,0,0,0,0,0,0,21,0,0
2003,450099,1,1,0,0,0,0,0,0,0,0,0,0
2003,450099,2,1,0,0,30,0,0,0,0,0,0,0
2003,450100,1,1,0,0,0,0,0,0,0,0,0,0
2003,450101,1,1,7,24,12,25,13,15,33,13,16,24
2003,450102,1,1,18,18,18,18,18,18,18,18,18,18
2003,450103,1,1,0,0,0,0,0,0,0,0,0,0
2003,450103,2,1,0,0,0,0,0,0,0,0,0,0
2003,450104,1,1,0,0,0,0,0,0,0,0,0,0
2003,450104,2,1,0,0,0,0,0,7,0,0,0,0
2003,450105,1,1,0,0,0,0,0,0,0,0,0,0
2003,450105,2,1,0,0,0,0,0,0,0,0,0,0
2003,450106,0,1,0,0,0,0,0,0,0,0,0,0
2003,450106,1,1,0,0,0,8,0,0,0,0,21,0
2003,450107,1,1,9,0,0,0,0,0,0,0,0,0
2003,450108,1,1,19,19,19,19,19,19,19,19,19,19
2003,450109,1,1,0,0,0,0,0,0,0,0,0,0
2003,450109,2,1,0,0,0,0,0,0,0,0,0,0
2003,450110,1,1,0,25,27,18,0,0,18,17,0,6
2003,450111,1,1,0,9,0,0,0,0,0,0,0,0
2003,450112,1,1,17,17,17,17,17,17,17,17,17,17
2003,450113,1,1,0,0,0,0,0,0,0,0,2,0
2003,450114,1,1,0,0,0,0,0,4,0,0,0,0
2003,450114,2,1,0,0,0,0,0,0,0,0,0,0
2003,450115,1,1,0,0,0,0,0,0,0,0,0,0
2003,450115,2,1,26,26,26,26,26,26,26,26,26,26
2003,450116,1,1,0,0,0,0,0,0,0,0,0,0
2003,450116,2,1,0,0,0,0,0,0,0,0,0,0
2003,450117,1,1,22,22,22,22,22,22,22,22,22,22
2003,450118,0,1,0,0,0,0,32,0,8,16,0,0
2003,450118,1,1,16,0,0,14,0,0,0,0,0,0
2003,450119,1,1,27,27,27,27,27,27,27,27,27,27
2003,450120,1,1,0,0,0,0,0,0,0,0,0,0
2003,450120,2,1,0,0,0,0,0,0,0,0,0,0
2003,450121,1,1,0,0,0,0,0,0,0,0,0,0
2003,450121,2,1,0,0,0,14,0,0,0,0,0,8
2003,450121,3,1,0,0,0,0,0,0,0,0,0,10
2003,450122,1,1,0,0,0,0,21,0,0,0,0,0
2003,450123,1,1,0,0,0,0,0,0,0,0,0,0
2003,450123,2,1,0,0,0,0,0,0,0,0,0,0
2003,450124,1,1,0,29,0,0,0,0,0,0,0,0
2003,450124,2,1,15,0,0,10,0,0,0,0,0,0
2003,450125,1,1,0,0,0,0,0,0,0,0,0,0
2003,450125,2,1,23,23,23,23,23,23,23,23,23,23
2003,450126,1,1,10,14,13,25,0,9,0,0,0,13
2003,450126,2,1,10,11,16,25,7,13,22,2,12,11
2003,450127,1,1,0,0,0,0,0,0,0,0,0,0
2003,450127,2,1,0,0,0,0,0,0,0,0,0,0
2003,450128,1,1,0,0,0,0,0,0,0,0,0,0
2003,450128,2,1,0,0,0,0,0,0,0,0,0,0
2003,450129,1,1,0,0,0,0,17,11,0,0,0,0
2003,450131,1,1,16,0,0,26,25,0,0,23,8,15
2003,450132,1,1,0,0,0,0,0,0,0,0,0,0
2003,450132,2,1,28,28,28,28,28,28,28,28,28,28
2003,450133,1,1,32,32,32,32,32,32,32,32,32,32
2003,450134,1,1,0,0,0,0,0,0,0,0,0,0
2003,450135,1,1,26,26,26,26,26,26,26,26,26,26
2003,450136,1,1,0,0,0,0,0,0,0,0,0,0
2003,450136,2,1,0,0,0,0,0,0,0,0,0,0
2003,450137,1,1,0,0,0,0,0,0,0,0,0,0
2003,450137,2,1,0,0,0,0,0,0,0,0,0,0
2003,450138,1,1,28,28,28,28,28,28,28,28,28,28
2003,450139,0,1,0,0,0,0,0,0,0,0,0,0
2003,450139,1,1,5,0,10,0,0,0,0,0,0,0
2003,450140,1,1,0,0,9,6,0,0,14,12,3,0
2003,450141,1,1,0,0,0,0,0,0,0,0,0,0
2003,450141,2,1,0,0,0,0,0,0,0,0,0,0
2003,450142,1,1,0,0,0,0,0,0,0,0,0,0
2003,450142,2,1,0,0,0,0,0,0,0,0,0,0
2003,450142,3,1,0,0,0,11,0,0,0,0,0,0
2003,450143,1,1,22,22,22,22,22,22,22,22,22,22
2003,450144,1,1,11,11,11,11,11,11,11,11,11,11
2003,450145,1,1,0,0,0,0,0,0,0,0,0,0
2003,450145,2,1,0,0,0,0,0,0,0,0,0,0
2003,450146,0,1,10,10,10,10,10,10,10,10,10,10
2003,450146,1,1,0,0,0,0,0,0,0,0,0,0
2003,450146,2,1,0,0,0,0,0,0,0,0,0,0
2003,450147,1,1,0,0,0,0,0,0,0,0,0,0
2003,450148,1,1,0,0,0,0,0,0,0,10,0,0
2003,450149,1,1,25,25,25,25,25,25,25,25,25,25
2003,450150,1,1,0,0,0,0,0,0,0,0,0,0
2003,450151,1,1,0,0,0,30,0,0,0,0,0,0
2003,450152,1,1,0,0,0,0,0,0,0,0,0,0
2003,450153,1,1,0,0,0,0,0,0,0,0,0,0
2003,450153,2,1,0,0,0,0,0,0,0,0,0,0
2003,450154,1,1,0,0,0,0,0,0,0,0,0,0
2003,450155,1,1,0,0,10,11,0,0,13,0,0,0
2003,450155,2,1,10,10,10,10,10,10,10,10,10,10
2003,450156,1,1,0,0,0,0,0,0,0,0,0,0
2003,450156,2,1,0,0,0,29,0,15,0,0,0,0
2003,450156,3,1,0,0,0,0,0,0,0,0,0,0
2003,450157,1,1,0,0,0,0,0,0,0,0,0,0
2003,450158,1,1,0,0,0,0,0,0,0,0,0,0
2003,450158,2,1,0,0,0,0,0,0,0,0,0,0