YEAR,ST_CASE,veh_no,per_no,P1,P2,P3,P4,P5,P6,P7,P8,P9,P10
2003,450448,3,1,0,21,0,0,0,0,0,0,0,0
2003,450449,1,1,0,0,0,0,0,0,0,0,0,0
2003,450450,1,1,13,0,0,0,0,9,0,0,16,0
2003,450451,1,1,0,0,0,0,0,0,0,0,0,0
2003,450452,1,1,14,16,0,0,0,9,19,0,0,0
2003,450452,2,1,0,0,0,0,0,0,0,0,0,0
2003,450453,0,1,0,0,0,0,0,0,0,0,0,0
2003,450453,1,1,0,0,0,0,0,0,0,0,0,0
2003,450454,1,1,0,0,0,0,0,0,0,0,0,0
2003,450454,2,1,0,0,0,0,0,0,0,0,0,0
2003,450455,0,1,27,27,27,27,27,27,27,27,27,27
2003,450455,1,1,0,0,0,0,0,0,0,0,0,0
2003,450456,1,1,0,0,0,0,0,0,0,0,0,0
2003,450456,2,1,0,20,0,16,0,0,12,0,0,0
2003,450456,3,1,0,0,0,0,0,0,0,0,0,0
2003,450457,1,1,0,0,0,0,11,0,0,0,0,0
2003,450457,2,1,0,25,0,0,0,0,0,0,0,0
2003,450458,1,1,12,12,12,12,12,12,12,12,12,12
2003,450458,2,1,0,0,0,0,0,0,0,0,0,0
2003,450458,3,1,0,0,0,0,5,0,0,0,3,0
2003,450459,1,1,17,17,17,17,17,17,17,17,17,17
2003,450460,0,1,0,0,0,0,0,0,0,0,0,0
2003,450460,1,1,0,17,0,0,0,0,0,0,0,10
2003,450461,1,1,1,1,1,1,1,1,1,1,1,1
2003,450461,2,1,15,0,13,6,18,18,19,2,11,10
2003,450462,1,1,0,0,0,0,0,0,0,0,0,0
2003,450462,2,1,0,0,0,0,0,0,0,0,0,0
2003,450462,3,1,0,0,0,0,0,0,0,0,0,0
2003,450463,1,1,0,0,0,0,0,0,0,0,0,0
2003,450463,2,1,0,0,0,0,0,0,0,0,15,0
2003,450463,3,1,5,0,12,0,0,0,17,13,0,0
2003,450464,1,1,0,0,0,0,0,0,0,0,0,8
2003,450464,2,1,0,0,0,0,0,0,0,0,0,5
2003,450465,1,1,0,4,2,0,11,11,28,28,10,0
2003,450466,1,1,0,0,16,0,0,0,0,12,0,17
2003,450466,2,1,0,13,0,0,0,0,0,12,0,24
2003,450466,3,1,0,0,0,0,0,0,0,0,0,0
2003,450466,4,1,0,0,0,0,0,0,0,14,0,0
2003,450467,0,1,28,28,28,28,28,28,28,28,28,28
2003,450467,1,1,0,0,0,0,10,0,0,28,0,19
2003,450468,1,1,0,0,0,0,0,0,0,0,0,0
2003,450469,1,1,9,9,9,9,9,9,9,9,9,9
2003,450470,1,1,0,0,0,0,0,0,16,0,0,0
2003,450471,0,1,0,0,0,0,0,0,0,0,0,0
2003,450471,1,1,0,0,0,0,0,0,0,0,0,0
2003,450472,1,1,0,0,0,0,0,0,0,0,0,0
2003,450473,1,1,0,0,0,0,0,0,0,0,0,0
2003,450473,2,1,14,14,14,14,14,14,14,14,14,14
2003,450475,1,1,0,0,0,0,0,0,0,0,0,0
2003,450476,1,1,0,0,0,0,0,0,0,0,0,0
2003,450476,2,1,29,29,29,29,29,29,29,29,29,29
2003,450477,1,1,0,0,0,0,0,0,0,0,0,0
2003,450477,2,1,0,0,0,0,0,0,0,0,0,0
2003,450477,3,1,2,2,2,2,2,2,2,2,2,2
2003,450478,0,1,0,0,0,0,0,0,0,0,0,0
2003,450478,1,1,0,0,0,0,0,0,0,0,0,0
2003,450479,0,1,22,22,22,22,22,22,22,22,22,22
2003,450479,1,1,0,0,0,0,0,0,0,0,0,0
2003,450480,1,1,0,0,0,0,0,0,0,0,0,0
2003,450480,2,1,18,18,18,18,18,18,18,18,18,18
2003,450481,1,1,0,0,0,0,0,0,0,0,0,0
2003,450481,2,1,0,0,0,0,0,0,0,0,0,0
2003,450482,1,1,0,0,0,0,0,0,0,0,0,0
2003,450482,2,1,0,0,0,0,0,0,0,0,18,0
2003,450482,3,1,0,0,0,0,0,0,0,0,0,0
2003,450483,1,1,0,0,0,0,0,0,3,0,6,0
2003,450483,2,1,0,0,0,0,16,0,0,0,0,0
2003,450484,1,1,0,0,9,0,0,0,0,3,0,0
2003,450484,2,1,9,9,9,9,9,9,9,9,9,9
2003,450485,1,1,0,0,0,0,0,0,6,0,18,0
2003,450486,1,1,20,19,4,24,12,0,0,13,13,0
2003,450487,1,1,1,1,1,1,1,1,1,1,1,1
2003,450488,1,1,25,25,25,25,25,25,25,25,25,25
2003,450489,1,1,19,19,19,19,19,19,19,19,19,19
2003,450490,1,1,0,0,0,0,0,0,0,0,0,0
2003,450490,2,1,0,0,14,0,0,0,0,0,0,0
2003,450490,3,1,0,0,0,0,0,0,0,0,0,0
2003,450491,1,1,0,0,8,13,0,0,0,0,10,0
2003,450491,2,1,0,0,0,0,0,0,0,0,0,0
2003,450492,1,1,0,0,16,0,12,0,0,0,0,0
2003,450493,1,1,0,0,0,0,0,0,0,0,0,12
2003,450493,2,1,0,0,0,0,0,0,0,0,17,0
2003,450496,1,1,0,0,25,13,15,4,0,0,0,0
2003,450496,2,1,23,23,23,23,23,23,23,23,23,23
2003,450497,0,1,0,0,0,0,0,0,0,0,0,0
2003,450497,1,1,0,0,0,0,0,0,0,0,0,0
2003,450498,1,1,6,6,6,6,6,6,6,6,6,6
2003,450499,0,1,0,0,18,0,0,28,0,0,8,0
2003,450499,1,1,17,0,0,0,0,0,0,10,0,19
2003,450500,1,1,0,0,0,0,0,0,0,0,0,0
2003,450500,2,1,0,0,0,0,0,0,0,0,0,0
2003,450500,3,1,0,0,0,0,0,0,0,0,0,0
2003,450501,1,1,3,3,3,3,3,3,3,3,3,3
2003,450502,1,1,0,0,9,0,0,0,0,0,0,0
2003,450502,2,1,0,0,8,0,0,0,11,0,0,0
2003,450503,1,1,0,0,0,0,0,0,0,0,0,0
2003,450503,2,1,8,0,0,0,0,0,0,0,15,0
2003,450504,1,1,23,23,23,23,23,23,23,23,23,23
2003,450505,1,1,12,0,0,22,0,0,27,21,0,15
2003,450506,1,1,17,0,21,0,11,0,24,3,14,19
2003,450507,1,1,3,3,3,3,3,3,3,3,3,3
2003,450508,0,1,17,17,17,17,17,17,17,17,17,17
2003,450508,1,1,0,0,0,9,0,0,0,0,25,0
2003,450509,1,1,16,16,16,16,16,16,16,16,16,16
2003,450510,1,1,0,0,0,0,0,0,0,0,0,0
2003,450511,1,1,26,0,0,0,0,0,0,0,0,0
2003,450511,2,1,0,0,0,0,0,0,0,0,0,0
2003,450512,1,1,15,0,0,6,12,27,0,11,20,12
2003,450512,2,1,0,0,0,0,0,0,0,0,0,0
2003,450513,1,1,3,18,0,0,15,0,0,0,0,0
2003,450513,2,1,0,0,0,0,0,0,0,0,0,0
2003,450513,3,1,0,0,0,0,0,0,0,0,0,0
2003,450514,1,1,0,0,0,0,0,0,0,0,0,0
2003,450515,1,1,0,0,0,0,0,0,0,8,0,0
2003,450516,1,1,17,0,0,0,18,0,0,0,0,0
2003,450516,2,1,0,0,0,0,0,0,0,0,0,0
2003,450517,1,1,0,0,0,0,0,0,0,0,0,0
2003,450518,1,1,0,0,16,0,0,22,12,9,0,17
2003,450518,2,1,24,5,13,21,16,13,0,0,0,13
2003,450519,1,1,10,0,18,0,0,0,0,0,0,0
2003,450519,2,1,0,0,0,0,0,0,0,0,0,0
2003,450520,1,1,0,0,0,0,0,0,0,0,0,0
2003,450520,2,1,0,0,0,0,0,0,0,0,0,0
2003,450521,1,1,18,18,18,18,18,18,18,18,18,18
2003,450522,1,1,0,0,0,0,0,0,0,0,0,0
2003,450522,2,1,0,0,0,0,0,0,0,0,0,0
2003,450523,1,1,0,0,0,0,0,0,0,0,0,0
2003,450523,2,1,9,0,0,0,23,28,12,17,22,17
2003,450524,0,1,18,18,18,18,18,18,18,18,18,18
2003,450524,1,1,0,0,0,0,0,0,0,0,0,0
2003,450525,1,1,0,0,0,0,0,0,0,0,0,0
2003,450525,2,1,0,0,0,0,0,0,0,0,0,0
2003,450526,1,1,0,0,0,0,0,0,0,0,0,0
2003,450526,2,1,0,0,0,0,0,0,0,0,0,0
2003,450527,1,1,6,6,6,6,6,6,6,6,6,6
2003,450528,1,1,0,0,0,0,0,0,0,0,0,0
2003,450529,1,1,0,0,0,0,0,0,0,0,0,0
2003,450530,1,1,0,0,0,0,0,0,0,0,0,0
2003,450530,2,1,0,0,0,0,0,0,0,0,0,0
2003,450531,0,1,38,38,38,38,38,38,38,38,38,38
2003,450531,1,1,0,0,0,0,15,0,0,0,0,0
2003,450532,1,1,23,23,23,23,23,23,23,23,23,23
2003,450533,0,1,0,0,0,34,38,0,11,0,0,8
2003,450533,1,1,0,0,14,0,0,0,0,0,0,14
2003,450534,1,1,3,0,0,22,5,30,17,0,17,9
2003,450534,2,1,0,0,0,0,0,0,0,0,0,0
2003,450535,1,1,21,21,21,21,21,21,21,21,21,21
2003,450536,0,1,17,17,17,17,17,17,17,17,17,17
2003,450536,1,1,0,7,0,13,0,0,0,0,10,6
2003,450537,1,1,0,22,13,0,16,19,0,20,0,33
2003,450538,1,1,0,0,0,0,0,0,0,0,0,0
2003,450538,2,1,0,0,0,0,0,0,0,0,21,0
2003,450539,1,1,2,2,2,2,2,2,2,2,2,2
2003,450539,2,1,0,8,11,0,6,18,0,0,0,15
2003,450540,1,1,0,0,0,0,0,0,0,0,0,0
2003,450541,1,1,0,0,0,0,0,0,0,0,0,0
2003,450541,2,1,24,0,0,11,0,6,0,0,0,0
2003,450542,1,1,16,0,18,9,0,0,7,0,0,17
2003,450543,1,1,0,0,0,0,0,0,0,0,0,0
2003,450543,2,1,0,0,0,0,0,0,0,0,0,0
2003,450544,0,1,0,0,0,0,0,0,0,0,0,0
2003,450544,1,1,0,0,0,0,0,0,0,0,0,0
2003,450545,0,1,0,0,0,0,0,0,0,0,0,0
2003,450545,1,1,0,15,0,0,12,17,0,8,18,0
2003,450545,2,1,8,0,0,0,19,0,0,0,0,0
2003,450545,3,1,0,0,0,0,0,0,0,0,0,0
2003,450546,0,1,0,0,0,0,0,0,0,0,0,0
2003,450546,1,1,0,13,0,0,0,0,30,0,0,0
2003,450547,1,1,0,6,0,0,18,0,24,0,0,0
2003,450547,2,1,0,0,0,0,0,0,18,0,22,0
2003,450548,1,1,0,0,0,0,0,0,0,0,0,0
2003,450549,1,1,0,0,0,0,0,0,0,0,0,0
2003,450549,2,1,0,0,0,0,0,0,0,0,0,0
2003,450550,1,1,0,18,0,0,0,0,0,0,34,21
2003,450550,2,1,22,22,22,22,22,22,22,22,22,22
2003,450551,1,1,23,23,23,23,23,23,23,23,23,23
2003,450552,1,1,0,24,0,0,0,0,0,0,0,0
2003,450553,1,1,20,20,20,20,20,20,20,20,20,20
2003,450554,1,1,11,0,22,0,0,12,17,28,20,14
2003,450555,1,1,20,13,23,19,13,3,14,18,14,8
2003,450556,1,1,0,17,0,0,11,11,11,0,0,15
2003,450556,2,1,0,0,14,0,0,0,0,10,0,0
2003,450557,0,1,15,15,15,15,15,15,15,15,15,15
2003,450557,1,1,0,0,0,0,0,0,0,0,0,6
2003,450557,2,1,0,0,0,0,0,0,0,0,0,0
2003,450558,1,1,0,0,0,0,0,0,0,0,14,0
2003,450559,1,1,24,24,24,24,24,24,24,24,24,24
2003,450560,1,1,12,0,10,11,24,0,11,17,7,0
2003,450561,1,1,0,12,0,0,0,0,0,0,0,0
2003,450561,2,1,0,0,0,0,0,0,0,0,0,0
2003,450562,1,1,0,0,0,0,0,0,0,0,0,0
2003,450562,2,1,0,0,0,0,0,0,0,9,0,0
2003,450562,3,1,0,0,0,0,0,0,0,0,0,0
2003,450563,1,1,26,26,26,26,26,26,26,26,26,26
2003,450563,2,1,0,0,0,0,0,0,0,0,0,0
2003,450563,3,1,0,0,0,0,0,0,0,0,0,0
2003,450564,1,1,0,0,0,0,0,0,0,0,0,0
2003,450565,1,1,0,0,0,11,0,0,0,0,0,0
2003,450565,2,1,0,0,0,0,0,0,18,0,11,0
2003,450566,1,1,14,14,14,14,14,14,14,14,14,14
2003,450567,1,1,0,0,0,0,0,0,0,0,0,0
2003,450568,0,1,13,0,21,16,0,0,0,0,0,17
2003,450568,0,2,0,20,0,0,16,0,28,18,0,0
2003,450568,1,1,12,12,12,12,12,12,12,12,12,12
2003,450569,1,1,0,0,0,0,0,0,0,0,0,0
2003,450570,1,1,0,0,0,0,5,0,0,0,0,0
2003,450570,2,1,0,0,0,0,0,0,0,0,0,0
2003,450571,1,1,7,7,7,7,7,7,7,7,7,7
2003,450572,1,1,0,0,0,0,0,0,0,0,0,0
2003,450572,2,1,0,0,0,0,0,0,0,0,0,0
2003,450573,1,1,13,13,13,13,13,13,13,13,13,13
2003,450574,0,1,21,21,21,21,21,21,21,21,21,21
2003,450574,1,1,2,0,0,0,0,0,0,10,0,0
2003,450575,1,1,0,0,13,0,0,0,0,0,0,0
2003,450575,2,1,28,28,28,28,28,28,28,28,28,28
2003,450576,1,1,0,0,0,0,0,0,0,0,0,0
2003,450577,1,1,0,0,0,0,0,0,0,0,0,0
2003,450577,2,1,0,9,0,0,0,0,0,0,0,0
2003,450578,1,1,0,0,15,0,19,0,12,17,23,0
2003,450578,2,1,8,8,8,8,8,8,8,8,8,8
2003,450579,1,1,21,21,21,21,21,21,21,21,21,21
2003,450580,1,1,0,0,0,22,0,0,3,0,5,0
2003,450581,1,1,0,0,0,0,0,0,0,0,0,0
2003,450581,2,1,0,0,0,31,0,0,0,0,0,0
2003,450582,1,1,18,20,22,5,31,10,11,54,14,40
2003,450583,1,1,0,17,0,0,12,0,0,0,14,14
2003,450584,1,1,12,12,12,12,12,12,12,12,12,12
2003,450585,0,1,0,0,0,0,0,0,0,0,0,0
2003,450585,1,1,0,0,0,0,20,0,0,35,0,0
2003,450586,1,1,22,22,22,22,22,22,22,22,22,22
2003,450587,1,1,19,19,19,19,19,19,19,19,19,19
2003,450588,1,1,21,18,0,9,0,0,0,0,32,0
2003,450588,2,1,0,0,0,0,0,0,0,0,0,0
2003,450588,3,1,0,0,0,0,0,21,0,0,0,0
2003,450589,1,1,12,12,12,12,12,12,12,12,12,12
2003,450590,1,1,16,16,16,16,16,16,16,16,16,16
2003,450591,1,1,16,16,16,16,16,16,16,16,16,16
2003,450592,1,1,16,16,16,16,16,16,16,16,16,16
2003,450593,1,1,0,0,0,15,0,0,0,0,0,0
2003,450594,1,1,0,0,0,0,0,0,0,0,0,0
2003,450594,2,1,0,0,0,0,0,0,0,0,0,0
2003,450594,3,1,14,0,0,0,0,0,0,0,0,0
2003,450595,1,1,22,22,22,22,22,22,22,22,22,22
2003,450595,2,1,0,0,0,20,11,13,0,13,0,0
2003,450596,1,1,0,0,0,0,0,0,0,0,0,0
2003,450596,2,1,0,0,7,0,0,0,0,0,0,0
2003,450596,3,1,0,0,0,0,0,0,0,0,0,0
2003,450596,4,1,0,0,0,0,0,0,0,0,0,0
2003,450596,5,1,0,0,0,0,0,0,0,0,0,0
2003,450597,1,1,0,0,0,0,0,0,0,0,0,0
2003,450597,2,1,0,0,0,0,21,0,0,0,0,0
2003,450598,1,1,0,0,17,0,0,0,0,0,0,0
2003,450598,2,1,0,0,0,0,0,0,0,0,0,0
2003,450599,1,1,0,0,0,0,0,0,0,0,0,0
2003,450599,2,1,7,0,0,14,12,9,4,17,7,6
2003,450600,1,1,0,0,0,0,0,0,0,0,0,0
2003,450601,1,1,25,25,25,25,25,25,25,25,25,25
2003,450602,1,1,20,23,0,0,0,0,13,22,0,17
2003,450603,1,1,0,0,8,0,0,0,0,0,0,0
2003,450603,2,1,0,0,0,0,0,0,0,0,0,0
2003,450604,1,1,24,24,24,24,24,24,24,24,24,24
2003,450605,1,1,0,0,0,0,0,0,0,0,14,0
2003,450605,2,1,0,0,0,0,0,0,0,0,0,0
2003,450606,1,1,21,21,21,21,21,21,21,21,21,21
2003,450607,1,1,0,0,0,0,0,0,0,0,0,0
2003,450608,1,1,28,28,28,28,28,28,28,28,28,28
2003,450609,1,1,0,0,0,0,10,0,0,0,23,0
2003,450609,2,1,0,0,0,0,0,0,0,0,0,0
2003,450610,1,1,0,0,0,0,0,0,0,0,0,0
2003,450611,1,1,0,0,0,0,0,0,0,0,0,0
2003,450612,1,1,15,15,15,15,15,15,15,15,15,15
2003,450613,1,1,0,0,0,0,0,0,0,0,0,0
2003,450614,1,1,0,0,0,0,0,0,0,0,0,0
2003,450614,2,1,0,18,0,0,0,0,0,0,0,0
2003,450614,3,1,0,0,0,0,0,18,0,0,20,0
2003,450615,1,1,0,0,0,0,0,0,0,0,0,0
2003,450615,2,1,0,0,0,0,0,0,0,0,0,0
2003,450616,1,1,0,0,0,15,0,0,0,17,13,0
2003,450616,2,1,0,0,0,0,0,0,0,0,0,0
2003,450616,3,1,0,0,0,0,0,3,8,0,0,0
2003,450616,4,1,0,0,0,0,0,0,0,0,0,0
2003,450616,5,1,0,0,0,0,0,0,0,0,0,0
2003,450616,6,1,0,0,0,0,0,0,0,0,0,0
2003,450616,7,1,0,0,0,0,0,0,0,0,0,0
2003,450616,8,1,0,0,0,0,0,0,0,0,0,0
2003,450616,9,1,0,0,3,0,0,0,0,0,5,0
2003,450616,10,1,0,0,0,0,0,10,0,0,0,0
2003,450616,11,1,0,0,0,0,0,0,0,0,0,0
2003,450617,1,1,21,19,15,35,21,21,22,18,17,0
2003,450618,1,1,0,0,0,0,0,0,0,0,0,0
2003,450618,2,1,30,30,30,30,30,30,30,30,30,30
2003,450619,1,1,0,0,0,5,13,3,0,19,19,0
2003,450620,1,1,4,4,4,4,4,4,4,4,4,4
2003,450620,2,1,0,0,0,0,0,0,0,0,0,0
2003,450621,1,1,0,17,10,0,10,5,0,9,12,11
2003,450622,1,1,0,0,0,0,0,27,0,0,0,0
2003,450622,2,1,0,0,13,0,0,0,0,0,0,0
2003,450623,1,1,35,35,35,35,35,35,35,35,35,35
2003,450624,1,1,21,21,21,21,21,21,21,21,21,21
2003,450625,1,1,0,3,0,0,0,0,0,0,0,0
2003,450625,2,1,9,9,9,9,9,9,9,9,9,9
2003,450626,1,1,0,0,0,0,0,37,0,0,0,0
2003,450626,2,1,0,0,0,0,0,0,0,0,0,0
2003,450627,1,1,15,22,22,0,0,0,18,0,16,34
2003,450628,0,1,0,0,0,0,0,0,0,0,0,0
2003,450628,1,1,0,0,0,19,0,0,0,0,0,0
2003,450629,1,1,4,9,23,0,8,14,0,0,0,8
2003,450630,0,1,11,11,11,11,11,11,11,11,11,11
2003,450630,1,1,0,0,0,0,0,9,11,0,13,0
2003,450631,0,1,0,0,0,0,0,0,0,0,0,0
2003,450631,1,1,0,0,16,0,0,0,0,0,0,0
2003,450632,1,1,10,10,10,10,10,10,10,10,10,10
2003,450633,1,1,19,19,19,19,19,19,19,19,19,19
2003,450634,1,1,17,9,21,28,30,13,16,10,29,18
2003,450635,1,1,30,30,30,30,30,30,30,30,30,30
2003,450636,1,1,20,20,20,20,20,20,20,20,20,20
2003,450637,0,1,0,0,0,0,0,0,0,0,0,0
2003,450637,1,1,20,0,0,0,0,0,0,0,0,13
2003,450638,1,1,25,25,25,25,25,25,25,25,25,25
2003,450639,1,1,0,0,0,0,0,0,0,0,0,0
2003,450639,2,1,21,21,21,21,21,21,21,21,21,21
2003,450640,1,1,0,0,0,0,0,0,0,0,0,0
2003,450640,2,1,0,0,0,0,0,0,0,0,0,0
2003,450641,1,1,0,0,0,0,0,0,0,0,0,0
2003,450641,2,1,0,5,7,13,11,0,5,6,20,0
2003,450642,1,1,0,0,0,0,0,0,0,0,0,10
2003,450642,2,1,12,0,0,0,0,0,0,0,0,0
2003,450643,1,1,0,0,0,0,0,0,0,0,0,0
2003,450643,2,1,0,0,0,0,0,0,0,0,0,0
2003,450644,1,1,0,0,0,0,0,0,0,0,0,0
2003,450644,2,1,0,0,0,0,0,0,0,0,0,23
2003,450644,3,1,0,0,0,0,0,0,0,0,0,0
2003,450644,4,1,10,0,0,0,0,0,0,0,0,0
2003,450645,1,1,19,19,19,19,19,19,19,19,19,19
2003,450645,2,1,0,0,0,0,0,0,0,0,0,0
2003,450646,1,1,21,21,21,21,21,21,21,21,21,21
2003,450647,1,1,0,7,0,15,0,0,0,0,0,0
2003,450647,2,1,0,0,0,0,0,0,0,0,0,0
2003,450648,1,1,0,0,0,0,0,0,0,0,0,0
2003,450648,2,1,0,0,0,0,0,0,0,0,0,0
2003,450648,3,1,13,0,0,0,0,0,0,0,18,0
2003,450649,0,1,0,0,0,0,0,0,0,0,0,0
2003,450649,1,1,0,0,0,0,12,0,0,0,0,0
2003,450650,1,1,0,0,0,0,0,0,0,0,0,0
2003,450650,2,1,0,0,0,0,0,0,0,0,0,14
2003,450651,1,1,6,6,6,6,6,6,6,6,6,6
2003,450652,1,1,23,23,23,23,23,23,23,23,23,23
2003,450653,1,1,0,0,0,0,0,0,0,0,0,0
2003,450654,1,1,0,0,0,0,0,0,0,0,14,0
2003,450654,2,1,0,0,0,0,0,0,0,0,0,7
2003,450655,1,1,19,23,35,16,13,22,6,25,0,17
2003,450656,1,1,17,17,17,17,17,17,17,17,17,17
2003,450656,2,1,0,0,0,0,0,0,0,0,0,3
2003,450657,0,1,0,0,0,0,0,0,0,0,0,0
2003,450657,1,1,0,8,0,0,0,3,0,0,0,0
2003,450658,1,1,0,0,0,0,0,0,0,6,0,0
2003,450659,1,1,0,0,15,16,7,0,0,0,0,0
2003,450659,2,1,0,0,0,0,0,0,0,0,0,0
2003,450659,3,1,8,0,0,0,0,0,13,0,0,0
2003,450660,1,1,3,0,0,0,0,0,10,0,0,14
2003,450660,2,1,9,9,9,9,9,9,9,9,9,9
2003,450660,3,1,6,17,0,0,10,13,19,27,3,20
2003,450660,4,1,0,0,0,0,0,0,0,0,0,0
2003,450661,1,1,12,10,18,0,0,0,0,34,31,0
2003,450662,1,1,0,0,0,0,0,0,12,0,0,0
2003,450662,2,1,11,7,11,11,16,4,11,0,0,5
2003,450663,1,1,16,0,0,0,0,0,0,0,0,0
2003,450663,2,1,0,0,0,0,0,0,0,0,0,0
2003,450664,1,1,0,17,7,0,0,19,11,0,13,15
2003,450665,1,1,0,0,0,0,0,0,0,0,0,0
2003,450665,2,1,0,0,0,0,0,0,0,0,0,0
2003,450665,3,1,0,0,0,0,0,0,0,0,0,0
2003,450666,1,1,16,16,16,16,16,16,16,16,16,16
2003,450667,1,1,21,21,21,21,21,21,21,21,21,21
2003,450668,1,1,0,0,0,0,0,0,0,0,0,0
2003,450669,1,1,0,0,0,0,0,0,0,0,0,0
2003,450669,2,1,0,0,0,0,0,0,0,0,0,0
2003,450670,1,1,0,0,0,0,0,5,0,11,0,0
2003,450670,2,1,19,19,19,19,19,19,19,19,19,19
2003,450671,0,1,31,31,31,31,31,31,31,31,31,31
2003,450671,1,1,0,0,0,0,12,7,0,0,0,0
2003,450672,1,1,2,0,0,0,0,0,0,0,0,0
2003,450672,2,1,3,3,3,3,3,3,3,3,3,3
2003,450673,0,1,25,25,25,25,25,25,25,25,25,25
2003,450673,1,1,0,0,0,0,0,0,0,0,0,0
2003,450674,0,1,0,0,0,0,0,0,0,23,0,0
2003,450674,1,1,0,0,0,0,0,0,0,0,0,0
2003,450675,1,1,0,0,0,0,0,0,0,0,0,0
2003,450676,1,1,8,8,8,8,8,8,8,8,8,8
2003,450677,1,1,23,23,23,23,23,23,23,23,23,23
2003,450678,1,1,0,0,0,0,0,0,0,0,0,0
2003,450679,1,1,0,0,0,25,0,0,0,0,0,0
2003,450679,2,1,20,20,20,20,20,20,20,20,20,20
2003,450680,1,1,0,0,0,0,0,0,0,0,0,0
2003,450680,2,1,0,0,0,0,0,0,0,0,0,0
2003,450681,1,1,17,17,17,17,17,17,17,17,17,17
2003,450682,1,1,0,0,0,12,0,0,10,9,17,7
2003,450683,1,1,18,18,18,18,18,18,18,18,18,18
2003,450684,1,1,0,0,0,0,0,0,0,0,0,0
2003,450684,2,1,27,27,27,27,27,27,27,27,27,27
2003,450685,1,1,0,0,0,0,0,0,0,0,0,0
2003,450686,1,1,25,25,25,25,25,25,25,25,25,25
2003,450687,1,1,21,21,21,21,21,21,21,21,21,21
2003,450687,2,1,0,0,0,0,0,0,0,0,0,0
2003,450687,3,1,0,0,0,0,0,0,0,0,0,0
2003,450688,1,1,6,23,11,6,18,15,19,12,14,3
2003,450689,1,1,2,2,2,2,2,2,2,2,2,2
2003,450689,2,1,0,0,0,0,0,0,0,0,0,0
2003,450690,1,1,0,0,0,0,0,0,0,0,0,0
2003,450690,2,1,0,0,12,0,0,0,0,0,0,0
2003,450690,3,1,0,0,0,0,20,0,0,0,0,0
2003,450690,4,1,0,0,0,0,0,0,0,0,0,0
2003,450690,5,1,11,0,0,0,0,0,11,0,0,18
2003,450691,1,1,0,0,0,0,0,0,0,0,0,0
2003,450691,2,1,0,0,0,0,0,0,0,0,0,0
2003,450692,1,1,0,26,13,25,22,7,9,10,11,9
2003,450693,1,1,11,20,3,0,0,0,0,0,12,0
2003,450694,1,1,3,3,3,3,3,3,3,3,3,3
2003,450694,2,1,0,0,0,0,0,0,0,0,0,0
2003,450695,0,1,24,24,24,24,24,24,24,24,24,24
2003,450695,1,1,0,0,0,0,7,0,0,0,0,0
2003,450696,1,1,0,0,0,0,0,0,0,0,0,0
2003,450696,2,1,0,0,0,0,0,0,0,0,0,0
2003,450697,1,1,0,17,0,0,9,0,0,0,12,0
2003,450697,2,1,0,0,0,0,0,0,0,0,0,0
2003,450698,1,1,0,0,0,0,0,0,0,0,0,0
2003,450698,2,1,12,0,4,0,18,0,0,18,0,21
2003,450699,1,1,18,18,18,18,18,18,18,18,18,18
2003,450700,1,1,20,20,20,20,20,20,20,20,20,20
2003,450700,2,1,10,0,0,9,16,0,0,0,0,0
2003,450701,1,1,21,21,21,21,21,21,21,21,21,21
2003,450702,0,1,0,0,0,0,0,0,0,0,0,0
2003,450702,1,1,0,0,0,0,0,5,0,0,10,0
2003,450703,1,1,12,12,12,12,12,12,12,12,12,12
2003,450704,1,1,0,0,0,0,0,0,0,0,0,0
2003,450704,2,1,0,0,0,0,0,0,0,0,0,0
2003,450705,1,1,0,0,0,0,0,0,0,0,0,0
2003,450706,1,1,0,0,0,0,0,0,0,0,0,0
2003,450707,1,1,0,0,0,0,0,0,9,0,0,0
2003,450707,2,1,24,24,24,24,24,24,24,24,24,24
2003,450708,1,1,0,0,3,0,0,0,0,0,0,0
2003,450708,2,1,30,15,16,13,15,26,0,28,5,23
2003,450709,1,1,34,34,34,34,34,34,34,34,34,34
2003,450710,1,1,0,0,0,0,0,0,0,0,0,0
2003,450710,2,1,0,0,0,0,0,0,0,0,0,0
2003,450711,1,1,0,0,0,0,0,0,0,0,0,0
2003,450711,2,1,0,0,0,0,0,0,0,0,0,0
2003,450712,1,1,0,0,0,0,0,0,0,0,0,0
2003,450712,2,1,0,0,0,0,0,0,0,0,0,0
2003,450713,1,1,30,0,29,27,0,14,29,12,20,35
2003,450714,1,1,16,9,6,16,0,11,16,17,0,14
2003,450715,1,1,0,0,0,0,0,0,0,0,0,0