YEAR,ST_CASE,veh_no,per_no,P1,P2,P3,P4,P5,P6,P7,P8,P9,P10
2003,450716,1,1,15,15,15,15,15,15,15,15,15,15
2003,450717,1,1,28,28,28,28,28,28,28,28,28,28
2003,450718,1,1,11,27,24,29,0,27,16,18,21,15
2003,450719,1,1,19,15,20,0,36,0,0,0,14,19
2003,450719,2,1,0,9,0,0,0,7,0,2,0,0
2003,450720,1,1,27,0,0,0,3,0,0,0,0,0
2003,450721,1,1,10,22,19,6,18,0,26,35,0,25
2003,450722,1,1,19,23,19,25,13,0,0,0,30,17
2003,450723,1,1,0,0,0,0,0,0,0,0,0,0
2003,450723,2,1,21,0,0,0,0,0,0,0,6,0
2003,450724,1,1,12,9,0,0,0,0,0,7,0,0
2003,450725,1,1,0,0,0,0,0,0,0,0,0,0
2003,450726,1,1,0,0,0,0,0,0,0,0,0,0
2003,450726,2,1,0,0,8,0,0,0,0,0,11,0
2003,450726,3,1,0,0,0,0,0,0,0,0,0,0
2003,450727,1,1,0,0,0,0,0,0,0,0,0,0
2003,450728,1,1,16,0,0,0,0,0,14,0,0,0
2003,450728,2,1,0,0,0,0,0,0,0,0,0,16
2003,450729,1,1,0,0,0,0,0,0,0,0,0,0
2003,450729,2,1,0,0,0,0,0,0,0,0,0,0
2003,450730,1,1,40,40,40,40,40,40,40,40,40,40
2003,450731,1,1,31,15,11,15,35,27,24,0,0,0
2003,450732,1,1,0,0,0,0,0,0,0,0,0,0
2003,450732,2,1,0,0,0,0,0,0,0,0,0,0
2003,450733,1,1,0,0,0,0,0,0,0,0,0,0
2003,450733,2,1,0,0,0,0,0,0,0,0,0,0
2003,450734,0,1,0,0,0,0,0,0,0,0,0,0
2003,450734,1,1,0,0,0,0,0,0,0,0,0,0
2003,450735,1,1,14,0,0,0,0,0,0,0,0,0
2003,450735,2,1,0,0,0,0,0,0,0,0,0,0
2003,450736,0,1,0,0,0,0,0,0,19,0,16,0
2003,450736,0,2,0,8,24,13,28,9,28,13,22,20
2003,450736,1,1,0,3,0,0,0,4,0,0,0,0
2003,450737,1,1,0,0,0,0,0,0,0,0,0,0
2003,450738,1,1,0,0,0,0,0,0,0,0,0,0
2003,450738,2,1,0,0,0,0,0,0,0,0,0,0
2003,450739,1,1,0,0,0,0,0,0,0,0,0,0
2003,450740,1,1,0,0,0,0,0,0,0,0,0,0
2003,450740,2,1,0,0,0,0,0,0,0,0,0,0
2003,450741,0,1,0,0,0,0,0,0,0,0,0,0
2003,450741,1,1,0,0,0,0,0,0,0,0,13,0
2003,450742,1,1,14,14,14,14,14,14,14,14,14,14
2003,450743,0,1,0,0,0,0,0,0,0,0,0,0
2003,450743,1,1,0,0,0,0,0,0,11,0,0,0
2003,450744,1,1,20,20,20,20,20,20,20,20,20,20
2003,450745,1,1,0,0,0,0,0,0,0,0,0,0
2003,450745,2,1,0,0,0,0,0,0,0,0,0,0
2003,450746,0,1,0,0,0,0,0,0,0,0,0,0
2003,450746,1,1,7,0,0,0,0,0,0,0,0,0
2003,450747,1,1,8,8,8,8,8,8,8,8,8,8
2003,450748,1,1,0,0,0,0,0,0,0,0,0,0
2003,450748,2,1,0,0,0,0,0,0,0,0,0,0
2003,450749,1,1,0,0,0,0,0,0,0,0,0,0
2003,450749,2,1,12,12,12,12,12,12,12,12,12,12
2003,450750,1,1,0,0,0,0,0,0,0,0,0,0
2003,450750,2,1,0,0,0,0,0,0,0,0,0,0
2003,450751,1,1,6,0,0,0,19,22,0,0,3,0
2003,450751,2,1,0,0,0,0,0,0,0,0,0,0
2003,450752,1,1,0,0,15,0,0,5,0,18,0,10
2003,450753,1,1,11,11,11,11,11,11,11,11,11,11
2003,450754,1,1,14,12,15,18,10,26,21,12,21,7
2003,450755,1,1,0,0,0,0,0,0,0,0,6,0
2003,450755,2,1,0,0,0,0,0,0,0,0,0,0
2003,450756,1,1,16,16,16,16,16,16,16,16,16,16
2003,450757,1,1,31,15,17,28,30,28,18,33,14,17
2003,450758,1,1,11,8,18,9,19,16,16,0,8,25
2003,450759,0,1,0,14,16,0,27,39,24,0,0,11
2003,450759,1,1,0,0,9,0,3,6,0,0,0,10
2003,450760,1,1,23,0,0,0,0,0,11,0,0,0
2003,450760,2,1,0,0,0,0,0,0,0,0,0,0
2003,450761,1,1,0,0,0,0,0,0,0,0,0,0
2003,450762,1,1,0,0,0,0,0,0,0,0,0,0
2003,450762,2,1,0,0,0,0,0,0,0,0,0,0
2003,450763,1,1,0,15,0,0,0,0,0,0,0,0
2003,450763,2,1,0,0,9,16,0,0,0,0,0,0
2003,450764,1,1,0,0,0,0,0,25,0,0,0,6
2003,450764,2,1,0,0,0,0,0,0,0,0,0,0
2003,450765,1,1,23,23,23,23,23,23,23,23,23,23
2003,450766,1,1,0,0,0,0,0,0,0,0,0,0
2003,450766,2,1,0,27,0,0,0,13,23,0,0,0
2003,450767,1,1,0,12,19,16,14,6,5,18,16,13
2003,450768,1,1,28,28,28,28,28,28,28,28,28,28
2003,450769,1,1,21,21,21,21,21,21,21,21,21,21
2003,450770,1,1,0,0,0,0,0,0,0,0,0,0
2003,450770,2,1,0,9,0,0,0,0,0,0,0,0
2003,450771,1,1,0,15,0,0,0,0,0,14,0,19
2003,450772,1,1,16,16,16,16,16,16,16,16,16,16
2003,450773,1,1,15,15,15,15,15,15,15,15,15,15
2003,450774,1,1,15,26,25,18,19,41,35,20,10,10
2003,450774,2,1,0,0,0,10,0,0,0,0,0,0
2003,450775,1,1,0,0,0,0,23,0,0,8,0,0
2003,450776,1,1,0,0,0,0,0,0,0,0,0,0
2003,450776,2,1,0,0,0,0,0,0,0,13,0,0
2003,450777,1,1,20,0,15,19,0,0,0,4,20,20
2003,450778,1,1,0,0,0,28,0,0,0,21,0,0
2003,450779,1,1,16,16,16,16,16,16,16,16,16,16
2003,450779,2,1,12,0,20,7,0,0,20,0,13,0
2003,450780,1,1,7,7,7,7,7,7,7,7,7,7
2003,450781,1,1,0,0,0,0,0,0,0,0,0,0
2003,450782,1,1,0,0,0,0,0,0,0,0,0,0
2003,450782,2,1,0,0,17,15,0,4,7,0,15,0
2003,450783,1,1,0,0,0,0,0,24,0,0,0,0
2003,450783,2,1,0,0,0,0,0,0,0,0,0,0
2003,450784,0,1,0,14,29,28,0,0,0,0,0,0
2003,450784,1,1,39,0,10,14,15,20,0,4,30,15
2003,450785,1,1,0,0,0,15,0,0,0,0,0,0
2003,450785,2,1,0,0,0,0,15,0,0,0,0,0
2003,450786,1,1,11,19,15,10,16,17,4,15,14,15
2003,450787,1,1,0,0,0,0,0,0,0,0,0,0
2003,450788,1,1,0,15,0,0,0,0,0,0,0,0
2003,450789,1,1,25,25,25,25,25,25,25,25,25,25
2003,450790,1,1,0,0,0,0,0,0,0,0,0,0
2003,450790,2,1,21,21,21,21,21,21,21,21,21,21
2003,450791,1,1,0,0,0,0,0,0,0,0,0,0
2003,450791,2,1,0,0,0,0,0,19,0,0,0,0
2003,450792,1,1,11,17,16,31,21,20,33,14,32,18
2003,450793,1,1,0,13,22,35,21,0,0,0,0,0
2003,450794,1,1,0,0,0,0,8,24,12,0,0,0
2003,450794,2,1,0,0,0,0,0,0,0,0,0,0
2003,450795,1,1,0,0,0,0,0,0,7,12,0,14
2003,450796,1,1,3,0,0,0,0,0,0,0,0,0
2003,450796,2,1,11,0,0,0,0,0,0,0,0,0
2003,450797,1,1,0,0,0,0,0,0,0,0,0,0
2003,450798,0,1,0,0,0,0,0,0,0,0,0,0
2003,450798,1,1,0,0,0,0,0,0,0,0,0,0
2003,450799,1,1,0,26,0,0,0,13,0,0,0,0
2003,450800,1,1,0,18,25,16,16,12,11,28,25,34
2003,450801,1,1,27,24,29,14,20,20,10,19,21,10
2003,450802,1,1,2,2,2,2,2,2,2,2,2,2
2003,450803,1,1,0,0,19,0,0,0,0,16,0,25
2003,450803,2,1,0,0,0,0,0,0,0,0,0,0
2003,450804,1,1,0,0,16,0,0,0,0,0,0,0
2003,450805,1,1,0,0,0,0,0,0,0,0,0,0
2003,450806,1,1,16,12,0,19,7,21,16,16,9,0
2003,450807,1,1,15,19,17,17,27,14,19,26,9,9
2003,450808,1,1,0,0,0,0,0,0,0,0,0,0
2003,450809,1,1,0,4,0,0,0,0,0,9,0,0
2003,450809,2,1,9,0,0,0,0,0,0,0,0,0
2003,450810,1,1,6,6,6,6,6,6,6,6,6,6
2003,450811,1,1,19,16,0,19,14,15,6,10,13,24
2003,450812,1,1,12,12,12,12,12,12,12,12,12,12
2003,450813,0,1,0,0,0,0,0,0,0,0,0,0
2003,450813,1,1,0,0,0,0,0,0,0,0,0,0
2003,450814,1,1,20,23,22,17,26,32,4,16,28,19
2003,450815,1,1,15,18,19,0,0,15,0,7,30,0
2003,450815,2,1,0,0,0,0,0,0,0,0,0,7
2003,450816,1,1,11,12,11,7,15,27,15,0,19,17
2003,450817,1,1,0,0,0,0,0,0,0,0,0,0
2003,450817,2,1,0,0,0,0,0,0,0,0,0,0
2003,450818,1,1,0,0,0,0,0,0,0,0,0,0
2003,450818,2,1,0,0,0,0,0,0,0,0,0,9
2003,450819,1,1,0,0,16,0,0,0,0,27,0,0
2003,450819,2,1,0,0,0,0,0,0,0,0,0,0
2003,450820,1,1,7,28,27,27,27,13,8,29,18,19
2003,450821,1,1,0,0,0,0,0,0,0,0,0,0
2003,450821,2,1,0,0,0,0,0,0,0,0,0,0
2003,450822,1,1,0,0,0,0,0,0,0,0,0,0
2003,450822,2,1,0,15,0,0,0,0,0,0,0,21
2003,450823,1,1,0,3,0,8,0,0,0,0,0,5
2003,450823,2,1,17,0,0,0,0,0,0,0,0,6
2003,450824,1,1,0,0,0,0,0,0,0,0,0,13
2003,450825,1,1,0,0,0,0,0,0,0,0,0,0
2003,450825,2,1,0,0,0,0,0,17,0,0,0,0
2003,450826,1,1,0,0,11,0,0,0,0,0,0,0
2003,450826,2,1,0,24,0,0,0,0,0,0,0,0
2003,450826,3,1,0,0,0,0,0,0,0,0,0,0
2003,450827,1,1,0,0,0,0,27,0,0,0,0,17
2003,450828,1,1,20,20,20,20,20,20,20,20,20,20
2003,450829,0,1,0,0,0,0,0,0,0,0,0,0
2003,450829,1,1,0,0,0,0,0,0,0,0,0,0
2003,450830,1,1,0,0,0,0,0,0,0,0,0,0
2003,450830,2,1,0,0,0,0,0,0,0,0,0,0
2003,450831,1,1,0,0,0,0,0,0,0,0,0,0
2003,450831,2,1,0,0,0,0,0,0,0,0,0,0
2003,450832,1,1,0,0,0,10,29,0,0,0,7,0
2003,450833,1,1,0,0,9,0,0,0,14,8,11,10
2003,450834,1,1,17,17,17,17,17,17,17,17,17,17
2003,450835,1,1,13,13,13,13,13,13,13,13,13,13
2003,450836,1,1,21,21,21,21,21,21,21,21,21,21
2003,450837,1,1,11,6,35,40,23,19,19,16,8,12
2003,450838,1,1,21,21,18,23,0,0,17,0,27,0
2003,450839,1,1,34,6,17,17,16,13,21,35,9,13
2003,450840,1,1,0,0,0,0,0,0,0,0,0,0
2003,450840,2,1,0,0,0,0,0,0,0,0,0,0
2003,450841,1,1,0,0,0,18,0,0,20,0,0,0
2003,450841,2,1,0,0,0,0,0,0,0,0,0,0
2003,450842,1,1,0,0,0,0,0,0,0,0,0,0
2003,450842,2,1,0,0,0,0,0,0,0,0,0,10
2003,450842,3,1,0,0,26,0,0,0,0,0,0,0
2003,450843,1,1,9,11,14,23,37,20,19,17,8,15
2003,450844,1,1,15,24,8,23,19,19,0,0,0,0
2003,450845,1,1,21,13,21,25,16,9,0,4,16,8
2003,450846,1,1,15,15,15,15,15,15,15,15,15,15
2003,450847,1,1,0,0,0,0,0,16,0,0,0,0
2003,450847,2,1,0,0,0,10,0,0,0,0,0,0
2003,450848,1,1,14,13,22,22,11,0,0,21,0,20
2003,450850,1,1,0,0,0,0,0,0,0,0,0,0
2003,450850,2,1,21,21,21,21,21,21,21,21,21,21
2003,450851,1,1,0,0,0,0,0,0,0,0,0,0
2003,450851,2,1,0,0,0,0,0,0,0,0,0,0
2003,450852,1,1,8,8,8,8,8,8,8,8,8,8
2003,450853,1,1,0,0,12,0,0,0,0,0,0,0
2003,450854,1,1,27,27,27,27,27,27,27,27,27,27
2003,450855,1,1,17,17,17,17,17,17,17,17,17,17
2003,450856,1,1,0,14,19,19,0,0,0,32,46,0
2003,450857,1,1,20,20,20,20,20,20,20,20,20,20
2003,450858,1,1,3,3,3,3,3,3,3,3,3,3
2003,450859,1,1,0,14,0,0,0,0,0,0,0,0
2003,450859,2,1,0,14,0,6,0,0,3,10,14,0
2003,450860,1,1,0,0,0,0,0,0,0,0,0,3
2003,450861,1,1,9,8,0,0,24,0,0,24,0,0
2003,450861,2,1,19,0,13,0,12,6,0,16,0,7
2003,450862,1,1,0,0,0,0,0,0,0,0,0,0
2003,450863,1,1,11,18,16,7,20,27,5,31,10,5
2003,450864,1,1,15,2,7,7,15,5,13,24,21,13
2003,450865,1,1,0,0,0,0,29,14,21,9,27,0
2003,450866,1,1,0,0,0,12,0,0,0,0,0,0
2003,450866,2,1,0,0,0,0,0,0,0,0,0,0
2003,450867,1,1,0,0,0,0,0,0,0,0,0,0
2003,450867,2,1,0,0,0,0,0,0,0,0,0,0
2003,450867,3,1,8,0,0,0,0,0,0,0,0,2
2003,450868,1,1,0,0,19,0,0,10,0,39,0,18
2003,450869,1,1,0,0,0,0,0,0,0,0,0,0
2003,450869,2,1,0,0,0,0,0,0,0,0,0,0
2003,450870,1,1,0,16,0,14,0,10,26,14,0,0
2003,450871,1,1,23,35,17,33,25,20,23,18,13,17
2003,450872,1,1,2,22,29,13,0,22,10,23,25,4
2003,450873,1,1,29,29,29,29,29,29,29,29,29,29
2003,450874,1,1,38,2,15,16,11,26,26,9,12,16
2003,450875,1,1,0,0,0,12,0,0,11,0,0,0
2003,450875,2,1,0,0,0,0,0,0,0,0,0,0
2003,450876,1,1,0,14,35,0,16,27,0,26,0,0
2003,450877,1,1,24,10,0,0,0,0,11,0,0,0
2003,450877,2,1,0,0,0,0,0,0,0,0,0,0
2003,450878,1,1,29,14,23,26,30,0,36,0,0,23
2003,450879,1,1,28,21,19,0,12,21,19,0,9,19
2003,450880,1,1,29,29,29,29,29,29,29,29,29,29
2003,450881,1,1,13,13,13,13,13,13,13,13,13,13
2003,450882,1,1,0,0,0,0,0,0,0,0,0,0
2003,450884,1,1,16,16,16,16,16,16,16,16,16,16
2003,450885,1,1,0,0,0,0,19,15,0,0,0,15
2003,450885,2,1,0,0,0,0,0,0,4,0,0,0
2003,450886,1,1,28,8,17,14,13,19,9,6,18,30
2003,450887,1,1,0,0,0,0,0,0,0,0,0,0
2003,450887,2,1,0,0,0,0,0,0,0,0,0,0
2003,450888,1,1,0,0,0,0,0,0,0,0,0,0
2003,450888,2,1,0,0,0,0,0,0,0,0,0,0
2003,450889,1,1,0,0,0,0,0,0,0,0,0,0
2003,450889,2,1,0,0,0,0,0,10,0,0,4,0
2003,450890,1,1,0,15,0,13,10,23,0,0,16,21
2003,450891,1,1,0,0,0,0,0,0,0,0,0,0
2003,450891,2,1,0,0,0,0,0,0,0,0,0,0
2003,450892,1,1,0,0,0,0,0,0,0,0,0,0
2003,450892,2,1,0,0,0,0,0,0,0,0,0,0
2003,450893,1,1,0,0,0,0,33,0,0,0,0,9
2003,450893,2,1,0,0,9,0,0,0,0,10,8,0
2003,450894,1,1,0,0,0,0,0,0,0,0,0,0
2003,450894,2,1,0,0,16,0,0,14,0,0,18,0
2003,450895,1,1,15,15,15,15,15,15,15,15,15,15
2003,450896,1,1,15,19,17,21,23,27,14,14,21,13
2003,450897,0,1,0,0,0,0,0,0,0,10,0,0
2003,450897,1,1,0,0,0,0,0,0,0,0,0,0
2003,450898,0,1,26,26,26,26,26,26,26,26,26,26
2003,450898,1,1,0,0,0,8,0,0,0,12,0,0
2003,450899,0,1,0,0,0,0,0,0,0,0,0,0
2003,450899,1,1,0,0,0,0,0,0,0,0,0,0
2003,450900,1,1,7,11,0,0,0,0,0,0,0,0
2003,450901,1,1,0,15,0,0,0,0,0,14,0,0
2003,450901,2,1,0,0,0,0,0,0,0,0,0,0
2003,450902,1,1,0,19,0,19,0,0,25,0,0,14
2003,450903,1,1,0,0,0,0,0,0,0,0,0,0
2003,450904,1,1,0,0,0,0,0,0,26,0,19,0
2003,450905,1,1,0,0,0,0,0,0,0,0,0,0
2003,450906,1,1,27,0,14,0,5,9,27,10,0,3
2003,450907,1,1,0,0,0,0,0,0,11,0,0,0
2003,450908,1,1,0,0,0,0,0,0,0,0,0,0
2003,450908,2,1,0,0,0,0,21,0,0,0,0,0
2003,450908,3,1,0,0,0,0,0,0,0,0,0,0
2003,450909,1,1,0,0,0,0,0,0,0,0,0,0
2003,450909,2,1,0,0,0,0,0,0,0,0,0,0
2003,450910,1,1,0,0,0,0,0,0,0,0,0,0
2003,450910,2,1,0,0,0,0,0,0,0,0,0,0
2003,450911,0,1,29,29,29,29,29,29,29,29,29,29
2003,450911,1,1,0,0,0,0,0,0,0,0,0,0
2003,450912,1,1,19,0,0,0,0,0,0,0,13,0
2003,450913,1,1,15,15,23,18,26,13,30,10,26,25
2003,450914,1,1,0,0,11,0,0,0,0,0,0,0
2003,450914,2,1,0,0,0,0,0,0,0,0,0,0
2003,450915,0,1,0,0,0,0,0,0,0,0,0,0
2003,450915,1,1,0,0,0,0,0,0,0,0,0,0
2003,450916,1,1,0,0,0,0,0,0,0,0,15,0
2003,450916,2,1,0,0,0,0,0,0,0,0,0,0
2003,450917,1,1,0,0,0,0,0,0,0,0,0,0
2003,450917,2,1,0,0,0,0,0,0,0,0,0,0
2003,460001,1,1,0,0,0,0,24,40,0,0,0,0
2003,460002,1,1,0,0,0,0,0,0,0,0,0,0
2003,460003,1,1,0,0,0,0,0,11,0,0,0,20
2003,460004,1,1,0,0,0,0,0,0,0,0,0,0
2003,460004,2,1,0,0,0,0,0,0,0,0,0,0
2003,460005,1,1,20,20,20,20,20,20,20,20,20,20
2003,460006,1,1,0,0,0,0,0,0,0,0,0,0
2003,460007,1,1,23,23,23,23,23,23,23,23,23,23
2003,460008,1,1,15,15,15,15,15,15,15,15,15,15
2003,460009,1,1,20,20,20,20,20,20,20,20,20,20
2003,460010,1,1,0,0,0,0,0,0,0,0,0,0
2003,460011,1,1,9,9,9,9,9,9,9,9,9,9
2003,460012,1,1,17,0,3,0,0,0,0,0,0,0
2003,460013,0,1,20,20,20,20,20,20,20,20,20,20
2003,460013,1,1,0,0,0,0,0,0,0,0,0,0
2003,460014,1,1,0,0,0,0,0,0,0,0,0,0
2003,460014,2,1,0,0,0,0,0,0,0,0,0,0
2003,460015,1,1,30,30,30,30,30,30,30,30,30,30
2003,460016,1,1,0,0,0,0,0,0,0,0,0,0
2003,460016,2,1,0,0,0,0,0,0,0,0,0,0
2003,460017,1,1,0,0,0,0,0,0,0,0,0,0
2003,460018,1,1,0,0,0,0,0,0,0,0,0,0
2003,460019,1,1,19,19,19,19,19,19,19,19,19,19
2003,460019,2,1,0,0,0,0,0,0,0,0,0,0
2003,460020,1,1,29,29,29,29,29,29,29,29,29,29
2003,460021,1,1,0,0,0,0,0,0,0,0,0,0
2003,460021,2,1,0,0,0,0,0,0,0,0,0,0
2003,460022,1,1,25,25,25,25,25,25,25,25,25,25
2003,460023,1,1,24,24,24,24,24,24,24,24,24,24
2003,460024,1,1,0,0,0,0,0,0,0,0,0,0
2003,460024,2,1,0,0,0,0,0,0,0,0,0,0
2003,460025,1,1,0,0,0,0,0,0,0,0,0,0
2003,460026,0,1,35,35,35,35,35,35,35,35,35,35
2003,460027,1,1,16,16,16,16,16,16,16,16,16,16
2003,460028,1,1,0,0,0,0,0,0,0,0,0,0
2003,460028,2,1,0,0,0,0,0,0,0,0,0,0
2003,460029,1,1,27,27,27,27,27,27,27,27,27,27
2003,460030,1,1,34,34,34,34,34,34,34,34,34,34
2003,460031,1,1,0,0,0,0,0,0,0,0,0,0
2003,460031,2,1,0,0,0,0,0,0,0,0,0,0
2003,460032,1,1,6,6,6,6,6,6,6,6,6,6
2003,460033,1,1,12,12,12,12,12,12,12,12,12,12
2003,460034,1,1,0,0,0,0,0,0,0,0,0,0
2003,460035,1,1,13,13,13,13,13,13,13,13,13,13
2003,460036,1,1,0,0,0,0,0,0,0,0,0,0
2003,460037,1,1,0,0,0,0,0,0,0,0,0,0
2003,460038,1,1,17,0,0,0,0,0,0,0,0,0
2003,460038,2,1,0,0,0,21,0,0,0,0,6,0
2003,460039,1,1,11,11,11,11,11,11,11,11,11,11
2003,460040,1,3,0,0,28,0,32,24,15,19,10,0
2003,460041,1,1,0,0,0,0,0,0,0,0,0,0
2003,460042,1,1,0,0,0,0,0,0,0,0,0,0
2003,460042,2,1,27,27,27,27,27,27,27,27,27,27
2003,460043,1,1,31,31,31,31,31,31,31,31,31,31
2003,460043,2,1,28,28,28,28,28,28,28,28,28,28
2003,460044,1,1,14,14,14,14,14,14,14,14,14,14
2003,460045,1,1,0,0,0,0,0,0,0,0,0,0
2003,460045,2,1,0,0,0,0,0,0,0,0,0,0
2003,460046,1,1,0,0,0,0,0,0,0,0,0,0
2003,460046,2,1,10,10,10,10,10,10,10,10,10,10
2003,460047,1,1,0,0,0,0,0,0,0,0,0,0
2003,460047,2,1,0,0,0,0,0,0,0,0,0,0
2003,460048,1,1,20,20,20,20,20,20,20,20,20,20
2003,460048,2,1,0,0,0,0,0,0,0,0,0,0
2003,460048,3,1,0,0,0,0,0,0,0,0,0,0
2003,460049,1,1,12,12,12,12,12,12,12,12,12,12
2003,460050,1,1,0,0,0,0,0,0,0,0,0,0
2003,460051,0,1,0,0,0,0,0,0,0,0,0,0
2003,460051,1,1,0,0,0,0,0,0,0,0,0,0
2003,460052,1,1,15,15,15,15,15,15,15,15,15,15
2003,460053,1,1,0,0,0,0,0,0,0,0,0,0
2003,460053,2,1,0,0,0,0,0,0,0,0,0,0
2003,460054,1,1,0,0,0,0,0,0,0,0,0,0
2003,460054,2,1,0,0,0,0,0,0,0,0,0,0
2003,460055,1,1,0,0,0,0,0,0,0,0,0,0
2003,460055,2,1,0,0,0,0,0,0,0,0,0,0
2003,460056,1,1,16,16,16,16,16,16,16,16,16,16
2003,460057,1,1,0,0,0,0,0,0,0,0,0,0
2003,460058,1,1,0,0,0,0,0,0,0,0,0,0
2003,460058,2,1,0,0,0,0,0,0,0,0,0,0
2003,460059,1,1,0,0,17,0,0,0,0,39,0,0
2003,460060,1,1,0,0,0,0,0,0,0,0,0,0
2003,460060,2,1,0,0,0,0,0,0,0,0,0,0
2003,460061,1,1,0,0,0,0,0,0,0,0,0,0
2003,460062,1,1,12,12,12,12,12,12,12,12,12,12
2003,460062,2,1,0,0,0,0,0,0,0,0,0,0
2003,460062,3,1,0,0,0,0,0,0,0,0,0,0
2003,460063,0,1,0,0,0,0,0,0,0,0,0,0
2003,460064,1,1,0,23,18,0,0,20,0,0,14,0
2003,460065,1,1,12,12,12,12,12,12,12,12,12,12
2003,460066,1,1,0,0,0,0,0,0,0,0,0,0
2003,460067,1,1,34,34,34,34,34,34,34,34,34,34
2003,460068,1,1,0,0,0,0,0,0,0,0,0,0
2003,460069,1,1,38,38,38,38,38,38,38,38,38,38
2003,460070,0,1,32,32,32,32,32,32,32,32,32,32
2003,460070,1,1,0,0,0,0,0,0,0,0,0,0
2003,460071,1,1,0,0,0,0,0,0,0,0,0,0
2003,460072,1,1,0,0,0,0,0,0,0,0,0,0
2003,460072,2,1,21,21,21,21,21,21,21,21,21,21
2003,460073,1,1,17,17,17,17,17,17,17,17,17,17
2003,460074,1,1,23,23,23,23,23,23,23,23,23,23
2003,460075,1,1,0,0,0,0,0,0,0,0,0,0
2003,460076,1,1,0,0,0,0,0,0,0,0,0,0
2003,460076,2,1,0,0,0,0,0,0,0,0,0,0
2003,460077,1,1,12,12,12,12,12,12,12,12,12,12
2003,460077,2,1,4,4,4,4,4,4,4,4,4,4
2003,460078,1,1,23,23,23,23,23,23,23,23,23,23
2003,460078,2,1,0,0,0,0,0,0,0,0,0,0
2003,460079,1,1,28,28,28,28,28,28,28,28,28,28
2003,460080,1,1,0,0,0,0,0,0,0,0,0,0
2003,460081,1,1,0,0,0,0,0,0,0,0,0,0
2003,460082,1,1,0,0,0,0,0,0,0,0,0,0
2003,460083,1,1,0,0,0,0,0,0,0,0,0,0
2003,460084,1,1,0,0,0,0,0,0,0,0,0,0
2003,460084,2,1,0,0,0,0,0,0,0,0,0,0
2003,460084,3,1,0,0,0,0,0,0,0,0,0,0
2003,460085,0,1,8,8,8,8,8,8,8,8,8,8
2003,460085,1,1,18,18,18,18,18,18,18,18,18,18
2003,460086,1,1,0,0,0,0,0,0,0,0,0,0
2003,460086,2,1,0,0,0,0,0,0,0,0,0,0
2003,460087,1,1,9,9,9,9,9,9,9,9,9,9
2003,460088,1,1,0,0,0,0,0,0,0,0,0,0
2003,460089,1,1,0,0,0,0,0,0,0,0,0,0
2003,460090,1,1,0,0,0,0,0,0,0,0,0,0
2003,460091,1,1,0,0,0,0,0,0,0,0,0,0
2003,460091,2,1,0,0,0,0,0,0,0,0,0,0
2003,460092,1,1,0,0,0,0,0,0,0,0,0,0
2003,460092,2,1,0,0,0,0,0,0,0,0,0,0
2003,460093,1,1,9,9,9,9,9,9,9,9,9,9
2003,460093,2,1,0,0,0,0,0,0,0,0,0,0
2003,460094,1,1,0,0,0,0,0,0,0,0,0,0
2003,460095,1,1,0,0,0,0,0,0,0,0,0,0
2003,460095,2,1,0,0,3,0,0,0,0,0,0,0
2003,460096,1,1,0,0,0,0,0,0,0,0,0,0
2003,460097,1,1,0,0,0,0,0,0,0,0,0,0
2003,460098,1,1,1,1,1,1,1,1,1,1,1,1
2003,460099,1,1,20,20,20,20,20,20,20,20,20,20
2003,460100,1,1,8,8,8,8,8,8,8,8,8,8
2003,460101,1,1,16,16,16,16,16,16,16,16,16,16
2003,460102,1,1,31,31,31,31,31,31,31,31,31,31
2003,460102,2,1,35,35,35,35,35,35,35,35,35,35
2003,460103,1,1,0,0,0,0,0,0,0,0,0,0
2003,460103,2,1,0,0,0,0,0,0,0,0,0,0
2003,460104,1,1,31,31,31,31,31,31,31,31,31,31
2003,460105,1,1,0,0,0,0,0,0,0,0,0,0
2003,460106,0,1,22,22,22,22,22,22,22,22,22,22
2003,460106,1,1,0,0,0,0,0,0,0,0,34,0
2003,460107,1,1,0,0,0,0,0,0,0,0,0,0
2003,460107,2,1,1,1,1,1,1,1,1,1,1,1
2003,460108,1,1,4,4,4,4,4,4,4,4,4,4
2003,460109,1,1,0,0,0,0,0,0,0,0,0,0
2003,460110,1,1,9,9,9,9,9,9,9,9,9,9
2003,460111,1,1,0,0,0,0,0,0,0,0,0,0
2003,460111,2,1,0,0,0,0,0,0,0,0,8,0
2003,460112,1,1,0,0,0,0,0,0,0,0,0,0