YEAR,ST_CASE,veh_no,per_no,P1,P2,P3,P4,P5,P6,P7,P8,P9,P10
2003,470251,1,1,18,34,29,13,9,35,0,24,23,0
2003,470252,1,1,0,0,0,0,0,0,0,0,0,0
2003,470252,2,1,0,0,0,0,0,0,0,0,0,0
2003,470253,1,1,0,13,0,0,20,9,0,0,0,0
2003,470254,1,1,18,10,6,13,10,9,12,11,9,12
2003,470255,1,1,27,27,27,27,27,27,27,27,27,27
2003,470256,0,1,0,37,9,6,17,22,0,27,36,17
2003,470256,1,1,0,0,0,0,0,0,0,0,0,0
2003,470257,1,1,0,0,0,0,0,0,0,0,0,0
2003,470257,2,1,0,0,0,0,0,0,0,0,0,0
2003,470258,1,1,0,4,11,32,12,15,21,12,26,16
2003,470258,2,1,0,0,0,0,0,0,0,0,0,0
2003,470259,1,1,27,15,0,0,0,11,0,0,0,0
2003,470260,1,1,0,0,0,0,0,0,0,0,0,0
2003,470261,1,1,0,0,0,0,0,0,0,0,0,0
2003,470261,2,1,0,36,0,0,0,0,0,0,0,0
2003,470262,1,1,0,0,0,0,0,0,0,0,0,0
2003,470262,2,1,4,14,0,22,5,32,3,11,31,22
2003,470263,1,1,22,22,22,22,22,22,22,22,22,22
2003,470264,1,1,0,0,0,0,0,0,0,0,0,0
2003,470264,2,1,0,0,0,0,0,0,0,0,0,0
2003,470265,1,1,0,7,0,0,0,0,0,0,19,22
2003,470266,1,1,0,0,0,0,0,0,0,0,0,0
2003,470266,2,1,0,0,0,0,0,0,4,0,0,0
2003,470267,0,1,0,0,19,0,0,22,27,26,20,2
2003,470267,1,1,0,0,0,0,0,0,0,0,0,0
2003,470268,1,1,0,0,0,0,4,0,0,0,0,0
2003,470268,2,1,0,0,0,0,0,0,0,0,0,0
2003,470269,1,1,0,0,0,15,0,0,27,0,0,18
2003,470270,0,1,0,0,0,0,0,0,0,0,0,0
2003,470270,1,1,24,24,24,24,24,24,24,24,24,24
2003,470271,1,1,0,14,0,0,0,0,0,0,0,16
2003,470271,2,1,0,0,0,0,0,0,0,0,0,0
2003,470272,1,1,0,0,0,0,0,0,0,0,0,0
2003,470272,2,1,0,0,6,0,0,4,0,0,7,0
2003,470273,1,1,0,0,0,0,0,0,0,0,0,0
2003,470274,1,1,26,26,26,26,26,26,26,26,26,26
2003,470275,1,1,12,12,12,12,12,12,12,12,12,12
2003,470275,2,1,0,0,0,0,0,0,0,0,0,0
2003,470276,1,1,0,0,0,0,0,0,0,0,0,0
2003,470276,2,1,0,0,0,0,0,13,0,0,0,9
2003,470277,1,1,18,18,18,18,18,18,18,18,18,18
2003,470278,1,1,0,0,0,0,0,0,0,0,0,0
2003,470278,2,1,0,0,0,0,0,0,0,0,0,0
2003,470280,1,1,0,0,0,0,0,0,0,0,0,0
2003,470280,2,1,0,0,0,0,0,0,0,0,0,0
2003,470281,1,1,23,21,10,8,16,0,16,6,7,22
2003,470282,1,1,0,0,0,0,0,0,0,0,14,0
2003,470282,2,1,0,0,0,0,0,0,0,0,0,0
2003,470283,1,1,20,20,20,20,20,20,20,20,20,20
2003,470284,1,1,0,0,0,0,0,0,0,0,0,0
2003,470285,1,1,0,0,0,0,0,0,0,0,0,0
2003,470286,1,1,0,0,0,0,0,0,0,0,0,0
2003,470287,1,1,0,9,13,0,0,0,33,0,9,0
2003,470288,1,1,0,0,0,0,0,0,0,0,0,0
2003,470288,2,1,0,0,0,0,8,10,0,0,11,7
2003,470289,1,1,0,0,0,0,0,0,0,0,0,0
2003,470289,2,1,12,0,0,3,0,0,0,0,0,0
2003,470290,1,1,0,0,0,0,0,0,0,0,0,0
2003,470291,1,1,21,33,21,23,17,24,16,22,22,25
2003,470292,1,1,0,0,0,0,0,0,0,0,0,0
2003,470292,2,1,0,0,0,0,0,0,0,0,0,0
2003,470293,1,1,22,22,22,22,22,22,22,22,22,22
2003,470293,2,1,0,0,0,0,0,0,0,0,0,0
2003,470293,3,1,0,0,0,0,0,0,0,0,0,0
2003,470294,1,1,0,0,0,0,0,0,0,0,0,0
2003,470294,2,1,0,0,0,0,0,0,0,0,0,0
2003,470294,3,1,0,0,0,0,0,0,0,0,0,0
2003,470295,1,1,0,0,0,0,0,0,0,0,0,0
2003,470295,2,1,0,0,0,0,0,0,2,0,0,0
2003,470295,3,1,0,0,0,0,0,0,0,0,0,0
2003,470296,1,1,1,1,1,1,1,1,1,1,1,1
2003,470297,1,1,16,25,19,12,0,13,20,18,18,20
2003,470298,0,1,0,0,0,0,12,0,34,0,0,0
2003,470298,1,1,13,13,13,13,13,13,13,13,13,13
2003,470299,1,1,5,5,5,5,5,5,5,5,5,5
2003,470299,2,1,62,62,62,62,62,62,62,62,62,62
2003,470300,1,1,27,27,27,27,27,27,27,27,27,27
2003,470301,1,1,9,9,9,9,9,9,9,9,9,9
2003,470302,1,1,0,0,0,0,0,0,0,0,0,0
2003,470302,2,1,0,0,0,0,0,0,0,0,11,0
2003,470303,1,1,0,0,0,0,10,0,0,13,10,0
2003,470303,2,1,0,0,0,0,0,0,0,0,0,0
2003,470304,1,1,18,0,16,16,0,0,17,0,0,0
2003,470305,1,1,10,0,0,0,0,11,0,0,0,20
2003,470306,1,1,0,0,0,0,0,0,0,0,0,0
2003,470306,2,1,0,0,0,0,0,0,0,0,0,0
2003,470307,1,1,0,0,0,0,0,0,0,0,0,0
2003,470308,1,1,0,29,0,0,21,22,0,0,0,34
2003,470309,1,1,0,0,0,0,0,0,0,0,0,0
2003,470309,2,1,0,0,0,0,0,0,0,0,0,0
2003,470310,1,1,0,0,0,0,0,0,0,0,0,0
2003,470311,1,1,0,0,0,0,0,0,0,0,0,0
2003,470312,1,1,18,18,18,18,18,18,18,18,18,18
2003,470313,1,1,16,0,0,0,19,0,0,0,0,28
2003,470314,1,1,0,0,0,0,0,0,0,0,0,0
2003,470314,2,1,10,10,10,10,10,10,10,10,10,10
2003,470315,1,1,0,0,0,0,0,0,0,0,0,0
2003,470316,1,1,0,0,0,0,0,0,26,21,0,16
2003,470317,1,1,0,16,47,0,0,0,0,0,29,0
2003,470318,1,1,0,0,0,0,0,0,0,0,0,0
2003,470318,2,1,6,6,6,6,6,6,6,6,6,6
2003,470319,1,1,38,13,26,19,11,25,24,19,9,0
2003,470320,1,1,0,0,0,0,0,0,0,0,0,0
2003,470321,1,1,0,0,0,0,0,0,0,0,0,0
2003,470322,0,1,0,0,0,0,0,0,0,0,0,0
2003,470322,1,1,0,0,0,0,0,0,0,0,0,0
2003,470323,1,1,0,0,0,27,0,0,21,11,16,0
2003,470324,1,1,0,0,0,0,0,0,0,0,0,0
2003,470324,2,1,9,9,9,9,9,9,9,9,9,9
2003,470325,1,1,0,0,0,0,0,0,0,0,0,0
2003,470325,2,1,0,0,0,0,0,0,0,0,0,0
2003,470326,1,1,0,0,0,0,0,0,0,0,0,0
2003,470326,2,1,0,17,0,0,0,0,0,0,0,0
2003,470327,1,1,0,0,27,0,0,0,0,0,0,0
2003,470328,1,1,0,0,0,0,0,0,0,0,0,0
2003,470328,2,1,0,0,0,0,0,0,0,0,0,0
2003,470329,1,1,0,0,0,0,0,0,0,0,0,0
2003,470329,2,1,0,0,0,0,0,0,0,0,0,0
2003,470329,3,1,0,0,0,0,0,0,0,0,0,0
2003,470330,1,1,7,0,18,7,11,19,0,42,19,20
2003,470331,1,1,0,18,14,0,7,0,0,0,0,39
2003,470332,1,1,0,0,0,0,0,0,0,0,0,0
2003,470332,2,1,0,0,0,0,0,0,0,0,0,0
2003,470333,1,1,0,0,0,0,0,0,0,0,0,0
2003,470333,2,1,0,0,0,0,4,0,0,0,0,0
2003,470335,0,1,0,0,0,0,0,0,0,0,0,0
2003,470335,0,2,0,0,0,0,0,0,0,0,0,0
2003,470335,0,3,0,20,21,0,0,0,0,0,0,0
2003,470335,1,1,0,0,0,0,0,0,0,0,0,0
2003,470336,1,1,0,0,0,0,0,33,0,0,0,0
2003,470336,2,1,0,0,0,0,0,0,0,0,0,0
2003,470337,1,1,3,3,3,3,3,3,3,3,3,3
2003,470337,2,1,0,0,0,0,0,0,0,0,0,0
2003,470338,1,1,0,0,0,0,0,0,0,0,0,0
2003,470339,1,1,0,0,0,0,0,0,0,0,0,0
2003,470339,2,1,0,0,0,0,0,0,0,0,0,0
2003,470340,1,1,13,25,10,17,9,20,5,16,16,6
2003,470341,1,1,37,26,11,20,22,25,14,0,16,20
2003,470341,2,1,0,0,0,0,0,0,0,0,0,0
2003,470342,1,1,0,0,0,0,0,0,0,0,0,0
2003,470342,2,1,0,0,0,0,0,0,0,0,0,0
2003,470343,1,1,0,0,0,0,0,0,0,0,0,0
2003,470344,1,1,0,0,0,0,0,0,0,0,0,0
2003,470345,1,1,12,12,12,12,12,12,12,12,12,12
2003,470346,1,1,11,0,0,0,0,0,9,0,0,0
2003,470346,2,1,0,0,0,0,0,0,0,0,0,0
2003,470347,1,1,22,27,15,24,23,0,6,27,25,14
2003,470348,1,1,0,0,0,0,0,0,0,0,0,0
2003,470349,1,1,23,0,0,19,0,0,0,0,0,6
2003,470349,2,1,0,0,0,0,9,0,0,0,0,0
2003,470349,3,1,0,0,9,0,0,0,0,0,0,0
2003,470350,1,1,0,0,0,0,0,0,0,0,0,23
2003,470351,0,1,7,0,7,0,0,0,0,11,10,0
2003,470351,1,1,25,11,8,14,8,27,12,10,0,9
2003,470352,1,1,17,0,22,0,22,21,6,3,18,32
2003,470353,1,1,22,22,22,22,22,22,22,22,22,22
2003,470354,1,1,0,0,0,0,0,0,0,0,0,0
2003,470354,2,1,0,0,0,0,0,0,0,0,0,0
2003,470355,1,1,19,21,31,7,13,8,12,14,0,4
2003,470356,1,1,9,38,22,13,17,11,0,16,37,6
2003,470357,1,1,0,0,0,0,0,0,0,0,0,0
2003,470358,1,1,0,0,28,0,0,0,0,0,0,0
2003,470359,1,1,0,0,0,0,0,0,0,0,0,0
2003,470359,2,1,0,0,0,0,0,0,0,0,0,0
2003,470359,3,1,0,0,0,0,0,0,0,0,0,0
2003,470360,1,1,0,0,0,0,0,0,0,0,0,0
2003,470360,2,1,0,0,0,0,0,0,0,0,0,0
2003,470360,3,1,0,0,0,0,0,0,0,0,0,0
2003,470361,1,1,0,0,0,0,0,0,0,0,0,0
2003,470361,2,1,0,0,0,0,5,0,0,0,0,0
2003,470362,1,1,0,10,0,0,0,0,14,36,14,0
2003,470363,1,1,0,0,0,0,0,0,0,0,0,0
2003,470364,1,1,0,0,0,0,0,0,0,0,0,0
2003,470364,2,1,0,0,0,0,0,0,0,0,0,0
2003,470365,1,1,5,7,0,29,0,27,11,11,19,20
2003,470366,1,1,0,0,0,0,0,0,0,0,0,0
2003,470366,2,1,0,0,0,0,0,0,0,0,0,0
2003,470367,1,1,0,0,0,0,0,0,0,0,0,0
2003,470367,2,1,0,0,0,0,0,0,0,0,0,0
2003,470368,1,1,0,0,0,0,32,0,0,26,0,0
2003,470369,0,1,0,13,0,0,24,0,30,0,18,31
2003,470369,1,1,0,0,22,0,0,0,0,0,0,0
2003,470370,1,1,20,10,0,26,20,14,23,10,21,14
2003,470370,2,1,0,0,0,0,0,0,0,0,0,0
2003,470371,1,1,0,0,0,0,0,0,0,0,0,0
2003,470371,2,1,0,7,0,0,0,0,0,0,0,0
2003,470372,1,1,15,19,8,10,9,16,20,16,5,14
2003,470372,2,1,4,9,9,0,12,0,5,0,0,0
2003,470373,0,1,11,9,33,0,21,23,0,0,25,11
2003,470373,1,1,0,0,0,0,0,0,0,14,0,0
2003,470374,1,1,0,0,0,8,0,0,0,0,0,0
2003,470374,2,1,0,0,0,0,0,0,0,0,0,0
2003,470375,1,1,14,0,36,0,0,0,0,0,0,0
2003,470375,2,1,0,26,16,25,0,0,14,17,9,22
2003,470376,1,1,0,0,0,0,0,0,0,0,0,0
2003,470376,2,1,0,29,0,0,0,0,0,0,0,0
2003,470377,1,1,0,13,22,13,9,0,8,19,15,29
2003,470378,1,1,19,12,12,23,14,17,12,6,6,8
2003,470379,1,1,0,25,13,0,24,29,0,13,31,0
2003,470380,1,1,10,10,21,0,0,24,14,0,0,0
2003,470381,1,1,0,0,0,0,0,0,0,13,11,0
2003,470381,2,1,0,0,0,0,0,0,0,0,0,0
2003,470382,1,1,13,0,17,13,7,24,0,21,27,26
2003,470382,2,1,0,0,0,0,0,0,0,0,0,0
2003,470383,1,1,26,0,5,0,0,0,20,0,0,0
2003,470384,1,1,0,0,0,0,0,0,0,0,0,0
2003,470385,1,1,11,0,0,0,8,0,0,0,0,0
2003,470386,1,1,33,0,0,0,0,16,11,0,0,0
2003,470387,1,1,0,0,0,0,0,0,0,0,0,0
2003,470387,2,1,0,0,0,0,0,0,0,0,0,0
2003,470388,1,1,0,0,0,39,16,21,13,23,0,0
2003,470388,2,1,0,0,0,0,0,0,0,0,0,0
2003,470389,1,1,0,0,0,0,0,0,0,0,0,0
2003,470389,2,1,0,0,0,0,0,0,0,0,0,0
2003,470390,1,1,0,0,0,0,12,0,0,0,13,6
2003,470390,2,1,0,0,0,0,0,0,0,0,0,0
2003,470391,0,1,39,0,36,0,0,30,11,13,27,22
2003,470391,1,1,0,0,20,0,0,0,0,0,0,9
2003,470392,1,1,0,0,0,0,0,0,0,0,0,0
2003,470392,2,1,0,0,14,0,0,0,0,0,0,0
2003,470393,1,1,0,0,0,0,0,0,0,0,0,0
2003,470394,1,1,21,21,8,25,14,13,23,29,13,18
2003,470395,1,1,20,18,3,19,17,30,19,26,31,17
2003,470396,1,1,0,0,0,0,0,0,0,0,0,0
2003,470397,1,1,19,19,19,19,19,19,19,19,19,19
2003,470397,2,1,0,0,0,0,0,0,0,0,0,0
2003,470398,1,1,9,19,12,13,19,0,16,11,36,7
2003,470399,1,1,9,9,9,9,9,9,9,9,9,9
2003,470400,1,1,25,25,25,25,25,25,25,25,25,25
2003,470401,1,1,0,0,0,0,0,0,0,0,0,0
2003,470402,1,1,0,0,0,0,34,31,4,0,7,18
2003,470403,1,1,0,0,0,0,0,0,0,0,0,0
2003,470403,2,1,0,0,0,0,0,0,0,0,0,0
2003,470404,1,1,5,11,8,0,0,0,0,0,7,0
2003,470405,1,1,0,0,0,0,0,0,0,0,0,0
2003,470405,2,1,0,0,0,0,0,0,0,0,0,0
2003,470406,1,1,0,0,0,0,0,0,0,0,0,0
2003,470406,2,1,0,0,0,0,0,0,0,0,0,0
2003,470407,1,1,0,0,0,0,0,0,0,0,0,0
2003,470407,2,1,0,0,0,0,0,0,0,0,0,0
2003,470408,1,1,0,0,0,0,0,0,0,0,0,0
2003,470408,2,1,12,0,11,0,15,0,0,0,0,18
2003,470409,1,1,26,14,32,23,13,12,0,18,6,21
2003,470410,1,1,20,0,28,0,16,0,0,24,13,0
2003,470411,1,1,0,0,15,10,30,0,0,10,23,22
2003,470412,0,1,0,8,19,15,5,5,13,25,10,10
2003,470412,1,1,0,0,0,0,0,0,0,0,9,0
2003,470413,0,1,9,0,0,19,0,8,10,0,0,0
2003,470413,1,1,0,0,0,0,0,0,0,0,0,0
2003,470414,1,1,0,0,0,0,0,0,0,0,0,0
2003,470414,2,1,0,0,0,0,0,0,0,0,0,0
2003,470415,1,1,7,22,6,11,23,30,17,36,21,34
2003,470416,1,1,0,0,0,0,0,0,0,4,0,0
2003,470416,2,1,12,0,0,0,18,0,0,0,0,0
2003,470417,1,1,5,8,34,18,22,18,0,20,9,11
2003,470418,1,1,0,0,0,0,0,0,0,0,0,0
2003,470418,2,1,0,0,0,0,0,0,0,0,0,0
2003,470419,1,1,1,1,1,1,1,1,1,1,1,1
2003,470420,1,1,0,0,0,0,0,0,0,0,0,0
2003,470420,2,1,0,0,0,0,0,0,0,0,0,0
2003,470421,1,1,0,0,0,0,0,0,0,0,0,0
2003,470422,1,1,7,8,0,0,0,0,0,0,0,0
2003,470422,2,1,0,0,0,0,0,0,0,0,0,0
2003,470423,1,1,0,0,0,0,0,0,0,0,0,0
2003,470424,1,1,6,0,0,0,0,0,0,0,0,0
2003,470425,0,1,8,39,0,0,0,0,30,20,14,15
2003,470425,1,1,0,0,0,0,0,0,0,0,0,0
2003,470426,1,1,0,0,0,0,0,0,0,0,0,0
2003,470426,2,1,0,0,0,0,0,0,0,0,0,0
2003,470428,1,1,0,0,0,0,0,0,0,0,0,0
2003,470429,1,1,19,19,19,19,19,19,19,19,19,19
2003,470430,1,1,0,0,0,0,0,0,0,0,0,0
2003,470430,2,1,0,0,0,0,0,0,0,0,0,0
2003,470430,3,1,0,0,0,0,15,0,0,0,0,0
2003,470430,4,1,0,0,0,0,0,0,0,0,0,0
2003,470430,5,1,28,28,28,28,28,28,28,28,28,28
2003,470431,1,1,12,12,12,12,12,12,12,12,12,12
2003,470432,1,1,0,0,0,0,0,0,0,0,0,0
2003,470432,2,1,0,0,0,0,0,0,0,0,0,0
2003,470432,3,1,0,0,0,0,0,0,0,0,0,0
2003,470433,1,1,14,0,0,0,0,33,0,0,0,22
2003,470434,1,1,0,0,0,0,0,0,0,0,0,0
2003,470434,2,1,0,0,0,0,0,0,0,0,0,0
2003,470435,1,1,8,10,19,15,6,38,25,15,25,17
2003,470436,1,1,36,36,36,36,36,36,36,36,36,36
2003,470436,2,1,0,0,0,0,0,0,0,0,0,0
2003,470437,1,1,0,17,0,0,0,0,0,0,0,0
2003,470438,0,1,32,18,0,7,0,29,12,0,0,31
2003,470438,1,1,0,0,0,0,0,0,0,0,0,0
2003,470439,1,1,0,0,0,0,0,0,0,0,0,0
2003,470440,1,1,15,30,22,15,17,22,8,18,9,25
2003,470440,2,1,0,0,0,0,0,0,0,0,0,0
2003,470441,1,1,0,19,21,0,15,9,8,0,4,18
2003,470443,1,1,14,14,14,14,14,14,14,14,14,14
2003,470444,1,1,0,11,17,0,0,3,0,12,7,14
2003,470445,1,1,0,0,0,0,0,0,0,0,0,0
2003,470445,2,1,0,0,0,0,0,0,0,0,0,0
2003,470446,0,1,0,0,0,0,0,0,0,0,0,0
2003,470446,0,2,0,24,20,16,21,17,17,10,12,0
2003,470446,1,1,13,6,9,12,20,16,5,18,9,17
2003,470447,1,1,0,0,0,0,0,0,0,0,0,0
2003,470448,1,1,0,0,0,0,4,0,18,0,0,0
2003,470449,1,1,0,0,0,0,0,0,0,0,0,0
2003,470450,1,1,21,23,20,13,14,13,19,7,21,23
2003,470451,1,1,17,17,17,17,17,17,17,17,17,17
2003,470452,1,1,0,0,0,0,0,0,0,0,0,0
2003,470453,1,1,0,0,0,0,0,0,0,0,0,0
2003,470453,2,1,0,0,0,0,0,0,0,0,0,0
2003,470454,1,1,0,0,0,0,0,0,0,0,0,0
2003,470455,1,1,0,0,0,0,0,0,0,0,7,0
2003,470455,2,1,0,0,0,0,0,0,0,0,0,0
2003,470456,1,1,0,0,27,0,0,0,7,16,3,0
2003,470457,1,1,0,0,0,0,0,0,0,0,0,0
2003,470457,2,1,0,0,0,0,0,0,0,0,0,0
2003,470457,3,1,0,0,0,0,0,0,0,0,0,0
2003,470458,1,1,0,0,0,0,0,0,0,0,0,0
2003,470458,2,1,0,0,0,0,0,0,0,0,0,0
2003,470459,1,1,21,0,0,0,0,0,0,0,0,0
2003,470460,1,1,25,4,21,24,27,10,6,24,12,16
2003,470461,1,1,20,20,20,20,20,20,20,20,20,20
2003,470462,1,1,0,0,0,0,0,0,0,0,0,0
2003,470462,2,1,0,0,0,0,0,0,14,0,0,14
2003,470463,1,1,0,0,0,0,0,0,0,17,0,0
2003,470463,2,1,0,0,0,0,0,0,0,0,0,0
2003,470464,1,1,27,18,19,31,22,39,20,23,0,15
2003,470464,2,1,0,0,0,0,0,0,0,0,0,0
2003,470465,0,1,34,0,4,11,0,11,10,0,0,0
2003,470465,1,1,5,19,1,11,30,0,12,0,11,22
2003,470466,1,1,0,0,0,0,0,0,0,0,0,0
2003,470467,1,1,0,0,0,0,0,0,14,0,0,0
2003,470467,2,1,0,0,0,0,0,0,0,0,0,0
2003,470468,1,1,0,0,0,0,0,0,0,0,0,0
2003,470468,2,1,0,0,0,0,0,0,12,0,0,0
2003,470469,1,1,0,0,9,0,0,0,0,0,0,0
2003,470469,2,1,27,0,15,0,0,15,0,0,0,17
2003,470470,0,1,24,0,0,22,29,28,13,0,18,0
2003,470470,1,1,0,0,0,0,0,0,0,0,0,0
2003,470471,1,1,22,26,7,24,0,10,0,2,9,25
2003,470472,1,1,0,0,0,0,0,0,0,0,0,0
2003,470472,2,1,0,0,0,0,0,0,0,0,0,0
2003,470473,1,1,0,0,0,0,0,0,0,0,0,0
2003,470473,2,1,0,0,0,0,0,0,0,0,0,0
2003,470474,1,1,8,21,0,0,12,0,0,4,0,0
2003,470474,2,1,6,4,16,0,0,5,12,0,3,0
2003,470475,1,1,0,0,0,0,0,0,0,0,0,0
2003,470475,2,1,0,0,0,0,0,0,0,0,0,0
2003,470476,1,1,23,0,0,0,0,12,0,13,0,0
2003,470477,0,1,0,0,30,0,0,0,0,0,0,0
2003,470477,1,1,0,0,0,0,0,0,0,0,0,0
2003,470478,0,1,0,0,0,0,0,0,0,0,0,0
2003,470478,1,1,0,0,0,0,0,0,0,0,9,0
2003,470479,0,1,15,20,0,13,43,31,35,14,14,21
2003,470479,1,1,0,39,0,17,0,0,20,0,0,9
2003,470480,1,1,0,0,0,0,0,0,0,0,0,0
2003,470480,2,1,0,0,0,0,0,0,0,0,0,0
2003,470480,3,1,0,0,0,0,0,0,0,0,0,0
2003,470480,4,1,0,0,0,0,0,0,0,0,0,0
2003,470481,1,1,15,0,0,0,0,0,21,28,0,0
2003,470481,2,1,0,0,0,0,0,0,0,0,0,0
2003,470482,1,1,0,0,0,0,0,0,0,0,0,0
2003,470482,2,1,15,8,0,7,13,12,17,4,0,21
2003,470483,1,1,24,0,0,0,0,0,0,0,0,0
2003,470484,1,1,0,0,0,0,0,0,0,0,0,0
2003,470485,1,1,0,0,0,0,0,0,0,0,0,0
2003,470486,1,1,0,0,0,0,0,0,0,0,0,0
2003,470486,2,1,0,0,0,0,0,0,0,0,0,0
2003,470486,3,1,0,0,0,0,0,0,0,0,0,0
2003,470487,1,1,5,27,15,18,15,17,15,35,21,3
2003,470487,2,1,0,0,0,10,3,0,0,0,0,0
2003,470488,1,1,0,0,0,0,36,0,0,0,0,0
2003,470489,1,1,0,0,0,0,0,0,0,0,0,0
2003,470490,1,1,0,0,0,0,0,0,0,0,0,0
2003,470490,2,1,0,0,0,13,0,0,0,0,12,0
2003,470491,1,1,0,0,0,0,0,0,0,0,0,0
2003,470491,2,1,0,0,0,0,0,0,0,0,0,0
2003,470492,1,1,1,1,1,1,1,1,1,1,1,1
2003,470493,1,1,0,0,0,0,0,0,0,0,0,0
2003,470494,1,1,0,0,0,0,0,0,0,0,0,0
2003,470494,2,1,0,0,0,0,0,0,0,0,0,0
2003,470495,1,1,0,0,0,0,0,9,0,0,0,0
2003,470496,1,1,25,25,25,25,25,25,25,25,25,25
2003,470497,1,1,0,0,0,0,0,0,0,0,13,0
2003,470498,1,1,0,0,14,0,15,10,0,0,0,0
2003,470499,1,1,20,0,0,0,0,0,0,0,0,0
2003,470499,2,1,0,0,0,0,0,0,0,0,0,0
2003,470500,1,1,0,0,0,0,0,0,0,0,0,0
2003,470500,2,1,0,0,0,0,0,0,0,0,0,0
2003,470501,0,1,0,0,0,37,7,19,0,0,8,0
2003,470501,1,1,0,0,0,0,0,0,0,0,0,0
2003,470502,1,1,0,0,0,0,0,0,0,0,0,0
2003,470502,2,1,0,0,0,0,0,0,0,0,0,0
2003,470502,3,1,0,0,0,0,0,0,0,0,0,0
2003,470503,1,1,0,0,0,0,0,0,0,0,0,0
2003,470504,1,1,0,0,0,0,0,0,0,0,20,10
2003,470505,1,1,1,1,1,1,1,1,1,1,1,1
2003,470505,2,1,0,0,0,0,0,0,0,0,0,0
2003,470506,1,1,23,23,23,23,23,23,23,23,23,23
2003,470506,2,1,0,0,0,0,0,0,0,0,0,0
2003,470507,1,1,0,0,0,0,0,0,0,0,0,0
2003,470507,2,1,0,0,0,0,0,0,0,4,0,0
2003,470508,1,1,16,0,0,27,0,0,0,0,0,0
2003,470509,1,1,25,25,25,25,25,25,25,25,25,25
2003,470510,1,1,25,0,16,22,0,10,16,0,0,20
2003,470511,1,1,0,0,30,0,0,0,0,0,0,0
2003,470511,2,1,0,0,26,0,25,28,12,19,17,22
2003,470512,0,1,0,0,0,0,0,0,0,0,0,0
2003,470512,1,1,1,1,1,1,1,1,1,1,1,1
2003,470513,1,1,0,0,16,18,16,11,0,0,0,0
2003,470514,1,1,0,0,0,0,0,0,0,0,0,0
2003,470515,1,1,0,0,0,0,0,0,0,0,0,0
2003,470515,2,1,0,0,0,0,0,0,0,0,0,0
2003,470516,1,1,27,27,27,27,27,27,27,27,27,27
2003,470516,2,1,0,0,0,0,0,0,0,0,0,0
2003,470516,3,1,0,0,0,0,0,0,0,0,0,0
2003,470517,1,1,0,0,0,0,0,0,0,0,0,0
2003,470517,2,1,0,0,0,0,0,0,0,0,0,0
2003,470518,1,1,9,15,25,45,11,19,20,25,19,25
2003,470519,1,1,0,0,0,0,0,0,0,0,0,0
2003,470519,2,1,0,0,0,0,0,0,0,0,0,0
2003,470520,1,1,0,0,0,0,0,0,0,0,0,0
2003,470521,1,1,0,0,0,0,0,0,0,0,0,0
2003,470521,2,1,0,0,0,0,0,0,0,0,0,0
2003,470521,3,1,0,0,0,0,0,0,0,0,0,0
2003,470522,1,1,0,0,9,0,0,0,0,0,0,0
2003,470522,2,1,0,0,0,3,0,0,0,0,0,0
2003,470523,1,1,32,32,32,32,32,32,32,32,32,32
2003,470524,1,1,8,8,8,8,8,8,8,8,8,8
2003,470525,1,1,0,35,23,17,0,19,0,0,23,11
2003,470526,1,1,17,19,0,0,0,17,0,0,0,0
2003,470527,1,1,0,0,20,0,14,0,0,0,0,0
2003,470527,2,1,0,0,0,0,0,0,0,0,0,0
2003,470528,1,1,0,0,11,0,0,0,0,0,0,0
2003,470529,1,1,19,19,19,19,19,19,19,19,19,19
2003,470530,1,1,0,0,0,0,0,0,0,0,0,0
2003,470530,2,1,0,0,0,0,0,0,0,0,0,0
2003,470531,1,1,26,30,8,0,12,23,14,0,0,0
2003,470532,1,1,0,0,0,0,0,0,0,0,0,0
2003,470532,2,1,0,0,0,0,0,0,0,0,0,0
2003,470532,3,1,0,0,0,0,0,0,0,0,4,0
2003,470533,1,1,27,26,18,10,0,29,20,17,35,12
2003,470535,1,1,0,0,0,17,0,16,0,0,0,0
2003,470536,0,1,0,0,16,17,0,23,6,24,0,34
2003,470536,1,1,0,0,0,0,0,0,0,0,0,0
2003,470537,1,1,0,0,0,0,0,0,0,0,22,0
2003,470537,2,1,0,0,0,0,0,0,0,0,0,0
2003,470538,1,1,0,0,0,0,0,0,0,0,0,0
2003,470538,2,1,0,0,0,0,0,0,0,0,0,0
2003,470539,1,1,0,0,0,0,0,0,0,0,0,0
2003,470540,1,1,5,0,0,0,0,0,0,0,0,0
2003,470540,2,1,0,0,0,0,0,0,0,26,0,0
2003,470541,0,1,0,0,7,6,0,11,0,7,0,10
2003,470541,1,1,0,0,0,0,0,0,0,0,0,0
2003,470542,1,1,0,0,0,0,0,0,0,0,0,0
2003,470543,1,1,11,11,11,11,11,11,11,11,11,11
2003,470545,1,1,0,0,0,0,0,0,0,0,0,0
2003,470546,1,1,0,0,0,0,0,0,0,0,0,0
2003,470547,1,1,0,0,0,7,20,0,0,0,0,0
2003,470548,1,1,0,0,0,0,0,0,0,0,0,0