YEAR,ST_CASE,veh_no,per_no,P1,P2,P3,P4,P5,P6,P7,P8,P9,P10
2003,470842,1,1,0,0,0,17,0,0,0,0,5,0
2003,470842,2,1,28,28,28,28,28,28,28,28,28,28
2003,470844,1,1,0,0,0,0,0,0,0,0,0,0
2003,470844,2,1,0,0,0,0,0,0,0,0,0,0
2003,470845,1,1,0,0,0,0,0,0,0,0,0,0
2003,470846,1,1,3,3,3,3,3,3,3,3,3,3
2003,470847,1,1,0,0,0,0,0,0,0,0,0,0
2003,470848,1,1,0,0,0,0,0,0,0,0,0,0
2003,470849,0,1,0,0,0,0,0,0,0,0,0,0
2003,470849,1,1,0,0,0,0,0,0,0,0,0,0
2003,470850,1,1,0,0,0,13,0,0,0,0,0,0
2003,470850,2,1,0,0,0,20,0,0,0,0,0,0
2003,470851,1,1,0,0,0,0,0,0,0,0,0,0
2003,470851,2,1,10,10,10,10,10,10,10,10,10,10
2003,470852,1,1,16,16,16,16,16,16,16,16,16,16
2003,470853,1,1,0,0,0,0,0,0,0,0,0,0
2003,470854,1,1,0,0,18,0,0,0,0,0,0,0
2003,470855,1,1,0,0,0,0,4,0,10,8,0,0
2003,470856,1,1,0,0,0,0,0,25,0,0,19,0
2003,470857,1,1,26,14,0,0,21,22,16,0,0,15
2003,470858,1,1,0,0,0,0,0,0,0,0,0,0
2003,470859,0,1,0,21,0,0,21,24,24,0,0,0
2003,470859,1,1,0,0,0,0,0,0,0,0,8,0
2003,470860,0,1,0,23,0,47,0,18,0,0,0,15
2003,470860,1,1,0,0,4,5,0,0,10,0,0,0
2003,470861,1,1,0,0,0,0,0,0,0,0,0,0
2003,470862,1,1,0,0,0,0,0,0,0,0,0,0
2003,470862,2,1,0,0,0,0,0,0,0,0,0,0
2003,470863,1,1,0,0,0,0,0,0,0,0,0,0
2003,470863,2,1,13,13,13,13,13,13,13,13,13,13
2003,470864,1,1,16,0,4,1,0,0,0,0,25,0
2003,470864,2,1,0,0,0,0,0,0,0,0,0,0
2003,470865,1,1,0,0,25,22,0,19,0,0,0,7
2003,470866,1,1,18,10,9,26,19,8,13,0,32,20
2003,470867,1,1,0,0,0,0,0,11,0,0,0,0
2003,470867,2,1,0,0,0,0,0,0,0,0,0,0
2003,470868,1,1,0,0,0,0,0,0,0,0,0,0
2003,470869,1,1,0,0,0,0,0,0,0,0,0,0
2003,470870,0,1,0,0,0,0,0,0,0,0,0,18
2003,470870,1,1,0,0,0,0,0,0,0,0,0,0
2003,470871,1,1,0,0,15,0,0,0,0,0,0,0
2003,470872,1,1,13,7,14,19,15,0,0,33,9,22
2003,470873,1,1,0,17,0,0,13,0,0,0,0,20
2003,470873,2,1,0,0,14,0,0,0,33,0,0,0
2003,470874,0,1,18,18,18,18,18,18,18,18,18,18
2003,470875,1,1,6,15,3,8,8,20,10,11,26,10
2003,470875,2,1,0,0,0,0,0,0,0,0,0,0
2003,470876,1,1,20,0,0,12,19,0,0,8,0,0
2003,470877,1,1,0,0,0,0,0,0,0,0,0,0
2003,470878,1,1,27,27,27,27,27,27,27,27,27,27
2003,470879,1,1,0,0,0,0,0,0,29,0,0,20
2003,470880,1,1,14,14,14,14,14,14,14,14,14,14
2003,470880,2,1,0,0,0,0,0,0,0,0,0,0
2003,470881,0,1,24,24,24,24,24,24,24,24,24,24
2003,470881,1,1,0,0,0,0,0,0,0,0,0,0
2003,470882,1,1,0,0,0,0,0,0,0,0,0,0
2003,470882,2,1,0,0,0,0,0,7,7,0,0,0
2003,470883,1,1,0,0,0,0,0,17,13,18,17,0
2003,470884,1,1,0,0,0,0,0,0,0,0,0,0
2003,470884,2,1,0,0,0,0,0,0,0,0,0,0
2003,470885,0,1,16,25,45,24,0,14,29,9,16,16
2003,470885,1,1,0,0,21,20,0,18,0,0,0,14
2003,470886,1,1,0,0,0,0,0,0,0,0,0,0
2003,470887,1,1,0,0,0,0,0,16,0,0,0,0
2003,470888,1,1,0,0,0,0,0,0,0,0,0,0
2003,470888,2,1,0,0,0,0,0,0,0,0,0,0
2003,470889,1,1,28,27,18,39,18,23,18,6,34,34
2003,470890,1,1,0,0,0,0,0,0,0,0,0,0
2003,470891,1,1,0,0,0,0,0,0,0,0,0,0
2003,470891,2,1,0,0,0,0,0,0,0,0,0,0
2003,470892,1,1,0,0,0,0,0,0,0,0,13,0
2003,470893,1,1,0,0,0,0,0,0,0,0,0,3
2003,470893,2,1,0,0,0,0,0,0,0,0,0,0
2003,470894,0,1,0,0,0,0,0,0,0,0,0,0
2003,470894,1,1,0,0,0,0,0,0,0,0,0,0
2003,470895,1,1,0,0,0,0,15,16,14,7,20,0
2003,470895,2,1,0,0,0,0,0,0,0,0,0,0
2003,470896,1,1,0,0,0,0,0,0,0,0,0,0
2003,470897,1,1,0,0,0,0,0,0,0,0,0,0
2003,470897,2,1,9,13,35,21,10,13,23,6,14,13
2003,470898,1,1,0,3,19,0,11,0,6,0,0,13
2003,470898,2,1,0,0,0,0,0,0,0,0,0,0
2003,470899,1,1,0,0,0,0,0,0,0,0,0,0
2003,470900,1,1,33,7,19,22,12,27,25,6,43,26
2003,470901,1,1,32,15,26,30,30,9,30,16,14,17
2003,470902,1,1,0,0,0,0,0,0,0,0,0,0
2003,470902,2,1,0,0,0,0,0,0,0,0,0,0
2003,470903,1,1,40,40,40,40,40,40,40,40,40,40
2003,470904,1,1,0,0,11,0,0,0,0,0,0,0
2003,470905,1,1,0,0,0,0,0,0,0,0,0,0
2003,470905,2,1,0,0,0,0,0,0,0,0,0,0
2003,470906,1,1,10,10,10,10,10,10,10,10,10,10
2003,470907,1,1,0,0,0,0,0,0,0,0,0,14
2003,470907,2,1,0,0,0,0,0,0,24,0,0,0
2003,470908,1,1,0,0,0,0,0,16,0,27,0,17
2003,470909,1,1,0,0,0,0,0,0,0,0,0,0
2003,470909,2,1,0,0,0,0,0,0,0,0,0,0
2003,470910,1,1,0,0,0,0,0,0,0,0,0,0
2003,470911,1,1,0,0,0,0,0,0,0,0,0,0
2003,470911,2,1,0,0,0,0,0,0,0,0,0,0
2003,470912,1,1,11,27,14,23,16,26,16,17,27,14
2003,470913,1,1,11,33,14,0,12,0,18,19,0,0
2003,470914,1,1,27,16,13,10,13,20,0,0,22,19
2003,470915,1,1,0,0,0,0,0,0,0,0,0,0
2003,470916,1,1,0,0,0,0,0,0,0,0,0,0
2003,470916,2,1,0,0,0,0,0,0,0,0,0,0
2003,470917,1,1,0,0,0,0,0,0,0,0,0,0
2003,470917,2,1,0,0,0,0,0,0,0,0,0,0
2003,470918,0,1,0,30,0,0,0,0,0,0,0,15
2003,470918,1,1,0,0,0,0,0,0,0,0,0,0
2003,470919,1,1,0,0,0,0,15,0,0,0,0,0
2003,470920,0,1,13,0,9,0,23,10,0,19,0,0
2003,470920,1,1,0,0,0,0,0,0,0,0,0,0
2003,470921,1,1,0,0,0,0,0,0,0,0,0,0
2003,470921,2,1,0,0,0,0,0,0,0,0,0,0
2003,470922,1,1,0,0,0,0,0,0,32,0,0,0
2003,470922,2,1,0,0,0,0,0,0,0,0,0,0
2003,470923,1,1,11,17,0,22,20,0,31,20,0,22
2003,470924,1,1,22,0,0,0,0,0,0,0,0,0
2003,470924,2,1,0,0,0,0,0,0,16,0,0,0
2003,470925,1,1,27,17,28,0,10,17,13,19,17,17
2003,470926,1,1,43,43,43,43,43,43,43,43,43,43
2003,470927,1,1,0,8,0,23,0,0,0,0,0,0
2003,470927,2,1,0,0,0,0,0,0,0,0,0,0
2003,470927,3,1,0,0,0,0,0,0,0,0,0,0
2003,470928,1,1,0,0,0,0,0,0,0,0,9,0
2003,470928,2,1,0,0,0,0,0,0,0,0,0,0
2003,470929,1,1,0,0,0,0,0,0,0,0,0,0
2003,470929,2,1,4,6,12,18,0,10,0,0,38,30
2003,470930,1,1,0,0,0,0,0,0,0,0,0,0
2003,470930,2,1,0,0,0,0,0,0,0,0,0,0
2003,470931,1,1,0,0,0,0,0,0,0,0,0,0
2003,470931,2,1,7,23,16,25,13,24,23,9,14,43
2003,470932,1,1,0,0,0,0,0,0,0,0,0,0
2003,470932,2,1,0,0,0,0,0,0,0,0,0,0
2003,470933,1,1,27,0,0,20,0,19,0,22,0,0
2003,470934,1,1,5,0,0,0,0,0,0,0,0,0
2003,470934,2,1,0,0,0,0,14,0,0,13,0,0
2003,470935,0,1,0,0,0,0,0,0,0,0,0,0
2003,470935,1,1,8,0,0,0,0,0,0,0,0,0
2003,470936,1,1,0,25,31,32,0,21,18,0,26,0
2003,470937,1,1,0,0,0,0,0,0,0,0,0,0
2003,470937,2,1,0,0,0,0,0,0,0,0,0,0
2003,470938,1,1,0,0,0,0,0,0,0,0,0,0
2003,470938,2,1,0,0,0,0,0,0,0,0,20,0
2003,470939,1,1,0,0,0,0,0,0,0,0,0,0
2003,470939,2,1,0,0,0,0,0,0,0,8,0,0
2003,470940,1,1,0,0,0,0,0,0,0,0,0,0
2003,470941,1,1,8,17,19,16,6,12,17,9,28,7
2003,470942,1,1,0,0,0,0,0,0,0,0,0,0
2003,470942,2,1,0,0,0,0,0,0,0,0,0,0
2003,470943,1,1,13,7,6,12,9,30,15,33,20,19
2003,470944,1,1,0,0,0,0,0,0,0,0,0,0
2003,470945,1,1,0,0,0,0,0,0,0,0,0,0
2003,470945,2,1,0,0,0,0,0,0,0,0,0,0
2003,470946,1,1,0,0,0,3,0,0,0,0,0,0
2003,470946,2,1,0,0,0,0,0,0,0,0,0,0
2003,470947,1,1,0,0,0,0,0,0,0,0,0,0
2003,470947,2,1,0,0,0,0,0,0,0,0,0,0
2003,470948,1,1,28,0,0,8,0,14,0,11,12,15
2003,470949,1,1,10,9,0,7,10,22,25,0,7,20
2003,470949,2,1,0,0,0,0,0,0,0,0,0,0
2003,470950,1,1,0,0,0,0,0,0,0,0,0,0
2003,470950,2,1,0,0,0,0,0,0,0,0,0,0
2003,470951,1,1,0,0,0,0,0,0,21,0,0,0
2003,470952,1,1,0,0,0,24,10,28,0,20,16,25
2003,470953,1,1,0,0,0,0,0,0,0,0,0,0
2003,470953,2,1,0,0,0,0,0,0,0,0,0,0
2003,470953,3,1,0,0,0,0,0,0,0,0,0,0
2003,470954,0,1,0,0,0,0,0,0,0,0,0,0
2003,470954,1,1,0,0,0,0,0,0,0,0,0,0
2003,470955,0,1,15,19,0,0,0,0,0,0,0,0
2003,470955,1,1,0,0,0,0,0,0,0,0,0,0
2003,470956,1,1,13,0,0,0,0,0,0,6,0,0
2003,470956,2,1,0,0,0,0,0,0,0,0,0,0
2003,470956,3,1,0,0,0,0,0,0,0,0,0,0
2003,470957,1,1,0,0,0,0,0,0,0,0,0,0
2003,470957,2,1,0,0,0,0,0,0,0,0,0,0
2003,470958,1,1,0,0,0,0,0,0,0,0,0,0
2003,470958,2,1,22,22,22,22,22,22,22,22,22,22
2003,470959,1,1,0,0,0,0,0,9,0,0,17,0
2003,470960,1,1,24,24,24,24,24,24,24,24,24,24
2003,470961,1,1,0,0,0,0,0,0,0,0,0,0
2003,470962,1,1,0,0,0,0,0,0,0,0,0,0
2003,470962,2,1,0,0,0,0,0,0,0,0,0,0
2003,470963,1,1,0,0,0,0,0,0,0,0,0,0
2003,470964,1,1,21,21,21,21,21,21,21,21,21,21
2003,470965,1,1,0,0,0,0,0,0,0,0,0,0
2003,470965,2,1,0,0,0,0,0,0,0,0,0,0
2003,470966,0,1,0,0,0,0,0,0,0,0,0,0
2003,470966,1,1,0,0,0,0,0,0,0,0,0,0
2003,470967,1,1,0,0,0,0,0,0,0,0,0,0
2003,470967,2,1,0,10,7,7,18,0,19,28,5,13
2003,470967,3,1,0,0,0,0,0,0,0,0,0,0
2003,470968,1,1,0,0,0,0,0,0,0,0,0,0
2003,470969,1,1,15,15,15,15,15,15,15,15,15,15
2003,470970,1,1,0,0,0,0,0,0,0,0,0,0
2003,470970,2,1,0,0,0,0,0,0,0,0,0,0
2003,470971,1,1,0,0,0,0,0,0,0,0,0,0
2003,470972,1,1,0,0,0,0,0,0,0,0,0,0
2003,470972,2,1,0,0,0,0,0,0,0,0,0,0
2003,470973,1,1,0,0,0,0,0,0,0,0,0,0
2003,470973,2,1,0,0,0,0,0,0,0,0,0,0
2003,470974,1,1,21,21,21,21,21,21,21,21,21,21
2003,470975,1,1,21,21,21,21,21,21,21,21,21,21
2003,470976,1,1,0,0,0,0,0,0,0,0,0,0
2003,470977,1,1,20,20,20,20,20,20,20,20,20,20
2003,470978,1,1,0,0,0,0,0,0,0,0,0,0
2003,470978,2,1,0,0,0,0,0,0,0,0,0,0
2003,470979,1,1,21,0,18,0,0,5,0,42,0,13
2003,470979,2,1,0,0,0,0,13,0,0,0,0,16
2003,470980,1,1,0,0,0,0,0,0,0,0,0,0
2003,470980,2,1,25,0,0,0,0,0,0,0,0,0
2003,470981,1,1,0,0,0,0,0,0,0,0,6,0
2003,470982,1,1,0,0,0,0,0,0,0,0,0,0
2003,470983,1,1,0,0,0,0,0,42,0,14,0,0
2003,470983,2,1,0,29,18,13,37,11,17,18,23,22
2003,470984,1,1,0,0,0,0,0,0,0,0,0,0
2003,470984,2,1,14,14,14,14,14,14,14,14,14,14
2003,470985,1,1,0,0,0,0,0,0,0,0,0,0
2003,470985,2,1,0,0,0,0,0,0,0,0,0,20
2003,470985,3,1,0,0,0,0,0,0,0,0,0,0
2003,470985,4,1,0,0,0,0,0,0,0,0,0,0
2003,470985,5,1,0,0,0,0,0,0,0,0,0,0
2003,470986,1,1,14,13,25,10,17,13,30,13,14,12
2003,470987,1,1,18,0,0,0,0,0,0,0,0,0
2003,470988,1,1,0,0,0,0,0,0,0,0,0,0
2003,470989,1,1,0,43,0,0,0,0,0,0,0,0
2003,470989,2,1,0,0,0,0,0,0,0,0,0,0
2003,470989,3,1,0,0,0,0,0,0,0,0,0,0
2003,470990,1,1,0,0,0,0,0,0,0,0,0,0
2003,470991,1,1,0,0,0,0,0,0,0,0,0,0
2003,470991,2,1,0,0,0,0,0,0,0,0,0,0
2003,470992,1,1,0,0,0,22,0,0,0,0,0,0
2003,470993,1,1,0,0,0,0,0,0,0,0,0,0
2003,470993,2,1,0,0,0,0,0,0,0,0,0,0
2003,470994,1,1,0,0,0,0,0,0,0,0,0,0
2003,470995,1,1,0,0,0,0,0,0,0,0,0,0
2003,470995,2,1,0,0,0,0,0,0,0,0,0,0
2003,470996,1,1,0,0,0,0,0,0,0,0,0,0
2003,470996,2,1,0,0,0,0,0,0,0,0,0,0
2003,470997,1,1,0,0,0,0,0,0,0,0,0,0
2003,470997,2,1,0,0,0,0,0,0,0,0,0,0
2003,470998,1,1,0,0,0,0,0,0,0,0,0,0
2003,470998,2,1,0,0,0,0,0,0,0,0,0,0
2003,470999,1,1,0,0,0,0,0,0,0,0,0,0
2003,470999,2,1,0,0,0,0,0,0,0,0,0,0
2003,471000,1,1,33,25,22,14,17,6,17,19,45,26
2003,471000,2,1,0,0,0,0,0,12,0,0,0,0
2003,471001,1,1,16,20,20,22,16,16,19,13,28,17
2003,471002,1,1,0,0,0,0,0,0,0,0,0,0
2003,471002,2,1,0,0,0,0,0,0,0,0,0,0
2003,471003,1,1,12,9,19,10,0,14,16,0,8,16
2003,471004,1,1,23,22,10,0,13,0,23,21,19,10
2003,471006,1,1,0,0,0,0,0,0,0,0,0,0
2003,471006,2,1,0,0,0,0,0,0,0,0,0,0
2003,471007,0,1,30,30,30,30,30,30,30,30,30,30
2003,471007,1,1,0,0,0,0,0,0,0,0,0,0
2003,471008,0,1,10,0,25,0,16,0,0,0,16,0
2003,471008,1,1,0,0,0,0,0,0,0,0,0,0
2003,471009,1,1,18,41,22,24,0,16,19,21,9,0
2003,471010,1,1,0,0,36,0,21,9,2,0,0,0
2003,471011,1,1,0,0,0,0,0,0,0,0,0,0
2003,471011,2,1,0,0,0,0,0,0,0,0,0,0
2003,471012,2,1,0,0,0,0,0,0,0,0,0,0
2003,471013,1,1,0,0,0,0,0,0,0,0,0,0
2003,471014,0,1,20,37,23,19,28,0,9,23,0,14
2003,471014,1,1,0,0,0,0,0,0,0,0,0,0
2003,471015,1,1,0,0,16,0,0,0,0,0,0,0
2003,471015,2,1,0,0,0,0,0,0,0,0,0,0
2003,471016,1,1,0,14,0,21,0,0,13,31,0,0
2003,471017,1,3,8,0,16,16,22,15,15,3,17,0
2003,471018,0,1,0,19,27,22,0,0,29,33,0,33
2003,471018,1,1,0,0,0,0,0,0,0,0,0,0
2003,471019,1,1,0,0,0,0,0,0,0,0,0,0
2003,471019,2,1,0,0,0,0,0,0,0,0,0,0
2003,471019,3,1,0,0,0,0,0,0,0,0,0,0
2003,471020,1,1,0,0,0,0,0,0,0,0,0,0
2003,471020,2,1,0,0,0,0,0,0,0,0,0,0
2003,471021,1,1,0,0,0,0,0,0,0,0,0,0
2003,471021,2,1,0,0,0,0,0,0,0,0,0,0
2003,471022,1,1,0,0,11,24,29,0,9,0,0,0
2003,471023,1,1,0,0,0,0,0,0,0,0,0,0
2003,471023,2,1,0,0,0,0,0,0,0,0,0,0
2003,471023,3,1,0,0,0,0,0,0,8,0,0,0
2003,471023,4,1,0,0,0,0,0,0,0,0,0,0
2003,471024,0,1,16,0,0,24,0,0,0,10,0,0
2003,471024,1,1,0,0,0,0,0,0,0,0,0,0
2003,471025,1,1,0,0,0,0,0,0,0,0,0,0
2003,471025,2,1,0,0,0,0,0,0,0,0,0,0
2003,471025,3,1,0,0,0,0,0,0,0,0,0,0
2003,471026,0,1,4,0,40,0,0,31,0,0,29,0
2003,471026,1,1,5,0,0,0,0,0,0,0,0,0
2003,471027,0,1,0,0,0,0,0,0,0,0,0,0
2003,471027,1,1,0,0,0,0,0,0,0,0,0,0
2003,471029,1,1,0,0,0,0,13,12,0,0,0,0
2003,471029,2,1,27,27,27,27,27,27,27,27,27,27
2003,471030,0,1,8,0,0,22,0,0,25,29,0,23
2003,471030,1,1,0,0,0,0,0,0,0,0,0,0
2003,471031,0,1,9,29,0,40,0,20,0,12,25,20
2003,471031,1,1,32,4,18,8,0,15,8,0,10,11
2003,471032,1,1,0,0,0,0,0,0,0,0,20,0
2003,471032,2,1,0,0,0,0,0,0,0,0,0,0
2003,471033,1,1,14,15,0,15,22,0,0,46,17,31
2003,471033,2,1,23,17,0,0,9,0,0,0,7,0
2003,471034,1,1,27,0,30,10,0,0,0,23,0,8
2003,471035,1,1,0,0,0,0,0,0,0,0,0,0
2003,471036,1,1,11,19,0,11,0,0,8,0,0,0
2003,471037,2,1,0,0,0,0,0,0,0,0,0,0
2003,471038,1,1,12,11,0,0,0,0,0,0,0,0
2003,471038,2,1,0,0,0,0,0,0,0,0,0,0
2003,471039,1,1,0,0,0,16,0,15,0,0,0,0
2003,471039,2,1,0,0,0,0,0,0,0,0,0,0
2003,471039,3,1,3,0,7,7,0,0,0,0,0,15
2003,471039,4,1,0,0,0,0,0,0,0,0,0,0
2003,471039,5,1,0,0,0,0,0,0,0,0,0,0
2003,471040,1,1,0,0,0,0,0,0,0,0,13,0
2003,471041,0,1,0,7,0,0,18,0,0,16,0,0
2003,471041,1,1,0,0,0,0,0,0,0,0,0,0
2003,471042,1,1,0,0,0,0,0,0,0,0,0,0
2003,471043,1,1,0,0,0,0,0,3,0,0,0,0
2003,471043,2,1,0,0,0,0,0,0,0,0,0,0
2003,471044,1,1,0,0,0,0,0,0,0,0,0,9
2003,471044,2,1,0,0,0,0,0,0,0,0,0,0
2003,471044,3,1,0,0,0,0,33,17,0,0,0,13
2003,471045,1,1,0,0,0,0,0,0,0,0,0,0
2003,471046,0,1,0,0,0,0,0,0,11,0,0,0
2003,471046,1,1,0,0,0,0,0,0,0,0,0,0
2003,471047,1,1,0,0,4,0,0,0,0,0,0,0
2003,471047,2,1,0,0,0,0,0,0,0,0,0,0
2003,471048,1,1,0,0,0,0,0,0,0,0,0,0
2003,471048,2,1,0,0,0,0,0,0,0,0,0,0
2003,471049,1,1,0,0,0,0,0,0,0,0,0,0
2003,471050,1,1,0,4,0,0,0,0,0,5,0,0
2003,471051,1,1,0,0,0,0,0,0,0,0,0,0
2003,471051,2,1,0,0,0,0,0,0,0,0,0,0
2003,471052,0,1,18,5,0,0,14,20,12,0,22,8
2003,471052,1,1,0,0,0,0,0,0,0,0,0,0
2003,471053,1,1,0,0,0,0,0,0,8,0,0,0
2003,471054,1,1,27,27,16,10,17,16,20,14,10,36
2003,471055,1,1,0,8,8,17,20,0,26,21,14,8
2003,471056,1,1,13,13,13,13,13,13,13,13,13,13
2003,471057,1,1,14,13,12,15,0,22,0,0,0,0
2003,471058,1,1,0,0,0,0,0,0,0,0,0,0
2003,471058,2,1,0,0,0,0,0,0,0,0,0,0
2003,471058,3,1,0,0,0,0,0,0,0,0,0,0
2003,471059,1,1,17,29,20,27,0,23,12,5,12,9
2003,471059,2,1,15,15,18,24,2,0,0,14,12,0
2003,471059,3,1,0,0,0,0,10,0,0,0,0,0
2003,471059,4,1,0,0,0,0,0,0,0,0,0,0
2003,471059,5,1,19,0,0,0,0,0,0,0,0,0
2003,471060,1,1,0,0,0,0,0,0,0,0,0,0
2003,471060,2,1,13,0,37,23,22,34,23,24,9,18
2003,471061,0,1,0,0,0,0,0,0,0,0,0,0
2003,471061,1,1,0,0,0,0,0,0,0,0,0,0
2003,471062,1,1,10,18,31,0,27,25,0,7,0,20
2003,471063,1,1,20,24,11,26,16,28,26,21,21,19
2003,471064,1,1,0,0,0,0,0,0,0,0,0,0
2003,471064,2,1,0,0,0,0,0,0,0,0,0,0
2003,471064,3,1,0,0,0,0,0,0,0,0,0,0
2003,471065,1,1,0,0,0,0,0,0,0,0,0,0
2003,471065,2,1,0,0,0,0,0,0,0,0,0,0
2003,471066,1,1,0,0,0,0,0,0,0,0,0,0
2003,471067,1,1,0,0,0,0,0,0,0,0,0,0
2003,471068,1,1,0,9,0,0,0,0,0,0,0,0
2003,471068,2,1,0,0,0,0,0,0,0,0,0,0
2003,471069,1,1,0,0,0,0,0,0,0,0,0,0
2003,471070,1,1,20,0,11,25,4,0,17,6,25,23
2003,471071,1,1,0,0,0,0,0,0,0,0,0,0
2003,471071,2,1,39,0,0,0,0,0,0,0,0,0
2003,471072,1,1,0,0,0,0,0,0,0,0,0,0
2003,471073,1,1,0,0,0,0,0,0,0,0,0,0
2003,471073,2,1,0,0,0,0,27,0,0,0,0,0
2003,471074,1,1,0,0,0,6,0,0,0,0,0,0
2003,471075,1,1,0,0,0,0,0,0,0,0,0,0
2003,471075,2,1,0,0,0,0,0,0,0,0,0,0
2003,471076,1,1,0,0,0,0,0,0,0,0,0,0
2003,471076,2,1,0,0,0,0,0,0,0,0,0,0
2003,471077,1,1,0,0,0,0,0,0,0,19,0,0
2003,471077,2,1,8,0,0,0,0,14,0,0,0,0
2003,471078,1,1,0,0,0,0,0,0,0,0,0,0
2003,471079,1,1,0,0,4,0,0,0,0,0,0,0
2003,471080,1,1,0,0,0,0,0,0,14,17,0,0
2003,471080,2,1,0,0,0,0,0,0,0,0,0,0
2003,471081,1,1,0,22,0,0,0,0,0,0,0,14
2003,471081,2,1,0,0,0,0,0,0,0,0,0,0
2003,471082,1,1,0,0,16,4,0,0,0,20,0,0
2003,471083,1,1,0,0,0,0,0,0,0,0,0,0
2003,471083,2,1,0,0,0,0,0,0,0,0,0,0
2003,471084,1,1,0,0,0,0,0,0,0,0,0,0
2003,471084,2,1,0,0,0,0,0,0,0,0,0,0
2003,471085,1,1,0,0,0,0,0,0,0,18,0,0
2003,471086,1,1,20,34,20,20,28,38,25,15,10,37
2003,471087,1,1,0,0,0,0,0,0,0,0,0,0
2003,471087,2,1,0,0,0,0,0,0,0,0,0,0
2003,471088,0,1,35,39,32,21,0,37,0,0,8,0
2003,471088,1,1,9,9,9,9,9,9,9,9,9,9
2003,471089,1,1,0,0,0,0,0,0,0,7,0,0
2003,471090,0,1,0,41,5,0,18,34,0,18,42,0
2003,471090,1,1,0,0,0,0,0,0,0,0,0,0
2003,471091,1,1,0,0,29,13,0,0,0,0,0,19
2003,471092,1,1,0,0,0,0,0,0,0,0,0,0
2003,471092,2,1,0,0,0,0,0,0,0,0,0,0
2003,471093,1,1,0,0,37,0,0,24,14,12,23,0
2003,471094,0,1,0,15,0,17,19,0,37,27,29,18
2003,471094,1,1,0,22,3,25,16,16,14,7,14,22
2003,471095,1,1,0,0,0,0,0,0,0,0,0,0
2003,471095,2,1,0,0,0,0,0,0,0,0,0,0
2003,471096,1,1,0,22,21,0,18,0,0,0,0,0
2003,471097,1,1,15,0,0,0,0,0,0,0,0,0
2003,471097,2,1,0,0,0,0,0,0,0,0,0,0
2003,471098,1,1,0,0,0,0,0,0,0,0,0,0
2003,471099,1,1,0,0,0,0,0,0,0,0,0,0
2003,471100,1,1,0,0,0,0,0,5,0,0,0,0
2003,471100,2,1,20,19,30,24,21,10,13,0,22,22
2003,471101,1,1,0,0,0,0,0,0,0,0,20,0
2003,471101,2,1,0,0,0,0,0,0,0,0,0,0
2003,471102,0,1,0,0,20,0,0,0,18,33,14,0
2003,471102,1,1,7,0,0,0,0,12,0,0,0,0
2003,471103,1,1,0,0,0,0,0,0,0,0,0,0
2003,471103,2,1,0,0,0,0,0,0,0,0,0,0
2003,471103,3,1,0,0,0,0,0,0,0,0,7,0
2003,471104,1,1,0,8,0,13,0,28,0,0,0,0
2003,471105,1,1,0,0,0,0,0,0,0,0,0,0
2003,471105,2,1,0,0,0,0,0,0,0,0,0,0
2003,471106,1,1,0,0,0,0,0,0,0,0,0,0
2003,471107,1,1,0,0,0,0,0,0,0,0,0,0
2003,471107,2,1,0,0,0,0,0,0,0,0,0,0
2003,471107,3,1,17,0,0,0,0,0,17,0,0,0
2003,471108,1,1,0,0,0,0,25,0,0,0,0,0
2003,471109,1,1,22,0,12,11,0,0,0,0,16,11
2003,480001,1,1,8,8,8,8,8,8,8,8,8,8
2003,480002,0,1,0,0,0,0,26,27,0,0,43,0
2003,480002,1,1,22,25,2,4,0,0,8,10,0,0
2003,480002,2,1,0,0,0,0,0,0,0,0,0,0
2003,480003,1,1,0,0,0,0,0,0,0,0,0,0
2003,480003,2,1,0,0,0,0,0,18,0,25,0,38
2003,480004,1,1,9,10,0,6,7,0,0,12,24,0
2003,480004,2,1,12,0,0,0,0,0,11,10,0,0
2003,480005,1,1,0,0,0,0,0,0,0,0,0,0
2003,480005,2,1,0,0,0,13,0,0,0,20,0,0
2003,480006,1,1,0,0,0,0,0,0,0,0,0,0
2003,480006,2,1,0,0,0,0,0,0,0,0,0,0
2003,480007,1,1,23,23,23,23,23,23,23,23,23,23
2003,480008,0,1,16,23,41,33,15,17,39,23,29,8
2003,480008,1,1,0,0,0,0,0,0,0,0,0,0
2003,480008,2,1,0,0,0,0,0,19,0,0,0,12
2003,480008,3,1,0,0,0,0,0,0,0,0,0,0
2003,480008,4,1,0,0,0,0,0,0,0,0,0,0
2003,480009,1,1,5,5,5,5,5,5,5,5,5,5
2003,480010,1,1,0,31,0,0,0,0,0,0,0,0
2003,480011,1,1,15,15,15,15,15,15,15,15,15,15
2003,480011,2,1,5,13,18,13,31,10,8,5,23,4
2003,480012,1,1,16,16,16,16,16,16,16,16,16,16
2003,480012,2,1,25,0,0,0,0,0,0,0,0,0
2003,480013,0,1,20,0,0,0,0,0,0,18,8,17
2003,480013,1,1,9,6,13,19,12,13,0,13,18,10
2003,480014,1,1,22,23,23,28,25,0,25,23,0,0
2003,480015,1,1,0,0,0,0,0,0,0,0,0,0
2003,480015,2,1,0,0,0,0,0,0,0,0,0,0
2003,480016,0,1,10,0,0,0,0,0,11,0,0,0