YEAR,ST_CASE,veh_no,per_no,P1,P2,P3,P4,P5,P6,P7,P8,P9,P10
2003,480016,1,1,0,0,0,0,0,0,0,0,0,0
2003,480017,1,1,0,0,0,0,0,0,0,0,0,0
2003,480017,2,1,0,0,0,0,0,0,0,0,0,0
2003,480018,1,1,0,0,11,0,0,0,0,0,0,0
2003,480019,1,1,12,12,12,12,12,12,12,12,12,12
2003,480020,1,1,9,9,9,9,9,9,9,9,9,9
2003,480020,2,1,0,0,0,0,0,19,0,0,0,0
2003,480021,1,1,0,0,0,0,0,0,0,0,0,0
2003,480021,2,1,0,0,0,0,0,0,0,0,0,0
2003,480022,1,1,0,0,0,10,18,0,0,19,0,0
2003,480022,2,1,0,0,0,21,20,0,16,33,15,28
2003,480023,0,1,0,0,0,0,0,0,0,0,0,0
2003,480023,1,1,0,0,0,0,0,0,0,0,0,0
2003,480024,1,1,0,0,0,0,0,0,0,0,15,0
2003,480024,2,1,0,0,0,0,0,0,0,0,0,0
2003,480025,1,1,29,29,29,29,29,29,29,29,29,29
2003,480026,1,1,16,16,16,16,16,16,16,16,16,16
2003,480027,1,1,10,4,0,0,0,0,0,0,0,0
2003,480028,1,1,0,0,1,0,6,0,0,7,11,11
2003,480029,1,1,0,0,0,0,3,0,0,0,0,0
2003,480029,2,1,0,0,0,0,0,0,0,0,0,0
2003,480030,0,1,24,24,24,24,24,24,24,24,24,24
2003,480030,1,1,12,0,0,6,16,0,0,0,4,0
2003,480031,1,1,0,16,0,0,16,2,0,9,0,0
2003,480032,1,1,0,0,0,0,0,0,0,0,0,0
2003,480032,2,1,0,0,0,0,0,0,0,0,0,0
2003,480033,1,1,0,0,0,0,0,0,0,0,0,0
2003,480033,2,1,10,10,10,10,10,10,10,10,10,10
2003,480034,1,1,24,24,24,24,24,24,24,24,24,24
2003,480035,1,1,0,0,0,0,0,0,0,0,0,0
2003,480035,2,1,15,0,0,0,0,0,0,0,0,0
2003,480036,1,1,0,0,0,0,0,0,0,0,0,0
2003,480037,1,1,0,0,0,0,0,0,0,0,0,0
2003,480037,2,1,0,0,23,0,17,0,0,0,0,20
2003,480038,0,1,0,0,0,20,0,19,0,0,0,20
2003,480038,1,1,0,0,0,0,0,15,0,0,0,17
2003,480039,1,1,0,0,0,0,0,0,0,0,0,0
2003,480039,2,1,0,0,0,0,0,0,0,0,0,0
2003,480040,1,1,0,0,0,0,0,0,0,0,0,0
2003,480040,2,1,0,0,0,0,0,0,0,0,0,0
2003,480041,1,1,31,31,16,9,28,24,25,5,0,16
2003,480042,1,1,0,0,0,0,0,0,0,0,0,0
2003,480043,1,1,0,0,0,0,0,0,0,0,0,0
2003,480044,1,1,0,0,0,0,0,0,0,0,0,0
2003,480044,2,1,0,0,0,0,0,10,0,0,0,0
2003,480045,1,1,0,0,0,0,0,0,0,0,0,0
2003,480045,2,1,0,0,0,0,0,0,0,0,0,0
2003,480046,0,1,0,0,0,0,0,0,0,0,0,0
2003,480046,1,1,0,0,0,0,0,0,0,0,0,0
2003,480047,1,1,13,6,30,0,0,0,0,0,0,18
2003,480047,2,1,0,0,0,0,0,0,0,0,0,0
2003,480048,1,1,0,0,0,0,0,0,0,0,0,0
2003,480048,2,1,0,0,0,17,6,23,7,10,0,0
2003,480049,1,1,0,0,0,0,0,0,0,0,0,0
2003,480049,2,1,0,0,0,0,0,0,0,0,0,0
2003,480050,1,1,0,0,0,0,0,0,0,0,0,0
2003,480051,1,1,0,0,0,0,0,0,0,0,0,0
2003,480051,2,1,17,17,17,17,17,17,17,17,17,17
2003,480051,3,1,0,13,23,0,0,0,0,9,0,0
2003,480052,1,1,0,0,0,0,0,0,0,0,0,0
2003,480052,2,1,0,0,0,0,0,0,0,0,0,0
2003,480053,1,1,24,24,24,24,24,24,24,24,24,24
2003,480054,1,1,29,29,29,29,29,29,29,29,29,29
2003,480055,1,1,5,5,5,5,5,5,5,5,5,5
2003,480056,1,1,13,13,13,13,13,13,13,13,13,13
2003,480057,0,1,0,0,0,0,0,0,0,0,0,0
2003,480057,1,1,0,0,0,0,0,0,0,0,0,0
2003,480058,1,1,24,0,18,17,30,24,17,0,18,13
2003,480059,1,1,23,23,23,23,23,23,23,23,23,23
2003,480060,1,1,0,7,11,0,27,25,21,0,0,21
2003,480061,1,1,0,0,0,0,0,0,0,0,0,0
2003,480062,1,1,0,0,0,0,0,0,0,0,0,0
2003,480062,2,1,0,0,0,0,0,0,0,0,0,0
2003,480063,1,1,13,13,13,13,13,13,13,13,13,13
2003,480064,1,1,10,0,25,0,0,0,0,0,14,0
2003,480065,1,1,20,11,26,21,11,18,0,0,0,0
2003,480066,1,1,0,0,0,0,0,0,0,0,0,0
2003,480066,2,1,0,0,0,0,0,0,0,0,0,0
2003,480067,1,1,0,0,0,0,0,0,0,12,0,0
2003,480068,1,1,27,27,27,27,27,27,27,27,27,27
2003,480069,1,1,0,0,0,0,0,0,0,0,0,0
2003,480069,2,1,0,0,0,0,0,0,0,0,0,0
2003,480070,1,1,0,0,0,0,0,0,0,0,0,0
2003,480070,2,1,0,0,0,0,0,0,0,0,0,0
2003,480071,1,1,24,24,24,24,24,24,24,24,24,24
2003,480071,2,1,0,0,0,0,0,0,0,0,0,0
2003,480072,0,1,25,25,25,25,25,25,25,25,25,25
2003,480072,1,1,0,0,0,0,0,0,0,0,0,0
2003,480072,2,1,0,0,0,0,0,0,0,0,0,0
2003,480072,3,1,0,0,0,0,0,0,0,0,0,0
2003,480073,0,1,0,0,0,0,0,0,0,0,0,0
2003,480073,0,2,0,0,0,0,0,0,0,0,0,0
2003,480073,0,3,0,16,28,0,0,17,10,28,27,29
2003,480073,1,1,19,13,0,0,0,0,0,0,0,26
2003,480073,2,1,17,0,0,0,0,0,0,0,0,0
2003,480074,1,1,6,6,6,6,6,6,6,6,6,6
2003,480075,1,1,0,0,0,0,0,0,0,0,0,0
2003,480076,1,1,0,0,0,0,14,0,0,0,0,0
2003,480076,2,1,0,0,0,0,0,0,0,0,0,0
2003,480077,0,1,0,0,0,0,0,0,0,0,0,0
2003,480077,1,1,0,0,0,0,0,0,0,0,0,0
2003,480077,2,1,0,0,0,0,0,0,0,0,0,0
2003,480078,1,1,23,23,23,23,23,23,23,23,23,23
2003,480079,1,1,0,0,0,0,0,0,0,0,0,0
2003,480079,2,1,0,0,0,0,0,0,0,0,0,0
2003,480080,1,1,0,0,0,0,0,0,0,0,0,0
2003,480080,2,1,0,0,0,0,0,0,0,0,0,0
2003,480081,1,1,11,0,15,0,16,0,13,19,28,0
2003,480082,0,1,0,0,0,0,0,0,0,0,0,0
2003,480082,1,1,0,0,0,0,0,0,0,0,0,22
2003,480083,0,1,0,0,0,0,0,0,0,0,0,0
2003,480083,1,1,0,0,0,0,0,0,0,14,0,0
2003,480084,1,1,19,19,19,19,19,19,19,19,19,19
2003,480085,0,1,0,0,0,0,12,0,0,12,0,0
2003,480085,1,1,0,0,0,0,0,0,0,0,0,0
2003,480086,1,1,0,0,18,0,13,0,0,0,0,9
2003,480086,2,1,0,0,0,0,0,0,10,0,0,0
2003,480086,3,1,0,0,0,0,0,0,0,0,0,0
2003,480087,1,1,15,15,15,15,15,15,15,15,15,15
2003,480087,2,1,0,0,0,0,0,0,0,0,0,0
2003,480088,1,1,0,0,0,0,0,0,0,0,0,0
2003,480088,2,1,0,0,0,0,0,0,0,0,0,0
2003,480089,1,1,0,0,0,0,0,0,0,17,0,0
2003,480089,2,1,0,0,0,18,0,0,0,0,0,0
2003,480090,1,1,0,0,0,0,0,0,0,0,0,0
2003,480091,1,1,15,15,15,15,15,15,15,15,15,15
2003,480092,1,1,12,33,32,16,14,19,27,0,10,23
2003,480093,1,1,12,12,12,12,12,12,12,12,12,12
2003,480094,1,1,0,0,0,0,0,0,0,0,14,0
2003,480094,2,1,0,0,0,0,0,0,12,0,0,22
2003,480094,3,1,0,0,0,0,0,0,0,0,0,0
2003,480094,4,1,0,0,0,0,0,0,0,0,0,0
2003,480095,1,1,0,0,0,0,0,0,0,0,0,0
2003,480095,2,1,0,0,13,0,0,10,0,0,0,0
2003,480096,1,1,21,21,21,21,21,21,21,21,21,21
2003,480097,1,1,26,26,26,26,26,26,26,26,26,26
2003,480097,2,1,11,6,11,10,2,13,21,3,27,15
2003,480098,1,1,5,15,28,4,0,9,21,16,8,13
2003,480098,2,1,0,0,21,0,0,0,0,4,0,0
2003,480098,3,1,0,0,0,0,0,0,0,0,0,9
2003,480099,1,1,19,19,19,19,19,19,19,19,19,19
2003,480099,2,1,0,0,0,0,0,0,0,0,0,0
2003,480100,1,1,16,16,16,16,16,16,16,16,16,16
2003,480101,0,1,0,0,0,0,0,16,0,0,0,0
2003,480101,1,1,0,0,9,0,0,0,0,0,0,0
2003,480102,1,1,0,0,18,0,0,0,0,0,0,0
2003,480102,2,1,0,0,0,0,0,0,0,0,0,0
2003,480103,1,1,0,0,0,0,0,0,0,0,0,0
2003,480103,2,1,24,0,0,0,0,17,7,0,0,0
2003,480104,1,1,12,17,15,18,0,9,22,23,33,1
2003,480105,0,1,0,0,0,0,0,0,0,0,0,0
2003,480105,1,1,0,0,0,0,0,0,0,0,0,0
2003,480106,1,1,9,8,0,0,0,20,29,0,0,29
2003,480107,1,1,0,0,0,0,0,0,0,0,10,0
2003,480107,2,1,0,0,0,0,0,0,0,0,0,0
2003,480108,1,1,0,0,31,22,0,16,30,8,13,0
2003,480109,1,1,9,0,0,0,12,0,0,0,0,0
2003,480109,2,1,0,0,0,0,0,0,0,0,0,0
2003,480110,1,1,10,0,0,0,0,32,0,0,20,0
2003,480111,1,1,17,17,17,17,17,17,17,17,17,17
2003,480112,1,1,0,0,0,0,0,0,0,0,0,0
2003,480113,1,1,0,0,0,0,0,0,0,0,0,0
2003,480114,1,1,0,0,0,0,0,0,0,30,21,31
2003,480115,1,1,0,0,0,0,0,0,0,0,0,0
2003,480116,1,1,22,22,22,22,22,22,22,22,22,22
2003,480116,2,1,0,0,0,0,0,0,0,0,0,0
2003,480117,1,1,12,28,14,0,18,14,24,19,0,8
2003,480117,2,1,0,0,0,0,0,0,0,0,0,0
2003,480118,0,1,0,0,0,39,0,0,28,0,0,28
2003,480118,1,1,7,0,0,9,0,10,0,18,13,13
2003,480119,1,1,0,0,0,0,0,0,0,0,0,0
2003,480119,2,1,19,8,0,0,0,0,0,36,0,0
2003,480120,0,1,0,0,0,20,0,0,0,0,0,0
2003,480120,1,1,0,0,0,0,0,0,0,0,0,0
2003,480121,1,1,9,7,0,0,0,0,0,0,0,23
2003,480122,1,1,25,25,25,25,25,25,25,25,25,25
2003,480122,2,1,9,0,31,5,0,3,0,0,8,26
2003,480122,3,1,0,0,0,0,8,12,21,0,0,16
2003,480123,0,1,22,22,22,22,22,22,22,22,22,22
2003,480123,1,1,0,0,0,11,0,0,0,7,0,0
2003,480124,1,1,0,0,0,0,0,0,0,0,0,31
2003,480124,2,1,0,0,0,0,0,0,0,0,12,0
2003,480125,0,1,0,0,19,20,10,21,22,16,19,0
2003,480125,1,1,5,0,14,19,0,0,12,16,0,12
2003,480126,1,1,29,29,29,29,29,29,29,29,29,29
2003,480127,1,1,11,11,11,11,11,11,11,11,11,11
2003,480128,1,1,0,0,0,0,0,0,0,0,0,0
2003,480128,2,1,0,0,0,0,0,0,0,0,0,0
2003,480129,1,1,18,18,18,18,18,18,18,18,18,18
2003,480130,1,1,0,0,0,0,0,0,0,0,0,0
2003,480131,1,1,0,0,0,0,0,0,0,0,0,0
2003,480132,0,1,0,0,0,0,0,0,0,0,0,0
2003,480132,1,1,0,0,0,0,0,0,0,0,0,0
2003,480133,0,1,0,0,0,0,0,0,0,0,0,0
2003,480133,1,1,0,0,0,0,0,0,0,0,0,0
2003,480134,1,1,0,0,0,0,0,0,0,0,0,0
2003,480134,2,1,0,0,13,0,0,0,7,0,0,0
2003,480135,1,1,0,0,0,0,0,0,0,0,0,0
2003,480135,2,1,0,0,0,0,0,0,0,0,0,0
2003,480136,1,1,0,0,0,0,0,0,0,0,0,0
2003,480137,1,1,0,0,0,0,0,0,26,0,0,0
2003,480137,2,1,0,0,0,0,0,0,0,0,0,0
2003,480138,1,1,0,0,0,0,0,0,0,0,0,0
2003,480138,2,1,0,0,0,0,0,0,0,0,0,0
2003,480138,3,1,0,0,0,0,0,0,16,0,0,12
2003,480138,4,1,0,0,0,9,0,0,0,0,0,0
2003,480138,5,1,0,0,0,0,0,0,0,0,0,0
2003,480138,6,1,0,0,0,0,0,0,0,0,0,0
2003,480138,7,1,0,0,0,0,0,0,0,0,0,0
2003,480138,8,1,0,0,0,0,0,0,0,0,0,0
2003,480138,9,1,0,0,0,0,0,0,0,0,0,0
2003,480139,1,1,0,0,0,0,0,0,0,0,0,0
2003,480139,2,1,0,0,0,10,5,4,0,0,0,22
2003,480139,3,1,0,0,0,0,0,0,0,0,0,0
2003,480140,1,1,28,28,28,28,28,28,28,28,28,28
2003,480140,2,1,0,0,0,0,0,0,0,0,0,0
2003,480141,1,1,24,24,24,24,24,24,24,24,24,24
2003,480142,1,1,0,0,0,13,0,0,0,11,0,0
2003,480142,2,1,0,0,0,0,0,0,14,0,0,0
2003,480143,0,1,21,21,21,21,21,21,21,21,21,21
2003,480143,1,1,7,7,7,7,7,7,7,7,7,7
2003,480144,0,1,0,0,0,0,0,0,0,0,0,0
2003,480144,1,1,0,0,0,0,0,0,0,0,0,0
2003,480145,0,1,0,0,0,0,0,0,0,0,0,0
2003,480145,0,2,0,0,0,0,0,0,0,0,0,0
2003,480145,1,1,0,0,0,0,0,0,0,0,0,0
2003,480145,2,1,0,0,0,0,0,0,0,0,0,0
2003,480146,1,1,0,0,0,0,0,0,0,0,0,0
2003,480147,1,1,0,0,0,0,0,0,0,0,0,0
2003,480147,2,1,0,0,0,0,0,0,0,0,0,11
2003,480148,0,1,0,0,0,0,0,0,0,0,0,0
2003,480148,1,1,8,8,8,8,8,8,8,8,8,8
2003,480149,1,1,11,11,11,11,11,11,11,11,11,11
2003,480149,2,1,19,19,19,19,19,19,19,19,19,19
2003,480150,1,1,0,0,0,0,0,0,0,0,0,0
2003,480150,2,1,6,0,25,0,0,14,0,0,0,0
2003,480151,1,1,15,15,15,15,15,15,15,15,15,15
2003,480152,1,1,0,0,0,0,0,0,0,0,0,0
2003,480152,2,1,0,0,19,0,0,0,0,0,0,0
2003,480153,1,1,15,15,15,15,15,15,15,15,15,15
2003,480154,0,1,0,0,0,0,0,0,0,0,0,0
2003,480154,1,1,0,0,0,0,0,0,0,0,0,0
2003,480155,1,1,18,18,18,18,18,18,18,18,18,18
2003,480156,1,1,6,0,0,0,0,0,0,0,0,0
2003,480157,1,1,21,5,0,0,21,0,3,0,18,7
2003,480158,1,1,0,0,0,0,0,0,0,0,0,0
2003,480159,1,1,0,0,0,0,0,0,0,0,0,0
2003,480159,2,1,0,0,0,0,0,0,0,0,0,0
2003,480160,1,1,35,35,35,35,35,35,35,35,35,35
2003,480160,2,1,0,0,0,0,13,0,0,0,0,0
2003,480161,1,1,0,16,24,26,19,0,26,19,0,18
2003,480162,1,1,0,0,0,0,0,0,0,0,0,0
2003,480162,2,1,0,0,0,0,0,0,0,0,17,0
2003,480162,3,1,0,0,0,0,0,0,0,0,0,0
2003,480163,1,1,0,0,0,0,0,0,0,0,0,0
2003,480163,2,1,11,11,11,11,11,11,11,11,11,11
2003,480164,1,1,26,26,26,26,26,26,26,26,26,26
2003,480165,0,1,23,23,23,23,23,23,23,23,23,23
2003,480165,1,1,0,0,0,0,0,0,0,0,0,0
2003,480166,1,1,12,12,12,12,12,12,12,12,12,12
2003,480166,2,1,0,0,0,0,33,0,2,0,0,0
2003,480167,1,1,30,30,30,30,30,30,30,30,30,30
2003,480167,2,1,30,30,30,30,30,30,30,30,30,30
2003,480168,1,1,21,21,21,21,21,21,21,21,21,21
2003,480169,1,1,14,24,16,13,23,9,12,14,0,18
2003,480170,1,1,0,0,0,0,0,0,0,0,0,0
2003,480171,1,1,15,0,0,0,13,11,0,0,0,0
2003,480171,2,1,0,0,0,0,0,0,0,0,0,0
2003,480172,1,1,25,25,25,25,25,25,25,25,25,25
2003,480172,2,1,12,0,0,0,13,0,14,16,12,18
2003,480173,1,1,26,26,26,26,26,26,26,26,26,26
2003,480174,1,1,0,0,0,0,0,0,0,0,0,0
2003,480174,2,1,0,0,0,0,0,0,0,0,0,0
2003,480174,3,1,0,0,0,0,0,0,0,0,0,0
2003,480175,1,1,0,0,0,0,0,0,0,0,0,0
2003,480176,1,1,0,0,0,0,0,0,3,0,0,0
2003,480177,0,1,0,0,18,0,2,0,13,8,0,26
2003,480177,1,1,0,0,0,0,0,0,0,0,0,0
2003,480178,1,1,14,16,17,0,26,0,0,29,19,0
2003,480179,0,1,0,0,0,0,0,0,0,0,0,0
2003,480179,1,1,0,0,0,0,0,0,0,0,0,0
2003,480180,1,1,24,24,24,24,24,24,24,24,24,24
2003,480181,1,1,0,0,0,0,0,0,0,0,0,0
2003,480181,2,1,0,0,0,0,0,0,0,0,0,0
2003,480182,1,1,17,0,0,0,8,0,0,6,16,15
2003,480182,2,1,0,0,0,0,0,0,0,0,0,0
2003,480183,1,1,0,0,0,0,0,0,0,0,0,0
2003,480184,1,1,0,0,0,0,0,0,0,0,0,0
2003,480185,1,1,57,57,57,57,57,57,57,57,57,57
2003,480185,2,1,0,0,0,0,0,10,0,0,0,0
2003,480185,3,1,0,0,0,0,0,0,0,0,0,0
2003,480186,1,1,0,0,0,0,0,0,0,0,0,0
2003,480186,2,1,0,0,0,0,0,0,0,10,0,7
2003,480186,3,1,0,0,0,0,0,3,0,0,0,0
2003,480186,4,1,0,0,0,0,0,0,0,0,0,0
2003,480186,5,1,0,0,0,0,6,0,0,0,0,24
2003,480187,1,1,0,0,0,0,0,7,0,0,0,0
2003,480187,2,1,0,0,0,0,0,0,0,0,0,0
2003,480188,0,1,30,15,46,0,0,0,0,0,0,38
2003,480188,1,1,0,0,10,0,0,0,0,0,0,0
2003,480189,1,1,0,0,0,0,0,0,0,14,0,0
2003,480190,1,1,0,0,0,0,0,0,0,0,0,0
2003,480190,2,1,0,0,0,0,0,0,0,0,10,0
2003,480191,1,1,0,0,0,0,0,0,0,0,0,0
2003,480191,2,1,0,0,0,0,0,21,0,17,0,0
2003,480192,0,1,0,0,0,0,33,0,0,0,0,0
2003,480192,1,1,19,0,0,0,0,0,0,0,0,0
2003,480193,1,1,0,0,0,0,0,0,0,0,0,0
2003,480194,1,1,9,9,9,9,9,9,9,9,9,9
2003,480194,2,1,0,0,0,0,0,0,0,0,0,0
2003,480195,1,1,3,0,0,6,0,0,0,18,0,12
2003,480196,1,1,33,33,33,33,33,33,33,33,33,33
2003,480197,1,1,0,0,0,0,23,0,0,0,0,0
2003,480198,1,1,0,0,0,0,0,0,0,0,0,0
2003,480199,0,1,0,0,0,0,0,0,0,0,0,0
2003,480199,1,1,0,0,0,0,0,14,0,0,0,0
2003,480200,1,1,0,18,0,0,0,0,0,0,0,10
2003,480200,2,1,0,0,0,0,0,0,0,0,0,0
2003,480201,1,1,0,0,0,0,0,0,0,0,0,0
2003,480202,1,1,43,43,43,43,43,43,43,43,43,43
2003,480203,1,1,19,18,14,0,21,27,28,22,10,14
2003,480204,1,1,0,22,0,0,16,26,13,0,0,12
2003,480205,1,1,0,0,0,0,0,0,0,25,0,0
2003,480205,2,1,0,15,0,0,0,0,0,0,0,0
2003,480205,3,1,0,0,0,0,0,0,0,0,0,0
2003,480205,4,1,0,0,0,0,0,0,0,0,0,0
2003,480206,1,1,10,0,0,0,0,21,6,0,0,22
2003,480207,1,1,0,16,0,0,0,0,0,0,0,0
2003,480208,1,1,21,21,21,21,21,21,21,21,21,21
2003,480209,1,1,6,22,0,0,4,16,0,0,0,0
2003,480210,1,1,0,0,0,0,0,0,0,0,0,0
2003,480211,1,1,18,42,0,13,20,20,15,28,23,15
2003,480212,1,1,0,0,0,0,0,0,6,0,0,0
2003,480213,1,1,0,0,0,0,0,0,0,0,0,0
2003,480213,2,1,0,0,0,0,0,0,0,0,0,0
2003,480214,1,1,0,0,0,0,0,0,0,0,0,0
2003,480214,2,1,0,0,0,0,0,0,0,0,0,0
2003,480215,0,1,0,0,0,0,0,0,27,0,0,0
2003,480215,1,1,0,0,0,0,0,0,24,14,0,16
2003,480216,1,1,0,0,0,0,0,0,0,0,0,0
2003,480216,2,1,0,17,0,9,16,14,0,20,0,11
2003,480217,1,1,0,0,0,0,0,0,0,0,0,18
2003,480217,2,1,0,15,0,0,0,0,0,0,0,0
2003,480218,1,1,0,0,0,0,0,0,0,0,0,0
2003,480218,2,1,0,0,0,0,0,0,0,0,0,0
2003,480219,1,1,0,0,0,0,0,0,0,0,0,12
2003,480220,1,1,0,0,0,0,0,0,0,0,0,0
2003,480220,2,1,0,0,0,0,0,0,0,0,0,0
2003,480221,1,1,0,0,0,0,0,0,0,0,0,0
2003,480221,2,1,0,0,0,0,0,0,0,0,0,0
2003,480222,1,1,0,0,0,0,0,0,0,0,0,0
2003,480222,2,1,0,0,0,0,0,0,0,0,0,0
2003,480223,1,1,13,13,13,13,13,13,13,13,13,13
2003,480224,1,1,18,18,18,18,18,18,18,18,18,18
2003,480224,2,1,0,0,0,0,0,0,0,0,0,0
2003,480224,3,1,0,0,0,0,0,0,0,0,0,0
2003,480224,4,1,0,0,0,0,0,0,0,0,0,0
2003,480225,1,1,18,18,7,12,11,7,9,10,14,18
2003,480225,2,1,8,8,8,8,8,8,8,8,8,8
2003,480226,1,1,0,0,0,0,0,0,0,0,0,0
2003,480226,2,1,0,0,0,0,0,0,0,0,0,0
2003,480227,1,1,11,10,0,0,0,15,17,0,22,0
2003,480228,1,1,27,27,27,27,27,27,27,27,27,27
2003,480229,1,1,31,19,15,6,38,22,39,19,24,14
2003,480230,1,1,0,0,11,0,0,19,0,32,14,21
2003,480230,2,1,14,0,0,0,0,0,7,0,0,0
2003,480231,1,1,14,14,14,14,14,14,14,14,14,14
2003,480232,1,1,16,16,16,16,16,16,16,16,16,16
2003,480233,0,1,0,0,0,0,0,0,0,0,0,0
2003,480233,1,1,20,7,0,12,16,11,18,23,6,23
2003,480234,1,1,0,0,0,10,0,18,0,0,16,0
2003,480234,2,1,0,0,0,0,18,0,0,0,0,0
2003,480234,3,1,0,15,17,0,0,25,0,0,0,0
2003,480235,1,1,13,0,0,18,0,0,17,11,0,0
2003,480236,1,1,0,0,0,0,0,0,0,0,0,0
2003,480237,1,1,0,19,10,21,0,0,10,8,8,17
2003,480237,2,1,11,0,0,0,0,0,0,0,0,0
2003,480238,1,1,14,14,14,14,14,14,14,14,14,14
2003,480238,2,1,0,0,0,0,0,0,0,0,0,0
2003,480239,1,1,19,19,19,19,19,19,19,19,19,19
2003,480239,2,1,31,0,0,0,0,0,3,0,0,30
2003,480240,1,1,17,0,0,0,0,0,0,0,19,0
2003,480241,1,1,12,0,0,0,0,0,0,0,12,0
2003,480241,2,1,0,0,0,0,0,0,0,0,0,0
2003,480241,3,1,0,0,0,0,0,0,0,0,0,0
2003,480242,1,1,0,0,0,0,0,0,0,0,0,0
2003,480242,2,1,0,0,0,0,0,0,0,0,0,0
2003,480243,1,1,9,20,9,5,8,39,8,10,30,27
2003,480243,2,1,0,0,0,0,0,0,0,0,0,0
2003,480244,1,1,0,0,0,0,0,0,0,12,0,6
2003,480245,0,1,0,0,0,0,0,0,0,0,27,18
2003,480245,1,1,0,0,0,0,0,4,0,0,0,0
2003,480246,1,1,17,17,17,17,17,17,17,17,17,17
2003,480247,1,1,0,0,36,0,0,0,0,13,0,0
2003,480247,2,1,0,0,0,0,0,0,0,0,0,0
2003,480248,1,1,0,0,0,0,0,0,0,0,0,0
2003,480248,2,1,0,0,0,0,0,0,13,0,0,0
2003,480249,0,1,0,0,0,0,0,0,0,0,0,0
2003,480249,1,1,0,0,0,0,25,0,0,0,0,0
2003,480250,1,1,0,0,0,18,23,25,14,26,21,0
2003,480251,1,1,0,0,0,0,0,0,0,0,0,0
2003,480252,1,1,0,0,0,0,0,0,0,0,10,0
2003,480252,2,1,0,0,0,0,0,0,0,0,0,0
2003,480253,0,1,14,10,0,0,3,15,0,22,0,12
2003,480253,1,1,0,0,0,0,0,0,0,0,0,0
2003,480254,0,1,0,0,49,0,0,0,17,0,0,0
2003,480254,1,1,0,9,0,0,0,0,0,0,0,0
2003,480255,1,1,0,0,0,0,0,0,0,0,0,0
2003,480255,2,1,0,0,0,0,0,11,14,0,0,0
2003,480256,1,1,0,0,0,0,0,0,0,0,0,0
2003,480256,2,1,0,0,0,0,0,0,0,0,10,0
2003,480256,3,1,0,0,0,0,0,0,0,0,0,0
2003,480256,4,1,0,0,0,0,0,0,0,0,0,0
2003,480257,1,1,0,0,0,0,0,0,0,0,0,0
2003,480258,1,1,0,0,0,0,0,0,0,0,0,0
2003,480259,1,1,22,22,22,22,22,22,22,22,22,22
2003,480259,2,1,0,0,0,0,0,15,0,0,21,0
2003,480260,1,1,0,0,0,0,0,0,0,0,0,0
2003,480260,2,1,0,0,0,0,0,0,0,0,0,0
2003,480260,3,1,0,13,0,0,0,0,0,0,0,0
2003,480261,1,1,0,0,0,0,0,0,0,0,0,0
2003,480261,2,1,0,0,0,0,0,0,0,0,0,0
2003,480261,3,1,0,6,0,0,0,0,0,0,0,0
2003,480262,1,1,20,20,20,20,20,20,20,20,20,20
2003,480263,0,1,32,32,32,32,32,32,32,32,32,32
2003,480263,1,1,0,0,15,0,0,0,0,0,0,0
2003,480264,1,1,0,9,0,17,0,0,0,0,0,0
2003,480264,2,1,0,0,0,0,0,0,0,0,0,0
2003,480264,3,1,0,0,0,0,0,0,0,0,0,0
2003,480265,1,1,0,0,0,0,0,0,0,0,0,0
2003,480265,2,1,0,0,0,0,0,0,0,0,0,0
2003,480266,0,1,18,18,18,18,18,18,18,18,18,18
2003,480266,1,1,0,8,0,15,0,0,0,0,0,0
2003,480267,1,1,22,22,22,22,22,22,22,22,22,22
2003,480268,1,1,0,0,26,0,0,0,0,0,10,0
2003,480269,1,1,29,29,29,29,29,29,29,29,29,29
2003,480270,1,1,0,0,0,0,0,0,16,0,0,0
2003,480270,2,1,7,0,0,0,30,0,0,26,0,0
2003,480271,1,1,0,0,11,0,0,0,0,0,0,0
2003,480272,1,1,0,0,0,0,0,0,0,0,0,0
2003,480273,1,1,20,20,20,20,20,20,20,20,20,20
2003,480274,1,1,0,0,0,0,0,0,0,0,0,0
2003,480274,2,1,0,0,0,0,0,0,0,0,0,0
2003,480275,1,1,21,14,12,8,0,35,0,20,0,14
2003,480276,1,1,27,27,27,27,27,27,27,27,27,27
2003,480277,1,1,0,0,0,0,0,0,0,0,0,0
2003,480277,2,1,0,0,0,0,0,0,0,0,0,0
2003,480278,1,1,0,0,0,0,0,0,0,0,0,0
2003,480278,2,1,0,0,0,0,0,0,0,0,0,0
2003,480279,1,1,0,40,2,0,40,0,0,0,0,0
2003,480279,2,1,0,0,0,0,0,0,0,0,0,0
2003,480280,1,1,8,0,0,0,0,0,0,0,0,0
2003,480280,2,1,0,0,0,0,0,0,0,0,0,0