YEAR,ST_CASE,veh_no,per_no,P1,P2,P3,P4,P5,P6,P7,P8,P9,P10
2003,480281,1,1,0,0,13,0,0,0,0,0,0,31
2003,480282,1,1,0,0,0,0,0,0,0,0,0,0
2003,480282,2,1,0,0,0,0,0,0,0,0,0,0
2003,480283,1,1,0,0,14,0,0,0,0,0,0,0
2003,480283,2,1,28,28,28,28,28,28,28,28,28,28
2003,480284,0,1,0,0,0,0,0,0,0,0,0,0
2003,480284,0,2,0,0,0,5,11,15,0,0,0,10
2003,480284,1,1,32,32,32,32,32,32,32,32,32,32
2003,480285,1,1,0,0,10,0,0,0,0,0,0,0
2003,480286,0,1,23,0,0,17,14,28,22,17,21,0
2003,480286,1,1,14,0,0,0,0,0,6,0,5,0
2003,480287,1,1,0,23,17,23,18,16,5,10,0,11
2003,480288,0,1,13,11,0,9,0,0,0,0,0,0
2003,480288,1,1,0,7,0,0,0,0,0,0,0,11
2003,480289,1,1,21,21,21,21,21,21,21,21,21,21
2003,480289,2,1,0,0,24,0,21,15,0,0,9,0
2003,480290,0,1,27,0,0,0,18,0,0,19,0,28
2003,480290,1,1,0,0,0,0,0,0,0,0,0,18
2003,480291,1,1,0,12,0,0,17,0,0,0,0,0
2003,480291,2,1,0,0,0,6,13,8,23,0,0,0
2003,480292,1,1,30,0,0,18,0,0,0,0,0,5
2003,480293,1,1,8,8,8,8,8,8,8,8,8,8
2003,480293,2,1,0,0,0,0,0,9,0,0,0,0
2003,480294,1,1,0,0,0,0,0,0,0,0,0,0
2003,480294,2,1,0,0,0,0,0,0,0,0,0,0
2003,480294,3,1,0,0,0,0,0,0,0,0,0,0
2003,480295,1,1,0,0,0,0,0,0,23,0,0,0
2003,480296,1,1,0,0,0,0,0,0,0,0,0,0
2003,480296,2,1,0,0,0,0,0,0,0,0,0,0
2003,480297,1,1,17,10,0,0,0,9,0,0,9,26
2003,480298,1,1,0,13,14,23,17,22,11,11,27,26
2003,480299,1,1,25,7,13,0,0,39,23,0,14,0
2003,480300,1,1,0,0,0,0,0,0,0,0,0,0
2003,480300,2,1,0,0,20,0,21,23,0,14,20,0
2003,480301,0,1,12,12,12,12,12,12,12,12,12,12
2003,480301,1,1,0,0,13,0,0,0,0,0,0,0
2003,480302,0,1,2,2,2,2,2,2,2,2,2,2
2003,480302,1,1,6,6,6,6,6,6,6,6,6,6
2003,480303,1,1,0,0,0,0,0,11,20,17,0,7
2003,480304,1,1,0,0,0,0,0,0,15,0,0,0
2003,480304,2,1,8,6,0,0,0,0,3,0,0,0
2003,480305,1,1,0,0,0,0,0,0,0,0,0,0
2003,480305,2,1,0,0,0,0,0,3,0,0,0,0
2003,480306,1,1,0,0,0,0,0,0,0,0,8,0
2003,480306,2,1,0,0,0,0,0,0,0,0,0,0
2003,480307,1,1,3,3,3,3,3,3,3,3,3,3
2003,480308,1,1,14,14,14,14,14,14,14,14,14,14
2003,480309,1,1,5,5,5,5,5,5,5,5,5,5
2003,480310,1,1,22,22,22,22,22,22,22,22,22,22
2003,480310,2,1,0,0,0,0,0,0,0,0,0,0
2003,480310,3,1,0,0,0,0,20,0,13,19,0,21
2003,480311,1,1,27,12,11,0,17,0,12,18,20,11
2003,480311,2,1,0,0,0,0,0,0,0,0,0,0
2003,480311,3,1,0,0,16,0,0,0,8,0,0,9
2003,480312,0,1,0,0,0,0,0,0,0,0,0,0
2003,480312,1,1,0,0,0,0,0,0,0,0,0,0
2003,480313,0,1,0,0,0,0,0,0,0,0,0,0
2003,480313,1,1,0,0,0,0,0,0,0,0,0,0
2003,480314,1,1,18,0,0,18,0,0,0,0,0,0
2003,480315,0,1,0,0,0,11,10,0,37,0,0,0
2003,480315,0,2,0,16,24,0,14,22,0,0,0,0
2003,480315,1,1,26,26,26,26,26,26,26,26,26,26
2003,480316,1,1,8,8,8,8,8,8,8,8,8,8
2003,480317,1,1,17,17,17,17,17,17,17,17,17,17
2003,480317,2,1,21,0,9,0,0,0,0,0,11,0
2003,480318,1,1,0,0,0,0,0,0,0,0,0,0
2003,480318,2,1,0,0,26,31,29,0,0,20,15,0
2003,480319,0,1,24,24,24,24,24,24,24,24,24,24
2003,480319,1,1,2,7,17,14,3,17,0,13,8,4
2003,480320,1,1,9,9,9,9,9,9,9,9,9,9
2003,480320,2,1,0,0,0,0,0,0,0,0,0,0
2003,480322,0,1,0,0,0,0,0,0,0,0,0,0
2003,480322,1,1,0,0,0,23,0,0,0,0,0,8
2003,480323,1,1,10,10,10,10,10,10,10,10,10,10
2003,480323,2,1,0,0,0,0,0,0,0,0,0,0
2003,480324,1,1,0,26,0,0,0,13,0,0,0,0
2003,480325,1,1,20,20,20,20,20,20,20,20,20,20
2003,480326,1,1,0,0,0,0,0,0,0,0,0,0
2003,480326,2,1,16,4,0,16,21,18,7,7,0,7
2003,480327,1,1,11,12,0,0,0,0,0,0,0,0
2003,480328,1,1,21,21,21,21,21,21,21,21,21,21
2003,480328,2,1,0,0,0,0,0,0,0,0,0,0
2003,480329,1,1,25,25,25,25,25,25,25,25,25,25
2003,480330,1,1,0,0,0,0,0,0,0,0,0,0
2003,480330,2,1,0,0,0,0,0,0,0,0,0,0
2003,480330,3,1,0,17,6,0,0,0,0,0,0,0
2003,480331,1,1,1,1,1,1,1,1,1,1,1,1
2003,480331,2,1,0,0,0,0,0,0,0,0,0,0
2003,480332,0,1,0,0,0,0,0,27,13,0,0,24
2003,480332,1,1,0,0,0,0,0,27,0,0,0,0
2003,480333,0,1,14,21,27,0,37,0,17,12,15,0
2003,480333,1,1,0,9,0,0,0,0,0,39,0,22
2003,480334,1,1,30,30,30,30,30,30,30,30,30,30
2003,480334,2,1,15,0,0,0,21,15,0,29,0,14
2003,480335,1,1,23,23,23,23,23,23,23,23,23,23
2003,480336,1,1,0,0,0,0,0,0,0,0,19,0
2003,480336,2,1,0,0,0,0,20,0,0,0,0,0
2003,480337,1,1,0,0,0,0,0,0,0,0,0,0
2003,480337,2,1,0,0,0,0,0,0,0,0,0,0
2003,480338,0,1,0,0,0,0,0,0,0,0,0,0
2003,480338,1,1,0,0,0,0,0,0,0,0,0,0
2003,480339,0,1,16,20,0,0,0,20,0,28,0,20
2003,480339,1,1,0,0,0,0,0,0,0,0,0,33
2003,480340,1,1,26,26,26,26,26,26,26,26,26,26
2003,480341,1,1,0,29,27,0,0,0,0,7,0,0
2003,480342,1,1,0,0,0,0,0,0,0,0,0,0
2003,480342,2,1,0,0,0,0,0,0,0,0,0,0
2003,480342,3,1,0,0,0,0,0,0,0,0,0,0
2003,480343,1,1,17,0,0,15,0,20,0,0,0,0
2003,480343,2,1,0,0,0,0,0,0,0,0,0,0
2003,480344,1,1,24,24,24,24,24,24,24,24,24,24
2003,480345,1,1,27,27,27,27,27,27,27,27,27,27
2003,480345,2,1,0,0,0,0,0,0,0,0,0,0
2003,480346,1,1,0,0,0,0,0,0,0,0,17,0
2003,480347,1,1,0,0,0,0,0,0,0,0,0,0
2003,480347,2,1,0,0,0,0,0,0,0,0,0,0
2003,480348,1,1,0,0,0,0,0,0,0,0,0,0
2003,480348,2,1,0,0,0,0,0,0,0,0,0,0
2003,480349,1,1,0,0,0,0,0,0,0,0,0,0
2003,480349,2,1,0,0,0,0,0,0,0,0,0,0
2003,480350,1,1,0,0,0,0,0,0,0,0,0,0
2003,480350,2,1,12,0,4,0,0,0,0,0,0,0
2003,480351,0,1,12,12,12,12,12,12,12,12,12,12
2003,480351,1,1,5,0,0,6,22,0,0,9,8,0
2003,480352,1,1,0,0,0,0,0,0,0,0,0,0
2003,480353,1,1,13,8,8,6,16,12,32,14,17,12
2003,480353,2,1,0,0,0,0,0,0,0,0,0,0
2003,480354,1,1,0,0,0,0,0,0,0,0,0,0
2003,480355,1,1,0,7,9,20,22,13,0,20,11,15
2003,480355,2,1,0,19,24,0,0,6,0,0,17,0
2003,480356,1,1,0,0,0,0,0,0,0,0,0,0
2003,480356,2,1,0,0,0,0,16,0,0,0,0,0
2003,480357,0,1,13,14,19,23,15,0,0,0,36,20
2003,480357,1,1,0,9,0,0,0,0,0,0,0,0
2003,480357,2,1,0,0,0,0,0,0,0,0,0,12
2003,480357,3,1,0,0,0,0,0,0,0,0,0,0
2003,480357,4,1,0,25,0,0,0,0,0,0,27,0
2003,480357,5,1,0,0,0,0,0,0,0,0,0,0
2003,480358,1,1,11,0,10,10,12,21,0,6,0,6
2003,480359,1,1,0,21,0,0,13,6,0,0,0,0
2003,480359,2,1,0,0,10,0,9,0,0,0,0,0
2003,480360,0,1,12,12,18,15,46,6,14,24,9,29
2003,480360,1,1,15,15,15,15,15,15,15,15,15,15
2003,480360,2,1,14,9,2,19,0,0,0,0,0,0
2003,480360,3,1,22,0,0,0,0,0,0,7,12,0
2003,480361,1,1,0,0,0,0,0,0,0,0,0,0
2003,480362,1,1,12,12,5,6,0,8,0,11,4,14
2003,480362,2,1,26,26,26,26,26,26,26,26,26,26
2003,480363,1,1,0,0,0,0,0,0,0,0,0,0
2003,480363,2,1,0,0,0,0,0,0,0,0,0,0
2003,480364,1,1,0,0,0,0,0,0,0,0,0,0
2003,480365,1,1,31,31,31,31,31,31,31,31,31,31
2003,480366,1,1,0,0,0,0,0,0,0,0,0,0
2003,480367,1,1,0,0,0,21,14,0,0,0,20,0
2003,480368,1,1,0,23,6,4,0,0,0,0,0,0
2003,480368,2,1,0,0,0,0,0,0,0,0,0,0
2003,480369,1,1,0,0,0,0,0,0,0,0,0,0
2003,480369,2,1,0,0,0,0,0,0,0,0,0,0
2003,480370,1,1,10,10,10,10,10,10,10,10,10,10
2003,480370,2,1,0,0,0,0,0,0,0,0,0,0
2003,480371,1,1,0,0,0,0,0,0,0,0,0,0
2003,480372,1,1,10,0,2,0,25,0,0,0,18,0
2003,480372,2,1,0,0,0,0,0,0,0,0,0,0
2003,480373,1,1,0,0,0,0,0,0,0,0,0,0
2003,480373,2,1,0,0,0,0,0,0,0,0,0,0
2003,480374,0,1,0,0,0,0,0,0,0,0,0,0
2003,480374,1,1,0,20,0,0,0,0,0,0,0,0
2003,480375,1,1,0,0,0,0,0,16,0,0,0,15
2003,480376,1,1,0,0,0,0,0,0,27,0,0,0
2003,480377,1,1,0,0,0,0,0,0,0,0,0,0
2003,480378,1,1,11,14,2,0,8,0,0,22,9,14
2003,480379,1,1,23,0,0,0,0,0,23,0,0,0
2003,480380,0,1,0,0,0,0,0,0,0,0,0,0
2003,480380,1,1,0,0,0,0,0,0,0,0,0,0
2003,480381,1,1,0,0,0,0,0,0,0,0,0,0
2003,480381,2,1,0,0,0,0,0,0,0,0,0,0
2003,480382,1,1,0,0,0,0,0,0,0,0,0,0
2003,480382,2,1,0,0,0,0,0,0,0,0,0,0
2003,480383,1,1,14,14,14,14,14,14,14,14,14,14
2003,480384,1,1,8,17,8,16,13,21,0,8,9,28
2003,480385,1,1,10,10,10,10,10,10,10,10,10,10
2003,480385,2,1,0,0,0,0,0,0,0,0,0,0
2003,480386,1,1,21,21,21,21,21,21,21,21,21,21
2003,480387,0,1,25,25,25,25,25,25,25,25,25,25
2003,480387,1,1,0,0,0,0,0,0,0,0,0,0
2003,480388,1,1,15,0,0,0,0,0,0,0,0,0
2003,480389,0,1,19,15,32,35,31,0,15,23,17,0
2003,480389,1,1,0,0,0,0,0,0,0,0,0,0
2003,480389,2,1,12,13,0,0,0,0,0,0,0,0
2003,480390,1,1,16,16,16,16,16,16,16,16,16,16
2003,480391,1,1,0,0,0,0,0,0,0,0,0,0
2003,480391,2,1,0,0,0,0,0,0,0,0,0,0
2003,480391,3,1,0,0,0,0,0,0,0,0,0,0
2003,480391,4,1,12,0,0,0,0,0,0,0,0,0
2003,480391,5,1,0,0,0,0,0,0,0,0,0,0
2003,480392,1,1,12,0,0,0,0,9,0,15,12,0
2003,480393,1,1,11,11,11,11,11,11,11,11,11,11
2003,480394,1,1,0,0,0,0,0,0,0,0,0,0
2003,480394,2,1,0,0,0,0,0,0,0,0,0,0
2003,480395,1,1,25,25,25,25,25,25,25,25,25,25
2003,480396,1,1,0,0,0,0,0,0,0,0,0,0
2003,480396,2,1,15,15,15,15,15,15,15,15,15,15
2003,480397,1,1,21,10,7,0,17,27,32,22,18,31
2003,480398,1,1,15,15,15,15,15,15,15,15,15,15
2003,480399,1,1,1,1,1,1,1,1,1,1,1,1
2003,480400,1,1,0,0,0,0,19,0,0,0,0,0
2003,480400,2,1,0,0,0,0,0,0,0,0,0,0
2003,480401,1,1,0,0,0,0,0,0,0,0,0,0
2003,480402,1,1,0,0,0,0,0,0,0,0,0,0
2003,480402,2,1,0,0,0,0,9,0,0,17,8,0
2003,480403,1,1,0,0,0,0,0,0,0,0,0,0
2003,480403,2,1,0,0,0,20,0,0,0,0,0,0
2003,480404,1,1,0,0,0,0,0,0,0,0,0,0
2003,480405,1,1,16,26,18,0,30,0,0,32,17,0
2003,480406,1,1,0,0,0,0,0,0,0,0,0,0
2003,480407,1,1,20,20,20,20,20,20,20,20,20,20
2003,480408,1,1,0,0,0,0,0,0,0,0,0,0
2003,480409,1,1,0,0,0,0,0,0,0,0,0,0
2003,480409,2,1,5,0,0,0,0,0,0,0,0,0
2003,480410,1,1,0,0,0,0,0,0,0,0,0,0
2003,480410,2,1,0,0,0,0,0,0,0,0,0,0
2003,480411,0,1,0,0,0,0,0,0,0,0,0,0
2003,480411,1,1,0,0,0,0,0,0,0,0,0,0
2003,480411,2,1,0,0,0,0,0,0,0,0,0,0
2003,480412,1,1,0,0,0,0,0,8,0,0,0,11
2003,480412,2,1,0,0,8,0,0,0,0,0,0,0
2003,480413,1,1,0,0,0,0,0,0,0,0,0,0
2003,480413,2,1,0,0,0,0,0,0,0,0,0,0
2003,480414,1,1,0,0,0,0,0,0,0,0,0,0
2003,480414,2,1,0,22,0,0,0,0,0,0,0,0
2003,480415,1,1,0,0,0,0,0,0,0,0,0,0
2003,480415,2,1,0,0,0,0,0,0,0,0,0,0
2003,480416,1,1,0,0,0,0,0,0,0,0,0,0
2003,480416,2,1,0,0,0,0,0,0,0,0,0,0
2003,480416,3,1,0,0,0,0,0,0,0,0,0,0
2003,480417,1,1,19,19,19,19,19,19,19,19,19,19
2003,480418,1,1,20,20,20,20,20,20,20,20,20,20
2003,480419,0,1,21,0,0,0,0,0,0,0,29,0
2003,480419,1,1,16,16,16,16,16,16,16,16,16,16
2003,480420,1,1,0,0,0,0,0,0,0,0,0,0
2003,480421,1,1,0,28,9,31,14,7,18,12,13,10
2003,480421,2,1,0,0,0,0,10,0,0,0,0,0
2003,480422,1,1,0,0,0,0,0,0,0,0,0,0
2003,480423,0,1,0,0,0,0,0,0,0,0,0,0
2003,480423,1,1,0,0,0,13,0,0,0,7,13,0
2003,480424,1,1,28,28,28,28,28,28,28,28,28,28
2003,480425,0,1,6,0,15,0,34,0,27,0,0,39
2003,480425,1,1,0,0,8,14,0,0,0,0,0,0
2003,480426,1,1,20,19,19,0,17,0,0,0,0,0
2003,480427,1,1,0,0,0,0,0,0,0,0,0,0
2003,480427,2,1,15,15,15,15,15,15,15,15,15,15
2003,480428,1,1,28,28,28,28,28,28,28,28,28,28
2003,480428,2,1,0,0,0,5,0,0,0,0,0,0
2003,480429,1,1,13,0,32,24,29,28,9,31,30,10
2003,480430,1,1,30,30,30,30,30,30,30,30,30,30
2003,480431,1,1,0,0,25,12,0,0,0,0,0,21
2003,480432,0,1,0,0,0,0,0,0,0,0,0,0
2003,480432,1,1,0,0,0,0,0,0,0,0,0,0
2003,480433,1,1,0,0,0,0,0,0,0,0,0,0
2003,480434,1,1,11,11,11,11,11,11,11,11,11,11
2003,480435,1,1,29,0,0,0,0,20,14,22,21,26
2003,480436,1,1,16,16,16,16,16,16,16,16,16,16
2003,480437,1,1,0,0,0,0,0,0,0,0,0,0
2003,480437,2,1,7,16,0,12,0,0,13,0,22,0
2003,480438,1,1,14,31,16,8,34,16,24,20,13,12
2003,480438,2,1,0,0,20,0,4,0,0,0,0,0
2003,480439,1,1,15,15,15,15,15,15,15,15,15,15
2003,480440,0,1,0,0,0,17,16,6,15,6,0,0
2003,480440,1,1,18,6,18,0,0,0,0,2,29,26
2003,480441,1,1,23,23,23,23,23,23,23,23,23,23
2003,480441,2,1,0,0,0,0,0,0,0,0,0,0
2003,480442,1,1,0,12,21,24,13,24,0,22,0,20
2003,480442,2,1,0,0,0,0,0,0,0,0,0,0
2003,480443,1,1,23,23,23,23,23,23,23,23,23,23
2003,480444,1,1,23,23,23,23,23,23,23,23,23,23
2003,480444,2,1,0,0,0,0,0,0,0,0,0,0
2003,480445,1,1,0,0,0,0,0,0,0,0,0,0
2003,480446,0,1,0,0,0,0,30,0,0,25,0,0
2003,480446,1,1,0,0,5,0,0,6,0,0,0,0
2003,480447,1,1,24,24,24,24,24,24,24,24,24,24
2003,480448,1,1,22,22,22,22,22,22,22,22,22,22
2003,480449,0,1,0,0,0,0,0,0,0,0,0,0
2003,480449,1,1,0,0,0,0,0,0,0,0,0,0
2003,480450,1,1,0,0,0,0,0,0,0,0,0,0
2003,480451,1,1,0,0,0,0,0,0,0,0,0,0
2003,480451,2,1,9,9,9,9,9,9,9,9,9,9
2003,480452,1,1,0,0,0,0,0,0,0,0,0,0
2003,480452,2,1,0,0,0,0,0,0,0,0,0,0
2003,480453,1,1,0,0,0,0,0,0,0,0,0,0
2003,480453,2,1,0,0,0,0,0,0,0,0,0,0
2003,480454,1,1,0,0,0,0,0,0,0,0,0,0
2003,480455,1,1,22,22,22,22,22,22,22,22,22,22
2003,480456,1,1,20,20,20,20,20,20,20,20,20,20
2003,480457,1,1,20,20,11,18,18,14,25,31,0,14
2003,480458,1,1,0,0,0,0,0,0,0,0,0,0
2003,480458,2,1,0,0,0,0,0,0,0,0,0,0
2003,480459,0,1,0,0,0,0,0,0,0,0,0,0
2003,480459,1,1,0,0,0,0,0,0,0,0,0,0
2003,480460,1,1,14,13,10,16,9,0,15,21,9,17
2003,480461,1,1,6,6,6,6,6,6,6,6,6,6
2003,480462,1,1,0,0,0,0,0,0,0,0,0,0
2003,480462,2,1,0,0,0,0,0,0,0,0,0,0
2003,480462,3,1,0,0,0,0,0,0,0,0,0,0
2003,480463,1,1,0,0,0,0,0,0,0,0,0,0
2003,480463,2,1,0,0,0,0,0,0,0,0,0,0
2003,480464,1,1,0,0,0,0,24,0,20,0,19,0
2003,480465,0,1,0,0,0,0,0,0,0,0,0,0
2003,480465,1,1,0,0,0,7,0,0,0,0,13,21
2003,480466,1,1,0,0,0,0,0,0,0,0,0,0
2003,480466,2,1,0,0,0,0,0,0,0,0,0,0
2003,480467,1,1,0,12,0,0,0,0,0,0,0,0
2003,480467,2,1,0,0,0,0,0,0,0,0,0,0
2003,480468,0,1,0,0,0,0,0,0,0,0,0,0
2003,480468,1,1,0,0,0,0,0,0,0,0,0,0
2003,480469,1,1,0,0,0,0,0,0,0,0,0,0
2003,480469,2,1,0,0,6,0,0,0,20,11,7,0
2003,480470,1,1,0,0,0,0,0,0,0,0,0,11
2003,480470,2,1,17,0,0,13,0,0,0,0,0,0
2003,480471,1,1,0,0,0,0,0,0,0,0,0,0
2003,480471,2,1,0,0,0,0,0,0,0,0,0,0
2003,480472,0,1,0,39,11,49,0,0,22,0,0,30
2003,480472,1,1,21,21,21,21,21,21,21,21,21,21
2003,480473,1,1,21,21,21,21,21,21,21,21,21,21
2003,480474,1,1,0,0,0,0,0,0,0,0,0,0
2003,480474,2,1,0,0,0,0,0,0,0,0,0,0
2003,480475,1,1,0,0,0,0,0,0,0,0,0,0
2003,480476,1,1,0,0,0,0,0,0,0,0,0,0
2003,480477,1,1,24,24,24,24,24,24,24,24,24,24
2003,480477,2,1,0,0,0,0,0,0,0,0,0,0
2003,480478,0,1,0,0,0,0,0,0,0,0,0,0
2003,480478,0,2,0,0,0,0,0,0,0,0,0,0
2003,480478,1,1,0,14,0,0,0,19,0,0,0,13
2003,480479,1,1,0,0,0,16,0,0,0,0,0,0
2003,480479,2,1,0,13,0,0,0,0,0,12,0,0
2003,480480,1,1,13,13,13,13,13,13,13,13,13,13
2003,480480,2,1,0,0,0,0,20,0,0,0,0,0
2003,480481,1,1,33,33,33,33,33,33,33,33,33,33
2003,480482,1,1,0,0,0,0,0,0,0,0,0,0
2003,480483,1,1,0,0,0,0,0,0,0,0,29,0
2003,480483,2,1,0,0,0,0,0,0,0,0,0,0
2003,480483,3,1,0,0,0,0,0,0,0,0,0,0
2003,480484,1,1,14,14,14,14,14,14,14,14,14,14
2003,480485,1,1,16,0,0,15,0,0,0,0,0,17
2003,480485,2,1,0,5,0,0,0,0,0,8,0,0
2003,480486,1,1,0,26,0,0,0,0,0,0,0,14
2003,480486,2,1,0,0,0,0,0,0,0,0,0,0
2003,480487,0,1,28,28,28,28,28,28,28,28,28,28
2003,480487,1,1,23,9,10,0,16,4,0,0,0,4
2003,480488,1,1,0,0,0,12,15,0,0,0,0,0
2003,480488,2,1,0,0,0,0,0,0,0,0,0,0
2003,480489,1,1,0,0,0,0,0,0,0,0,0,0
2003,480490,1,1,11,11,11,11,11,11,11,11,11,11
2003,480491,1,1,0,0,0,0,14,0,0,0,0,30
2003,480492,1,1,0,0,0,0,0,12,0,5,0,0
2003,480493,1,1,19,19,19,19,19,19,19,19,19,19
2003,480494,1,1,27,27,27,27,27,27,27,27,27,27
2003,480495,1,1,18,18,18,18,18,18,18,18,18,18
2003,480496,1,1,0,0,0,0,0,0,0,0,4,0
2003,480497,0,1,10,12,3,0,25,35,0,0,0,10
2003,480497,0,2,19,26,0,33,27,34,0,14,23,0
2003,480497,0,3,0,0,0,0,0,0,0,0,0,0
2003,480497,1,1,10,0,0,0,0,0,0,12,0,0
2003,480498,1,1,10,10,10,10,10,10,10,10,10,10
2003,480498,2,1,0,0,0,0,17,0,0,19,0,0
2003,480499,1,1,0,0,24,15,0,0,19,13,0,0
2003,480500,1,1,13,13,13,13,13,13,13,13,13,13
2003,480500,2,1,0,0,0,0,0,0,0,0,0,0
2003,480500,3,1,20,0,10,0,0,0,0,0,0,16
2003,480501,1,1,0,0,0,0,0,0,0,0,0,0
2003,480501,2,1,0,0,0,0,0,0,0,0,0,0
2003,480502,1,1,0,0,0,0,0,0,0,0,0,0
2003,480502,2,1,0,0,0,0,0,0,0,0,0,0
2003,480503,1,1,0,0,0,0,0,0,0,0,0,0
2003,480504,1,1,0,0,0,0,0,0,0,0,0,0
2003,480504,2,1,0,0,0,0,0,0,0,0,0,0
2003,480505,0,1,32,32,32,32,32,32,32,32,32,32
2003,480505,1,1,0,0,0,0,0,0,0,0,0,0
2003,480506,1,1,15,15,15,15,15,15,15,15,15,15
2003,480507,0,1,0,11,23,0,0,10,19,0,0,30
2003,480507,1,1,0,12,0,0,0,0,0,0,25,0
2003,480508,1,1,0,0,0,0,0,0,0,0,0,0
2003,480508,2,1,9,9,9,9,9,9,9,9,9,9
2003,480509,1,1,42,42,42,42,42,42,42,42,42,42
2003,480510,1,1,7,7,7,7,7,7,7,7,7,7
2003,480510,2,1,0,0,0,0,0,0,0,0,0,0
2003,480510,3,1,0,0,0,0,0,0,0,0,0,0
2003,480511,1,1,22,22,22,22,22,22,22,22,22,22
2003,480511,2,1,0,0,0,0,8,0,0,0,10,0
2003,480512,1,1,18,0,26,0,20,0,27,8,12,14
2003,480513,0,1,24,24,24,24,24,24,24,24,24,24
2003,480513,1,1,0,14,0,0,0,19,0,0,0,0
2003,480514,1,1,0,0,0,0,0,0,0,3,13,0
2003,480514,2,1,0,0,0,0,0,0,0,0,0,0
2003,480515,1,1,0,0,0,0,0,0,0,0,0,0
2003,480515,2,1,0,0,0,0,0,0,0,0,0,0
2003,480516,1,1,0,0,0,0,0,0,0,0,0,0
2003,480516,2,1,9,9,9,9,9,9,9,9,9,9
2003,480517,1,1,0,0,0,0,0,0,0,0,0,0
2003,480517,2,1,0,0,0,0,0,0,4,0,0,0
2003,480518,1,1,5,5,5,5,5,5,5,5,5,5
2003,480518,2,1,0,0,23,0,10,3,16,31,0,0
2003,480518,3,1,16,0,6,0,0,0,0,0,0,0
2003,480519,1,1,22,22,22,22,22,22,22,22,22,22
2003,480520,0,1,0,33,29,17,25,0,0,24,0,10
2003,480520,1,1,0,0,0,0,0,0,0,0,0,0
2003,480520,2,1,0,0,11,20,25,15,0,0,0,27
2003,480521,1,1,15,15,15,15,15,15,15,15,15,15
2003,480522,1,1,0,0,0,0,0,0,0,0,0,0
2003,480522,2,1,0,0,0,0,0,0,0,0,0,0
2003,480523,1,1,0,0,0,0,0,0,18,0,0,0
2003,480524,1,1,0,0,5,0,0,22,0,10,0,0
2003,480524,2,1,27,6,15,0,11,14,23,0,0,8
2003,480525,1,1,0,0,0,0,0,0,0,0,0,0
2003,480526,1,1,0,0,32,19,18,20,0,0,13,30
2003,480527,1,1,1,1,1,1,1,1,1,1,1,1
2003,480527,2,1,0,0,0,0,0,0,0,0,0,0
2003,480528,1,1,0,0,0,0,7,0,0,0,0,4
2003,480528,2,1,0,0,0,0,0,0,0,0,0,0
2003,480528,3,1,0,0,0,0,0,0,0,0,0,0
2003,480529,1,1,0,10,17,11,13,15,17,25,0,30
2003,480530,1,1,0,0,10,0,0,0,0,0,0,0
2003,480530,2,1,0,0,0,0,0,0,0,0,0,0
2003,480531,1,1,0,0,0,0,0,0,0,0,0,0
2003,480531,2,1,0,0,0,0,0,0,0,0,0,0
2003,480531,3,1,0,0,0,0,0,0,0,0,0,0
2003,480532,1,1,0,0,0,0,0,0,0,0,0,0
2003,480532,2,1,0,0,0,0,0,0,0,0,0,0
2003,480533,1,1,5,5,5,5,5,5,5,5,5,5
2003,480533,2,1,0,0,0,0,0,0,0,14,0,9
2003,480534,0,1,0,0,0,0,0,0,0,0,0,0
2003,480534,1,1,0,0,0,0,0,0,0,0,0,0
2003,480535,1,1,32,32,32,32,32,32,32,32,32,32
2003,480536,1,1,18,18,18,18,18,18,18,18,18,18
2003,480536,2,1,0,0,0,0,0,0,0,0,0,0
2003,480537,0,1,0,0,21,0,0,0,0,0,0,0
2003,480537,1,1,11,11,11,11,11,11,11,11,11,11
2003,480538,1,1,0,0,13,0,0,14,0,0,0,0
2003,480539,1,1,22,22,22,22,22,22,22,22,22,22
2003,480540,1,1,0,0,0,0,0,0,0,0,0,0
2003,480541,1,1,0,0,0,0,0,0,0,0,0,0
2003,480541,2,1,0,0,0,0,14,0,16,0,0,0
2003,480542,1,1,0,0,0,0,0,0,0,0,0,0
2003,480542,2,1,0,0,0,0,0,0,0,6,0,0
2003,480543,1,1,0,0,12,0,0,0,0,0,0,0
2003,480544,1,1,0,0,0,0,0,0,0,0,0,0
2003,480545,1,1,0,0,0,0,0,0,0,0,0,0
2003,480546,1,1,0,0,0,0,0,0,0,0,0,0
2003,480546,2,1,0,0,0,0,0,0,0,0,0,0
2003,480547,1,1,0,0,0,0,0,0,0,0,0,0
2003,480548,1,1,0,0,0,0,0,0,0,0,0,0
2003,480548,2,1,0,0,0,0,0,0,0,0,0,0
2003,480549,1,1,0,0,0,0,0,11,0,0,0,0