YEAR,ST_CASE,veh_no,per_no,P1,P2,P3,P4,P5,P6,P7,P8,P9,P10
2003,480549,2,1,15,15,15,15,15,15,15,15,15,15
2003,480550,1,1,26,26,26,26,26,26,26,26,26,26
2003,480551,1,1,11,22,9,27,24,22,7,7,15,4
2003,480551,2,1,7,0,0,0,0,0,0,0,17,0
2003,480552,1,1,0,0,0,0,0,0,0,0,0,0
2003,480552,2,1,0,0,0,0,0,0,0,0,0,0
2003,480552,3,1,0,0,0,0,0,0,0,0,0,0
2003,480553,0,1,0,0,0,0,0,0,19,0,0,31
2003,480553,1,1,0,0,0,0,13,10,0,0,0,0
2003,480554,1,1,0,0,0,0,0,0,0,0,0,0
2003,480554,2,1,0,0,0,0,0,0,0,0,0,0
2003,480555,1,1,17,19,15,15,20,0,9,42,18,26
2003,480556,1,1,29,29,29,29,29,29,29,29,29,29
2003,480556,2,1,0,0,3,15,3,0,9,6,0,0
2003,480557,1,1,14,0,5,11,0,15,0,0,9,10
2003,480558,1,1,0,16,0,14,0,9,23,26,0,0
2003,480558,2,1,20,20,20,20,20,20,20,20,20,20
2003,480559,1,1,0,0,0,0,0,0,0,0,0,0
2003,480560,1,1,0,0,0,0,0,0,0,0,0,0
2003,480560,2,1,0,0,0,0,0,0,0,0,0,0
2003,480561,1,1,0,0,37,0,31,8,0,0,0,30
2003,480562,1,1,32,32,32,32,32,32,32,32,32,32
2003,480563,1,1,0,0,12,0,0,0,0,0,0,0
2003,480563,2,1,0,0,0,0,0,5,0,0,0,0
2003,480564,0,1,18,17,32,0,9,0,10,23,29,11
2003,480564,1,1,22,14,0,0,6,0,0,0,0,0
2003,480565,1,1,5,5,5,5,5,5,5,5,5,5
2003,480566,1,1,0,0,0,0,0,0,0,0,0,0
2003,480567,0,1,0,0,0,0,0,0,0,0,0,0
2003,480567,1,1,0,7,0,0,0,4,0,15,7,0
2003,480568,0,1,26,26,26,26,26,26,26,26,26,26
2003,480568,1,1,0,0,18,0,0,0,0,0,0,0
2003,480568,2,1,10,0,0,0,0,0,0,0,0,0
2003,480569,1,1,0,0,0,0,19,0,0,0,0,15
2003,480570,1,1,0,0,0,0,0,0,0,0,0,17
2003,480570,2,1,0,0,0,0,0,0,0,0,0,0
2003,480571,1,1,20,20,20,20,20,20,20,20,20,20
2003,480572,1,1,11,11,11,11,11,11,11,11,11,11
2003,480572,2,1,7,0,0,0,0,0,0,0,0,0
2003,480573,1,1,14,14,14,14,14,14,14,14,14,14
2003,480573,2,1,0,0,0,0,0,21,0,0,0,0
2003,480574,1,1,1,1,1,1,1,1,1,1,1,1
2003,480574,2,1,0,0,0,0,0,0,0,0,0,0
2003,480575,1,1,0,0,0,0,0,0,0,0,0,0
2003,480575,2,1,0,0,0,0,0,0,0,0,0,0
2003,480576,1,1,0,0,0,0,0,0,0,0,0,0
2003,480577,1,1,0,0,0,0,0,0,0,0,0,0
2003,480577,2,1,0,0,0,0,0,0,0,0,0,0
2003,480578,0,1,5,5,5,5,5,5,5,5,5,5
2003,480578,1,1,15,15,15,15,15,15,15,15,15,15
2003,480578,2,1,27,0,0,12,0,4,0,0,24,10
2003,480579,1,1,0,0,0,0,0,0,0,0,0,0
2003,480579,2,1,0,0,0,0,0,0,0,0,0,0
2003,480579,3,1,0,0,0,0,0,0,0,0,0,0
2003,480580,1,1,0,2,0,0,0,0,0,23,0,16
2003,480581,0,1,0,0,0,0,0,0,0,0,0,0
2003,480581,1,1,0,0,0,0,0,0,0,0,0,0
2003,480582,1,1,0,0,19,0,0,0,0,0,0,0
2003,480582,2,1,0,0,0,0,0,0,0,0,0,0
2003,480583,1,1,0,0,0,0,0,0,0,0,0,0
2003,480583,2,1,0,0,0,0,0,0,0,0,0,0
2003,480583,3,1,0,0,0,0,0,0,0,0,0,10
2003,480583,4,1,0,0,0,0,0,0,0,0,0,0
2003,480584,1,1,0,0,0,8,0,29,0,17,0,0
2003,480585,1,1,0,0,0,0,0,0,0,0,0,0
2003,480585,2,1,0,0,0,0,0,0,0,0,0,0
2003,480586,1,1,0,0,0,0,0,0,11,0,19,32
2003,480586,2,1,0,0,0,0,0,0,0,0,0,0
2003,480587,1,1,0,0,0,0,0,0,0,0,0,0
2003,480587,2,1,0,0,0,0,0,0,0,0,0,0
2003,480588,1,1,16,16,16,16,16,16,16,16,16,16
2003,480589,1,1,0,0,0,0,9,0,7,0,0,0
2003,480589,2,1,6,6,6,6,6,6,6,6,6,6
2003,480590,1,1,0,0,0,0,0,0,0,0,0,0
2003,480590,2,1,0,0,0,0,0,0,0,0,0,0
2003,480591,1,1,18,0,18,0,0,10,0,0,9,0
2003,480592,1,1,9,18,11,6,16,16,4,6,0,14
2003,480593,0,1,0,24,0,0,0,0,20,0,0,24
2003,480593,1,1,0,0,0,0,0,0,0,0,0,0
2003,480594,1,1,16,16,16,16,16,16,16,16,16,16
2003,480594,2,1,0,0,0,0,0,0,0,8,0,0
2003,480595,1,1,6,6,6,6,6,6,6,6,6,6
2003,480595,2,1,0,0,0,0,0,0,0,0,0,0
2003,480596,1,1,0,0,0,0,0,0,0,0,0,0
2003,480596,2,1,0,0,0,0,0,0,0,0,0,0
2003,480597,0,1,0,0,0,0,0,0,0,0,0,0
2003,480597,1,1,0,0,0,0,0,0,0,0,0,0
2003,480598,0,1,0,0,13,0,0,0,0,0,17,17
2003,480598,1,1,0,0,0,0,0,0,0,0,0,0
2003,480599,1,1,0,0,0,0,0,0,0,0,0,0
2003,480599,2,1,0,0,0,0,0,0,0,0,0,0
2003,480600,1,1,16,16,16,16,16,16,16,16,16,16
2003,480601,1,1,0,0,0,0,0,0,0,0,0,0
2003,480602,1,1,24,24,24,24,24,24,24,24,24,24
2003,480603,1,1,0,0,0,0,0,0,0,0,0,0
2003,480603,2,1,0,0,0,0,0,0,0,0,0,0
2003,480604,0,1,0,0,7,0,0,0,48,0,0,19
2003,480604,1,1,12,12,12,12,12,12,12,12,12,12
2003,480605,1,1,35,12,26,14,0,23,15,14,15,0
2003,480606,1,1,0,0,0,0,0,0,0,0,0,0
2003,480607,1,1,0,0,0,0,0,0,0,0,0,0
2003,480607,2,1,0,0,0,0,0,0,0,0,0,0
2003,480607,3,1,15,0,0,0,0,0,0,0,0,0
2003,480608,1,1,26,30,13,14,29,0,0,15,22,18
2003,480609,1,1,0,0,0,0,0,0,0,0,0,0
2003,480610,1,1,0,0,0,0,0,0,0,0,0,0
2003,480610,2,1,0,0,0,0,0,0,0,0,0,0
2003,480611,0,1,27,27,27,27,27,27,27,27,27,27
2003,480611,1,1,0,0,6,0,0,0,0,0,0,0
2003,480612,1,1,0,0,0,0,0,0,0,0,0,0
2003,480612,2,1,0,0,3,9,0,26,0,19,0,0
2003,480613,1,1,25,12,0,26,16,21,0,17,12,21
2003,480614,1,1,11,10,16,16,18,0,14,18,16,0
2003,480614,2,1,0,0,0,0,0,0,0,21,11,0
2003,480615,1,1,28,28,28,28,28,28,28,28,28,28
2003,480616,1,1,0,0,0,0,0,0,0,0,0,0
2003,480617,1,1,0,0,18,0,9,7,15,13,0,19
2003,480618,1,1,35,35,35,35,35,35,35,35,35,35
2003,480619,1,1,25,25,25,25,25,25,25,25,25,25
2003,480620,1,1,0,9,0,10,0,0,0,0,0,0
2003,480621,1,1,6,6,6,6,6,6,6,6,6,6
2003,480621,2,1,0,0,0,0,0,0,0,0,0,0
2003,480621,3,1,0,0,0,0,10,0,9,7,0,0
2003,480622,1,1,0,0,0,0,0,0,0,0,0,0
2003,480622,2,1,0,0,0,0,0,0,22,0,0,0
2003,480623,0,1,0,19,0,18,15,0,17,22,0,0
2003,480623,1,1,0,0,0,0,0,0,0,0,0,0
2003,480624,0,1,0,22,16,0,29,22,17,25,16,10
2003,480624,1,1,0,0,0,11,0,0,0,0,0,0
2003,480625,1,1,0,0,0,0,0,15,0,0,0,0
2003,480625,2,1,0,0,0,0,0,0,0,0,0,0
2003,480626,1,1,0,0,0,0,0,11,9,17,17,0
2003,480627,1,1,12,0,4,0,0,20,0,0,0,18
2003,480628,1,1,0,15,0,0,0,32,0,0,0,0
2003,480629,1,1,4,4,4,4,4,4,4,4,4,4
2003,480630,1,1,0,0,14,0,0,0,0,0,0,20
2003,480631,1,1,0,0,0,0,0,0,0,0,0,0
2003,480631,2,1,0,0,0,0,0,0,0,0,0,0
2003,480632,1,1,0,0,0,0,0,0,0,0,0,0
2003,480632,2,1,0,0,0,0,0,0,0,0,0,0
2003,480632,3,1,0,0,0,0,0,0,0,0,0,0
2003,480633,1,1,0,0,0,0,0,0,0,0,0,0
2003,480633,2,1,0,0,0,0,0,0,0,0,0,0
2003,480634,1,1,0,0,0,0,0,0,0,0,0,0
2003,480634,2,1,0,0,0,0,0,0,0,0,0,0
2003,480635,1,1,0,0,9,0,8,0,0,0,0,14
2003,480636,1,1,0,0,0,0,0,0,0,0,0,0
2003,480636,2,1,0,0,0,0,0,0,0,0,0,0
2003,480637,1,1,22,22,22,22,22,22,22,22,22,22
2003,480638,0,1,0,0,19,0,0,0,0,0,0,0
2003,480638,1,1,0,0,0,0,0,0,0,0,0,0
2003,480639,1,1,9,19,0,0,9,34,0,0,0,0
2003,480639,2,1,7,0,0,0,0,0,0,0,0,0
2003,480639,3,1,0,0,0,0,0,0,0,0,0,0
2003,480639,4,1,0,0,0,0,0,0,0,0,0,0
2003,480640,0,1,0,0,0,0,0,0,0,0,0,0
2003,480640,1,1,0,0,0,0,0,0,0,0,0,0
2003,480641,1,1,0,0,0,0,0,0,0,0,0,0
2003,480641,2,1,0,0,0,0,0,0,0,0,0,0
2003,480642,1,1,15,15,15,15,15,15,15,15,15,15
2003,480642,2,1,13,13,13,13,13,13,13,13,13,13
2003,480643,1,1,33,33,33,33,33,33,33,33,33,33
2003,480644,1,1,0,0,0,0,0,0,0,0,0,0
2003,480644,2,1,0,0,0,0,0,0,0,0,0,0
2003,480645,1,1,20,29,8,9,11,12,19,20,27,17
2003,480646,1,1,21,21,21,21,21,21,21,21,21,21
2003,480647,1,1,23,23,23,23,23,23,23,23,23,23
2003,480647,2,1,5,5,5,5,5,5,5,5,5,5
2003,480648,1,1,10,10,10,10,10,10,10,10,10,10
2003,480649,1,1,0,0,0,0,0,0,0,0,0,0
2003,480649,2,1,0,0,0,0,0,0,0,0,0,0
2003,480650,1,1,0,0,0,0,0,0,0,0,0,0
2003,480651,1,1,0,0,0,0,0,0,0,0,0,0
2003,480651,2,1,0,0,0,0,0,0,0,0,0,0
2003,480652,1,1,0,0,0,0,0,0,6,0,0,0
2003,480653,1,1,14,13,15,16,10,22,33,2,9,18
2003,480654,0,1,30,0,0,0,26,0,25,0,21,13
2003,480654,1,1,0,0,0,0,0,0,29,0,13,0
2003,480655,1,1,7,0,24,7,13,0,0,0,16,0
2003,480655,2,1,0,0,0,0,0,0,0,0,0,0
2003,480656,1,1,0,0,0,12,0,0,0,0,0,0
2003,480657,1,1,18,18,18,18,18,18,18,18,18,18
2003,480657,2,1,7,0,12,8,0,0,24,0,0,0
2003,480658,1,1,6,6,6,6,6,6,6,6,6,6
2003,480658,2,1,0,0,16,5,12,0,8,0,3,16
2003,480659,1,1,0,0,0,0,0,0,0,0,0,0
2003,480659,2,1,0,10,0,0,0,0,0,0,17,0
2003,480660,1,1,0,0,0,0,0,0,0,0,0,0
2003,480660,2,1,0,0,0,0,0,0,0,0,0,0
2003,480661,1,1,0,0,0,0,0,0,0,0,0,0
2003,480662,0,1,0,0,5,0,0,0,0,0,29,0
2003,480662,1,1,23,29,0,17,0,0,10,22,30,6
2003,480663,1,1,0,0,0,10,0,0,0,0,0,8
2003,480663,2,1,0,19,0,0,0,0,22,20,15,0
2003,480664,1,1,0,0,0,0,0,0,0,0,0,0
2003,480664,2,1,0,0,0,0,0,0,0,0,0,0
2003,480665,0,1,33,25,0,0,0,0,0,0,0,11
2003,480665,1,1,11,0,0,0,0,0,0,0,0,0
2003,480666,1,1,10,10,10,10,10,10,10,10,10,10
2003,480667,1,1,11,11,11,11,11,11,11,11,11,11
2003,480668,1,1,0,0,0,0,0,0,0,0,0,0
2003,480668,2,1,0,0,0,0,0,0,0,0,0,9
2003,480669,1,1,0,0,0,0,0,0,0,0,0,0
2003,480670,1,1,0,0,0,0,0,0,0,0,0,0
2003,480670,2,1,0,0,0,0,0,0,0,0,0,0
2003,480671,1,1,0,0,0,0,0,0,0,0,0,0
2003,480672,1,1,0,0,0,0,0,0,0,0,0,0
2003,480672,2,1,0,0,0,0,0,0,0,0,0,0
2003,480673,1,1,0,0,0,0,0,0,0,0,0,0
2003,480673,2,1,0,0,0,0,0,0,0,0,0,0
2003,480673,3,1,0,0,0,0,0,0,0,0,0,0
2003,480673,4,1,0,0,0,0,0,0,0,0,0,0
2003,480673,5,1,0,0,0,0,0,0,0,0,0,0
2003,480674,1,1,0,0,0,0,0,0,0,0,0,0
2003,480674,2,1,0,0,0,0,0,0,0,0,0,0
2003,480675,1,1,16,16,16,16,16,16,16,16,16,16
2003,480676,1,1,0,0,0,0,0,0,0,0,0,0
2003,480676,2,1,0,0,14,0,0,0,0,0,0,0
2003,480677,1,1,4,4,4,4,4,4,4,4,4,4
2003,480678,1,1,17,17,17,17,17,17,17,17,17,17
2003,480679,1,1,0,0,0,0,0,0,0,0,0,0
2003,480679,2,1,0,0,0,0,0,0,0,0,0,0
2003,480680,1,1,0,0,0,0,0,0,0,0,0,0
2003,480680,2,1,0,0,0,0,0,0,0,0,0,0
2003,480681,1,1,0,0,0,0,0,0,0,0,0,0
2003,480681,2,1,0,0,0,0,0,0,0,0,0,0
2003,480682,1,1,0,0,0,0,0,0,0,0,0,0
2003,480682,2,1,0,0,0,0,0,0,0,0,0,0
2003,480683,0,1,28,0,23,25,34,13,13,27,0,34
2003,480683,1,1,0,4,0,0,0,0,0,0,0,0
2003,480683,2,1,0,0,0,0,0,0,0,6,7,0
2003,480684,1,1,24,24,24,24,24,24,24,24,24,24
2003,480685,1,1,9,32,5,0,15,22,12,13,29,0
2003,480686,1,1,15,15,15,15,15,15,15,15,15,15
2003,480686,2,1,0,0,0,0,0,0,0,0,0,0
2003,480687,1,1,15,15,15,15,15,15,15,15,15,15
2003,480688,0,1,8,8,8,8,8,8,8,8,8,8
2003,480688,1,1,0,0,0,0,0,0,16,0,0,0
2003,480689,1,1,0,35,0,0,37,0,0,0,0,0
2003,480689,2,1,0,14,0,0,0,0,0,13,0,0
2003,480690,1,1,0,0,0,0,0,0,0,0,0,0
2003,480691,1,1,0,0,0,0,0,0,0,0,0,0
2003,480691,2,1,0,11,0,0,0,4,0,0,0,0
2003,480691,3,1,0,0,0,0,0,0,0,0,0,0
2003,480692,1,1,34,17,13,3,0,0,22,0,5,10
2003,480692,2,1,19,12,7,17,8,7,23,12,11,20
2003,480692,3,1,0,0,0,0,0,0,0,0,0,0
2003,480693,1,1,7,7,7,7,7,7,7,7,7,7
2003,480694,1,1,20,20,20,20,20,20,20,20,20,20
2003,480695,1,1,0,0,0,0,0,0,0,0,0,0
2003,480695,2,1,0,0,0,0,0,0,0,0,0,0
2003,480695,3,1,9,10,0,0,0,9,17,15,0,0
2003,480696,1,1,0,0,0,0,0,0,0,0,0,0
2003,480696,2,1,0,0,0,0,0,0,0,0,0,0
2003,480697,1,1,7,10,7,20,11,0,8,0,4,8
2003,480698,1,1,0,0,0,0,0,0,0,0,0,0
2003,480698,2,1,20,4,11,8,7,16,0,0,27,21
2003,480699,1,1,18,18,18,18,18,18,18,18,18,18
2003,480700,0,1,20,20,20,20,20,20,20,20,20,20
2003,480700,1,1,0,0,0,0,0,19,0,0,25,0
2003,480701,1,1,0,0,0,0,0,0,0,0,0,0
2003,480701,2,1,0,0,0,0,0,0,0,0,0,0
2003,480702,1,1,0,0,0,0,0,0,0,0,0,7
2003,480702,2,1,0,0,0,0,0,0,0,0,0,0
2003,480703,1,1,0,0,0,0,0,0,0,0,0,0
2003,480703,2,1,0,0,0,0,0,19,0,0,0,25
2003,480703,3,1,0,0,0,0,0,0,0,0,0,0
2003,480704,1,1,0,0,0,0,0,0,0,0,0,0
2003,480705,1,1,9,9,9,9,9,9,9,9,9,9
2003,480705,2,1,0,0,0,0,0,0,0,0,0,0
2003,480706,1,1,25,25,25,25,25,25,25,25,25,25
2003,480707,1,1,0,0,0,0,0,0,0,0,0,0
2003,480707,2,1,0,0,0,12,0,0,0,0,0,0
2003,480708,1,1,12,12,12,12,12,12,12,12,12,12
2003,480708,2,1,0,0,0,22,10,11,3,8,23,0
2003,480708,3,1,15,13,4,0,13,0,14,0,22,9
2003,480709,1,1,0,0,0,0,0,0,0,0,0,0
2003,480709,2,1,0,0,0,0,0,0,0,0,0,0
2003,480709,3,1,0,0,0,0,0,0,0,0,0,0
2003,480709,4,1,0,0,0,0,0,0,0,0,0,0
2003,480710,1,1,0,0,0,0,0,0,0,0,0,0
2003,480710,2,1,0,0,0,10,0,22,11,0,25,14
2003,480711,0,1,0,0,0,0,0,0,0,0,0,0
2003,480711,1,1,1,1,1,1,1,1,1,1,1,1
2003,480712,1,1,19,0,0,0,0,0,0,0,13,0
2003,480712,2,1,0,0,0,0,0,0,0,0,0,0
2003,480713,1,1,10,10,10,10,10,10,10,10,10,10
2003,480714,1,1,18,18,18,18,18,18,18,18,18,18
2003,480714,2,1,0,0,7,14,12,0,0,0,0,0
2003,480715,0,1,0,0,0,0,0,0,0,0,0,0
2003,480715,0,2,20,26,11,13,0,0,0,17,0,3
2003,480715,0,3,0,0,15,6,0,7,0,16,0,3
2003,480715,0,4,0,0,0,0,0,0,0,38,0,0
2003,480715,1,1,15,12,0,13,0,0,0,42,0,5
2003,480716,0,1,0,0,0,0,0,0,0,0,0,0
2003,480716,1,1,0,0,0,0,0,0,0,0,0,0
2003,480717,1,1,0,0,0,0,0,0,0,0,0,0
2003,480718,1,1,0,0,0,0,0,0,0,0,0,0
2003,480718,2,1,0,0,0,0,0,0,0,0,0,0
2003,480719,1,1,0,0,0,0,0,0,0,0,0,0
2003,480719,2,1,0,0,0,0,0,0,0,0,0,0
2003,480720,1,1,34,34,34,34,34,34,34,34,34,34
2003,480721,1,1,7,33,12,18,18,0,8,0,12,11
2003,480722,1,1,0,20,14,0,4,0,26,26,0,0
2003,480723,1,1,0,0,0,0,0,0,0,0,0,0
2003,480724,0,1,0,0,0,0,0,0,0,0,0,0
2003,480724,1,1,0,0,0,0,0,0,2,0,0,0
2003,480725,1,1,31,31,31,31,31,31,31,31,31,31
2003,480725,2,1,0,6,0,0,0,0,0,0,0,0
2003,480726,1,1,17,17,17,17,17,17,17,17,17,17
2003,480726,2,1,0,0,0,0,0,0,0,0,0,0
2003,480727,0,1,0,0,0,0,8,12,0,25,0,0
2003,480727,1,1,0,0,0,0,0,0,0,0,0,0
2003,480728,1,1,0,0,0,0,0,0,0,0,0,0
2003,480729,1,1,0,0,0,0,0,0,0,0,0,0
2003,480730,1,1,0,0,0,0,0,0,13,0,0,0
2003,480730,2,1,0,0,0,0,0,11,0,0,28,0
2003,480731,0,1,0,0,0,0,0,29,19,0,0,0
2003,480731,1,1,16,6,5,0,6,14,11,5,10,6
2003,480732,1,1,13,0,14,24,12,0,0,0,32,0
2003,480733,1,1,12,12,12,12,12,12,12,12,12,12
2003,480733,2,1,0,0,0,0,0,0,0,0,0,0
2003,480734,1,1,14,14,14,14,14,14,14,14,14,14
2003,480734,2,1,0,0,0,0,0,0,0,0,0,0
2003,480735,1,1,24,24,24,24,24,24,24,24,24,24
2003,480736,1,1,0,0,0,0,0,0,0,0,0,0
2003,480736,2,1,0,0,0,0,0,0,0,0,0,0
2003,480737,1,1,0,0,0,0,0,0,0,0,0,0
2003,480737,2,1,0,0,0,0,0,0,0,0,0,0
2003,480738,1,1,0,0,0,0,0,0,0,0,0,0
2003,480738,2,1,0,0,0,0,0,0,17,0,0,0
2003,480739,1,1,19,14,25,20,20,9,17,12,0,7
2003,480740,1,1,0,16,0,16,0,0,0,11,0,0
2003,480740,2,1,0,0,0,0,0,0,0,0,0,0
2003,480741,1,1,21,0,8,11,28,12,20,24,22,31
2003,480742,1,1,16,21,0,18,0,0,0,0,25,9
2003,480743,0,1,26,26,26,26,26,26,26,26,26,26
2003,480743,1,1,0,0,0,0,0,0,0,0,23,0
2003,480744,1,1,17,0,0,12,0,0,0,0,6,0
2003,480744,2,1,13,22,24,21,20,19,26,20,7,29
2003,480745,1,1,2,11,7,35,14,7,20,0,0,23
2003,480745,2,1,9,9,9,9,9,9,9,9,9,9
2003,480746,1,1,0,0,0,12,0,4,0,0,0,0
2003,480747,1,1,0,7,13,0,0,31,0,14,0,23
2003,480747,2,1,0,0,0,12,7,0,14,0,0,0
2003,480748,1,1,18,0,0,0,15,0,0,0,0,0
2003,480748,2,1,15,15,0,0,0,11,0,9,0,0
2003,480749,1,1,0,0,28,4,0,0,0,0,32,0
2003,480750,1,1,0,0,0,0,0,7,10,0,0,0
2003,480750,2,1,0,0,0,0,0,0,0,0,0,0
2003,480750,3,1,0,0,0,0,0,0,0,0,0,0
2003,480751,1,1,0,0,0,0,0,0,0,0,0,0
2003,480752,1,1,16,13,11,6,5,11,20,9,17,14
2003,480753,1,1,7,7,7,7,7,7,7,7,7,7
2003,480754,1,1,28,28,28,28,28,28,28,28,28,28
2003,480755,1,1,15,15,15,15,15,15,15,15,15,15
2003,480756,1,1,22,22,22,22,22,22,22,22,22,22
2003,480757,1,1,0,0,13,0,27,0,32,0,0,0
2003,480758,1,1,15,15,15,15,15,15,15,15,15,15
2003,480759,1,1,0,0,0,0,0,0,0,0,0,0
2003,480760,1,1,0,0,0,0,0,0,0,0,0,0
2003,480760,2,1,13,13,13,13,13,13,13,13,13,13
2003,480761,1,1,0,0,0,0,0,0,0,0,0,0
2003,480761,2,1,0,0,0,0,0,0,0,0,0,0
2003,480762,1,1,0,0,0,0,0,0,0,0,0,0
2003,480762,2,1,0,0,10,0,0,0,0,0,0,0
2003,480762,3,1,0,0,0,0,0,0,0,0,0,0
2003,480762,4,1,0,0,0,0,0,0,0,0,0,0
2003,480762,5,1,0,0,0,0,0,0,0,0,0,0
2003,480763,0,1,0,0,0,0,0,0,0,0,0,0
2003,480763,1,1,0,0,0,0,0,0,0,0,0,4
2003,480764,1,1,0,0,0,0,0,0,0,0,0,0
2003,480764,2,1,0,0,0,0,0,0,0,0,0,0
2003,480765,1,1,0,0,0,0,0,0,0,0,12,0
2003,480765,2,1,0,0,0,0,0,0,0,0,0,0
2003,480766,1,1,0,0,0,0,0,0,0,0,0,0
2003,480766,2,1,0,0,0,0,0,0,0,0,0,0
2003,480767,1,1,24,24,24,24,24,24,24,24,24,24
2003,480768,0,1,0,0,18,22,0,0,18,0,0,30
2003,480768,1,1,0,0,0,0,0,0,0,0,0,0
2003,480769,1,1,0,0,0,0,0,0,0,11,0,0
2003,480769,2,1,0,0,0,17,0,0,0,0,0,0
2003,480770,1,1,0,0,0,0,0,0,0,0,0,0
2003,480771,1,1,15,0,0,18,16,29,0,0,23,0
2003,480771,2,1,0,0,0,0,0,0,0,0,0,0
2003,480771,3,1,2,0,0,7,17,0,0,20,0,0
2003,480772,1,1,0,0,0,0,0,0,0,0,0,0
2003,480772,2,1,0,0,0,0,0,0,0,0,0,0
2003,480773,1,1,0,0,0,0,0,0,0,0,0,0
2003,480774,1,1,0,18,34,21,0,0,25,30,0,20
2003,480775,1,1,1,1,1,1,1,1,1,1,1,1
2003,480775,2,1,0,0,0,0,0,0,0,0,0,0
2003,480776,1,1,0,0,0,0,0,0,0,0,0,0
2003,480776,2,1,0,0,0,0,0,15,0,0,0,0
2003,480777,1,1,0,0,0,0,0,0,0,0,0,0
2003,480777,2,1,0,0,0,0,0,0,0,0,0,0
2003,480778,1,1,14,14,14,14,14,14,14,14,14,14
2003,480779,1,1,24,23,19,22,16,31,28,15,17,11
2003,480779,2,1,15,15,15,15,15,15,15,15,15,15
2003,480779,3,1,0,0,0,0,0,0,0,0,0,0
2003,480780,1,1,0,0,0,0,0,0,0,0,0,0
2003,480780,2,1,0,0,0,0,0,0,0,0,0,0
2003,480781,1,1,12,12,22,0,15,0,19,0,21,28
2003,480781,2,1,24,6,8,10,21,16,8,0,40,8
2003,480782,1,1,0,0,0,0,0,0,0,0,0,0
2003,480783,1,1,11,12,26,15,33,12,8,8,7,11
2003,480784,1,1,0,0,0,0,0,0,0,0,0,0
2003,480784,2,1,0,0,0,0,0,0,0,11,0,0
2003,480785,1,1,25,25,25,25,25,25,25,25,25,25
2003,480785,2,1,0,0,0,0,0,0,0,21,0,0
2003,480785,3,1,0,0,0,0,0,0,0,0,2,0
2003,480786,1,1,33,25,0,14,0,18,8,9,0,12
2003,480787,1,1,19,19,19,19,19,19,19,19,19,19
2003,480787,2,1,0,0,0,0,0,0,0,0,0,0
2003,480787,3,1,0,0,0,0,0,0,0,0,0,0
2003,480788,1,1,19,19,19,19,19,19,19,19,19,19
2003,480788,2,1,0,4,0,0,0,0,0,0,0,0
2003,480789,1,1,0,0,0,0,0,0,0,0,0,0
2003,480789,2,1,0,0,19,0,0,21,0,17,0,9
2003,480790,1,1,19,19,19,19,19,19,19,19,19,19
2003,480791,1,1,21,21,21,21,21,21,21,21,21,21
2003,480791,2,1,0,0,0,0,0,0,0,0,0,0
2003,480792,1,1,19,0,0,0,0,0,12,0,0,0
2003,480792,2,1,29,29,29,29,29,29,29,29,29,29
2003,480793,1,1,0,0,17,0,0,0,0,0,0,0
2003,480793,2,1,0,3,10,0,17,0,0,29,14,0
2003,480794,1,1,16,16,16,16,16,16,16,16,16,16
2003,480795,1,1,19,19,19,19,19,19,19,19,19,19
2003,480796,1,1,0,0,0,0,0,0,0,0,0,0
2003,480797,1,1,0,0,0,0,0,0,0,0,0,0
2003,480797,2,1,0,0,0,0,0,0,0,0,0,0
2003,480797,3,1,0,0,0,0,0,0,0,0,0,0
2003,480798,1,1,0,0,0,0,0,0,0,0,0,0
2003,480799,1,1,0,0,0,0,0,9,0,0,0,0
2003,480800,1,1,0,0,0,0,5,0,0,0,0,0
2003,480801,1,1,15,16,21,0,17,0,18,13,6,0
2003,480801,2,1,6,0,0,0,0,0,17,0,0,18
2003,480802,0,1,0,0,0,0,0,0,0,0,0,0
2003,480802,1,1,0,4,0,0,0,0,0,0,0,0
2003,480803,1,1,28,28,28,28,28,28,28,28,28,28
2003,480803,2,1,0,0,0,0,0,0,0,0,10,0
2003,480803,3,1,4,0,0,0,0,0,0,0,0,0
2003,480805,1,1,0,0,0,0,0,0,0,0,0,0
2003,480806,1,1,20,0,15,0,0,26,20,9,9,0
2003,480807,1,1,17,19,12,8,18,13,0,20,21,0
2003,480808,1,1,24,17,0,16,0,0,0,22,10,0
2003,480808,2,1,0,0,0,0,0,0,0,0,0,0
2003,480809,1,1,0,9,0,0,0,0,0,0,0,0
2003,480809,2,1,0,0,0,0,0,0,0,0,0,0
2003,480810,1,1,20,0,0,0,0,0,0,0,0,0
2003,480810,2,1,0,0,0,0,0,0,0,0,0,0
2003,480810,3,1,0,0,0,0,0,0,0,0,0,0
2003,480811,1,1,0,0,0,0,0,0,0,0,0,7