YEAR,ST_CASE,veh_no,per_no,P1,P2,P3,P4,P5,P6,P7,P8,P9,P10
2003,481369,1,1,0,0,0,0,0,0,0,0,0,0
2003,481370,1,1,0,0,0,0,0,0,0,0,0,0
2003,481371,1,1,0,0,0,0,0,0,0,0,0,0
2003,481371,2,1,0,0,0,0,0,0,0,0,0,0
2003,481372,1,1,0,0,0,0,0,0,0,0,0,0
2003,481372,2,1,0,25,17,0,0,34,29,17,16,0
2003,481373,1,1,26,26,26,26,26,26,26,26,26,26
2003,481373,2,1,0,0,0,0,0,0,0,0,0,0
2003,481374,1,1,0,0,0,0,0,1,0,0,0,0
2003,481374,2,1,0,0,0,0,0,0,0,0,0,0
2003,481375,1,1,0,0,0,0,0,0,12,0,0,0
2003,481375,2,1,0,0,0,0,9,0,0,0,0,0
2003,481375,3,1,0,0,0,0,0,0,0,0,13,0
2003,481375,4,1,0,0,0,0,0,0,0,0,0,0
2003,481376,1,1,0,0,0,0,0,0,0,0,0,0
2003,481376,2,1,0,0,0,8,0,0,0,16,0,0
2003,481377,1,1,20,20,20,20,20,20,20,20,20,20
2003,481377,2,1,0,0,0,0,0,0,0,0,0,0
2003,481377,3,1,0,14,20,0,0,0,0,25,0,8
2003,481377,4,1,0,5,0,5,0,0,0,0,0,0
2003,481378,1,1,0,0,0,0,0,0,0,0,0,0
2003,481378,2,1,0,0,0,0,0,0,0,0,0,0
2003,481379,1,1,23,7,24,18,38,18,37,22,23,18
2003,481380,1,1,18,18,18,18,18,18,18,18,18,18
2003,481381,1,1,0,0,0,0,0,0,0,0,0,0
2003,481381,2,1,0,8,10,11,10,0,19,0,0,0
2003,481382,0,1,0,0,0,0,0,0,0,0,0,0
2003,481382,1,1,0,0,0,0,0,0,0,0,0,0
2003,481383,0,1,14,11,16,28,20,15,8,31,9,18
2003,481383,1,1,0,0,0,0,0,0,0,0,0,0
2003,481384,1,1,10,0,3,24,22,26,13,6,5,7
2003,481384,2,1,0,14,0,0,0,0,0,0,0,0
2003,481385,1,1,21,21,21,21,21,21,21,21,21,21
2003,481386,1,1,0,0,0,0,0,0,0,0,0,0
2003,481386,2,1,0,0,0,0,21,0,0,5,0,0
2003,481386,3,1,0,0,0,0,0,0,0,0,0,0
2003,481387,1,1,0,0,0,0,0,0,0,0,0,0
2003,481387,2,1,0,0,0,0,0,0,0,0,0,0
2003,481388,1,1,0,0,0,0,0,0,0,0,0,0
2003,481388,2,1,0,0,0,0,0,0,0,0,0,0
2003,481389,1,1,17,17,17,17,17,17,17,17,17,17
2003,481390,1,1,9,3,19,5,8,11,10,2,15,9
2003,481390,2,1,0,0,0,0,0,0,0,0,12,0
2003,481391,1,1,0,0,0,0,0,0,0,0,0,0
2003,481391,2,1,0,0,0,0,0,0,0,0,0,0
2003,481392,1,1,6,6,6,6,6,6,6,6,6,6
2003,481393,1,1,0,0,0,0,19,22,0,34,20,0
2003,481394,1,1,0,0,0,0,0,0,0,0,0,0
2003,481394,2,1,0,0,0,0,0,3,0,0,0,0
2003,481394,3,1,17,0,0,0,5,0,0,0,11,5
2003,481394,4,1,9,8,5,19,0,0,0,0,0,0
2003,481394,5,1,0,0,0,0,0,0,0,0,0,0
2003,481395,0,1,0,0,0,0,0,0,0,19,17,0
2003,481395,1,1,16,16,16,16,16,16,16,16,16,16
2003,481396,1,1,0,0,15,0,0,0,0,12,0,0
2003,481396,2,1,0,0,0,0,0,0,0,0,0,0
2003,481397,1,1,0,0,0,0,0,0,0,11,0,0
2003,481398,1,1,0,0,0,0,0,0,0,0,0,0
2003,481398,2,1,0,30,0,0,0,0,0,0,0,0
2003,481399,1,1,0,0,0,0,0,0,0,0,0,0
2003,481399,2,1,0,0,0,0,0,0,0,0,0,0
2003,481400,0,1,0,0,0,0,0,0,0,23,19,0
2003,481400,1,1,8,8,8,8,8,8,8,8,8,8
2003,481400,2,1,10,0,0,0,13,15,0,0,7,0
2003,481401,1,1,0,0,0,0,20,0,0,0,0,0
2003,481401,2,1,0,0,0,16,0,0,0,0,0,16
2003,481402,1,1,18,18,18,18,18,18,18,18,18,18
2003,481403,1,1,13,13,13,13,13,13,13,13,13,13
2003,481404,1,1,19,17,0,0,0,0,0,0,0,0
2003,481405,1,1,0,0,0,0,0,0,0,0,0,0
2003,481405,2,1,0,0,26,0,0,0,0,0,0,0
2003,481406,1,1,0,0,0,0,0,0,0,0,0,0
2003,481406,2,1,0,0,0,0,0,0,0,0,0,0
2003,481407,1,1,0,0,0,0,0,0,0,0,0,0
2003,481407,2,1,0,0,0,0,0,0,0,0,0,0
2003,481408,1,1,0,0,0,0,0,0,0,5,0,0
2003,481408,2,1,0,0,0,0,0,0,0,0,0,13
2003,481409,1,1,0,0,0,0,0,0,0,0,0,0
2003,481409,2,1,0,0,0,0,0,0,0,0,0,0
2003,481410,1,1,0,0,0,0,0,25,0,0,0,0
2003,481410,2,1,0,0,0,0,0,0,0,0,0,0
2003,481410,3,1,0,0,0,0,0,0,0,0,0,0
2003,481411,1,1,6,8,0,27,0,4,19,24,9,21
2003,481412,1,1,0,0,0,0,0,0,0,0,0,0
2003,481412,2,1,0,0,12,10,0,0,32,0,26,4
2003,481413,1,1,0,0,0,0,0,0,0,0,0,0
2003,481414,1,1,0,0,7,0,0,0,0,0,0,0
2003,481414,2,1,15,0,0,0,0,0,0,0,0,0
2003,481414,3,1,18,15,3,18,0,20,21,9,0,0
2003,481414,4,1,0,0,0,0,0,0,0,19,0,0
2003,481414,5,1,0,0,0,0,0,0,0,0,14,0
2003,481414,6,1,0,0,0,0,15,0,0,0,0,0
2003,481415,0,1,20,0,28,13,21,0,0,16,0,0
2003,481415,0,2,16,0,44,28,37,18,34,22,20,22
2003,481415,0,3,0,31,26,27,42,19,0,24,16,0
2003,481415,2,1,15,15,15,15,15,15,15,15,15,15
2003,481416,1,1,16,16,16,16,16,16,16,16,16,16
2003,481417,1,1,9,9,9,9,9,9,9,9,9,9
2003,481417,2,1,0,0,0,0,0,0,7,0,20,0
2003,481418,1,1,0,0,0,8,0,0,0,0,9,0
2003,481419,1,1,0,0,17,0,0,0,0,0,0,0
2003,481420,1,1,28,0,0,0,23,13,0,0,0,15
2003,481420,2,1,7,7,7,7,7,7,7,7,7,7
2003,481421,1,1,0,0,0,0,0,0,0,0,0,0
2003,481422,1,1,5,5,5,5,5,5,5,5,5,5
2003,481423,1,1,23,16,0,0,10,25,16,0,22,0
2003,481424,1,1,0,12,20,4,4,15,22,5,6,9
2003,481425,1,1,0,0,0,0,0,0,0,0,0,0
2003,481425,2,1,8,8,8,8,8,8,8,8,8,8
2003,481426,1,1,16,16,16,16,16,16,16,16,16,16
2003,481426,2,1,0,0,0,0,18,10,0,0,13,0
2003,481426,3,1,0,0,0,0,5,25,0,20,0,0
2003,481427,1,1,24,24,24,24,24,24,24,24,24,24
2003,481428,0,1,0,0,0,0,0,0,0,0,0,0
2003,481428,1,1,24,0,0,0,0,0,8,0,0,0
2003,481429,1,1,6,6,6,6,6,6,6,6,6,6
2003,481429,2,1,4,0,0,0,0,0,0,0,0,0
2003,481429,3,1,0,0,0,0,0,0,0,0,0,0
2003,481430,1,1,0,13,0,0,0,0,0,0,28,0
2003,481431,1,1,0,0,0,0,0,0,0,0,0,0
2003,481431,2,1,0,0,0,0,0,0,0,0,0,0
2003,481431,3,1,0,0,0,0,0,0,0,0,12,0
2003,481431,4,1,0,0,0,0,0,0,0,0,0,0
2003,481431,5,1,0,0,0,0,0,0,0,0,0,0
2003,481431,6,1,0,0,0,0,0,0,0,0,0,0
2003,481432,0,1,19,17,0,21,0,0,0,5,40,0
2003,481432,1,1,0,0,0,12,0,0,0,9,0,16
2003,481433,0,1,5,5,5,5,5,5,5,5,5,5
2003,481433,0,2,19,27,15,11,19,26,34,20,21,14
2003,481433,0,3,24,25,21,17,36,5,36,13,22,36
2003,481433,1,1,0,0,0,0,0,0,0,0,18,0
2003,481434,1,1,22,22,22,22,22,22,22,22,22,22
2003,481435,1,1,14,14,14,14,14,14,14,14,14,14
2003,481435,2,1,0,16,11,4,0,0,0,0,0,0
2003,481436,1,1,0,0,0,0,10,0,0,21,0,0
2003,481436,2,1,9,0,0,8,11,15,0,0,0,0
2003,481437,1,1,0,0,0,0,0,0,0,0,0,0
2003,481438,1,1,0,15,21,0,16,0,0,16,0,0
2003,481439,1,1,21,21,21,21,21,21,21,21,21,21
2003,481440,1,1,27,25,3,11,38,20,20,26,37,35
2003,481441,1,1,0,0,0,0,0,0,0,0,0,0
2003,481441,2,1,0,0,0,0,0,0,0,0,0,0
2003,481441,3,1,0,0,0,0,0,0,0,0,0,0
2003,481442,1,1,0,0,0,0,0,0,0,0,0,0
2003,481442,2,1,12,0,12,7,22,0,12,3,0,0
2003,481443,1,1,0,0,0,0,0,0,0,0,0,22
2003,481443,2,1,37,37,37,37,37,37,37,37,37,37
2003,481444,1,1,0,0,0,0,0,0,0,0,0,0
2003,481444,2,1,0,0,0,0,0,0,0,0,0,0
2003,481445,0,1,0,0,0,0,0,0,0,0,0,0
2003,481445,1,1,0,0,0,0,0,0,0,0,0,0
2003,481445,2,1,0,0,0,0,0,0,0,0,0,0
2003,481446,1,1,24,24,24,24,24,24,24,24,24,24
2003,481447,1,1,0,0,0,0,0,0,0,0,0,0
2003,481447,2,1,0,0,0,0,0,0,0,0,0,0
2003,481448,1,1,26,26,26,26,26,26,26,26,26,26
2003,481449,1,1,0,0,0,0,0,0,0,0,0,0
2003,481450,1,1,12,12,12,12,12,12,12,12,12,12
2003,481451,1,1,0,0,0,0,0,0,0,18,0,0
2003,481452,1,1,0,0,0,0,0,0,0,0,0,0
2003,481452,2,1,0,0,0,0,0,0,0,0,0,0
2003,481453,0,1,27,27,27,27,27,27,27,27,27,27
2003,481453,1,1,0,0,0,0,0,0,0,0,0,0
2003,481454,1,1,14,14,14,14,14,14,14,14,14,14
2003,481455,1,1,16,10,21,18,5,17,0,18,13,15
2003,481456,1,1,38,38,38,38,38,38,38,38,38,38
2003,481456,2,1,0,0,0,0,0,0,0,0,0,0
2003,481457,1,1,0,0,0,0,0,0,0,0,0,0
2003,481457,2,1,0,0,0,0,0,0,0,0,0,0
2003,481458,1,1,23,23,23,23,23,23,23,23,23,23
2003,481459,1,1,0,0,0,0,0,0,0,0,0,0
2003,481459,2,1,0,0,0,0,0,20,0,0,0,0
2003,481460,1,1,0,0,0,0,0,0,0,9,0,0
2003,481461,1,1,0,0,0,0,0,0,0,0,0,0
2003,481461,2,1,0,4,0,0,0,0,0,0,0,0
2003,481462,1,1,0,0,0,0,0,0,0,0,0,0
2003,481463,1,1,15,15,15,15,15,15,15,15,15,15
2003,481463,2,1,0,0,0,0,0,0,0,0,0,0
2003,481463,3,1,0,18,0,0,0,0,0,0,0,0
2003,481464,0,1,0,0,0,0,0,0,0,0,0,0
2003,481464,0,2,0,0,0,0,0,3,0,0,0,0
2003,481464,0,3,0,0,0,0,0,0,0,0,0,0
2003,481464,0,4,0,0,0,9,21,0,0,0,0,0
2003,481464,1,1,0,0,0,0,0,0,0,0,0,0
2003,481465,1,1,0,0,0,0,0,0,0,0,0,0
2003,481465,2,1,0,0,0,13,0,0,0,0,0,0
2003,481466,1,1,0,0,0,0,0,0,0,0,0,0
2003,481466,2,1,0,0,0,0,0,0,0,0,0,0
2003,481467,0,1,25,25,25,25,25,25,25,25,25,25
2003,481467,1,1,0,8,0,0,0,0,0,2,0,0
2003,481468,1,1,24,24,24,24,24,24,24,24,24,24
2003,481469,1,1,0,0,0,0,0,0,0,0,0,0
2003,481469,2,1,0,0,0,0,0,0,0,0,0,0
2003,481470,0,1,7,7,7,7,7,7,7,7,7,7
2003,481470,1,1,16,16,16,16,16,16,16,16,16,16
2003,481471,1,1,17,17,17,17,17,17,17,17,17,17
2003,481472,1,1,0,0,0,0,0,0,0,0,0,0
2003,481472,2,1,0,0,0,0,0,0,0,0,0,0
2003,481473,1,1,18,0,0,19,0,22,23,0,20,0
2003,481474,1,1,6,0,18,0,0,0,0,11,10,0
2003,481475,0,1,0,0,15,28,24,0,24,0,0,0
2003,481475,1,1,0,0,0,0,18,0,0,0,12,20
2003,481476,1,1,19,19,19,19,19,19,19,19,19,19
2003,481477,1,1,0,0,0,0,0,0,0,15,0,0
2003,481477,2,1,0,0,0,0,0,0,0,8,0,0
2003,481478,1,1,17,17,17,17,17,17,17,17,17,17
2003,481478,2,1,0,8,0,0,10,0,0,0,0,4
2003,481479,1,1,0,0,0,0,0,0,0,0,0,0
2003,481479,2,1,0,0,0,0,0,0,0,0,0,0
2003,481479,3,1,6,6,6,6,6,6,6,6,6,6
2003,481479,4,1,0,15,12,0,0,10,0,0,0,8
2003,481480,0,1,11,10,5,0,36,38,13,15,0,0
2003,481480,1,1,6,0,0,6,0,20,0,0,0,0
2003,481481,1,1,0,0,28,23,0,0,18,6,0,23
2003,481481,2,1,6,19,0,10,0,22,0,0,0,0
2003,481482,1,1,0,0,0,0,0,0,0,0,0,0
2003,481483,0,1,5,5,5,5,5,5,5,5,5,5
2003,481483,1,1,0,0,0,0,0,0,0,0,0,0
2003,481484,0,1,24,24,24,24,24,24,24,24,24,24
2003,481484,1,1,0,13,0,6,9,0,0,11,0,0
2003,481485,1,1,0,0,0,0,0,0,0,0,0,0
2003,481485,2,1,0,0,0,0,0,0,0,0,0,0
2003,481486,0,1,0,0,0,0,0,0,0,0,0,0
2003,481486,2,1,17,0,0,0,26,0,0,7,0,18
2003,481487,1,1,31,0,18,9,14,13,19,12,0,0
2003,481487,2,1,0,0,10,0,0,0,0,0,0,0
2003,481487,3,1,0,0,15,12,0,0,0,0,19,0
2003,481488,1,1,0,0,13,0,0,0,0,0,0,0
2003,481488,2,1,0,9,0,0,0,0,0,0,0,0
2003,481489,1,1,0,0,0,0,0,0,0,0,0,0
2003,481489,2,1,0,0,0,0,0,0,0,0,0,0
2003,481490,1,1,0,12,0,7,16,12,0,0,0,14
2003,481490,2,1,22,0,0,0,0,0,23,0,0,0
2003,481491,0,1,0,0,0,0,0,0,0,0,0,0
2003,481491,1,1,0,0,0,0,0,0,0,0,0,0
2003,481492,1,1,19,19,19,19,19,19,19,19,19,19
2003,481493,1,1,0,0,0,0,29,0,26,0,0,0
2003,481494,1,1,0,28,24,0,17,22,0,16,0,16
2003,481494,2,1,0,10,14,0,3,0,0,0,0,0
2003,481495,1,1,0,0,0,0,0,0,0,0,0,0
2003,481496,1,1,0,0,0,0,0,0,0,0,0,0
2003,481496,2,1,0,0,0,0,0,16,0,0,0,0
2003,481497,1,1,0,9,0,32,10,0,0,0,0,14
2003,481498,1,1,24,24,24,24,24,24,24,24,24,24
2003,481499,1,1,0,21,0,0,0,0,0,0,0,0
2003,481499,2,1,0,0,0,0,0,0,0,0,0,0
2003,481500,1,1,3,3,3,3,3,3,3,3,3,3
2003,481501,1,1,0,0,0,0,0,0,0,0,0,0
2003,481501,2,1,0,0,0,0,0,0,0,0,0,0
2003,481502,0,1,0,0,0,0,0,0,0,0,0,0
2003,481502,1,1,0,9,0,0,0,0,0,0,0,18
2003,481503,1,1,0,0,0,0,36,20,5,0,0,0
2003,481504,1,1,0,0,0,0,0,0,0,0,0,0
2003,481504,2,1,0,0,0,0,0,0,0,0,0,0
2003,481504,3,1,0,0,0,0,0,0,0,0,0,0
2003,481505,1,1,0,0,0,0,0,3,2,0,13,0
2003,481505,2,1,0,0,0,0,0,0,0,0,0,0
2003,481505,3,1,12,13,6,8,12,8,0,17,19,10
2003,481506,1,1,0,0,10,19,0,0,0,18,10,0
2003,481506,2,1,0,0,0,0,0,4,9,0,0,0
2003,481506,3,1,0,0,0,0,11,0,0,0,0,0
2003,481507,1,1,0,0,0,0,0,0,0,0,19,0
2003,481508,1,1,0,0,0,0,0,0,0,0,0,0
2003,481509,1,1,3,3,3,3,3,3,3,3,3,3
2003,481510,1,1,0,0,0,0,0,0,0,0,0,0
2003,481511,1,1,0,0,0,0,0,0,0,0,0,0
2003,481511,2,1,9,0,0,0,0,0,0,0,14,0
2003,481512,1,1,13,13,13,13,13,13,13,13,13,13
2003,481513,1,1,19,19,19,19,19,19,19,19,19,19
2003,481513,2,1,0,0,0,0,0,0,0,0,0,0
2003,481514,1,1,0,0,0,0,0,0,0,0,0,0
2003,481515,1,1,0,0,0,0,0,17,10,16,0,0
2003,481516,1,1,18,18,18,18,18,18,18,18,18,18
2003,481517,1,1,0,0,0,0,0,0,0,0,0,0
2003,481517,2,1,0,0,0,17,0,0,0,0,0,0
2003,481518,1,1,0,0,0,0,0,18,0,11,0,0
2003,481518,2,1,0,0,0,8,0,0,0,0,0,3
2003,481519,1,1,17,10,10,26,18,17,7,13,30,7
2003,481519,2,1,0,0,0,0,0,0,0,0,0,0
2003,481520,1,1,0,0,0,0,0,0,0,0,0,0
2003,481520,2,1,0,0,0,0,0,0,0,0,0,0
2003,481521,0,1,0,20,0,0,0,7,20,0,0,13
2003,481521,1,1,20,0,0,0,0,21,0,0,0,0
2003,481522,1,1,0,0,0,0,0,0,0,0,0,0
2003,481522,2,1,0,0,0,29,0,0,0,0,0,0
2003,481523,1,1,0,0,0,0,0,0,0,0,0,0
2003,481523,2,1,0,0,0,0,0,0,0,0,0,0
2003,481524,1,1,19,28,11,25,11,13,14,19,5,16
2003,481525,1,1,24,24,24,24,24,24,24,24,24,24
2003,481526,1,1,0,0,0,0,0,0,0,0,0,0
2003,481526,2,1,0,0,0,0,19,0,0,0,0,0
2003,481527,1,1,26,26,26,26,26,26,26,26,26,26
2003,481527,2,1,0,13,0,0,0,0,0,0,0,10
2003,481528,1,1,19,19,19,19,19,19,19,19,19,19
2003,481529,1,1,0,0,0,0,0,0,0,0,0,0
2003,481529,2,1,0,0,0,0,0,0,0,0,0,0
2003,481530,1,1,18,0,0,0,0,0,34,10,0,0
2003,481531,1,1,0,0,0,0,0,0,0,0,0,0
2003,481532,1,1,14,14,14,14,14,14,14,14,14,14
2003,481532,2,1,0,0,0,0,0,0,0,0,0,0
2003,481533,1,1,0,0,0,0,0,0,0,0,0,0
2003,481533,2,1,0,0,0,0,0,0,0,0,0,0
2003,481534,0,1,0,0,0,0,0,0,0,0,0,0
2003,481534,1,1,0,0,0,0,0,0,0,0,0,0
2003,481535,1,1,0,0,0,0,0,0,0,0,0,0
2003,481535,2,1,0,0,0,0,0,0,0,0,0,0
2003,481536,1,1,0,0,0,0,0,0,0,0,0,0
2003,481536,2,1,0,0,0,0,0,0,0,0,0,0
2003,481536,3,1,18,0,0,0,0,0,0,11,38,14
2003,481536,4,1,0,0,0,0,0,0,0,0,0,0
2003,481537,1,1,0,0,0,0,0,0,0,0,0,0
2003,481537,2,1,0,0,5,0,0,0,20,0,0,0
2003,481537,3,1,0,0,0,0,0,0,0,0,0,0
2003,481538,1,1,0,0,0,0,0,0,0,0,0,0
2003,481539,1,1,0,0,0,0,0,0,0,13,0,0
2003,481539,2,1,5,11,0,0,0,4,3,7,18,0
2003,481540,1,1,0,16,0,0,0,0,0,0,0,0
2003,481540,2,1,0,0,0,0,0,0,0,0,0,0
2003,481540,3,1,0,0,0,0,0,0,0,0,0,0
2003,481540,4,1,0,0,0,0,0,0,0,0,0,0
2003,481540,5,1,0,0,0,0,0,0,0,0,0,0
2003,481541,1,1,0,0,0,0,0,0,0,0,0,0
2003,481542,1,1,0,0,0,0,0,0,0,22,0,0
2003,481543,1,1,0,0,0,0,0,0,0,0,0,0
2003,481543,2,1,1,1,1,1,1,1,1,1,1,1
2003,481544,1,1,16,16,16,16,16,16,16,16,16,16
2003,481545,1,1,0,0,0,0,0,0,0,0,0,0
2003,481545,2,1,19,0,0,0,0,0,0,0,5,0
2003,481546,1,1,0,0,0,0,0,0,0,0,0,0
2003,481547,1,1,15,15,15,15,15,15,15,15,15,15
2003,481548,1,1,0,0,0,0,0,0,0,0,0,20
2003,481548,2,1,0,0,0,0,0,0,0,0,0,0
2003,481549,1,1,24,20,0,13,13,18,27,5,14,19
2003,481550,1,1,10,16,8,9,0,10,9,0,11,7
2003,481550,2,1,6,0,0,6,0,0,0,0,3,0
2003,481551,1,1,26,26,26,26,26,26,26,26,26,26
2003,481552,1,1,0,0,0,0,0,0,0,0,0,0
2003,481552,2,1,25,25,25,25,25,25,25,25,25,25
2003,481553,0,1,4,4,4,4,4,4,4,4,4,4
2003,481553,0,2,0,15,28,9,13,0,0,0,10,10
2003,481553,1,1,18,0,7,13,4,0,0,0,0,7
2003,481554,1,1,28,20,5,11,14,7,9,9,9,16
2003,481554,2,1,3,0,0,0,47,14,9,0,12,5
2003,481555,1,1,22,22,22,22,22,22,22,22,22,22
2003,481556,1,1,0,0,0,0,0,0,12,0,0,0
2003,481556,2,1,0,0,0,0,0,0,0,0,0,0
2003,481557,1,1,0,0,0,0,0,8,9,0,0,13
2003,481557,2,1,0,0,0,0,0,0,0,0,0,0
2003,481558,1,1,0,0,0,0,0,0,0,0,0,0
2003,481558,2,1,0,0,0,0,0,0,0,0,0,0
2003,481559,0,1,11,9,30,33,0,27,9,12,24,36
2003,481559,1,1,23,20,19,17,8,11,17,6,12,9
2003,481560,1,1,21,41,23,28,22,15,15,21,24,42
2003,481560,2,1,0,0,0,0,0,0,0,0,0,10
2003,481561,1,1,0,0,0,0,0,0,24,0,0,10
2003,481562,1,1,6,6,6,6,6,6,6,6,6,6
2003,481563,0,1,17,17,17,17,17,17,17,17,17,17
2003,481563,1,1,0,8,0,0,0,0,6,11,0,0
2003,481564,1,1,15,15,15,15,15,15,15,15,15,15
2003,481565,1,1,13,15,18,16,0,23,12,30,0,8
2003,481566,1,1,20,5,11,3,17,13,14,23,4,25
2003,481567,1,1,0,0,0,0,0,0,0,0,0,0
2003,481567,2,1,0,0,0,0,0,0,0,0,0,0
2003,481568,1,1,0,0,0,0,0,0,0,0,0,0
2003,481569,0,1,5,5,5,5,5,5,5,5,5,5
2003,481569,1,1,13,0,0,0,0,8,12,0,0,0
2003,481570,1,1,0,0,0,0,0,0,0,0,0,0
2003,481570,2,1,0,0,0,20,15,0,0,0,0,0
2003,481571,1,1,0,0,0,0,0,0,0,0,0,0
2003,481571,2,1,0,0,0,0,0,0,0,0,0,0
2003,481572,1,1,0,0,0,0,0,0,0,0,0,0
2003,481573,1,1,0,0,0,0,15,0,0,0,0,0
2003,481574,1,1,13,13,13,13,13,13,13,13,13,13
2003,481575,1,1,0,0,0,0,0,0,0,0,0,0
2003,481575,2,1,0,0,0,0,0,0,0,0,0,0
2003,481576,1,1,0,0,0,0,0,0,0,0,0,0
2003,481576,2,1,0,0,0,0,0,0,0,0,0,0
2003,481577,1,1,0,0,0,0,0,0,0,0,0,0
2003,481577,2,1,0,0,0,0,0,0,0,0,0,6
2003,481577,3,1,0,0,0,0,0,0,0,0,0,0
2003,481578,1,1,0,0,0,0,0,0,0,0,0,0
2003,481578,2,1,0,0,0,0,0,0,0,0,0,0
2003,481579,1,1,0,0,0,0,0,0,0,0,0,0
2003,481580,1,1,0,0,0,0,0,0,0,0,0,0
2003,481580,2,1,0,0,0,0,0,0,54,0,0,0
2003,481581,1,1,0,0,21,0,0,0,0,0,0,0
2003,481582,0,1,18,0,31,0,15,21,0,0,0,0
2003,481582,1,1,0,0,0,0,0,0,0,0,0,0
2003,481583,1,1,0,0,10,20,10,37,0,23,6,22
2003,481584,1,1,6,6,6,6,6,6,6,6,6,6
2003,481585,1,1,11,5,17,7,21,16,4,0,23,11
2003,481586,1,1,32,32,32,32,32,32,32,32,32,32
2003,481586,2,1,0,2,0,0,20,0,0,0,0,15
2003,481587,1,1,0,0,0,0,0,0,0,0,0,0
2003,481587,2,1,0,0,0,0,0,0,0,0,12,0
2003,481588,1,1,28,28,28,28,28,28,28,28,28,28
2003,481589,1,1,17,17,17,17,17,17,17,17,17,17
2003,481590,0,1,10,10,10,10,10,10,10,10,10,10
2003,481590,1,1,8,8,8,8,8,8,8,8,8,8
2003,481591,1,1,0,0,0,0,0,0,0,0,0,0
2003,481592,1,1,11,14,21,14,17,19,20,13,39,30
2003,481593,1,1,0,0,23,0,0,0,0,0,0,0
2003,481593,2,1,0,0,0,0,0,0,0,0,0,0
2003,481594,1,1,0,0,0,0,0,0,0,0,0,0
2003,481594,2,1,0,0,0,0,14,0,0,0,8,0
2003,481595,1,1,0,0,0,0,0,0,0,0,0,0
2003,481595,2,1,0,8,0,0,0,0,0,0,0,0
2003,481595,3,1,0,0,0,0,0,0,5,0,0,0
2003,481595,4,1,0,0,0,0,0,0,0,0,0,0
2003,481595,5,1,0,0,0,0,0,0,0,0,0,0
2003,481597,1,1,0,0,0,0,0,0,0,0,0,0
2003,481598,1,1,0,0,0,0,0,0,0,0,0,0
2003,481598,2,1,0,0,0,0,0,0,0,0,0,0
2003,481598,3,1,0,0,0,0,0,0,0,0,0,0
2003,481599,1,1,0,0,0,0,0,0,0,0,0,0
2003,481599,2,1,0,30,0,0,0,30,0,0,0,0
2003,481600,0,1,0,0,0,0,0,0,0,0,0,0
2003,481600,1,1,0,0,0,0,0,0,0,0,0,0
2003,481601,1,1,0,0,0,0,0,0,0,0,0,0
2003,481601,2,1,18,18,18,18,18,18,18,18,18,18
2003,481602,1,1,0,0,0,0,0,0,0,0,18,0
2003,481603,0,1,16,17,0,0,18,0,0,0,26,0
2003,481603,1,1,6,6,6,6,6,6,6,6,6,6
2003,481604,0,1,21,21,21,21,21,21,21,21,21,21
2003,481604,1,1,6,6,0,0,0,16,0,0,0,0
2003,481605,1,1,0,0,0,0,0,0,0,0,0,0
2003,481606,1,1,0,0,0,0,0,0,0,0,0,0
2003,481606,2,1,0,0,0,0,0,0,0,0,0,0
2003,481607,0,1,0,0,0,0,0,0,0,0,0,0
2003,481607,1,1,0,0,0,0,0,0,17,0,0,0
2003,481608,1,1,0,0,0,0,0,0,0,0,0,0
2003,481608,2,1,0,0,0,0,0,0,0,0,0,0
2003,481609,1,1,0,0,7,0,0,21,0,0,18,0
2003,481610,1,1,0,0,11,0,0,15,0,0,0,26
2003,481611,1,1,0,0,0,0,0,0,0,0,0,0
2003,481612,1,1,0,0,0,0,0,0,0,0,0,0
2003,481613,1,1,14,0,0,0,13,0,6,6,6,0
2003,481613,2,1,26,0,9,22,0,0,26,14,0,0
2003,481614,1,1,23,21,41,13,15,15,17,27,16,20
2003,481615,1,1,6,6,6,6,6,6,6,6,6,6
2003,481616,1,1,0,0,0,0,0,0,0,0,0,0
2003,481616,2,1,20,20,20,20,20,20,20,20,20,20
2003,481617,1,1,31,31,31,31,31,31,31,31,31,31
2003,481618,1,1,0,0,0,0,0,0,0,0,0,0
2003,481619,1,1,23,0,0,11,0,26,18,34,0,0
2003,481620,1,1,0,0,0,0,0,0,0,0,0,0
2003,481621,1,1,0,17,9,6,18,0,8,14,12,30
2003,481621,2,1,0,0,15,0,0,0,0,4,4,0
2003,481622,1,1,3,0,0,0,0,0,0,0,0,0
2003,481622,2,1,0,0,0,0,0,0,0,0,0,0
2003,481623,1,1,19,19,19,19,19,19,19,19,19,19
2003,481624,1,1,9,0,0,0,0,0,14,0,0,0
2003,481625,0,1,13,0,0,10,0,0,0,0,0,0
2003,481625,0,2,3,0,0,0,0,0,0,0,0,0
2003,481625,1,1,0,0,0,0,0,0,0,0,0,0