YEAR,ST_CASE,veh_no,per_no,P1,P2,P3,P4,P5,P6,P7,P8,P9,P10
2003,481625,2,1,0,0,0,0,0,0,0,0,0,0
2003,481625,3,1,0,0,0,0,0,0,0,0,0,0
2003,481626,1,1,0,0,0,0,0,0,0,0,0,0
2003,481626,2,1,0,0,0,0,0,0,0,0,0,0
2003,481627,1,1,22,22,22,22,22,22,22,22,22,22
2003,481628,1,1,0,0,0,0,0,0,0,0,0,0
2003,481629,1,1,26,12,0,0,10,35,0,25,0,18
2003,481630,1,1,14,0,0,0,0,0,0,0,15,0
2003,481630,2,1,0,0,0,8,0,0,0,0,0,0
2003,481631,1,1,0,0,0,0,0,0,0,0,0,0
2003,481631,2,1,8,20,0,8,0,0,21,0,0,0
2003,481632,1,1,15,15,15,15,15,15,15,15,15,15
2003,481633,1,1,0,0,0,0,0,0,0,0,0,0
2003,481633,2,1,0,0,0,0,0,0,0,0,0,12
2003,481634,1,1,12,12,12,12,12,12,12,12,12,12
2003,481634,2,1,0,0,0,0,0,0,0,0,0,0
2003,481635,1,1,15,15,15,15,15,15,15,15,15,15
2003,481636,1,1,0,0,0,0,0,0,0,0,0,0
2003,481636,2,1,0,0,0,0,0,0,0,0,0,0
2003,481637,1,1,0,0,0,0,0,0,0,0,0,0
2003,481637,2,1,0,0,0,0,0,0,0,0,0,0
2003,481637,3,1,0,0,0,0,0,0,0,0,0,0
2003,481638,1,1,0,0,0,0,0,0,0,0,0,0
2003,481639,1,1,20,20,20,20,20,20,20,20,20,20
2003,481640,1,1,0,29,0,8,41,0,0,0,0,0
2003,481641,1,1,0,0,0,0,0,0,0,0,0,0
2003,481641,2,1,0,0,0,0,0,0,0,0,0,0
2003,481641,3,1,0,0,0,0,0,0,0,0,0,0
2003,481642,1,1,0,0,0,0,0,0,0,0,0,0
2003,481643,1,1,0,0,0,0,0,0,0,16,0,0
2003,481643,2,1,0,0,0,0,0,0,0,0,0,0
2003,481644,1,1,0,0,0,0,0,0,0,0,0,0
2003,481644,2,1,0,9,0,0,0,0,0,0,12,0
2003,481645,1,1,0,0,0,0,0,0,0,0,0,0
2003,481645,2,1,0,0,12,0,0,0,0,0,0,0
2003,481646,1,1,0,0,0,0,0,0,0,6,0,11
2003,481647,1,1,25,25,25,25,25,25,25,25,25,25
2003,481648,1,1,9,9,9,9,9,9,9,9,9,9
2003,481649,1,1,2,0,14,4,0,0,14,0,16,4
2003,481650,1,1,0,0,0,0,0,0,0,0,0,0
2003,481650,2,1,0,0,0,0,0,0,0,0,0,5
2003,481651,1,1,0,0,0,0,0,0,0,0,0,0
2003,481652,1,1,0,0,0,0,0,0,0,0,0,0
2003,481652,2,1,0,0,0,0,0,0,0,0,0,0
2003,481652,3,1,0,0,0,0,0,0,0,0,0,0
2003,481652,4,1,0,0,0,0,0,0,0,0,0,0
2003,481653,1,1,0,0,0,0,0,0,0,0,0,0
2003,481653,2,1,0,0,0,0,0,0,0,0,0,0
2003,481654,1,1,0,0,0,0,0,0,0,0,0,0
2003,481655,1,1,0,0,0,0,0,0,0,0,0,0
2003,481656,1,1,0,0,0,0,0,0,0,0,0,0
2003,481656,2,1,0,0,0,0,0,0,0,0,0,0
2003,481657,1,1,0,0,0,0,0,0,0,0,0,0
2003,481658,1,1,2,2,2,2,2,2,2,2,2,2
2003,481658,2,1,0,0,0,0,0,0,0,0,0,0
2003,481659,1,1,0,0,0,0,0,0,0,0,0,0
2003,481660,1,1,21,21,21,21,21,21,21,21,21,21
2003,481661,1,1,0,0,0,0,0,0,0,0,0,0
2003,481661,2,1,0,0,27,0,0,0,0,16,0,0
2003,481662,1,1,24,0,4,11,9,15,11,36,21,14
2003,481663,1,1,0,19,0,0,0,25,0,13,0,0
2003,481664,1,1,0,0,0,0,0,3,0,0,0,0
2003,481665,1,1,1,1,1,1,1,1,1,1,1,1
2003,481666,1,1,0,0,0,0,0,0,4,0,0,0
2003,481666,2,1,0,0,0,0,0,0,0,0,0,0
2003,481667,1,1,0,0,0,0,0,0,0,0,0,0
2003,481667,2,1,0,0,0,0,0,0,0,0,0,0
2003,481668,1,1,8,0,0,8,0,0,0,0,0,0
2003,481668,2,1,0,0,0,0,0,0,0,0,13,0
2003,481669,1,1,10,12,11,0,0,0,8,20,0,23
2003,481670,0,1,22,0,0,2,10,8,0,15,17,0
2003,481671,1,1,0,0,0,0,0,0,0,0,0,0
2003,481671,2,1,0,0,0,0,0,0,0,0,0,0
2003,481671,3,1,0,0,0,0,7,0,0,0,0,0
2003,481671,4,1,0,0,0,15,0,9,0,0,0,0
2003,481672,0,1,16,16,16,16,16,16,16,16,16,16
2003,481672,1,1,17,0,0,26,17,0,0,0,0,0
2003,481673,0,1,24,24,24,24,24,24,24,24,24,24
2003,481673,1,1,9,9,9,9,9,9,9,9,9,9
2003,481674,0,1,0,0,0,0,0,0,0,0,17,0
2003,481674,0,2,0,0,3,0,0,0,0,0,0,0
2003,481674,1,1,0,0,0,0,0,0,20,0,0,0
2003,481675,0,1,11,11,11,11,11,11,11,11,11,11
2003,481675,1,1,0,0,0,0,0,0,0,0,16,0
2003,481676,1,1,21,21,21,21,21,21,21,21,21,21
2003,481676,2,1,0,0,0,0,0,0,0,0,0,0
2003,481677,1,1,0,0,17,0,0,0,8,0,0,0
2003,481677,2,1,0,23,0,0,0,1,0,11,0,8
2003,481677,3,1,19,0,0,15,0,0,0,0,5,0
2003,481678,1,1,24,24,24,24,24,24,24,24,24,24
2003,481679,1,1,0,0,0,0,0,0,0,0,4,0
2003,481680,1,1,16,16,16,16,16,16,16,16,16,16
2003,481680,2,1,0,0,0,0,0,0,0,0,0,0
2003,481681,0,1,26,26,26,26,26,26,26,26,26,26
2003,481681,1,1,4,0,0,0,9,0,0,0,0,0
2003,481682,1,1,0,0,0,0,0,0,0,0,0,16
2003,481682,2,1,0,20,0,0,0,15,0,0,0,0
2003,481683,1,1,0,11,0,13,0,0,26,41,21,12
2003,481684,1,1,0,0,0,0,0,0,0,0,0,0
2003,481684,2,1,0,0,0,0,0,0,0,0,0,0
2003,481684,3,1,0,0,0,0,0,0,0,0,0,0
2003,481685,1,1,0,0,0,0,0,0,0,0,0,0
2003,481686,1,1,7,7,19,0,0,27,0,0,12,12
2003,481687,1,1,0,0,0,12,0,10,0,0,0,0
2003,481688,1,1,0,0,0,0,0,0,0,0,0,0
2003,481689,1,1,0,0,0,0,13,0,0,0,0,0
2003,481689,2,1,0,0,0,0,0,0,0,0,0,0
2003,481690,1,1,0,0,21,0,25,12,9,4,0,0
2003,481691,1,1,0,0,0,0,0,0,0,0,0,0
2003,481691,2,1,0,0,0,0,0,0,0,0,0,0
2003,481692,1,1,14,14,14,14,14,14,14,14,14,14
2003,481692,2,1,0,0,0,0,0,0,0,0,0,0
2003,481692,3,1,0,0,0,0,0,0,0,0,0,0
2003,481692,4,1,0,0,0,0,0,0,0,0,0,0
2003,481693,1,1,0,19,0,0,0,0,0,0,0,0
2003,481693,2,1,0,0,0,31,0,0,0,0,0,0
2003,481694,1,1,0,0,0,0,0,0,0,0,0,0
2003,481695,1,1,14,12,24,0,0,0,0,23,13,7
2003,481695,2,1,0,0,0,0,0,0,16,0,0,0
2003,481696,0,1,29,12,26,0,9,0,0,0,0,0
2003,481696,1,1,0,0,0,2,0,0,0,0,0,0
2003,481697,1,1,0,0,0,0,0,0,0,0,0,0
2003,481697,2,1,0,0,0,0,0,0,0,6,0,0
2003,481698,0,1,24,24,15,36,34,17,4,24,17,34
2003,481698,1,1,0,0,0,0,0,0,0,0,0,0
2003,481699,1,1,0,0,0,0,0,0,0,0,0,0
2003,481699,2,1,0,0,0,0,0,0,0,0,0,0
2003,481700,1,1,0,0,0,0,9,0,0,0,0,0
2003,481700,2,1,0,0,0,0,0,0,0,0,0,0
2003,481701,1,1,0,0,0,0,0,0,0,0,0,0
2003,481702,1,1,0,0,0,0,0,0,0,0,0,0
2003,481702,2,1,0,0,0,0,0,0,0,0,0,0
2003,481703,1,1,0,12,0,12,0,0,0,0,0,0
2003,481703,2,1,0,0,0,0,0,0,0,0,0,0
2003,481704,1,1,0,0,0,0,0,0,0,0,0,0
2003,481704,2,1,0,0,0,0,0,0,0,0,0,0
2003,481705,1,1,0,0,0,0,0,0,0,0,0,0
2003,481705,2,1,0,0,0,6,0,0,0,0,0,0
2003,481706,1,1,0,21,9,19,0,0,0,0,0,16
2003,481707,1,1,0,17,20,35,16,2,0,0,0,25
2003,481708,0,1,11,11,11,11,11,11,11,11,11,11
2003,481708,1,1,12,0,0,0,0,21,42,33,5,27
2003,481709,1,1,6,6,27,21,16,15,24,11,15,24
2003,481710,1,1,1,1,1,1,1,1,1,1,1,1
2003,481711,1,1,32,32,32,32,32,32,32,32,32,32
2003,481712,1,1,32,23,21,30,24,9,16,12,25,38
2003,481713,1,1,18,18,18,18,18,18,18,18,18,18
2003,481714,1,1,0,0,0,0,0,0,0,0,0,0
2003,481714,2,1,0,0,4,0,0,0,0,0,0,0
2003,481714,3,1,0,0,0,0,0,0,0,0,0,0
2003,481714,4,1,0,0,0,0,0,0,0,0,0,0
2003,481714,5,1,0,0,0,0,0,0,0,0,0,0
2003,481715,1,1,21,21,21,21,21,21,21,21,21,21
2003,481716,1,1,14,14,14,14,14,14,14,14,14,14
2003,481716,2,1,0,0,0,0,0,0,6,9,23,13
2003,481717,1,1,31,31,31,31,31,31,31,31,31,31
2003,481717,2,1,0,0,16,28,5,12,0,0,7,17
2003,481718,1,1,11,11,11,11,11,11,11,11,11,11
2003,481718,2,1,0,0,0,0,0,0,13,0,0,0
2003,481719,1,1,0,0,0,5,0,0,0,0,0,0
2003,481719,2,1,0,21,20,0,0,0,28,17,0,0
2003,481720,1,1,22,22,22,22,22,22,22,22,22,22
2003,481721,1,1,0,0,0,0,0,0,0,0,0,0
2003,481721,2,1,0,0,0,0,0,0,0,0,0,0
2003,481722,1,1,21,27,15,11,19,13,0,15,0,23
2003,481723,1,1,0,0,0,0,0,0,0,0,0,0
2003,481724,0,1,0,0,0,0,0,0,0,0,0,0
2003,481724,1,1,6,0,0,0,0,0,0,0,0,0
2003,481725,1,1,0,0,0,0,0,13,0,0,0,0
2003,481726,1,1,0,0,0,0,0,0,0,0,0,0
2003,481727,1,1,0,0,0,0,0,0,0,0,0,0
2003,481727,2,1,0,0,0,0,0,0,0,0,0,0
2003,481728,1,1,0,0,0,0,0,0,0,0,0,24
2003,481728,2,1,0,0,0,0,0,21,0,0,0,0
2003,481729,1,1,0,0,0,0,0,0,0,0,0,0
2003,481729,2,1,0,0,0,0,0,0,0,0,0,0
2003,481730,1,1,24,24,24,24,24,24,24,24,24,24
2003,481731,1,1,11,0,0,0,0,14,0,0,18,0
2003,481731,2,1,0,0,0,0,0,0,0,0,0,0
2003,481732,0,1,0,0,0,0,0,0,0,19,0,0
2003,481732,1,1,0,0,0,0,0,0,0,0,0,0
2003,481733,1,1,22,22,22,22,22,22,22,22,22,22
2003,481734,1,1,0,0,6,0,14,0,0,0,0,13
2003,481735,1,1,22,22,22,22,22,22,22,22,22,22
2003,481736,1,1,0,0,0,0,0,0,0,0,0,8
2003,481736,2,1,0,0,0,0,0,0,0,0,0,0
2003,481737,0,1,14,14,14,14,14,14,14,14,14,14
2003,481737,1,1,0,0,0,0,0,0,0,7,0,0
2003,481738,1,1,26,26,26,26,26,26,26,26,26,26
2003,481739,1,1,0,0,0,0,0,0,0,0,0,0
2003,481739,2,1,0,0,0,0,0,0,0,0,0,0
2003,481740,1,1,0,0,19,0,0,0,0,0,11,0
2003,481741,1,1,0,0,0,0,25,0,0,0,0,31
2003,481741,2,1,0,0,0,0,0,0,0,0,0,0
2003,481742,1,1,20,14,0,15,20,0,0,19,0,16
2003,481743,0,1,0,0,0,0,0,33,10,0,0,26
2003,481743,1,1,14,0,0,0,0,0,0,0,0,0
2003,481744,1,1,0,0,0,0,0,0,0,0,0,0
2003,481744,2,1,0,0,0,0,0,0,0,0,0,0
2003,481745,1,1,0,0,0,0,0,0,0,0,0,0
2003,481745,2,1,0,0,0,0,0,0,0,0,0,0
2003,481746,0,1,0,0,0,0,0,0,0,0,0,0
2003,481746,1,1,0,11,0,0,0,0,13,0,0,0
2003,481747,1,1,0,0,0,0,0,0,0,0,0,0
2003,481748,1,1,21,21,21,21,21,21,21,21,21,21
2003,481749,1,1,0,0,0,0,0,0,0,0,0,0
2003,481750,0,1,0,0,0,0,0,0,0,0,0,0
2003,481750,1,1,0,0,0,0,0,0,0,0,6,0
2003,481751,1,1,0,0,0,0,0,0,0,0,10,0
2003,481751,2,1,0,0,0,0,0,0,0,0,0,0
2003,481751,3,1,0,0,0,0,0,0,0,0,0,0
2003,481752,1,1,0,0,0,0,0,0,0,0,0,0
2003,481752,2,1,0,0,0,0,0,0,0,0,0,0
2003,481753,1,1,0,0,0,0,0,0,0,0,0,0
2003,481754,1,1,0,0,0,0,0,0,0,29,0,0
2003,481755,1,1,8,8,8,8,8,8,8,8,8,8
2003,481755,2,1,10,0,0,0,0,0,0,0,0,0
2003,481756,1,1,0,0,0,0,11,6,0,0,14,0
2003,481757,1,1,0,0,0,0,0,0,0,11,0,0
2003,481757,2,1,4,0,0,0,0,0,0,0,0,0
2003,481758,1,1,0,0,0,0,0,0,0,0,0,0
2003,481758,2,1,0,0,0,0,0,0,0,0,0,0
2003,481759,1,1,4,0,7,9,0,0,0,0,14,0
2003,481760,1,1,0,0,0,0,0,0,0,0,0,0
2003,481761,1,1,0,0,0,0,0,0,0,0,0,0
2003,481762,1,1,17,17,17,17,17,17,17,17,17,17
2003,481762,2,1,0,0,0,0,0,0,0,0,0,0
2003,481763,1,1,0,0,0,0,0,0,0,0,0,0
2003,481764,1,1,0,0,0,0,0,0,10,0,0,0
2003,481765,1,1,0,20,0,0,0,0,0,0,9,0
2003,481766,1,1,31,30,11,18,9,26,25,4,5,18
2003,481767,1,1,26,0,0,0,0,0,0,8,0,0
2003,481767,2,1,0,0,0,0,0,0,0,0,0,0
2003,481768,1,1,0,0,0,0,0,0,0,0,0,0
2003,481768,2,1,0,0,0,0,0,0,0,14,0,0
2003,481769,1,1,0,0,0,0,0,0,0,0,0,0
2003,481769,2,1,0,0,0,0,0,0,0,0,0,0
2003,481770,0,1,3,3,3,3,3,3,3,3,3,3
2003,481770,1,1,0,0,0,0,0,0,0,0,0,0
2003,481771,1,1,0,0,0,0,0,0,0,0,0,0
2003,481771,2,1,0,0,6,0,0,16,23,0,0,0
2003,481772,0,1,23,23,23,23,23,23,23,23,23,23
2003,481772,1,1,27,18,0,6,11,16,22,18,16,7
2003,481773,1,1,10,10,10,10,10,10,10,10,10,10
2003,481773,2,1,0,0,0,0,0,0,0,0,0,0
2003,481774,0,1,19,19,19,19,19,19,19,19,19,19
2003,481774,1,1,0,0,23,0,13,2,14,0,0,9
2003,481775,1,1,0,0,0,0,0,0,0,0,0,0
2003,481775,2,1,0,0,0,0,0,0,0,0,0,0
2003,481775,3,1,0,0,0,0,14,0,0,0,0,16
2003,481776,1,1,0,0,0,0,0,0,0,0,0,0
2003,481776,2,1,0,0,0,0,0,0,0,0,0,0
2003,481777,1,1,28,28,28,28,28,28,28,28,28,28
2003,481778,1,1,0,0,0,0,0,0,0,0,0,0
2003,481778,2,1,0,0,0,0,0,0,0,0,0,0
2003,481778,3,1,0,0,0,0,0,0,0,16,0,0
2003,481779,1,1,0,20,0,0,52,19,12,0,10,0
2003,481780,1,1,23,16,16,18,13,16,16,13,7,49
2003,481781,1,1,15,11,21,11,15,15,13,12,4,33
2003,481782,1,1,0,0,0,0,0,0,0,0,0,0
2003,481783,1,1,6,29,25,0,7,17,22,22,0,0
2003,481784,0,1,0,0,0,0,0,0,0,0,0,0
2003,481784,1,1,0,0,0,0,0,0,0,0,0,0
2003,481785,1,1,6,6,6,6,6,6,6,6,6,6
2003,481786,1,1,0,6,0,28,24,9,17,25,20,23
2003,481787,1,1,0,0,0,0,0,0,0,0,0,0
2003,481788,0,1,0,0,0,0,0,0,0,0,0,0
2003,481788,1,1,0,0,0,0,0,0,0,0,0,0
2003,481789,1,1,0,0,0,0,0,0,0,0,0,0
2003,481789,2,1,0,0,0,0,0,0,0,0,0,0
2003,481789,3,1,0,0,0,0,0,0,0,0,0,0
2003,481790,1,1,0,0,0,0,0,0,0,0,0,0
2003,481790,2,1,0,0,0,0,0,0,0,0,0,0
2003,481791,1,1,0,0,0,0,0,0,0,0,0,0
2003,481791,2,1,0,0,0,0,0,0,0,0,0,0
2003,481792,1,1,0,0,0,0,0,0,0,0,0,0
2003,481793,1,1,0,0,0,0,0,0,0,0,0,0
2003,481793,2,1,0,0,0,0,0,0,0,0,0,0
2003,481794,1,1,25,25,25,25,25,25,25,25,25,25
2003,481795,1,1,0,0,0,0,0,0,0,0,0,0
2003,481796,1,1,0,0,0,10,15,13,0,0,24,0
2003,481796,2,1,6,0,0,0,0,0,0,0,0,9
2003,481797,1,1,0,0,0,0,0,0,0,0,0,0
2003,481797,2,1,0,0,0,12,0,0,0,0,0,0
2003,481798,1,1,0,0,0,0,0,0,0,0,0,0
2003,481798,2,1,0,0,0,0,0,0,0,0,0,0
2003,481798,3,1,0,0,0,0,0,0,0,0,0,0
2003,481799,1,1,5,5,5,5,5,5,5,5,5,5
2003,481800,0,1,0,0,0,0,0,0,0,0,4,0
2003,481800,1,1,0,0,0,0,0,0,0,0,0,0
2003,481801,1,1,0,0,0,0,0,0,0,0,0,0
2003,481801,2,1,5,5,5,5,5,5,5,5,5,5
2003,481802,1,1,0,0,0,0,0,0,0,0,0,0
2003,481802,2,1,0,0,0,0,0,0,0,0,0,0
2003,481803,1,1,0,0,0,0,0,0,0,0,0,0
2003,481803,2,1,0,0,0,0,0,0,0,0,0,0
2003,481804,1,1,0,0,0,0,0,0,0,0,0,0
2003,481805,0,1,0,0,0,0,0,0,0,0,0,0
2003,481805,1,1,0,0,0,0,0,0,0,0,0,0
2003,481806,1,1,0,0,0,0,0,0,0,0,0,0
2003,481806,2,1,0,0,0,0,0,0,0,0,0,0
2003,481806,3,1,0,0,0,0,0,0,0,0,0,0
2003,481807,1,1,24,24,24,24,24,24,24,24,24,24
2003,481807,2,1,0,0,0,0,0,0,0,0,0,0
2003,481808,1,1,0,0,0,0,0,0,0,0,0,0
2003,481808,2,1,0,0,0,0,0,0,0,0,0,0
2003,481809,1,1,0,0,0,0,0,0,0,0,0,0
2003,481809,2,1,0,0,0,0,0,0,0,0,0,0
2003,481810,1,1,0,0,22,24,9,0,21,26,0,15
2003,481811,1,1,0,0,0,0,0,3,0,0,6,0
2003,481812,1,1,0,0,0,0,0,0,0,0,0,0
2003,481812,2,1,0,0,0,0,0,0,0,0,0,0
2003,481813,1,1,0,0,0,0,0,0,0,0,0,0
2003,481813,2,1,0,0,0,0,0,0,0,0,0,0
2003,481814,1,1,1,1,1,1,1,1,1,1,1,1
2003,481815,1,1,0,0,0,0,0,0,13,12,0,9
2003,481816,1,1,6,0,0,0,0,0,0,0,0,0
2003,481816,2,1,0,0,0,0,0,0,0,0,0,0
2003,481816,3,1,0,0,0,0,0,0,0,0,0,0
2003,481817,1,1,0,0,0,0,0,0,0,0,0,0
2003,481817,2,1,0,0,0,0,0,0,0,0,0,0
2003,481818,1,1,0,0,0,0,0,0,0,0,0,0
2003,481818,2,1,0,0,0,0,0,0,0,0,0,0
2003,481819,1,1,0,0,0,0,0,0,0,0,0,0
2003,481820,1,1,0,0,0,0,0,0,0,0,0,0
2003,481821,1,1,0,0,0,0,0,0,0,0,0,0
2003,481822,1,1,18,18,18,18,18,18,18,18,18,18
2003,481823,0,1,0,0,0,0,0,0,12,0,0,0
2003,481823,1,1,0,0,0,0,0,0,0,0,0,0
2003,481824,1,1,17,17,17,17,17,17,17,17,17,17
2003,481825,1,1,0,0,11,0,0,0,0,0,0,0
2003,481825,3,1,13,13,13,13,13,13,13,13,13,13
2003,481826,0,1,21,21,21,21,21,21,21,21,21,21
2003,481826,1,1,0,0,0,0,0,0,0,0,0,0
2003,481827,1,1,10,10,10,10,10,10,10,10,10,10
2003,481828,1,1,23,23,23,23,23,23,23,23,23,23
2003,481829,1,1,0,0,0,0,0,0,0,0,0,0
2003,481829,2,1,0,0,0,0,0,0,0,0,0,0
2003,481830,1,1,15,14,0,0,24,24,26,20,24,20
2003,481831,1,1,0,12,0,4,14,0,18,3,14,0
2003,481831,2,1,10,7,7,17,0,23,30,13,10,13
2003,481832,1,1,0,0,0,0,0,0,0,0,0,0
2003,481833,1,1,15,0,0,0,0,0,0,0,0,0
2003,481834,1,1,0,0,0,0,0,0,0,0,0,0
2003,481835,1,1,11,11,11,11,11,11,11,11,11,11
2003,481836,1,1,32,32,32,32,32,32,32,32,32,32
2003,481837,1,1,7,0,0,0,0,0,28,0,17,0
2003,481838,1,1,0,0,0,0,0,0,0,0,0,0
2003,481838,2,1,0,0,12,19,7,0,0,0,0,2
2003,481838,3,1,23,0,0,0,0,4,12,0,0,13
2003,481839,1,1,0,0,0,0,0,0,0,0,0,0
2003,481839,2,1,0,0,0,13,0,0,0,0,0,0
2003,481840,1,1,0,0,0,0,0,0,0,0,0,0
2003,481840,2,1,0,0,0,0,0,0,0,0,0,0
2003,481841,1,1,0,0,0,0,0,0,0,0,0,0
2003,481842,1,1,18,0,10,0,0,0,0,0,0,30
2003,481843,0,1,0,0,0,0,0,0,0,0,0,0
2003,481843,1,1,0,13,0,0,0,0,0,0,0,0
2003,481844,1,1,26,16,0,0,0,0,0,16,0,0
2003,481845,1,1,0,0,0,0,0,0,0,0,0,0
2003,481845,2,1,2,2,2,2,2,2,2,2,2,2
2003,481846,1,1,0,0,0,0,0,0,0,0,0,0
2003,481846,2,1,0,0,0,0,0,0,0,0,0,0
2003,481846,3,1,0,0,0,0,0,0,0,0,0,0
2003,481846,4,1,0,0,0,0,0,0,0,0,0,0
2003,481847,1,1,21,14,0,14,0,0,14,6,9,0
2003,481848,1,1,18,18,18,18,18,18,18,18,18,18
2003,481848,2,1,0,10,0,0,16,0,0,0,0,0
2003,481848,3,1,0,0,0,11,0,0,0,0,0,0
2003,481849,1,1,0,0,0,0,0,0,0,0,0,0
2003,481849,2,1,0,0,0,0,0,0,0,0,0,0
2003,481850,1,1,0,0,0,0,0,0,0,0,0,0
2003,481851,1,1,31,0,0,0,19,23,0,25,14,22
2003,481852,1,1,0,0,0,0,0,0,0,0,0,0
2003,481852,2,1,0,0,0,0,0,0,0,0,0,0
2003,481853,1,1,7,7,7,7,7,7,7,7,7,7
2003,481854,1,1,0,26,0,0,0,0,0,0,19,0
2003,481854,2,1,0,17,13,0,0,0,0,0,0,0
2003,481855,1,1,19,19,19,19,19,19,19,19,19,19
2003,481856,1,1,30,30,30,30,30,30,30,30,30,30
2003,481857,1,1,0,33,31,0,0,17,0,0,12,31
2003,481858,1,1,0,0,0,0,0,0,0,0,18,0
2003,481859,1,1,0,0,0,0,0,0,0,0,0,0
2003,481859,2,1,0,0,0,0,0,0,0,0,0,0
2003,481860,1,1,13,11,13,13,6,14,0,0,11,18
2003,481861,1,1,28,28,28,28,28,28,28,28,28,28
2003,481862,1,1,11,11,11,11,11,11,11,11,11,11
2003,481862,2,1,0,0,0,0,0,0,0,0,0,0
2003,481863,1,1,0,0,0,0,25,0,0,0,0,0
2003,481863,2,1,0,0,0,0,0,0,0,0,0,0
2003,481864,1,1,0,0,0,0,0,0,0,0,0,0
2003,481865,1,1,10,10,10,10,10,10,10,10,10,10
2003,481865,2,1,0,0,0,0,0,0,0,0,0,0
2003,481866,1,1,0,0,0,0,0,0,0,0,0,0
2003,481866,2,1,0,0,0,0,0,0,0,0,0,0
2003,481867,1,1,17,17,17,17,17,17,17,17,17,17
2003,481868,0,1,0,0,0,26,15,0,0,0,0,20
2003,481868,1,1,0,0,0,0,0,0,0,0,0,0
2003,481869,0,1,0,0,0,0,10,0,0,0,0,17
2003,481869,1,1,0,0,0,0,19,0,0,0,0,0
2003,481870,1,1,0,0,0,0,0,0,0,0,0,0
2003,481871,1,1,13,13,13,13,13,13,13,13,13,13
2003,481872,0,1,0,0,0,14,0,0,0,0,0,12
2003,481872,1,1,0,0,0,0,0,0,0,0,0,0
2003,481872,2,1,0,0,0,0,0,0,0,0,0,0
2003,481873,1,1,0,3,0,0,3,0,0,0,0,0
2003,481873,2,1,5,5,5,5,5,5,5,5,5,5
2003,481874,1,1,0,0,4,0,13,0,8,24,15,0
2003,481875,1,1,0,0,0,0,0,0,0,0,0,0
2003,481876,1,1,0,0,0,0,0,0,0,0,0,0
2003,481877,1,1,17,0,0,0,24,12,0,0,12,0
2003,481877,2,1,17,17,17,17,17,17,17,17,17,17
2003,481878,1,1,0,0,0,0,0,0,0,0,0,0
2003,481878,2,1,0,0,0,0,0,0,4,0,0,0
2003,481879,1,1,1,1,1,1,1,1,1,1,1,1
2003,481879,2,1,0,0,0,0,0,0,0,0,0,0
2003,481879,3,1,0,0,0,0,0,0,0,0,0,0
2003,481879,4,1,0,0,0,0,0,0,0,0,0,0
2003,481880,1,1,12,14,0,19,17,0,0,0,11,11
2003,481880,2,1,14,0,0,0,10,0,0,0,0,0
2003,481880,3,1,0,0,11,12,0,0,0,15,0,0
2003,481881,1,1,0,0,0,0,0,0,0,0,0,0
2003,481882,1,1,0,0,0,0,0,0,0,0,8,0
2003,481883,1,1,25,25,25,25,25,25,25,25,25,25
2003,481885,1,1,0,18,0,0,0,0,4,0,0,0
2003,481886,1,1,0,0,0,0,0,0,0,0,0,0
2003,481886,2,1,0,0,0,0,0,0,0,0,30,0
2003,481887,1,1,0,0,0,0,0,0,0,0,0,0
2003,481887,2,1,0,0,0,0,0,0,0,16,0,0
2003,481888,1,1,0,0,0,0,0,0,0,0,0,0
2003,481888,2,1,0,0,0,0,0,0,0,4,0,0
2003,481889,1,1,0,0,0,0,0,0,0,0,0,0
2003,481889,2,1,0,9,0,0,0,0,0,0,0,0
2003,481890,1,1,0,0,0,0,0,0,0,0,0,0
2003,481891,1,1,0,0,0,0,0,0,0,0,0,0
2003,481891,2,1,0,0,0,0,0,0,0,0,0,0
2003,481892,1,1,23,23,23,23,23,23,23,23,23,23
2003,481892,2,1,6,0,0,0,0,0,0,0,0,0
2003,481892,3,1,0,0,0,0,0,5,0,0,6,0
2003,481893,1,1,18,0,14,13,17,0,0,0,11,14
2003,481894,1,1,22,22,22,22,22,22,22,22,22,22
2003,481895,1,1,0,0,0,0,9,0,20,0,0,8
2003,481895,2,1,0,0,0,0,0,17,0,0,0,7
2003,481896,1,1,0,0,0,0,0,0,0,0,0,0
2003,481896,2,1,0,6,0,0,0,0,0,0,0,0
2003,481897,1,1,3,3,3,3,3,3,3,3,3,3
2003,481897,2,1,13,2,0,0,0,0,0,15,0,0
2003,481898,0,1,27,0,47,18,0,10,9,14,0,0
2003,481898,1,1,0,0,0,0,0,0,0,0,0,0
2003,481899,1,1,0,0,0,0,24,0,0,0,16,0
2003,481900,0,1,19,19,19,19,19,19,19,19,19,19
2003,481900,1,1,16,0,0,15,0,0,13,18,0,7
2003,481901,1,1,0,0,0,0,0,0,0,0,0,0
2003,481901,2,1,0,0,0,0,0,0,0,0,0,0
2003,481902,1,1,0,0,0,0,17,0,0,0,0,18
2003,481902,2,1,0,0,0,0,0,0,0,0,0,0
2003,481903,0,1,0,0,0,0,0,0,0,0,0,0
2003,481903,1,1,0,0,0,0,0,0,0,0,0,0