YEAR,ST_CASE,veh_no,per_no,P1,P2,P3,P4,P5,P6,P7,P8,P9,P10
2003,481904,1,1,13,13,13,13,13,13,13,13,13,13
2003,481905,1,1,0,0,0,0,0,0,0,0,0,0
2003,481905,2,1,11,2,16,14,17,8,19,14,6,9
2003,481906,0,1,18,27,22,42,20,13,0,54,32,14
2003,481906,1,1,15,0,7,14,17,0,0,0,0,0
2003,481907,0,1,0,0,0,0,0,0,0,3,0,0
2003,481907,1,1,0,0,0,0,0,4,0,0,0,0
2003,481908,1,1,0,0,0,0,0,0,0,0,0,0
2003,481908,2,1,0,0,0,0,0,0,0,0,0,0
2003,481908,3,1,0,0,0,0,0,0,0,0,0,0
2003,481909,1,1,0,0,0,0,0,0,0,0,0,0
2003,481909,2,1,0,0,0,0,0,0,0,0,0,0
2003,481910,1,1,33,33,33,33,33,33,33,33,33,33
2003,481910,2,1,0,0,0,0,0,0,0,0,0,0
2003,481910,3,1,0,0,0,0,8,0,11,0,6,0
2003,481911,1,1,0,0,0,0,0,0,0,0,0,0
2003,481911,2,1,0,13,0,0,0,15,0,0,0,0
2003,481912,1,1,0,0,0,0,0,15,0,0,8,0
2003,481913,1,1,22,2,26,4,8,2,0,17,12,25
2003,481914,1,1,16,16,16,16,16,16,16,16,16,16
2003,481914,2,1,0,6,0,14,17,0,0,16,0,8
2003,481915,1,1,0,0,0,0,0,0,0,0,0,0
2003,481916,1,1,0,0,0,0,10,0,0,0,0,0
2003,481916,2,1,0,0,0,0,0,0,0,0,0,0
2003,481916,3,1,0,0,0,0,0,0,0,0,0,0
2003,481917,1,1,19,0,0,15,20,6,0,25,16,12
2003,481918,0,1,12,15,18,19,0,16,0,0,23,11
2003,481918,1,1,0,0,0,0,0,0,0,0,8,5
2003,481919,1,1,0,14,0,11,0,0,0,0,16,0
2003,481920,1,1,0,0,0,0,0,0,0,0,0,0
2003,481921,1,1,0,0,0,0,0,0,0,0,0,0
2003,481921,2,1,15,0,10,17,8,14,12,10,26,0
2003,481921,3,1,12,12,12,12,12,12,12,12,12,12
2003,481922,1,1,0,0,5,0,14,0,14,0,0,0
2003,481922,2,1,0,0,0,0,13,11,0,10,0,13
2003,481923,1,1,0,0,0,0,0,0,0,0,0,0
2003,481923,2,1,0,0,0,0,0,0,0,0,0,0
2003,481924,1,1,0,0,0,0,0,0,11,0,0,0
2003,481924,2,1,0,0,0,0,0,0,0,0,0,0
2003,481925,1,1,0,0,0,0,0,0,0,0,0,0
2003,481926,0,1,23,23,23,23,23,23,23,23,23,23
2003,481926,1,1,0,0,0,0,0,0,0,0,0,0
2003,481927,1,1,0,0,38,6,21,8,27,21,6,0
2003,481927,2,1,22,31,20,18,19,5,17,10,8,30
2003,481928,1,1,22,22,22,22,22,22,22,22,22,22
2003,481929,1,1,27,27,27,27,27,27,27,27,27,27
2003,481929,2,1,0,0,0,0,0,0,0,0,0,0
2003,481929,3,1,0,24,25,0,11,0,14,0,0,0
2003,481929,4,1,0,16,0,0,0,0,0,0,0,15
2003,481930,0,1,0,0,0,0,0,0,0,0,0,0
2003,481930,1,1,0,0,0,0,0,0,0,0,0,0
2003,481930,2,1,0,0,0,0,0,0,0,0,0,0
2003,481931,1,1,15,15,15,15,15,15,15,15,15,15
2003,481932,0,1,0,0,0,0,0,0,0,0,0,0
2003,481932,1,1,12,12,12,12,12,12,12,12,12,12
2003,481933,1,1,0,0,0,0,0,0,0,0,0,0
2003,481933,2,1,0,0,0,0,0,0,0,0,0,0
2003,481934,1,1,0,0,0,0,0,0,0,0,0,0
2003,481934,2,1,0,0,0,0,0,0,0,0,0,22
2003,481935,1,1,0,0,0,0,0,0,0,0,0,0
2003,481936,1,1,5,5,5,5,5,5,5,5,5,5
2003,481937,1,1,24,0,21,13,0,25,10,18,0,0
2003,481938,1,1,11,0,0,0,0,20,10,0,22,16
2003,481939,1,1,13,20,29,18,15,24,4,15,0,19
2003,481939,2,1,0,0,0,0,0,0,0,0,0,0
2003,481940,1,1,13,13,13,13,13,13,13,13,13,13
2003,481941,1,1,0,0,0,0,0,0,0,0,0,0
2003,481942,1,1,0,0,0,0,0,0,0,0,0,0
2003,481943,1,1,18,18,18,18,18,18,18,18,18,18
2003,481944,1,1,42,42,42,42,42,42,42,42,42,42
2003,481945,1,1,0,0,0,17,0,0,0,0,14,0
2003,481946,1,1,0,0,0,0,0,0,0,0,0,0
2003,481946,2,1,0,0,10,0,0,9,0,0,0,0
2003,481946,3,1,0,20,10,9,0,0,10,0,0,0
2003,481947,0,1,0,0,0,0,0,0,0,0,0,0
2003,481947,1,1,0,0,0,0,3,0,9,0,20,0
2003,481948,1,1,0,0,0,0,0,0,0,0,5,0
2003,481948,2,1,0,0,0,0,0,0,0,0,0,0
2003,481949,1,1,15,15,15,15,15,15,15,15,15,15
2003,481950,1,1,0,0,12,0,0,0,0,0,0,0
2003,481950,2,1,0,0,0,0,0,0,0,0,0,0
2003,481950,3,1,0,0,0,0,0,0,0,0,0,0
2003,481951,1,1,0,0,0,0,5,0,0,0,0,0
2003,481952,1,1,18,18,18,18,18,18,18,18,18,18
2003,481953,1,1,0,7,0,0,0,0,18,0,0,0
2003,481954,1,1,0,0,0,0,0,0,0,21,0,0
2003,481954,2,1,0,0,0,0,0,0,0,0,0,0
2003,481955,1,1,12,0,6,0,20,0,28,0,0,15
2003,481955,2,1,0,0,0,0,6,13,0,0,0,0
2003,481956,1,1,0,0,0,0,0,0,0,0,0,0
2003,481957,1,1,0,0,0,0,0,0,0,0,0,0
2003,481958,1,1,6,6,6,6,6,6,6,6,6,6
2003,481959,1,1,0,0,0,0,23,0,13,25,0,0
2003,481959,2,1,3,3,3,3,3,3,3,3,3,3
2003,481960,0,1,18,18,18,18,18,18,18,18,18,18
2003,481960,1,1,0,0,0,0,0,0,0,0,0,0
2003,481961,1,1,0,9,23,12,17,23,26,19,13,8
2003,481962,1,1,18,18,18,18,18,18,18,18,18,18
2003,481963,1,1,0,0,27,0,0,0,0,0,0,0
2003,481963,2,1,0,0,0,0,0,0,0,0,0,0
2003,481963,3,1,0,12,0,0,0,0,0,0,6,0
2003,481963,4,1,0,0,0,0,0,0,0,0,0,0
2003,481964,1,1,0,0,0,0,0,0,23,0,0,0
2003,481964,2,1,8,0,0,0,0,0,0,0,0,0
2003,481965,1,1,0,0,0,0,0,0,0,0,0,0
2003,481966,1,1,0,0,0,0,0,0,0,0,0,0
2003,481966,2,1,0,0,0,0,0,0,0,0,0,0
2003,481967,1,1,0,0,0,0,0,12,0,0,0,0
2003,481968,1,1,18,0,0,0,0,0,0,0,0,0
2003,481968,2,1,0,0,0,0,0,0,0,0,0,0
2003,481969,0,1,20,20,20,20,20,20,20,20,20,20
2003,481969,1,1,0,0,0,0,0,0,0,0,0,0
2003,481970,1,1,0,0,0,0,0,0,0,19,30,10
2003,481970,2,1,0,0,0,0,0,0,0,0,0,0
2003,481971,1,1,15,0,0,0,0,0,0,0,0,0
2003,481972,1,1,0,0,0,0,0,0,0,0,0,0
2003,481972,2,1,0,0,0,0,0,0,0,0,0,9
2003,481973,1,1,0,0,0,23,0,20,0,0,0,0
2003,481974,1,1,0,0,0,0,0,0,0,0,0,5
2003,481975,1,1,0,17,30,8,11,37,0,0,14,0
2003,481976,1,1,0,0,0,0,0,0,0,0,0,0
2003,481976,2,1,4,0,0,0,0,0,17,0,16,0
2003,481977,1,1,0,0,0,0,0,0,3,0,0,0
2003,481977,2,1,0,0,0,0,0,0,0,0,0,0
2003,481978,1,1,18,18,18,18,18,18,18,18,18,18
2003,481979,1,1,0,0,0,0,0,0,0,0,0,0
2003,481979,2,1,0,0,0,0,0,0,0,0,0,0
2003,481980,1,1,0,0,0,0,0,0,0,0,0,0
2003,481980,2,1,0,0,0,0,0,0,15,0,0,0
2003,481981,1,1,0,8,5,20,11,9,11,20,16,0
2003,481982,0,1,0,0,7,0,52,0,12,0,0,0
2003,481982,0,2,0,12,28,0,0,9,15,0,15,8
2003,481982,0,3,0,0,12,0,14,0,0,0,24,0
2003,481982,0,4,0,0,21,0,25,0,0,0,0,0
2003,481982,0,5,0,0,0,25,4,4,0,0,19,0
2003,481982,0,6,0,0,0,0,12,0,0,16,0,9
2003,481982,1,1,0,0,0,0,0,0,0,0,0,0
2003,481983,1,1,7,7,7,7,7,7,7,7,7,7
2003,481983,2,1,0,0,0,0,0,0,0,0,0,0
2003,481984,1,1,33,33,33,33,33,33,33,33,33,33
2003,481984,2,1,9,0,0,0,0,0,0,0,0,0
2003,481985,1,1,0,0,0,0,0,5,11,21,0,0
2003,481985,2,1,0,0,0,0,0,0,0,16,0,0
2003,481985,3,1,0,0,0,7,9,0,9,13,0,0
2003,481986,1,1,15,15,15,15,15,15,15,15,15,15
2003,481987,1,1,10,10,10,10,10,10,10,10,10,10
2003,481988,1,1,14,14,14,14,14,14,14,14,14,14
2003,481988,2,1,0,0,9,0,0,0,0,0,9,30
2003,481989,1,1,0,0,0,0,0,0,0,0,0,0
2003,481989,2,1,5,6,0,0,0,0,0,9,14,17
2003,481990,0,1,18,19,21,18,17,9,27,32,10,40
2003,481990,1,1,0,0,12,0,0,10,0,0,0,0
2003,481991,1,1,13,13,13,13,13,13,13,13,13,13
2003,481992,1,1,0,0,0,0,0,0,0,0,0,0
2003,481992,2,1,0,0,0,0,0,0,0,0,0,0
2003,481993,1,1,0,0,0,0,0,0,0,0,0,0
2003,481993,2,1,0,0,0,14,0,0,0,0,0,0
2003,481994,0,1,0,0,0,0,0,0,0,0,0,0
2003,481994,1,1,0,0,0,0,0,0,0,0,0,0
2003,481995,1,1,0,0,0,0,0,0,0,0,0,0
2003,481995,2,1,0,0,0,0,0,0,0,0,0,0
2003,481996,0,1,18,29,52,0,0,0,0,0,0,0
2003,481996,1,1,0,0,0,0,0,0,0,0,0,0
2003,481997,1,1,0,4,6,0,0,0,0,0,0,0
2003,481997,2,1,0,6,0,24,0,0,0,0,0,0
2003,481998,1,1,0,0,0,0,0,0,0,0,0,0
2003,481998,2,1,0,0,0,0,0,0,0,0,0,0
2003,481999,1,1,0,0,0,0,0,16,0,0,0,0
2003,481999,2,1,0,0,0,0,0,0,0,0,0,0
2003,482000,1,1,34,30,16,0,17,24,21,32,20,28
2003,482001,1,1,0,0,0,0,0,0,0,0,0,0
2003,482001,2,1,0,0,0,0,0,0,0,0,0,0
2003,482002,0,1,0,17,0,23,7,0,0,0,0,22
2003,482002,1,1,0,0,11,0,0,0,0,0,0,0
2003,482003,1,1,0,0,0,0,0,0,0,4,0,0
2003,482004,1,1,11,0,0,0,0,0,0,0,0,0
2003,482005,1,1,0,0,0,7,0,0,8,0,0,0
2003,482006,1,1,24,24,24,24,24,24,24,24,24,24
2003,482007,0,1,20,20,20,20,20,20,20,20,20,20
2003,482007,1,1,23,0,0,0,0,0,0,0,0,11
2003,482008,1,1,0,0,0,0,0,0,0,0,0,0
2003,482008,2,1,0,0,0,0,0,0,0,0,0,4
2003,482009,0,1,0,0,0,0,0,0,0,0,0,0
2003,482009,1,1,0,0,0,0,0,5,0,0,0,0
2003,482010,1,1,0,0,0,0,0,0,0,0,0,0
2003,482011,1,1,12,17,15,25,23,14,14,21,15,28
2003,482012,1,1,22,22,22,22,22,22,22,22,22,22
2003,482013,1,1,0,0,0,1,0,0,17,0,0,0
2003,482013,2,1,0,0,0,0,0,0,0,0,0,0
2003,482014,1,1,0,0,0,0,0,0,0,0,0,0
2003,482014,2,1,0,0,0,0,0,0,4,0,0,0
2003,482015,1,1,28,28,28,28,28,28,28,28,28,28
2003,482015,2,1,10,17,4,0,0,0,8,24,0,0
2003,482015,3,1,0,0,0,0,0,0,0,0,0,0
2003,482016,0,1,0,0,0,21,0,0,0,0,25,0
2003,482016,1,1,0,0,0,0,0,0,0,0,0,0
2003,482017,1,1,15,15,15,15,15,15,15,15,15,15
2003,482017,2,1,0,0,0,0,0,0,0,0,0,0
2003,482018,1,1,0,0,0,0,0,0,0,0,0,0
2003,482018,2,1,0,0,0,0,0,0,0,0,25,0
2003,482018,3,1,12,12,12,12,12,12,12,12,12,12
2003,482019,0,1,3,0,44,0,17,0,12,0,0,0
2003,482019,1,1,5,0,0,0,0,0,0,0,0,0
2003,482020,1,1,0,0,0,0,0,0,0,0,0,0
2003,482020,2,1,0,0,0,0,0,0,0,0,0,0
2003,482021,1,1,0,0,7,0,0,0,0,0,20,0
2003,482021,2,1,0,0,0,0,0,0,0,0,0,0
2003,482022,1,1,14,14,14,14,14,14,14,14,14,14
2003,482023,0,1,37,37,37,37,37,37,37,37,37,37
2003,482023,1,1,20,12,19,0,0,0,11,0,0,0
2003,482024,1,1,0,0,12,0,0,0,0,28,0,0
2003,482024,2,1,0,0,0,0,0,0,0,0,0,0
2003,482025,1,1,0,0,0,0,0,0,0,0,0,0
2003,482026,1,1,0,0,0,0,0,0,0,0,0,0
2003,482026,2,1,0,0,0,0,0,0,0,0,0,0
2003,482027,1,1,14,14,14,14,14,14,14,14,14,14
2003,482027,2,1,0,0,0,0,0,0,0,7,0,0
2003,482027,3,1,0,0,0,0,0,0,10,0,0,0
2003,482027,4,1,0,0,0,12,0,0,0,0,7,0
2003,482028,0,1,31,18,19,0,19,21,18,33,0,0
2003,482028,1,1,20,0,18,0,0,0,25,0,0,24
2003,482028,2,1,11,0,12,7,15,12,0,0,17,8
2003,482029,1,1,18,18,18,18,18,18,18,18,18,18
2003,482030,0,1,41,41,41,41,41,41,41,41,41,41
2003,482030,1,1,0,0,0,0,0,0,0,0,0,0
2003,482031,1,1,4,4,4,4,4,4,4,4,4,4
2003,482032,1,1,5,5,5,5,5,5,5,5,5,5
2003,482032,2,1,0,0,0,0,0,0,0,0,0,9
2003,482033,0,1,0,0,0,0,23,23,0,0,0,0
2003,482033,1,1,0,0,0,0,0,0,0,21,0,0
2003,482034,1,1,0,0,0,0,0,0,0,0,0,9
2003,482035,1,1,19,19,19,19,19,19,19,19,19,19
2003,482035,2,1,1,1,1,1,1,1,1,1,1,1
2003,482036,1,1,0,0,0,0,0,0,0,0,0,0
2003,482036,2,1,6,6,6,6,6,6,6,6,6,6
2003,482037,1,1,17,7,0,0,8,0,9,0,9,13
2003,482037,2,1,0,0,0,0,0,0,0,0,0,0
2003,482038,1,1,4,4,4,4,4,4,4,4,4,4
2003,482039,1,1,15,0,30,18,43,37,0,0,18,0
2003,482040,1,1,0,0,0,0,0,0,0,0,0,0
2003,482040,2,1,0,0,0,0,0,0,0,0,0,0
2003,482040,3,1,0,0,0,0,0,0,0,0,0,0
2003,482041,0,1,20,20,20,20,20,20,20,20,20,20
2003,482041,1,1,0,0,0,0,0,0,0,0,0,0
2003,482042,1,1,9,9,9,9,9,9,9,9,9,9
2003,482043,1,1,0,0,0,0,0,0,4,0,0,0
2003,482043,2,1,21,0,0,16,9,0,0,0,20,10
2003,482044,1,1,0,0,0,0,0,0,0,0,0,0
2003,482044,2,1,0,0,0,0,0,0,0,0,0,0
2003,482044,3,1,0,0,0,0,0,0,0,0,0,0
2003,482045,1,1,0,0,0,0,0,0,0,0,0,0
2003,482045,2,1,0,0,0,0,0,0,0,0,0,0
2003,482046,1,1,27,27,27,27,27,27,27,27,27,27
2003,482047,1,1,0,0,0,0,0,0,0,0,0,0
2003,482047,2,1,0,0,0,0,0,0,0,0,0,0
2003,482047,3,1,0,0,0,0,0,0,0,0,0,0
2003,482048,1,1,0,11,0,0,0,10,0,0,0,0
2003,482049,1,1,0,0,0,0,0,0,0,0,0,0
2003,482049,2,1,0,0,0,0,0,0,0,11,0,0
2003,482050,0,1,0,26,0,0,0,0,0,0,0,0
2003,482050,1,1,0,0,0,0,0,0,0,0,0,0
2003,482051,1,1,14,0,0,12,11,14,0,0,0,24
2003,482052,1,1,17,11,26,20,8,33,5,22,15,13
2003,482053,1,1,0,0,0,0,0,0,0,0,0,0
2003,482053,2,1,0,0,0,0,0,10,0,0,0,0
2003,482053,3,1,0,15,0,0,0,0,0,0,0,0
2003,482054,1,1,22,22,22,22,22,22,22,22,22,22
2003,482055,1,1,0,0,0,0,0,0,0,0,0,0
2003,482055,2,1,0,0,0,0,0,0,0,0,0,0
2003,482056,1,1,9,9,9,9,9,9,9,9,9,9
2003,482057,0,1,9,9,9,9,9,9,9,9,9,9
2003,482057,1,1,0,0,0,0,0,20,0,0,0,0
2003,482058,1,1,0,0,0,0,0,0,0,0,0,0
2003,482058,2,1,0,0,0,0,0,0,0,0,23,0
2003,482059,1,1,0,0,0,0,0,0,0,0,0,0
2003,482060,1,1,0,0,0,0,0,0,0,0,0,0
2003,482060,2,1,0,0,0,0,0,0,0,6,15,0
2003,482061,1,1,0,0,0,0,0,0,0,0,0,0
2003,482061,2,1,0,0,0,0,0,0,0,0,0,0
2003,482062,1,1,0,0,0,0,0,0,0,0,0,0
2003,482062,2,1,0,0,0,0,0,0,0,0,0,0
2003,482062,3,1,0,0,0,0,0,0,0,0,0,0
2003,482063,1,1,11,11,11,11,11,11,11,11,11,11
2003,482064,1,1,0,0,0,0,0,0,0,0,0,0
2003,482064,2,1,0,0,11,0,0,0,0,0,11,0
2003,482065,0,1,9,0,0,0,36,0,0,0,10,0
2003,482065,1,1,21,0,0,0,0,0,0,0,0,0
2003,482066,1,1,0,0,0,0,0,0,0,0,0,0
2003,482066,2,1,0,0,0,0,22,0,0,0,0,0
2003,482067,1,1,12,0,0,0,0,0,0,0,0,0
2003,482068,1,1,0,0,0,0,0,0,0,0,0,0
2003,482068,2,1,0,0,0,0,0,0,0,0,0,0
2003,482069,1,1,0,4,0,10,0,0,11,18,40,0
2003,482069,2,1,9,7,0,0,0,0,5,9,9,21
2003,482070,1,1,12,0,11,0,0,13,11,0,12,0
2003,482070,2,1,0,0,0,0,0,0,0,0,0,0
2003,482071,1,1,12,12,12,12,12,12,12,12,12,12
2003,482072,0,1,25,25,25,25,25,25,25,25,25,25
2003,482072,1,1,19,19,19,19,19,19,19,19,19,19
2003,482073,1,1,0,0,0,0,0,0,0,0,0,0
2003,482073,2,1,0,0,0,0,0,0,0,0,0,0
2003,482074,1,1,24,24,24,24,24,24,24,24,24,24
2003,482075,1,1,17,17,17,17,17,17,17,17,17,17
2003,482075,2,1,14,14,14,14,14,14,14,14,14,14
2003,482076,1,1,4,4,4,4,4,4,4,4,4,4
2003,482077,0,1,25,9,0,0,0,0,20,0,0,0
2003,482077,1,1,19,19,19,19,19,19,19,19,19,19
2003,482078,1,1,0,0,17,0,16,0,0,0,0,8
2003,482079,1,1,19,19,19,19,19,19,19,19,19,19
2003,482080,0,1,29,29,29,29,29,29,29,29,29,29
2003,482080,1,1,0,0,0,0,0,0,0,0,0,0
2003,482081,0,1,0,0,0,0,0,0,0,0,0,0
2003,482081,1,1,0,0,0,0,0,0,0,0,0,0
2003,482082,1,1,0,0,0,0,0,0,0,0,0,0
2003,482082,2,1,0,0,0,0,0,0,0,0,0,0
2003,482083,1,1,25,10,17,16,13,21,20,0,14,24
2003,482084,0,1,15,0,10,0,0,0,0,23,41,32
2003,482084,1,1,5,0,0,0,0,0,0,0,0,0
2003,482085,1,1,0,0,0,0,0,0,0,0,0,0
2003,482085,2,1,0,0,0,0,0,2,0,7,0,0
2003,482085,3,1,0,0,0,0,0,0,0,18,0,0
2003,482086,1,1,9,9,9,9,9,9,9,9,9,9
2003,482086,2,1,0,0,0,0,0,0,0,0,0,0
2003,482087,1,1,1,1,1,1,1,1,1,1,1,1
2003,482088,1,1,0,0,7,0,0,0,0,20,0,0
2003,482089,1,1,0,0,0,11,0,0,18,0,0,0
2003,482090,1,1,9,9,9,9,9,9,9,9,9,9
2003,482091,1,1,9,19,9,14,15,13,0,0,0,0
2003,482092,1,1,0,0,0,0,0,0,0,0,0,0
2003,482092,2,1,0,0,0,0,0,0,0,0,0,0
2003,482093,1,1,0,0,0,0,0,0,0,0,0,0
2003,482094,1,1,0,0,0,0,0,0,0,0,0,0
2003,482095,1,1,0,0,0,0,0,9,0,0,0,0
2003,482095,2,1,12,12,12,12,12,12,12,12,12,12
2003,482096,1,1,15,15,15,15,15,15,15,15,15,15
2003,482097,1,1,0,0,0,0,0,0,0,0,0,0
2003,482098,0,1,17,17,17,17,17,17,17,17,17,17
2003,482098,1,1,14,14,14,14,14,14,14,14,14,14
2003,482099,1,1,30,0,0,0,20,9,15,25,22,21
2003,482100,1,1,0,0,0,0,0,0,0,0,0,0
2003,482101,1,1,0,0,0,0,0,0,0,0,0,0
2003,482101,2,1,0,0,0,0,0,0,0,0,0,0
2003,482101,3,1,0,0,0,0,0,0,0,0,0,0
2003,482102,1,1,0,0,0,0,0,0,5,26,0,0
2003,482103,1,1,14,14,14,14,14,14,14,14,14,14
2003,482104,1,1,0,0,0,0,0,0,25,0,0,4
2003,482105,0,1,0,0,0,0,0,0,0,0,0,0
2003,482105,1,1,3,0,0,0,0,0,0,0,0,0
2003,482106,1,1,0,0,0,0,0,0,0,0,0,0
2003,482106,2,1,0,0,0,0,0,0,0,0,0,0
2003,482106,3,1,0,0,0,0,0,0,0,0,0,0
2003,482106,4,1,0,0,0,0,0,0,0,0,0,0
2003,482107,1,1,0,0,0,0,17,22,21,6,0,0
2003,482107,2,1,0,0,0,0,0,0,0,0,0,0
2003,482108,1,1,0,0,0,0,0,0,0,0,0,0
2003,482108,2,1,8,8,8,8,8,8,8,8,8,8
2003,482109,0,1,29,30,35,18,0,29,34,24,0,0
2003,482109,1,1,0,0,0,5,18,17,0,0,0,0
2003,482110,0,1,21,21,21,21,21,21,21,21,21,21
2003,482110,1,1,0,0,16,0,0,16,0,0,0,0
2003,482111,1,1,0,0,0,0,0,0,0,8,0,0
2003,482111,2,1,0,0,0,0,0,0,8,0,0,0
2003,482112,1,1,0,0,0,0,0,0,0,0,0,0
2003,482113,1,1,0,0,0,0,0,0,0,0,0,0
2003,482114,1,1,9,9,9,9,9,9,9,9,9,9
2003,482114,2,1,0,0,10,0,9,0,0,0,0,0
2003,482115,1,1,6,3,7,16,7,7,14,19,17,21
2003,482115,2,1,8,0,0,10,0,13,0,21,0,0
2003,482116,0,1,0,0,0,0,0,0,0,0,0,0
2003,482116,1,1,0,0,0,0,0,0,0,11,0,0
2003,482117,1,1,0,17,0,0,0,0,0,0,0,0
2003,482118,1,1,0,0,0,0,0,0,21,0,23,0
2003,482118,2,1,0,0,0,0,0,0,0,0,0,0
2003,482119,1,1,6,6,6,6,6,6,6,6,6,6
2003,482120,1,1,24,24,24,24,24,24,24,24,24,24
2003,482121,1,1,14,14,14,14,14,14,14,14,14,14
2003,482122,1,1,0,0,0,0,0,0,0,0,0,0
2003,482122,2,1,0,0,0,0,0,0,0,0,0,0
2003,482122,3,1,12,0,0,0,0,0,0,0,0,0
2003,482123,1,1,0,0,0,0,0,0,0,0,0,0
2003,482124,1,1,12,0,0,0,0,0,14,12,0,0
2003,482124,2,1,0,0,0,0,0,0,0,0,0,0
2003,482125,1,1,0,0,0,0,0,0,0,0,0,0
2003,482125,2,1,0,0,0,0,12,0,0,0,0,0
2003,482126,0,1,0,0,0,13,0,22,0,3,0,0
2003,482126,0,2,9,12,16,0,0,0,0,0,0,0
2003,482126,1,1,0,0,0,0,0,0,0,0,0,0
2003,482127,1,1,12,12,12,12,12,12,12,12,12,12
2003,482128,1,1,0,0,0,0,0,0,0,0,0,0
2003,482128,2,1,0,0,0,0,0,0,0,0,0,0
2003,482129,1,1,0,22,0,0,0,22,0,0,0,0
2003,482130,1,1,1,1,1,1,1,1,1,1,1,1
2003,482130,2,1,0,0,0,0,0,0,0,0,0,0
2003,482131,1,1,14,14,14,14,14,14,14,14,14,14
2003,482132,1,1,25,25,25,25,25,25,25,25,25,25
2003,482133,1,1,18,0,14,15,0,2,5,0,0,9
2003,482133,2,1,0,0,0,0,0,0,0,14,0,0
2003,482134,1,1,16,0,25,12,10,13,7,20,12,9
2003,482135,1,1,9,0,27,15,0,14,22,0,0,0
2003,482135,2,1,0,0,0,0,0,0,0,0,0,0
2003,482136,1,1,0,0,0,24,0,0,0,0,30,0
2003,482136,2,1,0,3,22,0,10,14,26,0,0,0
2003,482136,3,1,0,0,0,0,0,0,0,0,0,0
2003,482136,4,1,0,27,0,9,0,0,0,14,0,0
2003,482137,1,1,9,19,25,17,7,25,17,18,20,19
2003,482138,1,1,0,16,0,0,0,0,0,18,36,0
2003,482139,1,1,0,8,0,0,0,9,17,15,0,15
2003,482140,1,1,29,0,9,0,0,0,0,0,9,0
2003,482140,2,1,0,0,0,0,0,0,0,0,0,0
2003,482141,1,1,0,0,0,0,0,0,0,0,0,0
2003,482141,2,1,0,0,0,0,0,0,0,0,0,0
2003,482142,1,1,0,0,0,0,0,0,0,0,13,0
2003,482142,2,1,7,7,7,7,7,7,7,7,7,7
2003,482143,1,1,16,16,16,16,16,16,16,16,16,16
2003,482143,2,1,0,0,0,0,0,0,0,0,0,0
2003,482143,3,1,0,0,0,0,0,0,0,11,0,0
2003,482144,1,1,26,26,26,26,26,26,26,26,26,26
2003,482144,2,1,0,0,0,0,0,0,0,0,0,0
2003,482145,1,1,0,0,0,0,0,0,0,0,0,0
2003,482146,1,1,0,14,0,0,14,0,0,0,0,0
2003,482146,2,1,0,0,0,0,0,0,0,0,0,0
2003,482147,1,1,20,4,6,7,2,7,20,20,11,0
2003,482148,1,1,0,0,0,0,0,0,0,0,0,0
2003,482148,2,1,0,0,0,17,0,7,17,0,22,28
2003,482149,1,1,11,11,11,11,11,11,11,11,11,11
2003,482150,1,1,0,0,0,0,0,0,0,0,0,9
2003,482150,2,1,0,0,0,0,0,0,0,0,0,6
2003,482151,1,1,16,16,16,16,16,16,16,16,16,16
2003,482152,1,1,0,0,0,0,0,12,0,0,20,0
2003,482153,0,1,31,0,34,26,2,26,0,0,24,28
2003,482153,1,1,0,0,14,0,0,0,16,0,0,0
2003,482154,1,1,0,0,0,0,0,0,0,0,0,0
2003,482154,2,1,0,0,0,0,0,0,0,0,0,0
2003,482155,1,1,0,9,0,0,0,0,0,0,0,0
2003,482155,2,1,0,29,0,0,0,0,0,17,0,0
2003,482155,3,1,0,0,0,0,0,0,7,0,0,0
2003,482156,1,1,0,0,0,0,0,0,0,0,0,0
2003,482156,2,1,0,0,0,0,0,0,0,0,0,0
2003,482157,0,1,0,39,26,12,32,17,10,0,0,20
2003,482157,1,1,0,0,0,0,0,0,0,0,8,0
2003,482158,1,1,27,27,27,27,27,27,27,27,27,27
2003,482158,2,1,0,0,0,0,6,0,0,0,0,0
2003,482159,1,1,9,25,17,18,10,10,10,26,16,27
2003,482160,1,1,0,0,0,14,0,0,0,0,0,0
2003,482160,2,1,0,0,0,0,0,0,0,0,0,0
2003,482161,1,1,0,0,0,0,0,0,0,0,0,0
2003,482162,1,1,0,0,0,0,0,0,0,0,0,0
2003,482162,2,1,0,0,0,0,0,0,0,0,19,0
2003,482162,3,1,0,0,0,0,0,0,0,0,0,0
2003,482163,0,1,0,0,0,0,0,0,0,0,0,0
2003,482163,1,1,0,0,0,12,0,0,0,0,0,0
2003,482164,1,1,24,24,24,24,24,24,24,24,24,24
2003,482165,1,1,0,0,0,0,0,0,20,0,0,0
2003,482165,2,1,0,0,0,0,0,20,0,0,0,10