YEAR,ST_CASE,veh_no,per_no,P1,P2,P3,P4,P5,P6,P7,P8,P9,P10
2003,482433,0,2,0,0,0,0,0,0,0,0,0,0
2003,482433,0,3,23,0,0,0,0,0,0,10,0,0
2003,482433,0,4,23,0,23,0,0,0,0,0,0,0
2003,482433,0,5,0,0,35,0,0,0,0,0,0,0
2003,482433,0,6,0,0,0,0,0,0,0,6,10,0
2003,482433,0,7,11,0,0,0,0,4,0,0,11,21
2003,482433,1,1,12,12,12,12,12,12,12,12,12,12
2003,482434,0,1,0,0,0,0,0,0,0,0,0,0
2003,482434,1,1,0,0,0,0,0,0,0,0,0,0
2003,482434,2,1,0,0,0,0,0,0,0,0,0,0
2003,482435,1,1,0,0,0,18,0,0,0,0,0,0
2003,482435,2,1,0,0,0,0,0,0,0,0,0,0
2003,482436,1,1,6,0,5,17,18,16,0,0,18,14
2003,482437,1,1,10,0,0,0,0,0,0,0,0,10
2003,482437,2,1,0,0,0,0,0,0,0,0,0,0
2003,482438,0,1,17,17,17,17,17,17,17,17,17,17
2003,482438,2,1,18,18,18,18,18,18,18,18,18,18
2003,482439,1,1,0,0,0,0,0,0,0,0,0,0
2003,482439,2,1,0,0,0,0,0,0,0,0,0,0
2003,482440,1,1,15,15,15,15,15,15,15,15,15,15
2003,482441,0,1,19,19,19,19,19,19,19,19,19,19
2003,482441,1,1,0,11,0,0,0,0,0,0,0,12
2003,482442,1,1,8,8,8,8,8,8,8,8,8,8
2003,482443,1,1,5,5,5,5,5,5,5,5,5,5
2003,482444,1,1,0,0,0,12,0,0,0,0,5,10
2003,482444,2,1,0,0,0,4,0,0,0,0,0,0
2003,482445,1,1,0,0,0,0,0,0,0,0,0,0
2003,482445,2,1,0,0,0,0,0,0,0,0,0,0
2003,482446,1,1,0,0,0,0,0,0,0,0,0,0
2003,482447,1,1,21,21,21,21,21,21,21,21,21,21
2003,482448,1,1,10,0,0,0,0,0,0,0,0,0
2003,482449,1,1,12,4,23,25,25,10,29,4,0,14
2003,482449,2,1,0,0,0,0,0,0,0,0,5,0
2003,482450,1,1,15,15,15,15,15,15,15,15,15,15
2003,482450,2,1,15,23,26,19,36,0,9,26,0,10
2003,482451,1,1,19,0,0,0,0,0,26,0,16,0
2003,482451,2,1,20,7,0,11,0,0,26,9,0,0
2003,482452,1,1,0,0,0,0,0,0,0,0,0,0
2003,482453,1,1,0,0,0,0,0,0,0,0,0,0
2003,482453,2,1,0,0,0,0,0,0,0,0,0,0
2003,482454,1,1,0,0,0,0,0,0,0,0,0,0
2003,482455,1,1,0,0,0,0,0,0,0,0,0,0
2003,482456,0,1,0,0,0,0,0,0,0,0,0,0
2003,482456,1,1,0,0,0,0,0,0,0,0,5,0
2003,482457,1,1,4,4,4,4,4,4,4,4,4,4
2003,482457,2,1,0,0,0,0,0,0,0,0,0,0
2003,482458,1,1,25,25,25,25,25,25,25,25,25,25
2003,482459,1,1,25,25,25,25,25,25,25,25,25,25
2003,482460,1,1,20,20,20,20,20,20,20,20,20,20
2003,482461,1,1,0,0,0,0,0,0,0,0,0,0
2003,482461,2,1,0,0,30,0,0,0,0,23,0,0
2003,482462,1,1,26,10,0,0,0,30,20,14,30,39
2003,482463,1,1,0,0,0,0,0,0,0,0,0,0
2003,482464,1,1,0,0,0,0,13,0,0,0,8,0
2003,482465,1,1,0,0,0,0,0,0,0,0,0,0
2003,482465,2,1,0,0,0,0,0,0,0,0,0,0
2003,482466,0,1,0,0,0,0,0,0,0,0,0,0
2003,482466,1,1,0,0,0,0,0,0,0,0,0,0
2003,482467,1,1,26,26,26,26,26,26,26,26,26,26
2003,482467,2,1,0,0,0,9,0,0,0,8,20,0
2003,482468,1,1,7,7,7,7,7,7,7,7,7,7
2003,482469,1,1,0,0,0,0,0,0,0,0,0,0
2003,482470,0,1,28,28,28,28,28,28,28,28,28,28
2003,482470,1,1,0,0,0,0,0,0,14,0,0,0
2003,482471,1,1,0,0,0,14,0,24,0,0,0,0
2003,482471,2,1,0,8,0,0,0,0,0,0,0,0
2003,482472,1,1,0,9,12,0,0,0,0,0,0,0
2003,482473,1,1,0,0,0,0,0,0,0,0,0,0
2003,482473,2,1,0,0,0,0,0,0,0,0,0,0
2003,482473,3,1,0,0,0,0,0,0,0,0,0,0
2003,482474,1,1,0,0,0,0,0,0,16,0,0,0
2003,482475,1,1,0,0,0,0,0,0,0,0,0,0
2003,482476,1,1,0,0,0,0,0,0,0,0,0,0
2003,482477,1,1,0,8,0,0,5,0,7,0,0,0
2003,482477,2,1,0,0,0,0,0,0,0,0,0,0
2003,482478,0,1,35,35,35,35,35,35,35,35,35,35
2003,482478,0,2,21,21,21,21,21,21,21,21,21,21
2003,482478,1,1,0,22,0,0,0,0,0,0,0,0
2003,482479,1,1,0,0,15,0,0,0,9,0,0,0
2003,482480,1,1,0,0,0,0,0,0,0,0,0,0
2003,482480,2,1,0,0,0,0,0,0,0,0,13,0
2003,482481,1,1,0,0,0,0,0,0,20,0,0,0
2003,482482,1,1,0,0,0,0,0,0,0,0,0,0
2003,482482,2,1,0,0,0,0,0,0,0,0,0,0
2003,482483,1,1,23,0,0,0,0,12,0,0,0,0
2003,482483,2,1,0,0,0,0,0,0,0,0,0,0
2003,482484,1,1,0,0,0,0,0,0,0,0,0,0
2003,482484,2,1,0,0,0,0,0,0,0,0,0,0
2003,482485,1,1,0,0,0,0,0,0,0,0,0,0
2003,482485,2,1,0,0,0,0,0,0,0,0,0,0
2003,482486,1,1,13,13,13,13,13,13,13,13,13,13
2003,482486,2,1,13,0,0,17,18,0,18,17,14,0
2003,482487,1,1,0,0,0,0,0,0,0,0,0,0
2003,482487,2,1,0,0,0,0,0,0,26,0,0,0
2003,482488,0,1,25,25,25,25,25,25,25,25,25,25
2003,482488,1,1,10,0,0,0,0,0,0,0,0,0
2003,482489,1,1,25,25,25,25,25,25,25,25,25,25
2003,482490,1,1,0,0,0,0,0,0,0,0,0,0
2003,482491,0,1,0,0,0,0,0,0,0,0,0,0
2003,482491,1,1,0,0,0,0,0,4,0,0,0,0
2003,482492,1,1,0,0,0,0,0,0,0,0,0,0
2003,482492,2,1,0,19,14,0,0,0,0,0,0,0
2003,482493,1,1,0,0,0,0,0,0,0,0,0,0
2003,482493,2,1,16,16,16,16,16,16,16,16,16,16
2003,482494,1,1,0,0,0,0,0,0,0,0,0,0
2003,482494,2,1,0,0,0,0,12,0,0,0,0,0
2003,482495,1,1,0,0,0,0,0,0,0,0,0,0
2003,482495,2,1,0,0,0,0,14,0,13,0,0,0
2003,482496,1,1,0,0,0,0,0,0,0,0,0,0
2003,482497,1,1,9,10,21,15,3,18,22,19,11,18
2003,482498,1,1,0,0,0,0,0,0,0,0,0,0
2003,482499,1,1,4,0,19,0,14,0,28,0,15,0
2003,482499,2,1,0,0,0,0,0,0,0,0,0,0
2003,482499,3,1,0,0,0,0,16,0,0,21,23,0
2003,482500,1,1,31,0,0,15,0,0,0,0,0,18
2003,482500,2,1,0,0,0,0,0,0,13,0,23,0
2003,482500,3,1,0,0,0,0,0,0,0,0,0,0
2003,482501,1,1,0,0,0,0,0,0,0,0,0,0
2003,482502,1,1,0,0,0,7,11,0,0,9,21,0
2003,482503,1,1,0,0,0,0,0,0,0,0,0,0
2003,482504,1,1,0,0,0,0,17,0,0,0,0,0
2003,482504,2,1,0,0,18,0,0,0,0,0,0,0
2003,482505,1,1,12,12,12,12,12,12,12,12,12,12
2003,482506,1,1,0,0,0,0,0,0,27,0,0,0
2003,482506,2,1,0,0,0,0,0,0,0,0,0,0
2003,482507,1,1,10,0,6,18,0,37,14,0,0,3
2003,482508,1,1,0,0,0,0,0,0,0,0,0,0
2003,482508,2,1,0,0,0,0,0,0,0,0,0,0
2003,482509,1,1,0,22,16,20,21,0,8,16,0,0
2003,482510,1,1,13,13,13,13,13,13,13,13,13,13
2003,482511,1,1,0,0,29,0,0,0,0,0,0,8
2003,482511,2,1,0,0,0,0,0,0,0,0,0,0
2003,482511,3,1,0,0,0,0,0,0,0,0,0,0
2003,482512,1,1,0,17,0,0,22,0,0,0,0,11
2003,482513,1,1,0,0,0,0,0,0,0,0,0,0
2003,482513,2,1,0,0,0,0,0,0,0,0,0,0
2003,482514,1,1,0,0,0,0,0,0,0,0,0,0
2003,482514,2,1,20,0,0,0,0,0,0,0,0,0
2003,482514,3,1,0,0,0,0,0,0,0,0,0,0
2003,482515,1,1,31,31,31,31,31,31,31,31,31,31
2003,482516,1,1,0,0,0,0,0,0,0,0,0,0
2003,482516,2,1,0,0,0,0,0,0,0,0,0,0
2003,482517,1,1,0,0,0,0,0,0,0,0,0,0
2003,482517,2,1,13,0,0,0,0,0,0,0,0,0
2003,482518,1,1,5,24,11,16,25,23,22,23,13,18
2003,482519,0,1,15,15,15,15,15,15,15,15,15,15
2003,482519,1,1,0,0,0,0,18,14,8,16,11,5
2003,482520,1,1,0,0,0,0,0,0,0,0,15,0
2003,482520,2,1,0,0,0,0,0,0,0,0,0,0
2003,482520,3,1,0,0,0,0,0,0,0,0,0,0
2003,482521,1,1,0,0,0,0,0,7,0,0,0,0
2003,482521,2,1,0,0,0,0,0,0,0,0,0,0
2003,482521,3,1,17,16,11,18,0,36,11,37,24,11
2003,482522,1,1,24,24,24,24,24,24,24,24,24,24
2003,482523,1,1,0,0,0,0,0,0,10,0,0,0
2003,482523,2,1,0,0,0,0,22,0,0,0,0,0
2003,482524,1,1,20,20,20,20,20,20,20,20,20,20
2003,482524,2,1,0,0,0,0,0,0,0,0,0,0
2003,482525,0,1,0,0,0,0,0,0,0,0,0,0
2003,482525,1,1,0,0,0,0,0,0,0,0,0,18
2003,482526,1,1,0,0,0,0,0,0,0,0,0,0
2003,482526,2,1,0,0,0,0,0,0,0,0,0,0
2003,482527,1,1,0,0,0,0,0,0,0,0,0,0
2003,482528,1,1,0,0,0,0,0,0,0,0,0,0
2003,482529,1,1,0,0,0,0,0,0,0,0,0,0
2003,482529,2,1,0,0,0,0,0,0,0,0,0,0
2003,482530,1,1,0,0,0,0,8,0,0,0,0,0
2003,482531,1,1,0,0,0,0,0,0,0,0,0,0
2003,482531,2,1,0,0,0,0,0,0,0,0,0,0
2003,482532,1,1,14,14,14,14,14,14,14,14,14,14
2003,482533,1,1,19,0,0,0,0,0,0,0,13,0
2003,482534,1,1,18,18,18,18,18,18,18,18,18,18
2003,482535,1,1,0,0,0,0,0,0,0,0,0,0
2003,482535,2,1,0,0,0,0,0,0,0,0,0,0
2003,482536,1,1,0,0,0,0,0,0,0,0,0,0
2003,482536,2,1,0,0,0,0,0,0,0,0,0,0
2003,482536,3,1,0,0,0,0,0,0,0,0,0,0
2003,482537,1,1,0,0,0,0,0,0,0,0,0,0
2003,482537,2,1,0,0,0,0,0,0,0,0,0,23
2003,482538,1,1,0,0,0,0,0,0,0,0,0,0
2003,482539,1,1,0,9,0,0,11,10,0,15,22,0
2003,482539,2,1,15,15,15,15,15,15,15,15,15,15
2003,482539,3,1,0,0,0,0,0,0,0,0,9,13
2003,482540,1,1,0,0,0,0,0,0,0,0,0,0
2003,482541,1,1,19,19,19,19,19,19,19,19,19,19
2003,482541,2,1,0,0,0,0,0,0,0,0,0,0
2003,482541,3,1,16,0,0,0,0,0,0,0,0,0
2003,482542,1,1,15,15,15,15,15,15,15,15,15,15
2003,482542,2,1,0,0,0,0,0,0,0,0,0,0
2003,482543,1,1,0,0,0,0,0,0,0,0,0,0
2003,482543,2,1,0,0,0,0,0,0,0,8,0,0
2003,482543,3,1,0,0,0,0,19,0,0,0,0,0
2003,482544,0,1,0,0,0,0,0,0,0,0,0,0
2003,482544,1,1,14,0,0,0,0,0,0,24,0,24
2003,482545,1,1,12,12,12,12,12,12,12,12,12,12
2003,482545,2,1,0,0,0,0,0,0,0,0,0,0
2003,482546,1,1,0,0,0,0,0,0,0,0,0,0
2003,482546,2,1,16,20,4,13,0,5,5,0,11,0
2003,482547,1,1,0,9,0,0,0,2,0,0,0,0
2003,482547,2,1,0,0,0,0,0,0,0,0,0,0
2003,482547,3,1,0,0,0,0,0,0,0,0,0,0
2003,482547,4,1,0,0,0,0,0,0,0,0,0,0
2003,482548,1,1,0,0,0,0,0,0,0,0,0,0
2003,482549,1,1,24,24,24,24,24,24,24,24,24,24
2003,482549,2,1,0,0,0,0,0,0,0,6,0,0
2003,482550,1,1,30,0,0,3,21,15,0,9,8,16
2003,482551,1,1,7,7,7,7,7,7,7,7,7,7
2003,482552,1,1,2,2,2,2,2,2,2,2,2,2
2003,482552,2,1,0,0,14,6,18,0,5,0,0,0
2003,482553,0,1,2,0,27,0,17,0,6,27,14,18
2003,482553,1,1,17,0,0,0,17,24,23,4,20,5
2003,482554,1,1,12,12,12,12,12,12,12,12,12,12
2003,482554,2,1,14,0,0,11,10,0,13,11,0,16
2003,482555,1,1,18,18,18,18,18,18,18,18,18,18
2003,482556,1,1,19,19,19,19,19,19,19,19,19,19
2003,482557,1,1,22,22,22,22,22,22,22,22,22,22
2003,482557,2,1,6,11,7,0,0,0,0,0,15,17
2003,482558,1,1,9,0,27,21,4,39,10,22,35,13
2003,482559,1,1,0,0,0,0,0,0,0,0,0,0
2003,482559,2,1,0,0,0,0,0,0,0,0,0,0
2003,482559,3,1,0,0,0,0,0,0,0,0,0,0
2003,482560,1,1,25,25,25,25,25,25,25,25,25,25
2003,482560,2,1,21,21,21,21,21,21,21,21,21,21
2003,482561,1,1,0,0,0,0,11,0,0,0,0,0
2003,482561,2,1,0,0,0,0,0,0,0,0,6,0
2003,482562,1,1,0,0,0,10,11,0,0,0,0,0
2003,482562,2,1,0,5,0,0,0,0,0,0,0,0
2003,482563,1,1,10,10,10,10,10,10,10,10,10,10
2003,482563,2,1,12,11,0,0,0,0,0,0,0,11
2003,482564,0,1,0,0,0,0,0,0,0,0,0,0
2003,482564,0,2,0,0,0,0,0,0,0,0,0,0
2003,482564,1,1,23,23,23,23,23,23,23,23,23,23
2003,482565,0,1,15,0,40,16,38,24,0,0,0,24
2003,482565,1,1,0,0,0,0,0,0,0,0,0,0
2003,482566,1,1,0,23,0,0,0,0,0,0,0,0
2003,482566,2,1,0,0,0,0,0,0,0,0,0,0
2003,482567,1,1,5,0,15,0,0,3,0,0,0,0
2003,482567,2,1,0,0,0,0,0,5,0,0,0,0
2003,482568,1,1,21,21,21,21,21,21,21,21,21,21
2003,482568,2,1,0,0,0,0,0,0,0,0,0,0
2003,482569,1,1,0,0,0,0,0,0,0,0,0,0
2003,482570,0,1,0,0,0,0,0,0,0,0,0,0
2003,482570,1,1,0,0,0,0,0,0,0,0,0,0
2003,482571,0,1,0,0,0,0,0,0,0,0,0,0
2003,482571,1,1,0,0,0,0,0,0,0,0,0,0
2003,482572,1,1,0,0,0,0,0,0,0,0,0,0
2003,482572,2,1,0,0,0,0,0,0,0,0,0,0
2003,482573,1,1,0,0,0,0,0,0,0,0,0,0
2003,482574,1,1,12,0,14,46,6,0,6,0,8,0
2003,482575,1,1,8,8,8,8,8,8,8,8,8,8
2003,482576,1,1,0,0,0,0,0,0,0,0,0,0
2003,482577,0,1,0,0,0,0,0,0,0,0,0,0
2003,482577,1,1,0,0,0,0,0,0,0,0,0,0
2003,482578,1,1,0,0,0,0,0,0,2,0,0,15
2003,482578,2,1,0,0,0,0,0,0,0,0,0,0
2003,482579,1,1,0,0,16,0,22,0,17,0,0,15
2003,482580,1,1,5,5,5,5,5,5,5,5,5,5
2003,482580,2,1,0,0,0,0,0,0,0,0,0,0
2003,482581,0,1,0,0,0,0,0,16,0,0,33,0
2003,482581,1,1,0,0,0,0,0,0,0,0,0,0
2003,482582,1,1,29,29,29,29,29,29,29,29,29,29
2003,482582,2,1,7,0,0,0,0,0,0,0,0,31
2003,482583,1,1,7,0,0,0,0,0,0,0,0,0
2003,482583,2,1,0,0,21,0,10,9,0,0,9,10
2003,482584,1,1,42,42,42,42,42,42,42,42,42,42
2003,482585,1,1,0,0,0,0,0,0,0,0,23,0
2003,482586,1,1,0,0,0,0,0,0,0,0,0,0
2003,482586,2,1,0,0,0,0,0,0,0,0,0,0
2003,482587,1,1,0,0,0,0,0,0,0,0,0,0
2003,482587,2,1,26,0,0,0,0,0,0,0,0,0
2003,482588,1,1,0,0,0,0,0,0,0,0,0,0
2003,482588,2,1,0,0,0,0,0,27,0,0,0,20
2003,482589,1,1,0,0,0,0,0,0,0,0,0,0
2003,482590,1,1,0,0,0,0,0,0,13,0,6,0
2003,482591,1,1,0,0,0,0,0,0,0,0,0,0
2003,482591,2,1,0,0,0,0,0,0,0,0,0,0
2003,482591,3,1,0,0,0,0,0,0,0,0,0,0
2003,482592,1,1,0,0,0,0,0,0,0,12,0,0
2003,482593,0,1,0,0,0,0,0,0,0,3,0,0
2003,482593,1,1,18,0,0,0,0,0,0,0,0,0
2003,482594,1,1,0,0,18,0,0,13,0,0,0,0
2003,482594,2,1,0,0,0,0,14,0,13,0,0,30
2003,482595,1,1,0,0,0,0,0,0,0,0,0,0
2003,482595,2,1,0,0,0,0,0,0,0,0,0,0
2003,482595,3,1,0,0,0,0,0,0,14,25,0,0
2003,482596,1,1,0,0,0,0,0,0,0,0,0,0
2003,482596,2,1,0,0,0,0,0,0,0,0,0,0
2003,482596,3,1,0,15,0,0,0,0,0,0,0,0
2003,482597,1,1,0,0,0,0,0,0,0,0,0,0
2003,482597,2,1,17,0,0,0,0,0,0,0,0,0
2003,482597,3,1,0,0,0,0,0,0,0,0,0,0
2003,482598,1,1,17,17,17,17,17,17,17,17,17,17
2003,482599,1,1,15,15,15,15,15,15,15,15,15,15
2003,482599,2,1,0,0,0,11,0,0,18,0,0,0
2003,482600,1,1,0,0,0,2,0,0,0,0,3,0
2003,482600,2,1,0,0,0,0,0,0,0,0,12,0
2003,482601,1,1,9,9,9,9,9,9,9,9,9,9
2003,482602,1,1,8,8,8,8,8,8,8,8,8,8
2003,482603,0,1,6,18,18,8,15,26,5,18,22,22
2003,482603,1,1,0,0,0,0,0,0,0,0,0,0
2003,482604,0,1,13,0,14,6,0,0,8,9,22,26
2003,482604,0,2,14,17,0,22,16,38,31,0,27,10
2003,482604,1,1,12,0,0,0,0,0,0,0,0,12
2003,482605,1,1,13,10,3,28,8,6,26,10,30,35
2003,482605,2,1,0,0,11,10,19,12,14,0,19,0
2003,482606,1,1,6,0,27,10,0,0,0,0,0,0
2003,482606,2,1,0,0,0,2,0,0,0,0,0,6
2003,482607,1,1,24,24,24,24,24,24,24,24,24,24
2003,482608,1,1,25,25,25,25,25,25,25,25,25,25
2003,482609,1,1,0,0,0,0,0,0,0,0,0,0
2003,482609,2,1,0,0,0,0,0,0,0,0,0,0
2003,482610,1,1,24,24,24,24,24,24,24,24,24,24
2003,482611,1,1,0,0,0,0,0,0,0,0,0,0
2003,482611,2,1,0,0,0,0,0,0,0,0,0,0
2003,482611,3,1,0,0,0,0,0,0,0,0,0,0
2003,482612,1,1,0,0,0,0,0,0,0,0,0,0
2003,482612,2,1,0,0,0,0,0,0,0,0,0,0
2003,482613,0,1,40,40,40,40,40,40,40,40,40,40
2003,482613,1,1,0,0,11,0,0,0,0,0,0,0
2003,482614,1,1,0,0,6,0,0,0,0,0,0,0
2003,482614,2,1,0,0,0,0,0,0,0,0,0,0
2003,482615,0,1,0,0,0,0,0,0,0,0,0,0
2003,482615,1,1,0,0,0,0,0,0,0,0,0,0
2003,482616,1,1,1,1,1,1,1,1,1,1,1,1
2003,482616,2,1,0,0,0,0,0,0,0,0,0,0
2003,482617,1,1,0,0,0,0,0,0,0,0,0,0
2003,482617,2,1,0,0,0,0,0,0,0,0,0,0
2003,482618,1,1,0,0,0,0,0,0,0,0,0,0
2003,482619,1,1,0,0,0,0,0,0,0,0,0,0
2003,482620,1,1,0,0,0,0,0,0,0,0,0,0
2003,482620,2,1,3,3,3,3,3,3,3,3,3,3
2003,482621,1,1,0,0,0,0,0,0,0,0,0,0
2003,482621,2,1,0,0,0,0,0,0,0,0,0,0
2003,482622,1,1,19,19,19,19,19,19,19,19,19,19
2003,482623,0,1,0,0,0,0,0,0,0,0,7,0
2003,482623,1,1,0,0,0,0,0,5,0,0,0,0
2003,482624,1,1,17,6,20,17,26,24,30,25,25,14
2003,482625,1,1,0,0,0,0,0,0,0,0,0,0
2003,482625,2,1,0,0,0,0,0,0,0,0,0,0
2003,482626,0,1,23,23,23,23,23,23,23,23,23,23
2003,482626,1,1,0,0,0,0,0,0,0,0,0,0
2003,482627,0,1,0,0,14,20,0,24,0,0,0,0
2003,482627,1,1,0,0,0,0,0,0,0,0,0,0
2003,482628,1,1,11,11,11,11,11,11,11,11,11,11
2003,482629,1,1,11,8,14,10,15,19,15,20,31,26
2003,482630,0,1,0,0,2,0,0,0,0,0,0,0
2003,482630,0,2,0,0,0,10,6,0,0,0,0,16
2003,482630,1,1,0,0,0,0,0,0,0,0,0,0
2003,482631,1,1,0,0,0,0,0,13,11,9,0,0
2003,482631,2,1,4,4,4,4,4,4,4,4,4,4
2003,482632,1,1,32,32,32,32,32,32,32,32,32,32
2003,482633,1,1,8,8,8,8,8,8,8,8,8,8
2003,482634,1,1,0,8,0,0,8,0,0,0,0,0
2003,482635,1,1,0,0,0,0,0,0,0,0,0,0
2003,482636,1,1,0,0,0,0,0,0,0,0,0,0
2003,482636,2,1,0,0,0,0,0,0,0,0,0,0
2003,482636,3,1,0,0,0,0,0,0,0,0,0,0
2003,482637,1,1,6,6,6,6,6,6,6,6,6,6
2003,482637,2,1,8,16,0,0,28,0,14,0,0,0
2003,482638,1,1,0,0,0,0,0,0,0,0,0,0
2003,482638,2,1,0,0,0,0,0,31,2,0,5,0
2003,482639,1,1,0,0,0,12,13,0,0,0,0,19
2003,482640,1,1,25,25,25,25,25,25,25,25,25,25
2003,482641,1,1,0,0,0,0,0,0,0,0,0,0
2003,482641,2,1,0,0,0,0,0,3,0,0,0,0
2003,482642,1,1,14,14,14,14,14,14,14,14,14,14
2003,482643,0,1,0,0,0,0,0,0,0,0,0,0
2003,482643,1,1,0,0,12,0,0,0,0,0,0,0
2003,482644,0,1,14,13,19,0,0,0,0,30,0,32
2003,482644,1,1,12,7,0,27,0,0,0,0,19,0
2003,482645,0,1,31,31,31,31,31,31,31,31,31,31
2003,482645,1,1,0,0,0,26,0,0,0,0,0,0
2003,482646,1,1,0,0,0,0,0,0,0,0,0,0
2003,482647,0,1,0,18,0,28,0,16,19,0,30,6
2003,482647,0,2,12,17,0,19,17,0,0,0,0,0
2003,482647,1,1,14,14,14,14,14,14,14,14,14,14
2003,482648,1,1,0,0,0,0,0,0,0,0,0,0
2003,482648,2,1,0,0,0,0,20,14,0,14,15,0
2003,482649,0,1,0,0,0,0,8,0,0,40,0,0
2003,482649,1,1,0,0,0,0,0,0,0,0,0,0
2003,482650,1,1,19,7,7,10,13,18,2,6,21,15
2003,482650,2,1,0,19,28,12,5,0,15,0,0,0
2003,482651,1,1,14,23,20,27,10,16,21,13,8,16
2003,482652,1,1,0,0,0,0,0,0,0,0,0,0
2003,482652,2,1,0,0,0,0,0,0,0,0,0,0
2003,482653,1,1,0,0,0,0,0,0,0,0,0,0
2003,482654,1,1,0,0,0,0,0,0,0,0,0,0
2003,482654,2,1,19,19,19,19,19,19,19,19,19,19
2003,482655,1,1,18,20,5,17,19,24,32,12,15,16
2003,482656,1,1,0,0,0,0,0,0,0,0,0,0
2003,482656,2,1,0,0,0,0,0,0,0,0,0,0
2003,482657,1,1,2,2,2,2,2,2,2,2,2,2
2003,482658,1,1,9,9,9,9,9,9,9,9,9,9
2003,482659,1,1,19,23,0,27,0,20,0,14,14,20
2003,482659,2,1,0,4,0,0,0,0,0,0,0,0
2003,482659,3,1,0,27,0,0,0,19,0,0,23,11
2003,482660,1,1,0,0,0,0,0,0,0,0,0,0
2003,482660,2,1,0,0,0,0,0,0,0,0,0,0
2003,482661,1,1,0,0,0,0,0,0,0,0,0,0
2003,482661,2,1,10,0,0,0,0,0,0,0,0,0
2003,482662,0,1,0,0,0,0,0,0,0,0,0,0
2003,482662,1,1,0,0,0,0,0,0,0,0,16,0
2003,482663,1,1,14,14,14,14,14,14,14,14,14,14
2003,482664,1,1,29,29,29,29,29,29,29,29,29,29
2003,482664,2,1,0,0,0,11,0,0,0,0,0,0
2003,482664,3,1,0,0,0,0,0,0,0,0,0,0
2003,482665,1,1,0,0,0,0,0,0,0,0,0,0
2003,482665,2,1,0,9,0,0,0,0,0,0,0,0
2003,482665,3,1,0,0,0,10,0,0,0,0,0,0
2003,482665,4,1,0,0,0,0,0,0,0,0,0,0
2003,482666,1,1,0,0,0,0,9,0,5,14,0,0
2003,482666,2,1,0,0,0,0,0,0,0,0,0,0
2003,482667,1,1,0,0,0,0,0,0,0,0,0,0
2003,482668,1,1,17,32,0,27,0,0,19,0,0,0
2003,482668,2,1,0,0,0,0,7,0,0,0,0,16
2003,482669,1,1,0,0,0,0,0,0,0,0,0,0
2003,482670,0,1,47,0,12,0,6,0,10,0,0,22
2003,482670,1,1,0,0,12,19,0,0,0,0,17,0
2003,482671,1,1,11,15,28,29,24,14,12,10,26,16
2003,482672,1,1,36,36,36,36,36,36,36,36,36,36
2003,482673,1,1,6,22,8,0,11,16,18,24,0,0
2003,482674,1,1,15,15,24,32,10,21,16,10,0,20
2003,482675,1,1,5,5,5,5,5,5,5,5,5,5
2003,482676,1,1,18,18,18,18,18,18,18,18,18,18
2003,482677,1,1,0,0,0,0,0,0,0,0,0,0
2003,482678,1,1,22,22,22,22,22,22,22,22,22,22
2003,482678,2,1,0,0,0,0,0,0,0,0,0,0
2003,482679,0,1,0,0,0,0,0,0,0,0,0,0
2003,482679,1,1,0,0,0,0,0,0,0,0,0,0
2003,482680,1,1,0,0,0,0,0,0,0,0,0,0
2003,482680,2,1,0,0,0,0,0,0,0,0,9,0
2003,482681,1,1,15,31,12,8,7,0,35,28,18,23
2003,482682,1,1,19,30,0,12,30,0,24,15,10,0
2003,482683,1,1,5,17,17,16,12,13,0,12,0,15
2003,482684,1,1,17,17,17,17,17,17,17,17,17,17
2003,482685,1,1,0,0,0,0,0,0,0,0,0,0
2003,482686,1,1,0,0,0,0,0,0,0,0,0,0
2003,482686,2,1,0,0,0,0,0,0,6,0,0,7
2003,482687,1,1,18,15,18,12,26,16,17,14,13,16
2003,482688,1,1,0,25,0,26,0,0,0,0,27,0
2003,482689,1,1,0,0,0,0,0,0,0,0,0,0
2003,482690,1,1,13,6,15,16,0,0,0,12,9,14
2003,482691,1,1,30,32,7,11,24,7,14,14,19,11
2003,482692,0,1,16,9,7,15,26,0,28,20,2,32
2003,482692,1,1,0,0,0,0,0,0,9,0,0,8
2003,482693,1,1,0,0,0,0,0,0,0,0,0,0
2003,482693,2,1,0,0,0,0,0,0,0,0,0,0
2003,482694,0,1,14,14,14,14,14,14,14,14,14,14
2003,482695,1,1,0,0,0,0,0,0,0,0,0,0
2003,482695,2,1,0,0,0,0,0,0,0,0,0,0
2003,482695,3,1,0,0,0,0,0,0,0,0,0,0
2003,482696,1,1,0,0,0,0,0,0,0,0,0,0
2003,482696,2,1,0,0,0,0,0,0,0,0,0,0
2003,482697,1,1,0,0,0,0,0,0,0,0,0,0