YEAR,ST_CASE,veh_no,per_no,P1,P2,P3,P4,P5,P6,P7,P8,P9,P10
2003,482699,1,1,0,0,0,0,0,0,0,0,0,0
2003,482699,2,1,0,0,0,0,0,0,0,0,0,0
2003,482700,1,1,0,14,0,0,0,0,0,0,0,0
2003,482701,1,1,0,11,19,0,0,0,17,0,0,0
2003,482701,2,1,16,0,9,19,0,0,16,0,17,0
2003,482701,3,1,0,0,0,0,0,0,10,0,0,0
2003,482702,0,1,13,12,41,21,0,6,17,15,16,22
2003,482702,0,2,0,15,17,0,29,29,0,0,30,17
2003,482702,0,3,0,42,23,17,7,20,0,0,33,0
2003,482702,2,1,0,0,0,0,0,0,0,0,0,0
2003,482703,1,1,0,0,0,0,0,0,0,0,0,0
2003,482703,2,1,0,0,0,26,0,0,0,0,0,0
2003,482704,1,1,0,0,0,0,0,0,0,0,0,0
2003,482704,2,1,0,0,0,0,0,0,0,0,0,0
2003,482705,0,1,29,20,0,23,0,24,25,34,0,0
2003,482705,0,2,21,0,0,0,0,0,28,0,0,0
2003,482705,1,1,17,17,17,17,17,17,17,17,17,17
2003,482706,1,1,27,0,0,0,0,0,0,0,0,0
2003,482706,2,1,0,0,0,0,0,0,0,0,0,0
2003,482707,1,1,0,0,15,0,10,11,16,16,17,16
2003,482708,1,1,0,0,0,0,0,13,0,0,0,0
2003,482708,2,1,0,0,0,0,0,0,0,0,0,0
2003,482708,3,1,0,0,0,0,0,0,0,0,0,0
2003,482708,4,1,0,0,24,0,0,0,0,0,0,0
2003,482708,5,1,0,0,0,0,0,0,0,0,0,0
2003,482708,6,1,0,0,0,0,0,0,0,0,0,0
2003,482708,7,1,0,0,0,0,0,0,7,9,0,0
2003,482709,1,1,13,32,11,8,17,15,25,0,22,0
2003,482710,1,1,17,17,17,17,17,17,17,17,17,17
2003,482710,2,1,0,0,0,0,0,0,0,0,0,0
2003,482711,1,1,1,1,1,1,1,1,1,1,1,1
2003,482712,1,1,32,32,32,32,32,32,32,32,32,32
2003,482712,2,1,0,0,0,0,0,0,0,0,0,0
2003,482713,1,1,1,1,1,1,1,1,1,1,1,1
2003,482714,1,1,28,0,21,23,17,0,11,0,21,0
2003,482715,1,1,0,0,0,0,0,0,0,0,0,10
2003,482715,2,1,0,0,0,7,0,0,0,0,0,0
2003,482716,1,1,0,0,0,0,0,0,0,0,0,0
2003,482717,1,1,0,0,0,0,0,0,0,0,0,0
2003,482717,2,1,0,0,0,0,0,0,0,0,0,0
2003,482717,3,1,0,0,0,0,0,0,0,0,0,0
2003,482718,1,1,0,0,0,0,0,0,0,0,0,0
2003,482718,2,1,0,0,0,0,0,0,0,0,0,0
2003,482719,1,1,0,0,0,0,0,0,0,0,20,19
2003,482719,2,1,0,0,15,0,0,0,0,0,0,0
2003,482720,1,1,0,0,0,0,0,0,0,0,0,0
2003,482720,2,1,0,0,0,0,0,0,0,0,0,0
2003,482720,3,1,0,0,0,0,0,0,13,0,0,0
2003,482721,1,1,26,26,22,24,0,27,17,0,9,13
2003,482722,1,1,13,13,13,13,13,13,13,13,13,13
2003,482722,2,1,0,0,0,0,0,0,0,0,0,0
2003,482723,0,1,21,21,21,21,21,21,21,21,21,21
2003,482723,1,1,0,0,17,0,0,0,13,38,19,0
2003,482724,1,1,11,11,11,11,11,11,11,11,11,11
2003,482725,1,1,0,0,0,0,0,0,0,0,0,0
2003,482725,2,1,0,0,0,0,0,0,15,0,0,0
2003,482726,1,1,0,0,0,0,0,0,0,0,0,0
2003,482726,2,1,0,0,0,0,0,0,0,0,0,0
2003,482727,1,1,10,10,10,10,10,10,10,10,10,10
2003,482728,1,1,0,0,0,0,0,0,0,0,7,0
2003,482729,1,1,19,19,19,19,19,19,19,19,19,19
2003,482730,0,1,0,0,0,9,0,0,0,0,0,0
2003,482730,1,1,0,0,0,0,0,0,0,0,0,0
2003,482731,1,1,0,0,0,0,0,0,0,0,0,0
2003,482732,1,1,6,6,33,17,5,17,4,0,0,14
2003,482733,0,1,0,0,0,26,0,14,0,0,0,0
2003,482733,1,1,0,0,0,0,0,0,0,0,0,0
2003,482734,0,1,0,0,0,0,0,0,0,0,0,4
2003,482734,1,1,0,0,5,0,0,0,0,0,0,0
2003,482735,1,1,9,9,9,9,9,9,9,9,9,9
2003,482736,0,1,0,0,0,0,0,0,0,0,0,0
2003,482736,1,1,0,0,0,0,0,0,0,0,0,0
2003,482736,2,1,0,0,0,0,0,0,0,0,0,0
2003,482737,1,1,0,0,0,0,0,0,0,0,0,0
2003,482738,1,1,7,7,7,7,7,7,7,7,7,7
2003,482739,0,1,24,24,24,24,24,24,24,24,24,24
2003,482739,1,1,0,0,0,0,0,0,0,0,0,0
2003,482740,1,1,18,18,18,18,18,18,18,18,18,18
2003,482740,2,1,0,0,0,0,0,0,0,0,0,0
2003,482741,1,1,26,26,26,26,26,26,26,26,26,26
2003,482741,2,1,13,13,13,13,13,13,13,13,13,13
2003,482742,1,1,0,0,0,0,0,0,0,0,0,0
2003,482742,2,1,0,0,0,0,0,0,0,0,0,0
2003,482743,1,1,2,2,2,2,2,2,2,2,2,2
2003,482744,0,1,10,20,12,27,0,7,25,0,0,6
2003,482744,1,1,8,0,24,0,0,0,0,13,0,0
2003,482745,1,1,0,0,0,0,0,0,0,0,0,0
2003,482746,1,1,0,31,9,24,19,21,30,0,23,0
2003,482746,2,1,0,0,0,0,0,0,0,0,0,0
2003,482747,1,1,14,14,14,14,14,14,14,14,14,14
2003,482747,2,1,0,0,0,0,0,0,0,0,0,0
2003,482748,1,1,0,0,0,0,0,0,0,0,0,0
2003,482748,2,1,0,0,8,0,0,0,0,0,0,0
2003,482749,1,1,17,17,17,17,17,17,17,17,17,17
2003,482750,1,1,0,0,0,0,0,0,4,0,0,0
2003,482751,1,1,6,17,15,13,0,21,0,18,11,20
2003,482752,1,1,17,17,17,17,17,17,17,17,17,17
2003,482752,2,1,0,0,0,0,0,0,0,0,0,0
2003,482752,3,1,0,0,5,0,0,0,0,0,0,0
2003,482753,1,1,12,12,12,12,12,12,12,12,12,12
2003,482754,1,1,24,24,24,24,24,24,24,24,24,24
2003,482755,1,1,28,28,28,28,28,28,28,28,28,28
2003,482756,1,1,0,0,0,0,0,0,0,0,0,0
2003,482757,1,1,18,18,18,18,18,18,18,18,18,18
2003,482758,1,1,0,0,0,0,0,0,0,0,0,0
2003,482758,2,1,0,0,0,0,0,0,0,0,0,0
2003,482759,0,1,43,0,0,26,9,0,11,7,0,0
2003,482759,1,1,0,0,0,0,0,0,16,0,0,0
2003,482760,1,1,0,0,0,5,0,0,0,0,0,0
2003,482760,2,1,0,0,0,0,0,0,0,0,0,18
2003,482761,1,1,0,0,0,0,0,0,0,0,0,0
2003,482761,2,1,0,0,0,0,0,0,0,0,0,0
2003,482762,1,1,22,22,22,22,22,22,22,22,22,22
2003,482763,1,1,12,12,12,12,12,12,12,12,12,12
2003,482764,1,1,18,18,18,18,18,18,18,18,18,18
2003,482765,0,1,34,34,34,34,34,34,34,34,34,34
2003,482765,1,1,0,0,0,0,0,0,0,0,0,0
2003,482765,2,1,11,0,12,0,0,0,0,0,0,0
2003,482766,1,1,0,0,0,0,8,0,0,0,0,0
2003,482766,2,1,0,0,0,0,5,0,0,0,0,0
2003,482767,1,1,0,0,10,0,5,0,0,0,0,0
2003,482768,0,1,2,2,2,2,2,2,2,2,2,2
2003,482768,1,1,11,8,24,27,4,24,14,11,16,18
2003,482769,1,1,0,0,0,0,0,0,0,0,0,0
2003,482770,1,1,0,0,0,0,0,0,0,0,0,0
2003,482771,0,1,0,0,14,0,0,0,0,18,0,0
2003,482771,1,1,0,0,0,0,0,0,0,0,0,0
2003,482772,1,1,2,2,2,2,2,2,2,2,2,2
2003,482773,1,1,0,0,0,0,0,0,0,0,0,0
2003,482774,1,1,8,8,8,8,8,8,8,8,8,8
2003,482775,1,1,23,23,23,23,23,23,23,23,23,23
2003,482776,1,1,0,0,0,0,0,0,0,0,0,0
2003,482776,2,1,0,0,0,0,0,0,0,19,0,0
2003,482776,3,1,0,0,0,0,0,0,0,0,0,0
2003,482776,4,1,0,0,0,0,0,0,0,0,0,0
2003,482776,5,1,0,0,0,0,0,0,0,0,0,0
2003,482777,1,1,21,21,21,21,21,21,21,21,21,21
2003,482777,2,1,0,0,0,0,0,0,0,0,0,0
2003,482777,3,1,0,0,0,0,0,0,0,0,0,0
2003,482777,4,1,0,0,0,0,0,0,0,0,0,0
2003,482778,0,1,0,0,0,0,0,0,0,0,0,0
2003,482778,0,2,0,0,0,0,0,0,0,0,0,0
2003,482778,1,1,0,0,0,0,0,0,0,0,0,0
2003,482779,1,1,0,0,0,0,0,0,0,9,0,0
2003,482779,2,1,3,3,3,3,3,3,3,3,3,3
2003,482780,1,1,11,11,11,11,11,11,11,11,11,11
2003,482781,1,1,0,18,13,0,0,0,17,11,0,0
2003,482782,0,1,0,0,0,0,0,0,0,0,0,0
2003,482782,1,1,0,0,0,0,0,0,0,0,0,0
2003,482782,2,1,0,0,0,0,0,0,0,0,17,0
2003,482783,1,1,0,0,0,12,0,3,0,0,0,0
2003,482784,0,1,0,0,0,0,0,0,0,0,0,6
2003,482784,1,1,0,0,0,0,10,0,0,0,0,14
2003,482785,1,1,0,0,0,0,0,0,0,0,0,0
2003,482785,2,1,0,0,0,0,0,0,0,0,0,0
2003,482786,1,1,11,0,0,0,0,0,0,0,0,7
2003,482786,2,1,0,0,0,0,23,0,7,0,0,0
2003,482787,0,1,18,18,18,18,18,18,18,18,18,18
2003,482787,1,1,20,0,0,6,38,5,3,12,12,31
2003,482788,1,1,0,0,0,0,13,0,0,0,0,0
2003,482789,0,1,26,26,26,26,26,26,26,26,26,26
2003,482789,1,1,0,0,0,0,0,0,0,0,0,0
2003,482790,1,1,0,20,17,0,15,18,12,8,0,0
2003,482791,1,1,30,30,30,30,30,30,30,30,30,30
2003,482792,1,1,20,0,28,0,11,22,19,0,11,22
2003,482793,1,1,0,0,0,0,0,0,0,0,0,0
2003,482794,1,1,0,0,0,0,0,0,0,0,0,0
2003,482795,1,1,7,0,0,0,0,0,19,0,0,0
2003,482796,1,1,26,26,26,26,26,26,26,26,26,26
2003,482797,1,1,0,0,0,0,0,0,0,0,0,0
2003,482797,2,1,0,0,0,0,0,0,0,0,0,0
2003,482797,3,1,0,0,0,0,0,0,0,0,0,0
2003,482798,1,1,21,21,21,21,21,21,21,21,21,21
2003,482799,0,1,0,0,0,0,0,0,0,0,0,0
2003,482799,1,1,0,0,0,0,0,0,0,0,0,0
2003,482800,1,1,0,0,15,0,0,0,0,7,0,0
2003,482800,2,1,0,0,0,0,0,0,0,0,0,0
2003,482801,1,1,17,17,17,17,17,17,17,17,17,17
2003,482802,1,1,0,0,0,0,0,0,0,0,0,0
2003,482803,0,1,0,0,0,32,0,0,0,0,0,0
2003,482803,1,1,0,0,0,0,0,0,0,0,0,0
2003,482804,1,1,19,19,19,19,19,19,19,19,19,19
2003,482805,1,1,0,0,0,0,0,0,0,0,0,0
2003,482806,1,1,0,0,0,0,0,0,0,0,4,0
2003,482807,1,1,0,0,0,0,0,0,0,0,0,0
2003,482808,1,1,25,3,21,11,18,37,0,14,18,12
2003,482808,2,1,0,0,0,0,0,0,0,0,0,0
2003,482809,1,1,0,0,0,0,0,0,0,0,0,0
2003,482809,2,1,0,0,0,0,0,0,7,0,0,21
2003,482809,3,1,0,0,0,0,0,0,2,8,0,37
2003,482809,4,1,0,0,0,0,0,0,0,0,0,0
2003,482810,1,1,0,0,0,0,0,0,0,0,0,0
2003,482811,1,1,15,15,15,15,15,15,15,15,15,15
2003,482811,2,1,0,0,16,0,0,29,0,0,7,6
2003,482812,1,1,20,20,20,20,20,20,20,20,20,20
2003,482813,0,1,17,6,20,22,21,32,20,10,12,12
2003,482813,1,1,0,0,0,0,16,0,23,0,14,0
2003,482814,0,1,0,0,0,0,0,0,0,0,0,0
2003,482814,1,1,0,0,0,0,0,0,0,0,0,0
2003,482815,1,1,0,0,0,0,0,0,0,0,0,0
2003,482816,1,1,0,0,0,0,0,0,0,0,0,0
2003,482817,1,1,10,0,0,0,0,0,12,9,9,7
2003,482817,2,1,0,0,0,0,0,0,0,0,0,0
2003,482818,0,1,0,0,0,0,0,0,0,0,0,0
2003,482818,1,1,23,0,0,0,13,0,0,0,0,11
2003,482819,1,1,0,0,0,0,0,0,0,0,0,0
2003,482819,2,1,0,0,0,0,0,11,0,0,0,0
2003,482820,1,1,0,0,16,12,0,7,11,0,0,29
2003,482820,2,1,19,7,22,0,25,0,0,0,0,14
2003,482821,1,1,0,0,0,0,0,0,0,0,0,0
2003,482821,2,1,0,0,0,0,0,0,0,0,0,0
2003,482822,1,1,0,0,0,0,0,0,0,0,0,0
2003,482822,2,1,0,0,0,0,0,0,0,0,0,0
2003,482823,1,1,0,0,0,0,0,0,0,0,0,0
2003,482824,1,1,0,0,0,0,0,0,0,0,0,0
2003,482824,2,1,0,23,0,0,0,0,0,16,0,0
2003,482825,2,1,0,0,0,0,20,0,0,0,0,0
2003,482826,1,1,0,0,0,0,0,0,0,0,0,0
2003,482827,1,1,14,14,14,14,14,14,14,14,14,14
2003,482827,2,1,0,0,0,0,0,0,0,0,0,0
2003,482828,1,1,22,22,22,22,22,22,22,22,22,22
2003,482829,1,1,29,29,29,29,29,29,29,29,29,29
2003,482829,2,1,0,0,0,0,0,0,0,0,0,0
2003,482830,1,1,0,0,0,0,0,0,0,0,0,0
2003,482830,2,1,5,0,0,0,0,0,0,0,11,0
2003,482831,1,1,0,24,25,33,5,33,0,9,6,17
2003,482832,1,1,21,21,21,21,21,21,21,21,21,21
2003,482833,1,1,0,0,0,0,0,0,0,0,0,0
2003,482834,1,1,9,24,0,30,0,0,6,23,0,0
2003,482834,2,1,15,15,15,15,15,15,15,15,15,15
2003,482835,1,1,16,16,16,16,16,16,16,16,16,16
2003,482836,1,1,24,24,24,24,24,24,24,24,24,24
2003,482836,2,1,0,0,0,0,14,0,0,0,0,0
2003,482837,1,1,0,0,0,0,0,0,0,0,0,0
2003,482837,2,1,28,28,28,28,28,28,28,28,28,28
2003,482838,0,1,12,12,12,12,12,12,12,12,12,12
2003,482838,1,1,6,14,12,4,14,7,0,0,0,13
2003,482839,1,1,20,20,20,20,20,20,20,20,20,20
2003,482840,1,1,22,22,22,22,22,22,22,22,22,22
2003,482841,1,1,12,12,12,12,12,12,12,12,12,12
2003,482842,1,1,0,0,0,0,0,0,0,0,0,0
2003,482842,2,1,0,0,0,0,0,0,0,0,0,0
2003,482843,1,1,0,0,0,0,0,0,0,0,0,0
2003,482843,2,1,12,0,20,0,0,5,0,2,0,0
2003,482844,1,1,16,10,0,21,24,0,0,5,0,0
2003,482845,1,1,0,0,0,0,0,0,0,0,0,0
2003,482845,2,1,25,25,25,25,25,25,25,25,25,25
2003,482846,1,1,0,0,0,0,0,0,0,0,0,0
2003,482846,2,1,0,0,0,0,0,0,0,0,0,0
2003,482847,1,1,15,19,9,18,5,23,0,11,11,25
2003,482847,2,1,20,16,9,11,12,25,21,21,6,9
2003,482847,3,1,9,35,13,18,0,21,14,13,0,7
2003,482848,1,1,0,0,0,0,0,0,0,0,0,0
2003,482848,2,1,0,0,0,0,0,0,0,0,0,0
2003,482849,1,1,10,10,10,0,10,9,6,31,11,9
2003,482849,2,1,0,0,11,0,0,0,0,0,0,0
2003,482850,1,1,25,25,25,25,25,25,25,25,25,25
2003,482851,1,1,37,37,37,37,37,37,37,37,37,37
2003,482852,1,1,19,19,19,19,19,19,19,19,19,19
2003,482853,1,1,11,14,0,19,11,12,8,3,7,21
2003,482853,2,1,0,0,0,0,17,0,0,0,0,0
2003,482854,1,1,0,0,0,0,16,38,18,0,0,0
2003,482855,1,1,0,0,0,0,9,0,0,0,0,0
2003,482855,2,1,0,0,0,0,0,19,0,0,0,0
2003,482855,3,1,0,0,0,0,0,0,0,0,0,0
2003,482856,1,1,12,12,12,12,12,12,12,12,12,12
2003,482857,0,1,0,10,0,0,0,0,0,20,15,0
2003,482857,1,1,27,27,27,27,27,27,27,27,27,27
2003,482858,1,1,35,35,35,35,35,35,35,35,35,35
2003,482859,1,1,0,0,0,0,0,0,0,0,0,0
2003,482859,2,1,0,0,0,0,0,0,0,0,0,0
2003,482860,1,1,0,0,0,0,0,0,0,0,0,0
2003,482861,1,1,0,17,0,0,0,0,0,0,0,0
2003,482862,1,1,18,18,18,18,18,18,18,18,18,18
2003,482863,1,1,0,0,0,0,0,0,0,0,0,0
2003,482863,2,1,0,0,0,0,0,0,0,0,0,0
2003,482864,1,1,0,0,0,0,0,0,0,0,0,0
2003,482864,2,1,0,0,0,0,0,0,0,0,0,0
2003,482865,1,1,21,21,21,21,21,21,21,21,21,21
2003,482865,2,1,0,0,0,0,0,0,0,0,0,0
2003,482866,1,1,20,8,0,0,0,17,15,0,0,0
2003,482867,1,1,18,18,18,18,18,18,18,18,18,18
2003,482867,2,1,0,0,12,0,0,0,0,24,0,0
2003,482868,1,1,0,0,0,0,0,0,13,0,0,0
2003,482869,1,1,0,0,0,0,0,0,0,0,0,0
2003,482869,2,1,0,0,0,0,0,0,0,0,0,0
2003,482870,1,1,27,27,27,27,27,27,27,27,27,27
2003,482870,2,1,23,7,25,4,17,10,20,16,20,8
2003,482871,1,1,7,23,13,19,13,13,5,0,19,17
2003,482871,2,1,0,0,0,0,0,0,0,0,0,0
2003,482872,1,1,0,0,0,0,0,0,0,0,0,0
2003,482872,2,1,0,0,0,0,0,0,0,0,0,0
2003,482873,1,1,0,0,0,0,0,0,0,0,0,0
2003,482873,2,1,0,0,0,0,0,0,0,0,0,0
2003,482874,1,1,0,0,0,0,0,0,0,0,0,0
2003,482874,2,1,0,12,23,0,7,19,15,0,19,0
2003,482875,1,1,0,0,0,0,0,0,0,0,0,0
2003,482876,1,1,0,18,0,21,21,0,0,0,0,0
2003,482876,2,1,0,0,0,4,0,0,21,0,0,0
2003,482877,1,1,0,0,0,0,0,21,0,0,0,0
2003,482877,2,1,0,0,0,0,0,0,0,16,0,13
2003,482878,1,1,0,0,0,0,0,0,0,0,0,0
2003,482879,1,1,0,0,0,0,0,0,0,0,0,0
2003,482879,2,1,17,22,17,23,6,14,5,10,0,0
2003,482880,1,1,0,0,0,0,0,0,0,0,0,0
2003,482881,1,1,0,0,0,0,0,0,0,0,0,0
2003,482881,2,1,0,0,0,14,0,0,14,0,0,0
2003,482882,0,1,0,0,0,0,0,0,0,0,0,0
2003,482882,1,1,0,0,0,0,0,0,0,0,0,0
2003,482883,1,1,0,0,0,0,0,0,0,0,0,0
2003,482883,2,1,5,16,0,5,0,0,0,0,0,0
2003,482884,1,1,0,7,13,12,6,7,20,0,6,0
2003,482885,1,1,16,16,16,16,16,16,16,16,16,16
2003,482886,1,1,32,32,32,32,32,32,32,32,32,32
2003,482886,2,1,0,0,0,0,0,0,0,0,0,0
2003,482887,1,1,0,0,0,0,0,0,0,0,0,0
2003,482888,1,1,22,22,22,22,22,22,22,22,22,22
2003,482888,2,1,0,0,0,0,0,0,0,0,0,0
2003,482889,1,1,21,21,21,21,21,21,21,21,21,21
2003,482890,1,1,0,0,0,0,0,0,0,0,0,0
2003,482890,2,1,7,7,7,7,7,7,7,7,7,7
2003,482891,1,1,0,0,0,0,0,0,0,0,0,0
2003,482891,2,1,0,0,0,0,0,8,0,0,0,0
2003,482892,1,1,0,24,0,0,8,0,0,0,0,0
2003,482892,2,1,0,0,0,0,0,0,0,0,0,0
2003,482893,1,1,20,20,20,20,20,20,20,20,20,20
2003,482894,1,1,0,0,0,0,0,0,0,0,0,0
2003,482894,2,1,0,0,0,0,0,0,0,0,0,0
2003,482895,1,1,0,0,0,0,15,0,0,0,0,0
2003,482896,1,1,0,0,0,0,0,0,0,0,0,0
2003,482896,2,1,0,0,0,0,0,0,0,0,0,0
2003,482897,1,1,17,18,17,20,20,28,29,13,28,11
2003,482898,1,1,0,0,0,0,0,0,0,0,0,0
2003,482899,1,1,18,18,18,18,18,18,18,18,18,18
2003,482899,2,1,0,0,0,0,0,0,0,0,0,0
2003,482900,0,1,0,0,0,0,0,6,0,0,0,0
2003,482900,1,1,0,0,0,0,0,0,0,0,0,0
2003,482901,1,1,0,0,0,0,0,0,0,0,0,0
2003,482902,1,1,0,0,0,0,0,0,0,0,0,0
2003,482902,2,1,0,0,0,0,14,0,0,0,0,0
2003,482903,1,1,0,0,0,0,0,0,0,0,0,0
2003,482903,2,1,0,0,0,0,0,0,0,0,0,0
2003,482904,1,1,0,0,0,0,0,0,0,0,0,0
2003,482904,2,1,0,0,0,0,0,0,0,0,0,0
2003,482905,1,1,0,0,0,0,0,0,0,0,0,0
2003,482905,2,1,0,0,0,0,0,0,0,0,0,0
2003,482906,1,1,9,9,9,9,9,9,9,9,9,9
2003,482907,1,1,0,0,0,0,0,0,0,0,0,0
2003,482907,2,1,0,0,0,0,0,0,0,0,0,0
2003,482908,1,1,0,10,0,0,0,0,12,0,0,0
2003,482908,2,1,0,0,0,0,0,0,0,0,0,0
2003,482908,3,1,0,0,0,0,0,0,0,0,0,0
2003,482909,0,1,0,0,0,0,0,0,0,0,0,34
2003,482909,1,1,0,0,0,0,0,0,0,0,0,0
2003,482910,1,1,0,0,0,0,0,14,0,14,19,0
2003,482910,2,1,0,0,0,0,0,0,0,0,13,0
2003,482911,1,1,0,0,0,0,0,0,0,0,0,0
2003,482911,2,1,0,0,14,0,13,17,0,7,22,0
2003,482912,0,1,27,21,39,36,29,33,15,24,20,25
2003,482912,1,1,19,0,11,0,0,0,0,0,0,0
2003,482913,1,1,21,12,20,5,22,22,31,8,0,19
2003,482914,1,1,0,0,0,0,0,0,0,0,0,0
2003,482914,2,1,0,0,0,0,0,0,0,0,0,0
2003,482915,1,1,0,0,0,0,0,0,0,0,0,0
2003,482915,2,1,0,0,0,0,0,0,0,0,0,0
2003,482916,1,1,0,0,0,0,0,0,0,0,0,0
2003,482916,2,1,0,0,0,0,0,0,0,0,0,0
2003,482917,1,1,13,0,22,11,23,30,0,18,20,4
2003,482918,1,1,0,0,0,0,19,0,0,0,0,22
2003,482919,1,1,0,0,0,0,0,0,0,0,0,0
2003,482919,2,1,0,0,0,0,0,0,0,0,0,0
2003,482920,1,1,36,26,11,3,6,13,10,10,0,2
2003,482920,2,1,0,0,0,0,0,0,0,0,0,0
2003,482921,1,1,0,0,0,0,0,0,0,0,0,0
2003,482921,2,1,0,0,0,0,0,0,0,0,0,0
2003,482922,1,1,13,0,0,0,0,0,0,0,0,0
2003,482922,2,1,0,0,0,0,0,0,0,0,0,0
2003,482923,1,1,17,18,8,0,16,13,5,18,27,18
2003,482923,2,1,8,16,18,9,0,8,25,14,0,10
2003,482924,1,1,12,16,16,17,9,9,20,12,12,36
2003,482925,1,1,0,0,0,0,0,0,0,0,0,0
2003,482926,1,1,0,0,0,0,0,0,0,0,0,0
2003,482927,1,1,0,0,0,0,0,0,0,0,0,18
2003,482927,2,1,0,0,0,0,0,0,0,0,0,0
2003,482928,0,1,0,0,0,0,0,0,0,0,0,0
2003,482928,1,1,22,9,0,0,0,0,0,0,0,7
2003,482929,1,1,0,0,11,0,0,0,0,0,23,15
2003,482930,1,1,20,20,20,20,20,20,20,20,20,20
2003,482930,2,1,4,12,0,0,0,34,5,0,0,0
2003,482931,0,1,0,0,0,0,0,0,0,0,0,0
2003,482931,1,1,0,0,0,0,0,0,0,0,0,0
2003,482932,0,1,0,0,0,0,0,0,0,0,0,0
2003,482932,1,1,0,0,0,0,0,0,0,0,0,0
2003,482933,0,1,0,17,0,0,0,0,0,0,22,0
2003,482933,1,1,0,0,0,0,0,0,0,0,0,0
2003,482934,1,1,0,0,0,0,0,0,0,0,0,0
2003,482935,1,1,0,0,0,0,0,0,0,0,0,0
2003,482935,2,1,0,0,0,0,0,0,0,0,0,0
2003,482935,3,1,0,0,0,0,0,0,0,0,18,0
2003,482936,1,1,0,0,0,0,0,0,0,0,0,7
2003,482936,2,1,0,0,0,0,0,0,0,0,0,0
2003,482936,3,1,0,0,0,4,0,0,0,0,0,12
2003,482936,4,1,0,0,0,0,0,0,0,0,0,0
2003,482937,0,1,0,36,0,0,28,0,0,17,0,0
2003,482937,1,1,0,0,0,0,0,0,0,0,0,0
2003,482938,1,1,6,6,6,6,6,6,6,6,6,6
2003,482939,1,1,15,16,21,0,0,0,0,0,0,0
2003,482940,1,1,0,0,0,0,37,0,0,0,0,0
2003,482940,2,1,0,0,0,0,0,0,0,0,0,0
2003,482941,1,1,0,0,0,0,0,0,0,0,0,0
2003,482941,2,1,0,9,0,0,0,0,0,0,0,0
2003,482942,1,1,0,0,0,0,0,0,0,0,0,0
2003,482942,2,1,0,10,0,0,0,0,0,0,0,0
2003,482943,0,1,19,19,19,19,19,19,19,19,19,19
2003,482943,1,1,2,2,2,2,2,2,2,2,2,2
2003,482944,1,1,0,0,0,0,0,0,0,0,0,0
2003,482944,2,1,0,0,0,0,0,0,0,0,0,0
2003,482945,1,1,0,0,0,0,0,0,0,0,0,0
2003,482946,1,1,22,22,22,22,22,22,22,22,22,22
2003,482947,1,1,0,0,0,0,0,0,0,18,0,0
2003,482947,2,1,0,0,0,0,0,0,0,0,0,0
2003,482948,1,1,0,0,0,0,15,0,0,0,0,0
2003,482949,0,1,41,41,41,41,41,41,41,41,41,41
2003,482949,1,1,0,7,0,12,0,0,0,0,0,0
2003,482950,1,1,9,0,0,0,17,0,0,0,12,0
2003,482950,2,1,0,0,0,0,0,0,0,0,0,0
2003,482950,3,1,0,0,0,0,6,0,0,0,0,0
2003,482950,4,1,0,0,0,0,0,0,0,0,0,0
2003,482951,1,1,19,0,0,0,0,0,0,0,0,0
2003,482952,1,1,8,8,8,8,8,8,8,8,8,8
2003,482953,1,1,11,11,11,11,11,11,11,11,11,11
2003,482954,0,1,0,0,0,19,0,28,23,0,0,0
2003,482954,0,2,0,0,0,16,0,26,34,0,0,24
2003,482954,0,3,27,19,53,12,7,26,31,42,32,32
2003,482954,1,1,0,18,0,0,0,9,0,0,0,14
2003,482955,1,1,0,0,0,0,0,0,0,0,0,0
2003,482956,1,1,12,12,12,12,12,12,12,12,12,12
2003,482956,2,1,0,0,0,0,0,0,0,0,0,0
2003,482956,3,1,0,0,0,0,0,0,0,0,0,0
2003,482957,1,1,0,0,0,0,0,25,27,0,26,25
2003,482958,1,1,0,0,2,0,0,0,0,0,0,0
2003,482958,2,1,0,0,0,0,6,0,0,0,0,0
2003,482959,1,1,0,0,23,0,14,6,20,0,10,13
2003,482960,1,1,0,0,0,0,0,0,10,0,0,0
2003,482961,1,1,0,0,0,0,0,0,0,0,0,0
2003,482961,2,1,0,0,0,0,0,0,0,0,0,0
2003,482962,1,1,0,0,0,0,2,0,0,0,0,0
2003,482963,1,1,8,8,8,8,8,8,8,8,8,8
2003,482963,2,1,17,0,15,4,0,0,0,0,7,0
2003,482963,3,1,11,12,0,13,8,0,17,0,0,0
2003,482964,1,1,0,0,0,0,0,0,0,0,0,0
2003,482964,2,1,49,49,49,49,49,49,49,49,49,49
2003,482965,1,1,0,0,0,0,0,0,0,0,0,0