YEAR,ST_CASE,veh_no,per_no,P1,P2,P3,P4,P5,P6,P7,P8,P9,P10
2003,482965,2,1,0,0,0,0,0,0,0,0,0,0
2003,482966,1,1,26,26,26,26,26,26,26,26,26,26
2003,482967,1,1,0,0,0,0,0,0,0,0,0,0
2003,482967,2,1,0,0,0,0,0,0,0,0,26,0
2003,482968,1,1,0,0,0,0,0,0,0,0,0,0
2003,482969,1,1,0,0,0,0,0,0,0,24,0,0
2003,482969,2,1,0,0,0,0,0,0,0,0,0,0
2003,482969,3,1,0,0,0,0,0,0,0,0,0,0
2003,482969,4,1,0,0,0,0,0,0,0,9,0,0
2003,482970,1,1,0,0,0,0,0,0,0,0,0,0
2003,482970,2,1,23,23,23,23,23,23,23,23,23,23
2003,482971,1,1,0,0,0,0,0,0,0,0,0,0
2003,482971,2,1,13,13,13,13,13,13,13,13,13,13
2003,482972,1,1,0,0,0,0,0,0,0,0,0,0
2003,482972,2,1,0,0,2,0,0,17,0,0,0,0
2003,482972,3,1,0,0,0,0,0,0,0,0,0,0
2003,482973,1,1,0,0,0,0,0,0,0,0,0,0
2003,482974,1,1,0,0,0,0,0,0,0,0,0,0
2003,482974,2,1,0,0,0,0,0,0,0,0,0,0
2003,482975,1,1,19,19,19,19,19,19,19,19,19,19
2003,482976,1,1,1,1,1,1,1,1,1,1,1,1
2003,482976,2,1,26,26,26,26,26,26,26,26,26,26
2003,482977,1,1,0,0,0,0,0,0,0,0,0,0
2003,482977,2,1,0,0,0,0,0,0,0,0,0,0
2003,482978,1,1,0,0,0,0,0,0,0,0,0,0
2003,482978,2,1,13,0,0,0,0,0,0,0,0,0
2003,482979,1,1,0,26,0,0,0,0,0,0,0,0
2003,482979,2,1,0,0,0,0,0,0,0,0,0,0
2003,482980,1,1,4,4,4,4,4,4,4,4,4,4
2003,482980,2,1,10,0,0,0,0,0,8,25,0,0
2003,482981,1,1,0,13,20,26,31,0,15,0,0,11
2003,482981,2,1,16,24,14,6,20,0,0,19,0,19
2003,482982,0,1,0,0,0,21,7,0,0,0,0,12
2003,482982,1,1,0,0,0,0,0,0,0,0,0,0
2003,482983,1,1,8,8,8,8,8,8,8,8,8,8
2003,482984,1,1,11,11,11,11,11,11,11,11,11,11
2003,482984,2,1,0,0,0,0,0,0,0,0,0,0
2003,482985,1,1,0,10,0,0,0,0,0,0,10,3
2003,482985,2,1,0,9,0,13,0,0,0,0,0,0
2003,482986,0,1,18,18,18,18,18,18,18,18,18,18
2003,482986,1,1,6,0,15,0,0,0,0,0,0,0
2003,482987,1,1,0,0,0,0,0,0,14,0,0,19
2003,482987,2,1,0,0,0,0,0,0,0,0,0,0
2003,482988,1,1,0,0,0,0,0,0,0,0,0,0
2003,482988,2,1,0,0,0,0,0,0,0,0,0,0
2003,482989,1,1,0,0,0,0,0,24,0,0,0,0
2003,482990,1,1,12,12,12,12,12,12,12,12,12,12
2003,482991,1,1,0,0,0,11,0,0,3,0,16,0
2003,482991,2,1,0,0,0,0,0,0,20,0,0,0
2003,482992,1,1,3,0,0,0,0,14,0,0,0,0
2003,482993,1,1,0,0,0,0,0,0,22,0,0,30
2003,482994,1,1,12,0,0,0,0,0,0,0,0,12
2003,482995,0,1,29,29,29,29,29,29,29,29,29,29
2003,482995,1,1,17,0,7,0,0,0,8,0,0,16
2003,482996,1,1,0,0,0,0,0,0,0,0,0,0
2003,482997,1,1,0,0,13,0,13,0,16,27,0,0
2003,482998,1,1,0,0,0,0,0,0,0,0,0,0
2003,482999,1,1,13,13,13,13,13,13,13,13,13,13
2003,482999,2,1,0,0,0,0,0,0,0,0,0,0
2003,483000,1,1,0,0,0,0,0,0,0,0,0,0
2003,483000,2,1,0,0,0,0,0,0,0,0,0,0
2003,483001,0,1,0,0,0,0,0,0,0,0,0,0
2003,483001,1,1,0,0,0,0,0,0,0,0,0,0
2003,483002,1,1,0,0,0,4,0,0,0,0,0,0
2003,483003,1,1,17,17,17,17,17,17,17,17,17,17
2003,483004,1,1,21,0,0,0,0,0,0,0,0,0
2003,483005,1,1,0,0,0,0,16,0,0,0,0,36
2003,483006,1,1,0,0,0,0,0,0,0,0,0,0
2003,483007,1,1,18,18,18,18,18,18,18,18,18,18
2003,483007,2,1,0,0,0,0,0,0,0,0,0,0
2003,483007,3,1,0,0,0,0,0,14,0,0,0,0
2003,483008,1,1,0,0,0,0,0,0,0,0,0,0
2003,483008,2,1,0,0,0,0,0,0,0,0,0,0
2003,483009,1,1,0,0,28,0,0,14,49,15,20,0
2003,483010,0,1,0,0,18,0,0,0,8,0,0,0
2003,483010,1,1,0,0,0,0,0,0,0,0,0,0
2003,483011,1,1,0,0,0,0,0,0,0,0,0,0
2003,483012,1,1,0,0,0,0,0,0,0,0,0,0
2003,483013,1,1,0,0,0,15,0,0,0,0,0,0
2003,483014,1,1,0,0,0,0,0,0,0,0,0,0
2003,483014,2,1,0,0,0,0,0,0,0,0,0,0
2003,483015,1,1,19,19,19,19,19,19,19,19,19,19
2003,483016,1,1,0,0,0,0,0,0,0,0,0,0
2003,483016,2,1,0,0,0,0,0,0,0,0,12,0
2003,483016,3,1,0,0,0,0,0,0,0,8,0,6
2003,483017,1,1,0,0,0,0,0,0,0,0,0,0
2003,483017,2,1,0,0,0,0,0,0,0,0,0,0
2003,483018,1,1,0,0,0,0,5,21,0,0,0,0
2003,483018,2,1,0,0,0,0,0,0,0,0,0,0
2003,483019,1,1,22,42,19,27,16,4,17,0,0,0
2003,483020,1,1,0,0,0,0,0,0,0,0,0,0
2003,483021,1,1,26,26,26,26,26,26,26,26,26,26
2003,483022,1,1,21,21,21,21,21,21,21,21,21,21
2003,483023,1,1,0,0,0,0,0,0,0,0,0,0
2003,483023,2,1,0,0,0,0,0,0,0,0,0,0
2003,483024,1,1,0,0,4,0,0,0,24,0,0,0
2003,483025,1,1,0,0,0,0,0,0,0,0,0,0
2003,483025,2,1,0,0,0,0,0,0,0,0,0,0
2003,483026,1,1,12,12,12,12,12,12,12,12,12,12
2003,483027,1,1,0,24,0,0,0,0,20,0,0,0
2003,483028,1,1,24,24,24,24,24,24,24,24,24,24
2003,483028,2,1,0,0,0,0,0,0,0,0,0,0
2003,483029,1,1,0,0,19,13,0,0,0,0,0,0
2003,483030,0,1,13,13,13,13,13,13,13,13,13,13
2003,483030,1,1,40,0,0,0,0,0,0,0,0,0
2003,483031,1,1,0,0,0,0,0,0,0,0,0,0
2003,483032,1,1,18,8,0,26,0,0,0,17,0,0
2003,483032,2,1,0,7,0,0,0,0,0,0,0,8
2003,483032,3,1,0,0,0,0,19,0,0,10,0,19
2003,483033,1,1,0,0,0,0,0,0,0,0,0,10
2003,483033,2,1,0,0,0,0,0,0,0,0,0,0
2003,483034,1,1,17,33,29,23,8,8,15,18,25,10
2003,483035,1,1,37,37,37,37,37,37,37,37,37,37
2003,483036,1,1,0,0,0,0,0,0,0,0,0,0
2003,483037,1,1,4,4,4,4,4,4,4,4,4,4
2003,483038,1,1,10,10,10,10,10,10,10,10,10,10
2003,483038,2,1,0,0,0,0,0,0,0,0,0,0
2003,483039,1,1,25,25,25,25,25,25,25,25,25,25
2003,483039,2,1,0,0,0,0,0,0,0,0,0,0
2003,483040,0,1,22,22,22,22,22,22,22,22,22,22
2003,483040,1,1,0,0,0,0,0,0,24,18,0,0
2003,483041,0,1,3,0,0,19,0,0,0,0,0,0
2003,483041,1,1,0,0,0,0,0,0,0,0,0,0
2003,483042,1,1,0,0,0,0,0,12,0,0,0,0
2003,483042,2,1,0,0,0,0,0,0,0,0,0,0
2003,483042,3,1,0,0,0,0,3,0,0,0,0,0
2003,483042,4,1,0,0,0,0,0,0,0,0,0,0
2003,483043,1,1,16,0,0,0,0,0,0,0,0,0
2003,483043,2,1,15,14,0,13,0,0,0,0,0,9
2003,483043,3,1,0,0,0,0,0,0,0,0,0,0
2003,483044,1,1,0,0,2,6,0,0,0,0,0,0
2003,483044,2,1,0,0,19,0,0,0,14,0,0,0
2003,483045,1,1,13,19,0,16,29,0,16,18,0,17
2003,483046,1,1,0,0,0,0,0,0,0,0,0,0
2003,483046,2,1,0,9,0,4,0,0,8,0,0,0
2003,483047,1,1,17,17,17,17,17,17,17,17,17,17
2003,483048,1,1,13,13,13,13,13,13,13,13,13,13
2003,483049,1,1,0,0,0,0,0,0,0,0,0,0
2003,483049,2,1,0,0,0,0,0,0,27,0,0,0
2003,483049,3,1,0,0,0,0,0,0,0,0,0,0
2003,483049,4,1,0,0,0,0,0,0,0,0,0,0
2003,483050,1,1,10,10,10,10,10,10,10,10,10,10
2003,483051,1,1,0,0,0,8,0,0,0,27,0,32
2003,483051,2,1,0,0,0,0,0,0,0,0,0,0
2003,483052,1,1,0,0,0,0,0,0,16,0,0,0
2003,483052,2,1,0,9,0,0,0,0,0,0,0,0
2003,483053,1,1,8,8,8,8,8,8,8,8,8,8
2003,483053,2,1,0,0,0,0,0,0,0,0,19,11
2003,483054,1,1,0,10,10,6,0,19,0,11,3,17
2003,483055,0,1,0,0,0,0,0,0,0,0,0,0
2003,483055,1,1,0,0,0,0,0,0,0,28,0,0
2003,483056,1,1,0,0,19,13,0,15,11,4,0,0
2003,483056,2,1,0,0,0,0,0,0,0,10,0,0
2003,483057,1,1,0,0,0,0,0,0,0,0,0,0
2003,483057,2,1,0,0,12,10,0,0,0,0,0,0
2003,483058,1,1,0,0,0,0,0,0,0,0,0,0
2003,483059,0,1,0,0,0,0,0,0,0,0,0,0
2003,483059,1,1,0,0,21,9,0,17,0,0,16,0
2003,483060,1,1,0,0,0,0,0,0,0,0,0,0
2003,483061,1,1,0,0,0,0,0,0,0,0,0,0
2003,483062,1,1,2,38,18,4,13,13,0,17,11,12
2003,483063,1,1,0,0,0,0,16,9,0,15,0,0
2003,483064,1,1,17,15,14,30,13,14,20,9,9,13
2003,483064,2,1,0,0,0,0,0,0,0,0,0,0
2003,483065,1,1,0,0,0,0,0,0,0,0,0,0
2003,483065,2,1,0,0,3,0,0,0,0,0,0,0
2003,483066,1,1,0,0,0,0,0,0,0,0,0,0
2003,483066,2,1,26,26,26,26,26,26,26,26,26,26
2003,483067,0,1,23,23,23,23,23,23,23,23,23,23
2003,483067,1,1,5,5,5,5,5,5,5,5,5,5
2003,483068,1,1,18,18,18,18,18,18,18,18,18,18
2003,483069,1,1,15,9,16,12,27,8,16,0,19,0
2003,483070,1,1,13,0,0,0,0,0,0,15,0,0
2003,483070,2,1,0,0,0,0,0,0,0,0,25,0
2003,483071,1,1,0,0,0,0,0,0,0,0,0,0
2003,483071,2,1,0,0,0,0,0,0,0,0,0,0
2003,483072,1,1,0,0,0,0,0,0,0,0,0,0
2003,483073,1,1,0,0,14,0,0,0,0,0,0,0
2003,483074,1,1,21,21,21,21,21,21,21,21,21,21
2003,483075,1,1,0,0,0,0,0,0,0,0,0,0
2003,483076,1,1,25,25,25,25,25,25,25,25,25,25
2003,483077,1,1,0,0,10,7,0,0,0,0,10,15
2003,483077,2,1,0,0,0,0,0,0,0,0,0,12
2003,483078,1,1,0,0,0,0,0,0,0,0,0,0
2003,483078,2,1,0,0,0,0,0,0,0,0,0,0
2003,483079,1,1,11,27,17,30,0,0,11,13,25,0
2003,483080,1,1,10,10,10,10,10,10,10,10,10,10
2003,483080,2,1,14,0,0,0,0,0,20,0,0,0
2003,483081,1,1,0,0,0,0,0,0,0,0,0,0
2003,483081,2,1,2,2,2,2,2,2,2,2,2,2
2003,483081,3,1,0,0,0,0,0,13,0,14,3,0
2003,483082,1,1,0,0,0,0,0,0,0,0,0,0
2003,483083,1,1,21,21,21,21,21,21,21,21,21,21
2003,483084,1,1,0,0,0,0,0,0,0,0,0,0
2003,483084,2,1,0,0,0,0,0,0,0,0,0,0
2003,483085,0,1,0,0,0,0,0,0,0,0,0,0
2003,483085,1,1,0,0,0,0,0,0,0,0,0,0
2003,483086,1,1,31,0,0,0,0,0,0,0,0,0
2003,483086,2,1,0,0,0,0,7,0,0,0,0,0
2003,483087,1,1,0,0,0,0,0,0,0,0,0,0
2003,483087,2,1,0,0,0,0,0,0,0,0,0,0
2003,483088,1,1,0,0,22,24,13,0,18,0,0,0
2003,483089,0,1,20,20,20,20,20,20,20,20,20,20
2003,483089,1,1,1,1,1,1,1,1,1,1,1,1
2003,483090,1,1,0,0,0,0,0,0,0,0,0,0
2003,483091,1,1,0,0,0,0,0,0,0,0,0,0
2003,483091,2,1,0,0,0,0,0,0,0,0,0,0
2003,483092,1,1,0,0,0,0,15,0,0,0,0,0
2003,483093,1,1,11,11,11,11,11,11,11,11,11,11
2003,483094,1,1,26,26,26,26,26,26,26,26,26,26
2003,483095,1,1,17,0,0,0,0,0,13,0,0,0
2003,483096,1,1,0,12,0,0,0,0,5,0,0,0
2003,483096,2,1,0,0,0,0,0,0,0,0,0,0
2003,483097,1,1,0,0,0,0,0,0,0,0,0,0
2003,483098,1,1,14,9,21,20,21,38,15,6,19,7
2003,483099,0,1,0,0,0,0,0,0,0,0,0,0
2003,483099,1,1,0,0,0,0,0,0,0,0,0,0
2003,483100,1,1,0,0,0,0,0,0,0,0,0,0
2003,483100,2,1,0,0,0,0,0,0,0,0,0,0
2003,483101,1,1,17,9,17,15,9,16,23,9,19,16
2003,483102,1,1,31,6,15,5,15,22,18,10,13,19
2003,483103,1,1,15,15,15,15,15,15,15,15,15,15
2003,483103,2,1,0,0,0,36,23,2,0,20,10,17
2003,483104,1,1,0,0,0,0,0,0,0,0,0,0
2003,483105,1,1,0,0,0,0,0,0,0,0,0,0
2003,483106,1,1,0,0,0,6,0,0,0,0,0,0
2003,483107,1,1,0,0,0,0,0,0,0,0,0,0
2003,483107,2,1,0,0,0,0,0,0,0,0,0,0
2003,483107,3,1,0,0,0,0,0,0,0,0,0,6
2003,483108,1,1,5,13,21,5,11,16,6,32,13,11
2003,483108,2,1,0,0,0,0,0,0,0,0,4,0
2003,483108,3,1,14,0,0,0,0,17,0,0,0,0
2003,483109,1,1,0,0,0,20,22,22,0,0,0,0
2003,483110,1,1,0,0,0,0,0,0,0,0,0,0
2003,483111,1,1,0,0,0,0,0,0,0,0,0,0
2003,483112,1,1,0,0,0,0,0,0,22,0,0,0
2003,483113,1,1,0,0,0,0,0,0,0,0,0,0
2003,483113,2,1,0,0,0,0,0,0,0,0,0,0
2003,483114,1,1,0,0,0,0,0,0,0,0,0,0
2003,483114,2,1,11,0,0,0,0,0,0,0,24,0
2003,483115,0,1,0,0,0,0,0,7,0,0,0,0
2003,483115,1,1,0,0,0,0,0,0,0,0,0,0
2003,483116,1,1,0,0,0,0,0,0,0,0,0,0
2003,483116,2,1,0,0,0,0,0,0,0,0,14,4
2003,483117,1,1,0,0,0,0,0,0,0,0,0,0
2003,483118,1,1,24,24,24,24,24,24,24,24,24,24
2003,483119,1,1,0,0,16,0,0,0,0,0,0,0
2003,483119,2,1,0,0,0,0,0,0,0,0,0,0
2003,483119,3,1,19,19,19,19,19,19,19,19,19,19
2003,483120,1,1,0,0,0,0,0,0,0,0,0,0
2003,483121,1,1,22,22,22,22,22,22,22,22,22,22
2003,483121,2,1,0,0,0,0,0,0,0,0,0,0
2003,483121,3,1,0,0,0,0,0,0,0,10,19,0
2003,483122,1,1,0,0,0,0,0,0,0,0,0,0
2003,483123,1,1,0,0,0,0,0,0,0,0,0,0
2003,483123,2,1,0,0,0,0,0,0,0,0,0,0
2003,483123,3,1,0,0,0,0,0,0,0,0,0,0
2003,483124,1,1,21,14,11,14,29,0,17,10,9,28
2003,483124,2,1,5,0,0,15,0,0,19,0,17,21
2003,483125,1,1,0,0,0,13,0,4,9,0,0,0
2003,483125,2,1,0,0,0,0,0,0,0,0,0,0
2003,483125,3,1,0,0,0,0,0,0,0,0,0,0
2003,483126,1,1,0,0,0,0,0,0,0,0,0,0
2003,483126,2,1,0,0,0,0,0,0,0,0,0,0
2003,483127,1,1,0,0,0,0,0,0,0,0,0,0
2003,483127,2,1,0,0,0,0,0,0,0,0,0,0
2003,483128,1,1,0,15,0,0,13,0,0,12,0,0
2003,483128,2,1,0,0,0,0,0,0,0,0,0,0
2003,483129,1,1,0,0,0,0,0,0,0,0,0,4
2003,483129,2,1,0,0,6,0,0,0,6,0,0,0
2003,483129,3,1,0,0,0,0,0,0,0,0,0,0
2003,483130,1,1,0,0,0,0,0,0,0,0,0,0
2003,483130,2,1,0,0,11,0,0,0,0,0,0,0
2003,483131,1,1,0,0,0,0,14,0,0,0,0,0
2003,483131,2,1,0,0,0,0,0,0,0,0,0,0
2003,483132,1,1,0,0,0,0,0,0,0,0,0,0
2003,483132,2,1,0,13,0,0,0,0,0,0,0,0
2003,483132,3,1,0,0,0,0,0,0,0,0,0,0
2003,483133,1,1,14,14,14,14,14,14,14,14,14,14
2003,483134,1,1,0,0,0,0,0,0,0,0,0,0
2003,483134,2,1,0,0,0,0,0,0,0,0,0,0
2003,483135,1,1,9,9,9,9,9,9,9,9,9,9
2003,483135,2,1,0,0,0,0,0,0,0,0,0,0
2003,483136,0,1,17,0,0,0,0,14,19,0,0,0
2003,483136,0,2,0,31,12,20,0,0,26,17,35,30
2003,483136,1,1,10,11,0,0,0,0,12,0,23,0
2003,483137,0,1,19,0,0,0,29,0,0,10,0,22
2003,483137,1,1,0,0,0,0,0,0,0,0,0,0
2003,483137,2,1,0,0,0,0,0,0,0,0,0,0
2003,483138,1,1,0,0,0,0,0,0,0,0,0,0
2003,483138,2,1,0,0,0,0,0,0,0,0,0,0
2003,483138,3,1,0,0,0,0,0,0,0,0,0,0
2003,483138,4,1,0,0,0,0,0,0,0,0,0,0
2003,483139,1,1,0,0,0,0,0,0,13,0,0,0
2003,483140,0,1,0,0,0,0,0,0,0,0,0,0
2003,483140,1,1,0,0,0,0,0,13,0,0,0,0
2003,483141,1,1,0,0,0,0,0,0,0,0,0,13
2003,483141,2,1,0,0,0,0,0,0,0,0,0,0
2003,483142,1,1,0,0,0,0,0,0,0,0,0,0
2003,483143,1,1,0,16,0,0,0,0,0,0,0,0
2003,483143,2,1,0,0,0,0,0,0,0,0,0,0
2003,483144,0,1,0,0,0,0,0,0,0,0,0,0
2003,483144,1,1,0,0,0,0,0,0,0,0,26,0
2003,483145,0,1,0,0,0,0,0,0,0,0,0,0
2003,483145,1,1,0,0,0,0,0,0,0,0,0,0
2003,483146,0,1,11,11,11,11,11,11,11,11,11,11
2003,483146,1,1,0,0,0,0,0,11,0,0,0,0
2003,483147,1,1,7,7,7,7,7,7,7,7,7,7
2003,483148,1,1,0,0,0,0,0,0,0,0,0,0
2003,483148,2,1,0,0,0,0,0,0,0,0,0,0
2003,483149,1,1,0,0,0,0,0,0,0,0,0,0
2003,483150,1,1,15,0,0,0,18,0,0,0,6,0
2003,483150,2,1,0,0,8,0,0,0,0,0,0,15
2003,483151,1,1,0,0,0,0,0,0,0,0,0,0
2003,483151,2,1,21,21,21,21,21,21,21,21,21,21
2003,483152,1,1,0,0,0,0,0,0,0,0,0,0
2003,483152,2,1,0,0,0,0,0,0,0,0,0,0
2003,483153,0,1,0,0,0,0,0,0,0,0,0,0
2003,483153,1,1,0,0,0,0,0,0,0,0,0,0
2003,483154,0,1,13,13,13,13,13,13,13,13,13,13
2003,483154,1,1,0,10,0,11,0,0,15,0,0,9
2003,483155,0,1,0,0,0,0,0,0,0,0,0,0
2003,483155,1,1,0,0,0,0,8,17,0,0,0,0
2003,483156,0,1,13,26,0,0,0,0,0,0,14,36
2003,483156,1,1,0,0,0,0,0,0,0,0,0,0
2003,483157,0,1,0,0,0,0,0,0,0,0,0,0
2003,483157,1,1,24,24,24,24,24,24,24,24,24,24
2003,483158,1,1,0,0,0,0,0,0,0,0,0,0
2003,483159,1,1,0,0,11,0,10,0,10,8,0,12
2003,483159,2,1,0,0,0,0,0,0,0,0,0,0
2003,483160,1,1,0,0,0,0,0,0,0,0,0,0
2003,483160,2,1,0,0,0,0,0,0,0,0,0,0
2003,483161,1,1,0,0,0,0,0,0,0,0,0,0
2003,483161,2,1,0,7,0,0,0,0,0,0,0,0
2003,483162,1,1,0,0,0,0,0,0,0,0,0,0
2003,483162,2,1,0,0,0,0,0,0,0,0,0,0
2003,483163,1,1,0,0,0,0,0,0,0,0,0,0
2003,483164,1,1,14,0,0,16,18,0,0,0,0,11
2003,483165,0,1,0,0,0,0,0,0,0,0,0,0
2003,483165,0,2,0,0,0,23,0,0,0,0,0,9
2003,483165,1,1,12,0,0,0,0,0,0,0,0,0
2003,483166,1,1,0,0,0,0,0,0,0,0,0,0
2003,483166,2,1,0,0,0,0,0,0,0,0,0,0
2003,483167,1,1,14,12,9,8,10,6,24,6,8,21
2003,483167,2,1,0,0,0,0,0,0,0,0,0,0
2003,483168,1,1,0,17,23,25,17,14,11,33,9,0
2003,483169,1,1,0,0,0,0,0,0,0,0,0,0
2003,483169,2,1,0,0,0,0,0,0,7,0,0,0
2003,483170,1,1,0,11,0,0,0,0,0,0,18,0
2003,483170,2,1,0,0,0,0,0,0,0,0,0,0
2003,483171,1,1,0,14,0,0,0,0,0,0,0,33
2003,483171,2,1,0,8,0,10,0,0,0,0,0,0
2003,483172,1,1,20,20,20,20,20,20,20,20,20,20
2003,483173,1,1,0,0,0,0,0,0,0,0,0,0
2003,483173,2,1,0,0,0,0,0,0,0,0,0,0
2003,483174,1,1,0,0,0,0,0,0,0,0,0,0
2003,483174,2,1,0,0,0,0,0,0,0,0,0,0
2003,483175,1,1,0,0,28,0,0,17,0,0,0,0
2003,483175,2,1,0,0,0,0,5,0,0,0,0,0
2003,483176,1,1,0,0,0,0,10,0,0,0,0,10
2003,483177,1,1,0,0,0,0,0,0,0,0,0,0
2003,483177,2,1,0,0,0,0,0,0,0,0,0,0
2003,483178,1,1,0,0,0,0,0,0,0,0,0,0
2003,483179,1,1,0,0,17,0,0,0,0,22,0,10
2003,483180,1,1,0,0,0,0,0,0,0,0,0,0
2003,483180,2,1,0,0,0,0,16,0,0,0,0,0
2003,483181,0,1,29,37,17,0,24,13,39,11,0,0
2003,483181,1,1,0,11,9,0,10,0,0,0,0,0
2003,483182,1,1,0,0,0,0,0,0,0,0,0,0
2003,483183,1,1,12,14,0,0,0,0,15,28,14,24
2003,483183,2,1,0,0,0,0,18,0,0,0,0,0
2003,483183,3,1,0,0,6,16,0,0,0,13,0,0
2003,483184,1,1,0,0,0,0,0,0,0,18,6,0
2003,483184,2,1,10,0,16,0,13,14,0,0,17,23
2003,483185,1,1,0,0,6,0,0,21,0,0,27,0
2003,483186,1,1,0,11,21,16,14,14,0,0,23,0
2003,483187,0,1,18,27,0,22,27,8,0,14,29,21
2003,483187,1,1,9,0,0,18,0,0,0,0,0,0
2003,483188,1,1,27,27,27,27,27,27,27,27,27,27
2003,483189,0,1,13,56,23,14,14,9,22,38,8,15
2003,483189,1,1,0,0,0,0,0,0,0,0,0,0
2003,483190,1,1,20,20,20,20,20,20,20,20,20,20
2003,483190,2,1,0,0,0,0,0,0,0,0,0,0
2003,483191,1,1,0,0,0,0,0,0,0,0,0,0
2003,483192,1,1,29,20,30,18,28,8,6,12,14,27
2003,483193,1,1,20,0,0,0,0,0,0,0,0,23
2003,483194,0,1,12,12,12,12,12,12,12,12,12,12
2003,483194,1,1,0,0,0,0,0,0,0,0,0,0
2003,483195,0,1,0,0,0,0,0,0,0,0,0,0
2003,483195,1,1,0,0,0,0,0,0,0,0,0,0
2003,483196,1,1,0,0,0,0,0,0,0,0,0,0
2003,483196,2,1,0,0,0,0,0,0,0,0,0,0
2003,483196,3,1,0,0,0,0,0,0,0,0,0,0
2003,483197,0,1,15,0,18,0,21,7,39,0,0,0
2003,483197,1,1,0,0,0,0,0,0,0,0,0,0
2003,483198,1,1,13,16,15,0,0,22,15,19,15,15
2003,483199,1,1,25,10,26,23,11,2,11,6,22,17
2003,483199,2,1,0,0,0,4,0,0,0,0,12,12
2003,483200,1,1,0,0,0,0,0,0,0,0,0,0
2003,483200,2,1,0,0,0,0,0,0,0,0,0,0
2003,483201,1,1,0,0,0,0,0,0,0,0,0,0
2003,483202,0,1,0,0,0,0,0,0,0,0,0,0
2003,483202,1,1,21,0,0,0,0,0,0,12,37,23
2003,483203,1,1,0,0,0,0,0,0,0,0,0,0
2003,483204,1,1,22,22,22,22,22,22,22,22,22,22
2003,483204,2,1,9,21,0,15,0,0,0,0,0,0
2003,483205,0,1,31,31,31,31,31,31,31,31,31,31
2003,483205,1,1,0,7,0,18,0,0,0,0,0,0
2003,483206,1,1,0,0,0,12,0,0,0,0,0,7
2003,483206,2,1,17,0,0,0,0,0,0,0,0,0
2003,483207,1,1,0,0,0,0,0,0,0,0,0,0
2003,483207,2,1,0,23,0,9,0,0,0,0,0,0
2003,483208,1,1,7,35,19,12,15,16,12,17,21,22
2003,483208,2,1,0,0,0,0,0,0,15,0,0,0
2003,483209,1,1,17,17,17,17,17,17,17,17,17,17
2003,483209,2,1,0,0,0,0,0,0,0,0,0,0
2003,483210,1,1,16,0,0,0,16,8,0,0,0,0
2003,483211,1,1,0,0,0,0,0,0,0,0,0,0
2003,483211,2,1,0,0,0,0,0,0,0,5,0,0
2003,483212,1,1,0,0,0,0,0,0,0,0,0,0
2003,483213,1,1,0,0,0,0,0,0,0,0,0,0
2003,483214,1,1,0,0,0,0,0,0,0,10,0,0
2003,483214,2,1,0,0,0,0,0,0,0,0,0,0
2003,483215,0,1,27,27,27,27,27,27,27,27,27,27
2003,483215,1,1,10,15,6,7,12,0,0,0,0,15
2003,483216,1,1,0,0,0,0,0,0,0,0,6,0
2003,483216,2,1,0,0,0,0,0,0,0,0,0,0
2003,483217,1,1,0,0,0,0,0,0,0,0,0,0
2003,483217,2,1,0,0,0,0,0,0,0,0,0,0
2003,483217,3,1,0,0,0,0,0,0,0,0,0,0
2003,483217,4,1,0,0,0,0,0,0,0,0,0,0
2003,483218,1,1,11,0,15,12,15,28,0,8,13,0
2003,483219,1,1,0,0,0,0,0,0,0,0,0,0
2003,483219,2,1,0,0,0,0,0,0,0,0,0,0
2003,483220,1,1,0,0,0,0,0,0,0,0,0,0
2003,483221,1,1,0,0,0,0,0,0,0,0,0,0
2003,483221,2,1,0,0,0,0,0,0,0,0,0,0
2003,483222,1,1,17,17,17,17,17,17,17,17,17,17
2003,483223,1,1,10,10,10,10,10,10,10,10,10,10
2003,483223,2,1,0,0,0,0,0,0,10,16,0,0
2003,483223,3,1,0,0,15,0,0,0,0,0,4,0
2003,483224,0,1,0,0,0,18,0,0,0,0,0,42
2003,483224,1,1,0,0,0,0,0,0,0,0,0,0
2003,483225,1,1,0,15,0,0,0,0,0,0,0,4
2003,483226,1,1,19,19,19,19,19,19,19,19,19,19
2003,483227,1,1,23,6,21,14,14,12,20,19,18,14
2003,483228,1,1,0,10,16,21,22,0,0,20,0,12
2003,483229,1,1,19,0,34,0,17,0,0,17,0,17
2003,483230,1,1,26,9,0,14,27,11,21,17,23,9
2003,483231,1,1,0,0,0,0,0,0,0,9,0,0
2003,483231,2,1,28,28,28,28,28,28,28,28,28,28
2003,483232,1,1,0,0,0,0,0,0,0,0,0,0
2003,483232,2,1,0,0,0,0,0,0,0,0,0,0
2003,483233,0,1,0,0,0,0,0,0,0,0,0,0
2003,483233,1,1,0,0,0,0,0,0,0,0,0,0
2003,483234,1,1,0,17,0,0,18,12,0,0,0,21