YEAR,ST_CASE,veh_no,per_no,P1,P2,P3,P4,P5,P6,P7,P8,P9,P10
2003,483235,1,1,23,23,23,23,23,23,23,23,23,23
2003,483235,2,1,0,0,0,2,10,0,0,0,0,19
2003,483235,3,1,0,0,0,0,0,15,0,0,20,0
2003,483235,4,1,0,0,0,0,0,18,0,0,0,0
2003,483236,1,1,0,0,0,0,0,0,0,0,0,0
2003,483236,2,1,0,0,0,0,0,0,0,0,0,0
2003,483237,1,1,0,0,0,0,0,0,0,0,0,21
2003,483238,1,1,0,0,0,0,0,0,0,0,0,0
2003,483238,2,1,0,0,0,0,0,0,0,0,0,0
2003,483239,1,1,0,0,0,0,0,0,0,0,0,0
2003,483240,1,1,0,0,0,0,0,0,0,0,0,0
2003,483241,1,1,0,0,0,0,0,0,0,0,0,0
2003,483242,1,1,23,0,0,22,16,25,0,0,0,15
2003,483243,1,1,0,0,0,0,0,0,0,0,0,0
2003,483244,1,1,0,0,5,0,0,0,0,0,12,0
2003,483244,2,1,0,0,0,0,0,0,0,0,0,2
2003,483245,1,1,10,8,14,17,4,5,9,5,17,13
2003,483245,2,1,0,0,0,0,0,0,0,0,0,0
2003,483246,1,1,0,0,0,0,0,0,0,0,0,0
2003,483247,1,1,0,0,0,0,0,0,0,0,0,0
2003,483247,2,1,0,0,0,0,0,0,0,0,0,0
2003,483248,1,1,0,0,0,0,0,0,0,0,0,0
2003,483248,2,1,0,0,0,0,0,0,0,0,0,0
2003,483249,1,1,0,21,16,15,13,16,0,14,0,0
2003,483250,1,1,23,0,0,20,35,0,0,12,0,31
2003,483250,2,1,26,26,26,26,26,26,26,26,26,26
2003,483251,1,1,0,0,0,4,0,0,0,0,0,0
2003,483251,2,1,0,0,0,0,0,0,0,0,0,0
2003,483252,1,1,0,0,0,0,0,0,0,0,0,0
2003,483252,2,1,8,0,0,0,0,0,0,0,0,0
2003,483253,1,1,0,12,16,18,22,0,26,17,9,0
2003,483254,1,1,0,0,0,0,0,0,0,0,0,0
2003,483255,1,1,0,0,0,0,0,0,0,0,0,0
2003,483255,2,1,0,0,0,0,0,0,0,0,0,0
2003,483256,1,1,1,1,1,1,1,1,1,1,1,1
2003,483256,2,1,0,0,0,0,0,0,0,0,0,0
2003,483257,1,1,10,0,0,0,0,0,0,0,17,0
2003,483258,1,1,0,12,0,0,0,15,0,9,0,0
2003,483258,2,1,0,0,0,0,0,0,0,0,0,0
2003,483259,0,1,0,8,0,18,0,23,12,21,0,0
2003,483259,1,1,0,0,0,0,0,0,0,0,0,0
2003,483260,2,1,0,9,0,0,0,0,5,0,0,0
2003,483261,1,1,0,0,0,0,0,0,0,0,0,0
2003,483261,2,1,0,0,0,0,0,0,0,0,0,0
2003,483262,1,1,0,0,0,19,0,0,10,14,0,9
2003,483263,1,1,0,8,0,0,0,0,7,0,14,0
2003,483263,2,1,13,0,3,0,0,0,14,0,0,22
2003,483264,1,1,21,9,14,14,11,23,10,2,8,7
2003,483264,2,1,11,18,0,16,0,0,0,0,0,0
2003,483265,0,1,0,0,0,0,0,0,0,0,0,0
2003,483265,1,1,4,4,4,4,4,4,4,4,4,4
2003,483267,1,1,0,0,0,0,9,0,0,0,47,0
2003,483268,1,1,20,20,26,10,20,0,20,19,6,26
2003,483269,1,1,0,0,0,0,0,0,0,0,0,0
2003,483269,2,1,0,0,0,0,0,0,0,0,0,0
2003,483270,1,1,0,0,0,0,0,0,0,0,0,0
2003,483270,2,1,0,0,16,0,0,0,0,0,0,0
2003,483271,1,1,0,20,0,0,0,0,0,0,0,0
2003,483272,1,1,0,0,0,0,0,0,0,0,0,0
2003,483273,1,1,0,0,0,0,0,0,0,0,0,0
2003,483273,2,1,0,0,0,0,0,0,0,0,0,0
2003,483274,1,1,0,0,0,0,0,0,0,0,0,0
2003,483274,2,1,21,12,13,17,26,8,9,9,15,15
2003,483275,1,1,0,7,0,0,0,11,3,0,17,0
2003,483277,1,1,19,3,18,13,23,16,18,33,11,14
2003,483278,1,1,4,0,0,0,0,21,0,0,0,0
2003,483279,1,1,0,0,0,0,19,0,0,0,0,0
2003,483279,2,1,0,0,0,0,0,0,0,0,0,0
2003,483280,1,1,0,0,0,0,0,0,0,0,0,0
2003,483280,2,1,0,0,0,0,0,0,0,0,0,0
2003,483281,1,1,13,25,32,37,8,19,30,16,21,35
2003,483282,1,1,0,0,0,0,0,0,0,0,0,0
2003,483282,2,1,0,0,0,0,0,0,0,0,0,0
2003,483283,1,1,0,0,0,0,6,0,0,0,0,0
2003,483283,2,1,0,0,0,0,0,0,0,0,0,0
2003,483284,1,1,0,0,0,0,0,10,0,0,0,0
2003,483284,2,1,0,0,0,0,0,0,0,0,0,0
2003,483284,3,1,0,0,0,0,0,0,3,0,0,0
2003,483284,4,1,0,13,0,0,0,0,0,0,0,0
2003,483285,1,1,0,0,0,0,0,0,0,0,0,0
2003,483286,1,1,0,16,30,17,39,10,26,30,8,28
2003,483287,1,1,0,0,0,15,0,0,0,0,0,0
2003,483288,1,1,0,0,0,0,0,19,0,0,13,0
2003,483288,2,1,0,0,0,0,0,0,0,10,0,0
2003,483289,0,1,0,0,0,0,0,0,0,0,0,0
2003,483289,1,1,0,15,0,0,0,7,0,7,0,0
2003,483290,1,1,0,0,0,0,0,0,0,0,0,0
2003,483290,2,1,0,0,0,0,0,19,0,0,0,0
2003,483291,1,1,21,0,0,22,0,0,0,0,0,0
2003,483292,1,1,0,0,0,0,0,0,0,0,0,0
2003,483292,2,1,0,0,0,0,0,0,0,0,5,0
2003,483293,1,1,0,0,0,0,0,0,0,0,0,0
2003,483293,2,1,0,0,0,0,3,0,0,0,0,0
2003,483294,1,1,0,0,25,13,12,0,0,0,11,0
2003,483294,2,1,0,0,0,0,0,0,0,0,0,0
2003,483295,1,1,0,0,0,4,0,23,0,0,0,15
2003,483295,2,1,0,0,0,4,15,0,0,0,0,0
2003,483296,1,1,0,0,16,0,5,0,9,0,8,0
2003,483297,1,1,0,0,0,0,0,0,0,0,0,0
2003,483297,2,1,0,0,0,0,0,0,0,0,0,0
2003,483297,3,1,0,0,0,0,0,0,3,0,0,14
2003,483298,1,1,0,0,3,0,0,0,0,0,0,0
2003,483299,1,1,27,8,21,15,4,8,22,24,10,0
2003,483300,1,1,15,15,15,15,15,15,15,15,15,15
2003,483301,1,1,18,18,18,18,18,18,18,18,18,18
2003,483302,1,1,0,0,0,0,0,0,0,0,0,0
2003,483302,2,1,0,0,0,0,0,0,0,0,0,0
2003,483303,1,1,0,0,0,0,5,0,0,0,0,0
2003,483303,2,1,8,0,0,0,0,17,0,0,0,0
2003,483304,1,1,0,0,0,0,0,0,0,0,0,0
2003,483305,1,1,0,0,19,0,0,0,0,0,0,0
2003,483306,1,1,18,0,12,0,7,0,0,0,0,0
2003,483306,2,1,0,0,0,0,0,17,0,0,18,0
2003,483306,3,1,0,0,0,0,0,5,0,0,0,0
2003,483307,1,1,0,0,0,0,0,0,0,0,0,0
2003,483307,2,1,0,0,0,0,0,0,0,0,0,0
2003,483308,1,1,0,0,0,14,0,0,0,0,0,0
2003,483308,2,1,0,16,0,0,0,0,0,0,0,0
2003,483309,1,1,0,0,12,22,0,11,0,21,21,31
2003,483310,1,1,11,9,0,0,0,13,0,0,0,0
2003,483310,2,1,0,7,5,0,0,0,0,0,0,0
2003,483310,3,1,0,0,0,4,0,0,8,0,0,0
2003,483311,1,1,27,0,0,0,0,0,40,0,0,28
2003,483312,1,1,0,0,0,0,15,5,0,0,5,0
2003,483313,0,1,0,0,22,22,11,0,16,28,0,30
2003,483313,1,1,0,0,0,0,0,5,0,0,0,0
2003,483314,1,1,0,0,0,0,0,0,0,0,0,0
2003,483314,2,1,0,0,0,0,0,0,0,0,0,0
2003,483315,1,1,8,21,13,25,15,34,14,19,29,11
2003,483316,1,1,0,0,0,0,0,0,0,0,0,0
2003,483316,2,1,0,0,13,15,0,0,24,11,0,0
2003,483317,1,1,0,0,0,0,0,0,0,0,0,0
2003,483317,2,1,0,0,0,0,0,0,0,0,0,0
2003,483318,0,1,10,0,41,10,18,24,26,17,29,11
2003,483318,1,1,0,0,16,0,0,10,0,0,0,4
2003,483319,0,1,0,50,0,13,27,7,0,0,0,0
2003,483319,1,1,19,11,0,7,0,0,0,24,18,8
2003,483320,1,1,20,0,11,6,27,5,15,0,8,16
2003,483320,2,1,0,0,0,0,0,0,0,0,0,0
2003,483321,1,1,0,0,0,0,0,0,0,0,0,0
2003,483321,2,1,0,0,0,0,0,0,12,0,0,19
2003,483321,3,1,0,0,0,0,0,16,9,0,0,10
2003,483322,0,1,0,0,0,0,0,0,0,0,0,0
2003,483322,1,1,0,0,11,0,0,0,0,19,0,0
2003,483323,1,1,0,0,0,20,0,0,0,0,0,0
2003,483323,2,1,0,0,0,0,0,0,0,0,0,0
2003,483324,1,1,0,0,3,7,0,0,0,8,16,0
2003,483324,2,1,12,0,0,0,0,0,0,0,0,0
2003,483324,3,1,14,0,0,0,11,0,0,0,15,17
2003,483325,1,1,0,0,0,22,23,23,0,0,0,17
2003,483325,2,1,6,0,0,0,0,13,0,0,23,0
2003,483326,1,1,13,11,15,18,16,7,9,29,6,32
2003,483327,0,1,21,18,0,10,15,25,15,12,9,0
2003,483327,1,1,0,13,24,0,7,0,0,0,28,0
2003,483328,1,1,18,21,14,20,0,0,14,5,28,13
2003,483329,1,1,0,0,0,22,0,0,0,0,0,0
2003,483329,2,1,0,0,0,0,0,0,0,0,0,0
2003,483330,1,1,0,0,6,0,0,0,0,0,0,0
2003,483330,2,1,0,0,0,0,0,0,0,0,0,0
2003,483331,0,1,0,0,0,0,0,10,0,0,0,0
2003,483331,1,1,0,0,0,0,0,0,0,0,0,0
2003,483332,0,1,0,0,0,0,0,0,0,39,0,18
2003,483332,1,1,0,0,0,0,0,0,0,0,28,0
2003,483333,1,1,0,0,0,0,0,0,0,0,0,13
2003,483334,0,1,22,14,0,21,19,0,27,16,14,0
2003,483334,1,1,0,0,9,0,17,33,21,0,0,0
2003,483335,1,1,16,0,8,0,13,24,9,18,37,9
2003,483336,1,1,0,0,0,0,0,0,0,0,0,0
2003,483336,2,1,0,0,0,0,0,0,0,0,0,0
2003,483337,1,1,0,0,0,0,13,0,20,0,0,0
2003,483338,0,1,20,39,7,7,0,0,0,0,15,14
2003,483338,1,1,17,12,0,0,0,0,0,0,0,0
2003,483339,1,1,11,11,11,11,11,11,11,11,11,11
2003,483339,2,1,0,0,0,0,0,0,4,0,0,0
2003,483340,1,1,13,17,30,12,0,15,22,13,16,26
2003,483341,1,1,0,0,23,25,20,0,0,0,0,29
2003,483341,2,1,0,0,0,0,0,0,0,0,0,0
2003,483342,1,1,22,9,16,12,18,11,4,26,11,13
2003,483343,1,1,0,0,0,0,0,0,0,0,0,0
2003,483343,2,1,0,0,0,0,0,0,0,0,0,0
2003,483344,1,1,0,0,0,0,0,0,0,0,0,0
2003,483344,2,1,0,0,0,0,0,0,0,0,0,0
2003,483345,0,1,7,0,2,0,30,20,0,0,15,30
2003,483345,1,1,14,0,0,0,23,0,0,0,12,0
2003,483345,2,1,0,19,8,12,0,0,0,0,0,0
2003,483346,0,1,0,0,0,0,0,0,0,0,0,0
2003,483346,1,1,0,0,0,0,0,0,0,0,0,0
2003,483347,1,1,8,14,9,18,11,25,14,23,27,9
2003,483348,0,1,0,0,0,0,0,0,27,0,0,0
2003,483348,1,1,0,3,0,0,0,0,22,0,0,0
2003,483349,1,1,0,0,0,0,0,0,0,0,0,0
2003,483349,2,1,0,0,0,0,0,0,0,0,0,0
2003,483350,1,1,0,0,0,0,13,0,0,0,11,0
2003,483350,2,1,0,0,0,0,0,0,0,0,0,0
2003,483351,1,1,10,0,0,0,0,2,13,0,15,0
2003,483352,0,1,0,0,0,0,0,0,0,0,37,0
2003,483352,1,1,0,0,0,0,0,0,0,0,0,0
2003,483353,1,1,10,10,10,10,10,10,10,10,10,10
2003,483353,2,1,0,0,0,0,0,0,7,0,0,0
2003,483354,1,1,0,0,0,0,0,0,0,0,0,0
2003,483355,1,1,0,0,0,0,0,0,0,0,0,0
2003,483355,2,1,23,23,23,23,23,23,23,23,23,23
2003,483356,1,1,7,19,10,18,0,8,13,15,12,23
2003,483356,2,1,17,0,19,0,33,0,0,0,0,0
2003,483357,1,1,0,0,0,0,0,0,0,0,0,0
2003,483357,2,1,0,0,0,0,0,0,0,0,0,0
2003,483357,3,1,0,0,0,0,0,0,0,0,0,0
2003,483358,1,1,18,0,8,10,0,15,23,18,22,9
2003,483358,2,1,0,0,19,0,24,8,29,0,0,17
2003,483359,1,1,0,0,0,9,0,12,0,21,0,0
2003,483360,1,1,0,0,0,0,0,3,0,0,0,0
2003,483361,1,1,16,17,30,4,35,0,21,17,21,7
2003,483362,1,1,7,7,7,7,7,7,7,7,7,7
2003,483362,2,1,0,16,0,7,28,0,0,28,0,0
2003,483363,1,1,22,12,19,4,14,21,20,12,28,7
2003,483363,2,1,0,0,0,0,0,0,0,0,0,0
2003,483364,0,1,35,31,18,24,0,26,33,0,17,44
2003,483364,1,1,0,0,10,0,8,0,0,0,0,4
2003,483365,1,1,0,0,0,0,7,5,10,16,10,13
2003,483366,2,1,0,8,0,0,0,0,0,0,0,0
2003,483367,1,1,24,24,24,24,24,24,24,24,24,24
2003,483368,1,1,0,0,0,0,0,0,0,0,0,0
2003,483368,2,1,0,0,0,0,0,0,0,0,0,0
2003,483369,1,1,13,6,21,16,23,18,24,3,12,42
2003,483369,2,1,0,0,0,8,0,0,0,11,0,0
2003,483370,1,1,0,0,0,11,19,0,12,7,14,21
2003,483370,2,1,0,0,16,20,0,10,0,0,0,0
2003,483371,1,1,0,0,0,0,0,0,0,0,0,0
2003,483372,0,1,24,0,27,30,14,0,0,0,0,37
2003,483372,1,1,6,5,19,16,0,9,0,33,0,6
2003,483373,0,1,9,18,23,15,23,17,23,9,0,17
2003,483373,1,1,0,0,0,0,29,10,0,0,0,0
2003,483374,1,1,0,0,0,0,0,0,0,29,9,0
2003,483374,2,1,0,0,0,0,0,18,0,7,0,0
2003,483375,1,1,0,0,0,0,0,0,0,0,0,34
2003,483375,2,1,0,0,0,0,0,0,0,0,0,0
2003,483376,0,1,29,22,17,0,20,0,0,0,0,0
2003,483376,1,1,0,0,14,0,0,0,16,0,0,0
2003,483377,1,1,0,0,0,0,0,0,0,0,4,0
2003,483377,2,1,0,0,0,0,0,0,10,0,0,0
2003,483377,3,1,0,0,0,0,0,0,0,0,0,0
2003,483378,1,1,43,10,12,10,17,44,22,29,29,24
2003,483379,0,1,0,28,0,0,0,0,0,0,0,10
2003,483379,1,1,0,18,0,0,0,0,0,0,0,0
2003,483380,1,1,0,0,0,0,0,0,0,0,0,0
2003,483381,0,1,0,0,22,0,23,0,0,0,0,0
2003,483381,1,1,7,0,0,0,0,0,0,0,0,0
2003,483381,2,1,0,0,0,0,6,28,0,0,0,0
2003,490001,1,1,0,0,0,0,11,0,0,0,0,0
2003,490002,1,1,0,0,0,0,0,0,0,0,0,0
2003,490002,2,1,0,0,0,0,0,0,0,0,0,0
2003,490003,1,1,0,0,0,0,0,0,0,0,0,0
2003,490004,1,1,0,0,0,0,0,0,0,0,0,0
2003,490004,2,1,0,0,0,0,0,10,0,18,0,0
2003,490005,1,1,0,0,0,0,0,17,0,0,0,0
2003,490005,2,1,0,0,0,0,0,0,0,0,0,0
2003,490006,0,1,0,0,0,0,0,0,0,0,0,0
2003,490006,1,1,0,0,0,0,0,0,0,0,0,0
2003,490007,0,1,0,0,0,0,0,0,0,0,0,0
2003,490007,1,1,0,0,0,0,0,0,0,0,0,0
2003,490008,1,1,0,0,0,0,0,0,0,0,0,0
2003,490009,0,1,0,0,0,0,0,0,0,0,0,0
2003,490009,1,1,0,0,0,0,0,0,0,0,0,0
2003,490010,1,1,0,0,0,0,0,0,0,0,0,0
2003,490011,1,1,0,0,0,0,0,0,0,0,0,0
2003,490011,2,1,0,0,0,0,0,0,0,0,0,0
2003,490011,3,1,0,0,0,0,0,0,0,0,0,0
2003,490012,1,1,0,0,0,0,0,0,0,0,0,0
2003,490013,1,1,0,0,0,0,0,0,0,0,0,0
2003,490013,2,1,0,0,0,0,0,0,0,0,0,0
2003,490014,1,1,0,0,0,0,0,0,0,0,0,0
2003,490015,0,1,0,0,0,0,0,0,0,0,0,0
2003,490015,1,1,0,0,0,0,0,0,0,0,0,0
2003,490016,1,1,0,0,0,0,0,0,0,0,0,0
2003,490016,2,1,0,0,0,0,0,0,0,0,0,0
2003,490016,3,1,0,0,0,0,0,0,0,0,0,0
2003,490017,1,1,0,0,7,0,0,0,0,12,0,0
2003,490018,1,1,0,0,0,0,0,0,0,0,0,0
2003,490018,2,1,0,0,0,0,0,0,0,0,0,0
2003,490019,0,1,18,18,18,18,18,18,18,18,18,18
2003,490019,1,1,0,0,0,0,0,0,0,0,0,0
2003,490020,0,1,0,0,0,0,0,0,0,13,0,8
2003,490020,0,2,0,0,0,0,0,0,0,0,0,0
2003,490020,1,1,0,0,0,0,0,0,0,0,0,0
2003,490021,1,1,0,0,0,0,0,0,0,0,0,23
2003,490021,2,1,0,0,0,0,0,0,0,0,0,0
2003,490022,1,1,0,0,0,0,0,0,0,0,0,0
2003,490022,2,1,0,0,0,0,0,0,0,0,0,0
2003,490023,1,1,0,0,0,0,0,0,0,0,0,0
2003,490024,1,1,0,0,0,0,0,0,6,0,0,0
2003,490025,1,1,0,0,0,0,0,0,0,0,0,0
2003,490026,1,1,0,0,0,0,0,0,0,0,0,0
2003,490026,2,1,0,0,0,0,0,0,0,0,0,0
2003,490027,1,1,0,0,0,0,0,0,0,0,0,0
2003,490027,2,1,0,0,0,0,0,0,0,0,0,0
2003,490028,1,1,0,0,0,0,0,0,0,0,0,0
2003,490028,2,1,0,0,0,0,0,0,0,0,0,0
2003,490029,1,1,0,0,0,0,0,0,0,0,0,0
2003,490029,2,1,0,0,0,0,0,0,0,0,0,0
2003,490029,3,1,0,0,0,0,0,0,0,0,0,0
2003,490030,1,1,0,0,0,0,0,0,0,0,0,0
2003,490031,1,1,0,0,0,0,0,0,0,0,0,0
2003,490032,1,1,0,0,0,0,0,0,0,0,0,0
2003,490032,2,1,0,0,0,0,0,0,0,0,0,0
2003,490033,1,1,0,0,0,0,0,0,0,0,0,0
2003,490033,2,1,0,0,0,0,0,0,0,0,0,0
2003,490034,1,1,0,0,0,0,0,0,0,0,0,0
2003,490034,2,1,0,0,0,0,0,0,0,0,0,0
2003,490035,0,1,0,0,0,0,0,0,0,0,0,0
2003,490035,1,1,0,0,0,0,0,0,0,0,0,0
2003,490036,1,1,0,0,0,0,0,0,0,0,0,0
2003,490036,2,1,0,0,0,0,0,0,0,0,0,0
2003,490037,1,1,0,0,0,0,0,0,0,0,0,0
2003,490038,1,1,0,0,0,0,0,0,0,0,0,0
2003,490039,1,1,20,20,20,20,20,20,20,20,20,20
2003,490040,0,1,0,0,37,0,7,0,0,0,0,0
2003,490040,0,2,0,10,0,0,0,0,19,7,0,0
2003,490040,1,1,0,0,0,0,0,0,0,0,0,0
2003,490041,1,1,0,0,0,0,0,0,0,0,0,0
2003,490042,1,1,30,30,30,30,30,30,30,30,30,30
2003,490043,1,1,0,0,0,0,0,0,0,0,0,0
2003,490043,2,1,0,0,0,0,0,0,0,0,0,0
2003,490044,1,1,0,0,0,0,0,0,0,0,0,0
2003,490044,2,1,0,0,0,0,0,0,0,0,0,0
2003,490045,1,1,0,0,0,0,0,0,0,0,0,0
2003,490045,2,1,0,0,0,0,0,0,0,0,0,0
2003,490045,3,1,7,0,0,0,0,0,0,0,0,0
2003,490046,1,1,0,0,0,0,0,0,0,0,0,0
2003,490047,1,1,0,0,0,0,0,0,0,0,0,0
2003,490048,1,1,0,0,0,0,0,0,0,0,0,16
2003,490049,1,1,0,0,0,0,0,0,0,0,0,0
2003,490049,2,1,0,0,0,0,0,0,0,0,0,0
2003,490050,1,1,0,0,0,0,0,0,0,0,0,0
2003,490050,2,1,0,0,0,0,0,0,0,0,0,0
2003,490051,1,1,4,4,4,4,4,4,4,4,4,4
2003,490051,2,1,0,0,0,0,0,0,0,0,0,0
2003,490052,0,1,0,0,0,0,0,0,0,0,0,0
2003,490052,1,1,0,0,0,0,0,0,0,0,0,0
2003,490053,1,1,0,0,0,0,0,0,0,0,0,8
2003,490054,1,1,0,0,0,0,0,0,0,0,0,0
2003,490055,1,1,0,0,0,0,0,0,0,0,0,0
2003,490055,2,1,0,0,0,0,0,0,0,0,0,0
2003,490056,1,1,0,0,0,0,0,0,0,0,0,0
2003,490057,0,1,0,0,0,0,0,0,0,0,0,0
2003,490057,0,2,2,0,0,0,0,0,0,19,0,0
2003,490057,1,1,0,0,0,0,0,0,0,0,0,0
2003,490058,1,1,0,0,0,0,0,0,0,0,0,0
2003,490058,2,1,0,0,0,0,0,0,0,0,0,0
2003,490059,1,1,0,0,0,0,0,0,0,0,0,0
2003,490060,0,1,0,0,0,0,0,0,0,0,0,0
2003,490060,1,1,0,0,0,0,0,0,0,0,0,0
2003,490061,1,1,12,12,12,12,12,12,12,12,12,12
2003,490061,2,1,0,0,0,0,0,0,0,0,0,0
2003,490062,1,1,0,0,0,0,0,0,0,0,0,0
2003,490062,2,1,0,0,0,0,0,0,0,0,0,0
2003,490063,0,1,0,0,0,0,0,0,0,0,0,0
2003,490063,1,1,0,0,0,0,0,0,0,0,0,0
2003,490064,1,1,0,0,0,0,0,0,0,0,0,0
2003,490065,1,1,0,0,0,0,0,0,0,0,0,0
2003,490065,2,1,0,0,0,0,0,0,0,0,0,0
2003,490066,1,1,0,0,0,18,0,0,14,0,0,24
2003,490067,1,1,0,0,0,0,0,0,0,0,0,17
2003,490068,1,1,0,0,0,0,0,0,0,0,0,0
2003,490069,1,1,0,0,0,0,8,0,0,0,0,0
2003,490070,1,1,0,0,0,0,0,0,0,0,0,0
2003,490070,2,1,0,0,0,0,0,0,0,0,0,0
2003,490070,3,1,0,0,0,0,0,0,0,0,0,0
2003,490071,1,1,0,0,0,0,0,0,0,15,0,0
2003,490072,0,1,0,0,0,0,0,0,0,0,0,0
2003,490072,1,1,0,0,0,0,0,0,0,0,0,0
2003,490073,1,1,0,0,0,0,0,0,0,0,0,0
2003,490074,1,1,0,0,0,0,0,0,0,0,0,0
2003,490075,1,1,0,0,0,0,0,0,0,0,0,0
2003,490075,2,1,0,0,0,0,0,0,0,0,0,0
2003,490076,1,1,0,0,0,0,0,0,0,0,0,0
2003,490076,2,1,0,0,0,0,0,0,0,0,0,0
2003,490077,1,1,0,0,0,0,0,0,0,0,0,0
2003,490078,1,1,0,0,0,0,0,30,0,0,0,0
2003,490079,1,1,0,0,0,0,0,0,0,0,0,0
2003,490080,1,1,0,0,0,0,0,0,0,0,0,0
2003,490081,1,1,0,0,0,17,0,0,0,0,0,0
2003,490082,1,1,0,0,0,0,0,0,0,0,0,0
2003,490083,1,1,0,0,0,0,0,0,0,0,0,0
2003,490084,1,1,0,0,0,0,0,0,0,0,0,0
2003,490085,1,1,0,0,0,0,0,0,0,0,0,0
2003,490085,2,1,0,0,0,0,0,0,0,0,0,0
2003,490086,1,1,0,0,0,0,0,0,0,0,0,0
2003,490087,1,1,0,0,0,0,0,0,0,0,0,0
2003,490088,0,1,0,0,0,0,0,0,0,0,0,0
2003,490088,1,1,0,0,0,0,0,0,0,0,0,0
2003,490088,2,1,0,0,0,0,0,0,0,0,0,0
2003,490089,1,1,8,8,8,8,8,8,8,8,8,8
2003,490089,2,1,0,0,0,0,0,0,0,0,0,0
2003,490090,1,1,0,0,0,0,0,0,0,0,0,0
2003,490090,2,1,0,0,0,0,0,0,0,11,0,0
2003,490091,1,1,0,0,0,10,0,0,0,0,0,0
2003,490092,1,1,0,0,0,0,0,0,0,0,0,0
2003,490092,2,1,0,0,0,0,0,0,0,0,0,0
2003,490093,1,1,0,0,0,0,0,0,0,0,0,0
2003,490094,1,1,20,20,20,20,20,20,20,20,20,20
2003,490095,1,1,0,0,0,0,0,0,0,0,0,0
2003,490096,1,1,0,0,0,0,0,0,0,0,0,0
2003,490097,1,1,0,0,0,0,0,0,0,0,16,0
2003,490098,1,1,0,0,0,0,0,0,0,0,0,0
2003,490099,1,1,0,0,25,0,17,0,9,19,0,0
2003,490100,1,1,0,0,0,0,0,0,0,0,0,0
2003,490101,1,1,0,0,0,0,0,0,0,0,0,0
2003,490102,0,1,11,0,0,0,0,21,18,0,0,0
2003,490102,1,1,0,0,0,0,0,0,0,0,0,0
2003,490103,1,1,0,0,0,0,0,0,0,0,0,0
2003,490104,1,1,0,0,0,0,0,0,0,0,0,0
2003,490105,1,1,0,0,0,0,0,0,0,0,0,0
2003,490105,2,1,0,0,0,0,0,0,0,0,0,0
2003,490106,1,1,0,0,0,0,0,0,0,0,0,0
2003,490106,2,1,0,0,0,0,0,0,0,0,0,0
2003,490107,1,1,0,0,0,0,0,0,0,0,0,0
2003,490107,2,1,0,0,0,0,0,0,0,0,0,0
2003,490108,1,1,0,0,0,0,0,0,0,0,0,0
2003,490108,2,1,0,0,0,0,0,0,0,0,0,0
2003,490109,1,1,0,0,0,0,0,0,0,0,0,0
2003,490109,2,1,0,0,0,0,0,0,0,0,0,0
2003,490110,1,1,0,0,0,0,0,0,0,0,9,0
2003,490110,2,1,10,10,10,10,10,10,10,10,10,10
2003,490111,1,1,5,5,5,5,5,5,5,5,5,5
2003,490111,2,1,0,0,0,0,0,0,3,0,0,0
2003,490112,1,1,0,0,0,0,0,0,0,0,0,0
2003,490112,2,1,0,0,0,0,0,0,0,0,0,0
2003,490113,1,1,0,0,0,0,0,0,0,0,0,0
2003,490114,1,1,0,0,0,0,0,0,0,0,0,0
2003,490115,1,1,0,0,0,0,0,0,0,0,0,0
2003,490116,1,1,0,0,19,0,0,0,0,0,0,0
2003,490117,1,1,0,0,0,0,0,0,0,0,0,0
2003,490118,1,1,0,0,0,0,0,0,0,0,0,0
2003,490119,1,1,0,0,0,0,0,0,0,0,0,0
2003,490120,1,1,0,0,0,0,0,0,0,0,0,0
2003,490121,1,1,0,0,0,0,0,0,0,0,0,0
2003,490122,1,1,0,0,0,0,0,0,0,0,0,0
2003,490123,1,1,0,0,0,0,0,0,0,0,0,0
2003,490124,1,1,0,15,0,0,17,0,12,0,13,0
2003,490125,1,1,0,0,0,0,0,0,0,0,0,0
2003,490126,1,1,10,10,10,10,10,10,10,10,10,10
2003,490127,1,1,0,0,0,0,0,0,0,0,0,0
2003,490128,1,1,0,0,0,0,0,0,0,0,0,0
2003,490129,1,1,26,26,26,26,26,26,26,26,26,26
2003,490130,1,1,0,0,0,0,0,0,0,0,0,0
2003,490131,1,1,0,0,0,0,0,0,0,0,0,0
2003,490131,2,1,18,0,0,0,0,0,0,0,0,0
2003,490132,1,1,0,0,0,0,0,0,0,0,0,0
2003,490132,2,1,0,0,0,0,0,0,12,0,0,0
2003,490133,1,1,0,0,0,0,0,0,0,0,0,0
2003,490133,2,1,0,0,0,0,0,0,0,0,0,0
2003,490134,1,1,0,0,0,0,0,0,0,0,0,0
2003,490134,2,1,0,0,0,0,0,0,0,0,0,0
2003,490135,1,1,0,0,0,0,0,0,0,0,0,0
2003,490136,0,1,0,0,0,0,0,0,0,0,0,0
2003,490136,1,1,0,0,0,0,0,0,0,0,0,0
2003,490137,0,1,0,0,0,0,0,0,0,0,0,0
2003,490137,1,1,0,0,0,0,0,0,0,0,0,0
2003,490138,1,1,0,0,0,0,0,0,0,0,0,0
2003,490139,1,1,0,0,0,0,0,0,0,0,0,0
2003,490140,1,1,0,0,0,0,0,0,0,0,0,0
2003,490141,1,1,0,0,0,0,0,0,0,0,0,0
2003,490142,1,1,0,0,0,0,0,0,0,0,0,0
2003,490143,1,1,0,0,0,0,0,0,0,0,0,0
2003,490144,1,1,0,0,0,0,0,0,0,0,0,0
2003,490145,1,1,0,0,0,0,0,0,0,0,0,0
2003,490146,1,1,0,0,0,0,6,0,0,0,0,0