YEAR,ST_CASE,veh_no,per_no,P1,P2,P3,P4,P5,P6,P7,P8,P9,P10
2003,490147,0,1,12,0,0,35,8,18,0,26,0,0
2003,490147,1,1,0,0,0,0,0,0,0,0,0,0
2003,490148,1,1,0,0,0,0,0,0,0,0,0,0
2003,490149,1,1,0,0,0,0,0,0,0,0,0,0
2003,490150,1,1,0,0,16,0,0,0,0,0,0,0
2003,490151,1,1,0,0,0,0,18,0,0,0,17,0
2003,490152,1,1,9,9,9,9,9,9,9,9,9,9
2003,490153,1,1,0,11,0,0,0,0,0,0,0,0
2003,490154,1,1,9,9,9,9,9,9,9,9,9,9
2003,490155,1,1,0,14,12,0,7,0,14,0,0,0
2003,490156,1,1,0,0,0,0,0,0,0,0,14,18
2003,490157,1,1,0,0,0,0,0,0,0,0,0,0
2003,490158,0,1,0,0,0,0,0,0,0,0,0,0
2003,490158,1,1,0,0,0,0,0,0,0,0,0,0
2003,490159,1,1,4,4,4,4,4,4,4,4,4,4
2003,490160,1,1,0,0,10,0,0,15,0,0,0,0
2003,490161,0,1,0,0,0,0,0,0,0,0,0,0
2003,490161,1,1,0,0,0,0,0,0,0,0,0,0
2003,490162,1,1,13,13,13,13,13,13,13,13,13,13
2003,490163,1,1,5,5,5,5,5,5,5,5,5,5
2003,490164,1,1,0,0,0,0,0,0,0,0,0,0
2003,490165,1,1,9,9,9,9,9,9,9,9,9,9
2003,490166,1,1,0,0,0,0,0,12,0,0,0,0
2003,490167,1,1,0,0,0,0,0,0,0,12,0,8
2003,490168,0,1,0,0,0,0,0,0,0,0,17,0
2003,490168,1,1,0,0,0,0,0,0,0,0,0,0
2003,490169,1,1,12,12,12,12,12,12,12,12,12,12
2003,490170,1,1,0,0,0,0,0,0,0,0,0,0
2003,490171,1,1,0,0,0,0,0,0,0,7,11,0
2003,490172,1,1,0,0,0,0,0,0,0,0,0,0
2003,490173,1,1,0,0,0,0,0,0,0,0,0,0
2003,490174,0,1,0,0,0,0,0,0,0,0,20,0
2003,490174,1,1,15,15,15,15,15,15,15,15,15,15
2003,490175,1,1,0,0,0,0,0,12,0,0,0,0
2003,490175,2,1,0,17,0,0,0,0,0,0,0,7
2003,490176,1,1,0,0,0,0,0,0,0,0,0,0
2003,490176,2,1,0,0,0,0,0,0,0,0,0,0
2003,490177,1,1,0,0,0,0,0,0,0,0,0,0
2003,490178,1,1,0,0,0,0,0,0,0,0,0,0
2003,490178,2,1,0,0,0,0,0,17,0,0,0,0
2003,490178,3,1,0,0,0,0,0,0,0,0,0,0
2003,490179,0,1,0,0,0,0,0,0,0,0,0,0
2003,490179,1,1,0,0,0,0,0,0,0,0,0,0
2003,490180,1,1,0,0,0,0,0,0,0,0,0,0
2003,490180,2,1,0,0,0,0,0,0,0,0,0,0
2003,490181,1,1,0,0,0,0,0,0,0,0,0,0
2003,490181,2,1,0,0,0,0,0,0,0,0,0,0
2003,490182,1,1,0,0,0,0,0,0,0,0,0,0
2003,490183,1,1,0,0,0,0,0,0,0,0,0,0
2003,490184,1,1,0,0,0,0,0,0,0,0,0,0
2003,490185,1,1,0,0,0,0,0,0,0,0,0,0
2003,490186,1,1,8,8,8,8,8,8,8,8,8,8
2003,490187,1,1,0,0,0,0,0,0,0,0,0,0
2003,490188,1,1,0,0,0,0,0,0,0,0,0,0
2003,490188,2,1,0,0,0,0,0,0,0,0,0,0
2003,490189,1,1,0,0,0,0,0,0,0,0,0,0
2003,490189,2,1,0,0,0,0,0,0,0,0,0,0
2003,490190,1,1,0,0,0,0,0,0,0,0,0,0
2003,490190,2,1,0,0,0,0,0,0,0,0,0,0
2003,490191,1,1,0,0,0,18,0,0,0,0,0,0
2003,490192,0,1,0,0,0,0,0,0,0,0,0,0
2003,490192,0,2,0,0,0,0,0,0,0,0,0,0
2003,490192,0,3,0,0,0,0,0,0,0,0,0,0
2003,490192,0,4,39,0,26,32,10,21,8,25,14,28
2003,490192,1,1,16,16,16,16,16,16,16,16,16,16
2003,490193,1,1,0,0,0,0,0,0,0,0,0,0
2003,490193,2,1,0,0,0,0,0,0,0,0,0,0
2003,490193,3,1,0,0,0,0,0,0,0,0,0,0
2003,490194,1,1,0,0,0,0,0,0,0,0,0,0
2003,490195,1,1,0,0,0,0,0,0,0,0,0,0
2003,490196,1,1,0,0,0,0,0,0,0,0,0,0
2003,490197,1,1,6,6,6,6,6,6,6,6,6,6
2003,490198,1,1,12,12,12,12,12,12,12,12,12,12
2003,490199,1,1,0,3,0,0,0,0,0,0,0,0
2003,490200,1,1,0,0,0,0,0,0,0,0,0,0
2003,490201,1,1,0,0,0,0,0,0,0,0,0,0
2003,490201,2,1,0,0,0,0,0,0,0,0,0,0
2003,490202,1,1,0,0,15,0,0,0,0,35,0,0
2003,490202,2,1,5,0,16,0,0,0,0,0,0,0
2003,490203,1,1,0,0,0,0,0,0,0,0,0,0
2003,490203,2,1,0,0,0,0,0,0,0,0,0,0
2003,490204,1,1,0,0,0,0,0,0,0,0,0,0
2003,490205,1,1,0,0,12,0,23,0,0,0,28,18
2003,490206,1,1,15,15,15,15,15,15,15,15,15,15
2003,490206,2,1,15,15,15,15,15,15,15,15,15,15
2003,490206,3,1,0,0,0,0,0,0,0,0,0,0
2003,490207,1,1,0,0,0,0,0,0,0,0,0,0
2003,490207,2,1,0,0,0,0,0,0,0,0,0,0
2003,490207,3,1,0,0,0,0,0,0,0,0,0,0
2003,490208,1,1,0,0,0,0,0,0,0,0,0,0
2003,490208,2,1,0,0,0,0,0,0,0,0,0,0
2003,490209,1,1,0,0,0,0,0,0,0,0,0,0
2003,490209,2,1,0,0,0,0,0,0,0,0,0,0
2003,490210,1,1,0,0,0,0,0,0,0,0,0,0
2003,490210,2,1,0,0,0,0,0,0,0,0,0,0
2003,490211,1,1,0,0,0,0,0,0,0,0,0,0
2003,490211,2,1,0,0,0,0,0,0,0,0,0,0
2003,490212,1,1,0,0,0,0,0,0,0,0,0,0
2003,490212,2,1,0,0,0,0,0,0,0,0,27,0
2003,490213,1,1,0,0,0,0,0,0,0,0,0,0
2003,490213,2,1,0,0,0,0,0,0,0,0,0,0
2003,490214,1,1,0,0,0,0,0,0,0,0,0,0
2003,490214,2,1,0,0,0,0,0,0,0,0,0,0
2003,490214,3,1,0,0,0,0,0,0,0,0,0,0
2003,490215,1,1,0,0,0,0,0,0,0,0,0,0
2003,490215,2,1,0,0,0,0,0,0,0,0,0,0
2003,490216,1,1,0,0,0,0,0,0,0,0,0,0
2003,490216,2,1,0,0,0,0,0,0,0,0,0,0
2003,490217,1,1,0,0,0,0,0,0,0,0,0,0
2003,490217,2,1,0,0,0,0,0,0,0,0,0,0
2003,490218,1,1,0,0,0,0,0,0,0,0,0,0
2003,490218,2,1,0,0,0,0,0,0,0,0,0,0
2003,490219,1,1,0,0,0,0,0,0,0,0,0,0
2003,490219,2,1,0,0,0,0,0,0,0,0,0,0
2003,490220,1,1,0,0,0,0,0,0,0,0,0,0
2003,490220,2,1,0,0,0,0,0,0,0,0,0,0
2003,490221,1,1,16,16,16,16,16,16,16,16,16,16
2003,490221,2,1,0,0,0,0,0,0,0,0,0,0
2003,490222,1,1,14,14,14,14,14,14,14,14,14,14
2003,490222,2,1,0,0,0,0,0,0,0,0,0,0
2003,490223,1,1,0,0,0,0,0,0,0,0,0,0
2003,490223,2,1,0,0,0,0,0,0,0,0,0,0
2003,490224,1,1,0,0,0,0,0,0,0,0,0,0
2003,490224,2,1,0,0,0,0,0,0,0,0,0,0
2003,490225,1,1,0,0,0,0,0,0,0,0,0,0
2003,490225,2,1,0,0,0,0,0,0,0,0,0,0
2003,490225,3,1,0,0,0,0,0,0,0,0,0,0
2003,490226,1,1,17,0,0,0,0,0,0,0,0,0
2003,490227,0,1,0,0,0,0,0,0,0,0,0,0
2003,490227,0,2,0,0,0,0,0,0,0,0,0,0
2003,490227,0,3,0,0,0,0,0,0,0,0,0,0
2003,490227,1,1,0,0,0,0,0,0,0,0,0,0
2003,490228,1,1,0,0,0,0,0,0,7,0,20,0
2003,490228,2,1,0,0,0,0,0,0,0,0,0,0
2003,490229,1,1,0,0,0,0,0,0,0,0,0,0
2003,490229,2,1,0,0,0,0,0,0,0,0,0,0
2003,490230,1,1,0,0,0,0,0,0,0,0,0,0
2003,490230,2,1,0,0,0,0,0,0,0,0,0,0
2003,490231,1,1,0,0,0,0,0,0,0,0,0,0
2003,490233,1,1,0,0,0,0,0,0,0,0,0,0
2003,490235,1,1,0,0,0,0,0,0,0,0,0,0
2003,490235,2,1,0,0,0,0,0,0,0,0,0,0
2003,490236,1,1,0,0,0,0,0,0,0,0,0,0
2003,490236,2,1,0,0,0,0,0,0,0,0,0,0
2003,490237,0,1,0,0,0,0,0,0,0,0,0,0
2003,490237,1,1,0,0,0,0,0,0,0,0,0,0
2003,490238,1,1,0,0,0,0,0,0,0,0,0,0
2003,490238,2,1,0,0,0,0,0,0,0,0,0,0
2003,490239,1,1,0,0,0,0,0,0,0,0,0,0
2003,490239,2,1,0,7,0,0,0,0,0,0,0,0
2003,490240,1,1,0,0,0,0,0,0,0,0,0,0
2003,490240,2,1,0,0,0,0,0,0,0,0,0,0
2003,490241,1,1,13,13,13,13,13,13,13,13,13,13
2003,490242,1,1,0,0,0,0,0,0,0,0,0,0
2003,490243,0,1,0,0,0,0,0,0,0,0,0,0
2003,490243,1,1,0,0,0,0,0,0,0,0,0,0
2003,490243,2,1,0,0,0,0,0,0,0,0,0,0
2003,490244,0,1,0,16,0,23,0,0,0,0,0,0
2003,490244,1,1,11,11,11,11,11,11,11,11,11,11
2003,490245,1,1,0,0,0,0,0,0,0,0,0,0
2003,490245,2,1,0,0,0,0,0,0,0,0,0,0
2003,490246,1,1,0,0,0,0,0,0,25,0,0,0
2003,490247,1,1,0,0,0,0,0,26,0,0,0,0
2003,490248,1,1,0,23,0,0,0,0,0,0,0,0
2003,490248,2,1,0,0,0,0,0,0,0,0,0,0
2003,490249,1,1,0,0,0,0,0,0,0,0,0,0
2003,490249,2,1,0,0,0,0,0,0,0,0,0,0
2003,490250,1,1,0,0,0,0,0,0,0,0,0,0
2003,490250,2,1,0,0,0,0,0,0,0,0,0,0
2003,490251,1,1,0,0,0,0,0,0,0,0,0,0
2003,490251,2,1,0,0,0,0,0,0,0,0,0,0
2003,490252,1,1,0,0,0,0,0,0,0,0,0,0
2003,490252,2,1,0,0,0,0,0,0,0,0,0,0
2003,490253,1,1,0,0,0,0,0,0,0,0,0,0
2003,490253,2,1,0,0,0,0,0,0,0,0,0,0
2003,490254,1,1,0,0,0,0,0,0,0,0,0,0
2003,490254,2,1,0,0,0,0,0,0,0,0,0,0
2003,490255,1,1,0,0,0,0,0,0,0,0,0,0
2003,490255,2,1,0,0,0,0,0,0,0,0,0,0
2003,490256,1,1,5,0,0,0,0,0,0,0,0,7
2003,490256,2,1,0,0,0,0,0,0,0,0,0,0
2003,490257,1,1,12,12,12,12,12,12,12,12,12,12
2003,490258,0,1,0,0,0,0,0,0,0,0,0,0
2003,490258,1,1,0,0,0,0,0,0,0,0,5,0
2003,490259,1,1,0,0,0,0,0,0,0,0,0,0
2003,490259,2,1,0,20,0,0,0,0,0,0,0,0
2003,490260,1,1,0,0,0,0,0,0,0,0,0,0
2003,490260,2,1,0,0,0,0,0,0,0,0,0,0
2003,490261,1,1,0,20,0,5,0,0,0,6,0,0
2003,490262,1,1,0,0,0,0,0,0,0,0,0,0
2003,490262,2,1,0,0,0,0,0,0,0,0,0,0
2003,490263,1,1,0,0,0,0,0,0,0,0,0,0
2003,490263,2,1,0,0,0,0,6,15,0,0,0,0
2003,490264,1,1,0,0,0,0,0,0,0,0,0,0
2003,490264,2,1,13,13,13,13,13,13,13,13,13,13
2003,500001,1,1,0,0,0,0,0,0,0,0,0,0
2003,500001,2,1,9,9,9,9,9,9,9,9,9,9
2003,500002,0,1,2,2,2,2,2,2,2,2,2,2
2003,500002,1,1,0,0,0,0,0,0,0,0,0,0
2003,500003,1,1,0,0,0,0,0,0,0,0,0,0
2003,500003,2,1,0,0,0,0,0,0,0,0,0,0
2003,500004,0,1,0,0,0,0,0,0,0,0,0,0
2003,500004,1,1,13,13,13,13,13,13,13,13,13,13
2003,500005,1,1,0,0,0,0,0,0,0,0,0,0
2003,500005,2,1,0,0,0,0,0,0,0,0,0,0
2003,500006,1,1,0,0,0,0,0,0,0,0,0,0
2003,500006,2,1,0,0,0,0,0,0,0,0,0,0
2003,500007,1,1,0,0,0,0,0,0,0,0,0,0
2003,500007,2,1,7,0,0,0,15,0,0,0,0,0
2003,500007,3,1,0,0,0,0,0,0,0,0,0,0
2003,500008,1,1,0,0,0,0,0,0,0,0,0,0
2003,500009,1,1,0,0,0,0,0,0,0,0,0,0
2003,500009,2,1,0,0,0,0,0,0,0,0,0,0
2003,500010,1,1,18,18,18,18,18,18,18,18,18,18
2003,500011,1,1,0,0,0,0,0,0,0,0,0,0
2003,500011,2,1,0,8,0,0,0,0,0,0,0,0
2003,500011,3,1,6,0,0,0,0,0,0,0,0,0
2003,500012,1,1,0,0,0,0,0,0,0,0,0,0
2003,500012,2,1,0,0,0,0,0,0,0,0,0,0
2003,500013,1,1,0,0,0,0,0,0,0,0,0,0
2003,500013,2,1,0,0,0,0,0,0,0,0,0,0
2003,500013,3,1,0,0,0,0,0,0,0,0,14,0
2003,500014,1,1,13,13,13,13,13,13,13,13,13,13
2003,500015,1,1,6,6,6,6,6,6,6,6,6,6
2003,500016,1,1,0,0,0,0,0,0,0,0,9,0
2003,500016,2,1,0,0,0,0,0,0,0,0,0,0
2003,500017,1,1,0,0,0,0,0,0,0,0,0,0
2003,500018,1,1,0,0,0,0,0,0,0,0,0,0
2003,500018,2,1,0,0,0,0,0,0,0,0,0,0
2003,500019,0,1,0,0,0,0,0,0,0,0,0,0
2003,500019,1,1,0,0,0,0,0,0,0,0,0,0
2003,500020,0,1,0,0,0,0,0,0,0,0,0,0
2003,500020,1,1,0,0,0,0,0,0,0,0,0,0
2003,500021,1,1,0,0,0,0,0,0,0,0,0,0
2003,500021,2,1,0,0,0,0,0,0,0,0,0,0
2003,500022,1,1,0,0,0,0,0,0,0,0,0,0
2003,500022,2,1,0,0,0,0,0,0,0,0,0,0
2003,500023,1,1,0,0,0,0,0,0,0,0,0,0
2003,500024,1,1,0,0,0,0,0,0,0,0,0,0
2003,500024,2,1,0,0,0,0,0,0,0,0,0,0
2003,500025,1,1,6,6,6,6,6,6,6,6,6,6
2003,500026,1,1,0,0,0,0,0,0,0,0,0,0
2003,500026,2,1,0,0,0,0,0,0,0,0,0,0
2003,500026,3,1,0,0,0,0,0,0,0,0,0,0
2003,500027,1,1,12,12,12,12,12,12,12,12,12,12
2003,500028,1,1,0,0,0,0,0,0,0,0,0,0
2003,500028,2,1,0,0,0,0,0,0,0,0,0,0
2003,500029,1,1,18,18,18,18,18,18,18,18,18,18
2003,500030,1,1,18,18,18,18,18,18,18,18,18,18
2003,500031,0,1,0,0,0,0,0,0,23,0,0,0
2003,500031,1,1,9,0,0,0,0,20,0,0,0,0
2003,500032,1,1,2,2,2,2,2,2,2,2,2,2
2003,500033,1,1,24,24,24,24,24,24,24,24,24,24
2003,500034,1,1,16,16,16,16,16,16,16,16,16,16
2003,500034,2,1,16,16,16,16,16,16,16,16,16,16
2003,500034,3,1,0,0,7,0,0,0,0,0,0,0
2003,500035,1,1,0,0,0,0,0,0,0,0,0,0
2003,500035,2,1,0,0,0,0,0,0,0,0,0,0
2003,500036,1,1,0,0,0,0,0,0,0,0,0,0
2003,500037,1,1,13,0,0,0,0,0,10,0,0,6
2003,500038,1,1,0,0,0,0,0,0,0,0,0,0
2003,500039,1,1,0,0,0,0,0,0,0,0,0,0
2003,500040,1,1,25,25,25,25,25,25,25,25,25,25
2003,500041,1,1,6,6,6,6,6,6,6,6,6,6
2003,500042,1,1,22,22,22,22,22,22,22,22,22,22
2003,500043,1,1,0,0,0,0,0,0,0,0,0,0
2003,500043,2,1,0,0,0,0,0,0,0,0,0,0
2003,500044,1,1,0,0,0,0,0,0,0,0,18,0
2003,500044,2,1,0,0,0,0,0,0,0,0,0,0
2003,500045,1,1,0,0,0,0,0,0,0,0,0,0
2003,500046,1,1,20,20,20,20,20,20,20,20,20,20
2003,500047,1,1,0,0,0,0,0,0,0,0,0,0
2003,500047,2,1,0,0,0,0,0,0,0,0,0,0
2003,500048,1,1,21,21,21,21,21,21,21,21,21,21
2003,500048,2,1,0,0,0,0,0,0,0,0,0,0
2003,500049,1,1,0,0,0,0,0,0,0,0,0,0
2003,500050,0,1,0,0,0,0,0,0,0,0,0,0
2003,500050,1,1,0,0,0,0,0,0,0,0,0,0
2003,500051,1,1,26,26,26,26,26,26,26,26,26,26
2003,500051,2,1,0,0,0,0,0,0,0,0,0,0
2003,500052,1,1,10,10,10,10,10,10,10,10,10,10
2003,500053,1,1,0,0,0,0,0,0,0,0,0,0
2003,500053,2,1,0,0,0,0,0,0,0,0,0,0
2003,500054,1,1,19,19,19,19,19,19,19,19,19,19
2003,500055,1,1,0,0,0,0,0,0,0,0,0,0
2003,500055,2,1,0,0,0,4,0,12,0,11,0,0
2003,500056,1,1,17,17,17,17,17,17,17,17,17,17
2003,500057,1,1,0,0,0,0,0,0,0,0,0,0
2003,500057,2,1,0,0,0,0,0,0,0,0,0,0
2003,500058,0,1,0,0,0,0,5,0,0,0,0,0
2003,500058,1,1,0,0,0,0,4,0,0,26,0,0
2003,500059,1,1,0,0,0,0,0,0,0,0,0,0
2003,500059,2,1,0,0,0,0,0,0,0,0,0,0
2003,500060,1,1,0,0,0,0,0,0,0,0,0,0
2003,500060,2,1,0,0,0,0,0,0,0,0,0,0
2003,500061,1,1,0,0,0,0,0,0,0,0,0,0
2003,500061,2,1,0,0,0,0,0,0,0,0,0,0
2003,500062,0,1,0,0,0,0,0,0,0,0,0,0
2003,500062,1,1,0,0,0,0,0,0,0,0,0,0
2003,500063,1,1,3,3,3,3,3,3,3,3,3,3
2003,500063,2,1,0,0,0,0,0,0,0,0,0,0
2003,510001,1,1,0,0,0,0,0,0,0,18,0,0
2003,510001,2,1,0,0,5,14,11,0,14,6,7,10
2003,510002,1,1,18,18,18,18,18,18,18,18,18,18
2003,510003,1,1,0,0,0,0,0,0,0,0,0,0
2003,510003,2,1,0,0,0,14,0,0,0,0,0,0
2003,510003,3,1,0,0,0,0,0,0,0,0,0,0
2003,510003,4,1,0,0,0,0,0,0,0,0,0,0
2003,510004,1,1,0,0,0,0,0,0,0,7,0,0
2003,510004,2,1,0,0,0,0,0,0,0,0,0,0
2003,510005,1,1,0,0,0,0,0,0,0,0,0,0
2003,510006,1,1,19,19,19,19,19,19,19,19,19,19
2003,510007,1,1,0,0,0,0,0,0,0,0,0,0
2003,510007,2,1,0,0,0,0,0,0,0,14,0,0
2003,510008,1,1,0,0,0,0,0,0,0,0,0,0
2003,510009,1,1,0,0,0,0,0,0,0,0,0,0
2003,510009,2,1,0,0,0,0,0,0,0,0,0,0
2003,510010,1,1,0,0,0,0,0,0,0,0,0,0
2003,510010,2,1,0,0,0,0,0,0,0,0,0,2
2003,510011,1,1,0,0,0,0,0,0,0,0,0,0
2003,510012,0,1,0,0,0,0,0,0,0,0,0,0
2003,510012,1,1,0,0,9,0,0,6,12,0,0,12
2003,510013,1,1,17,0,0,0,0,0,0,0,0,0
2003,510013,2,1,3,23,20,21,4,17,14,18,10,18
2003,510014,1,1,17,17,17,17,17,17,17,17,17,17
2003,510014,2,1,0,0,0,0,0,0,0,14,0,23
2003,510014,3,1,0,0,0,0,0,0,0,0,0,0
2003,510016,1,1,0,0,0,0,0,0,0,0,0,12
2003,510017,1,1,0,0,0,0,0,0,0,0,0,0
2003,510017,2,1,0,0,0,0,0,0,0,0,0,0
2003,510018,1,1,0,0,0,0,0,0,0,0,0,0
2003,510018,2,1,0,0,0,0,0,0,0,0,0,0
2003,510019,1,1,26,26,26,26,26,26,26,26,26,26
2003,510020,1,1,0,0,0,0,0,0,0,0,0,0
2003,510020,2,1,0,0,0,0,0,0,0,0,0,0
2003,510021,1,1,27,27,27,27,27,27,27,27,27,27
2003,510022,1,1,0,0,15,0,0,0,0,0,0,0
2003,510023,1,1,0,0,0,0,0,0,0,0,0,0
2003,510023,2,1,0,0,0,0,24,0,0,0,0,5
2003,510024,1,1,0,0,9,0,0,0,0,0,0,0
2003,510024,2,1,3,18,26,5,5,26,22,0,10,15
2003,510025,1,1,0,0,0,0,0,0,0,0,0,0
2003,510025,2,1,0,0,0,0,0,0,0,0,0,0
2003,510025,3,1,0,0,0,0,0,0,0,0,0,0
2003,510026,1,1,0,0,0,0,0,0,0,0,0,0
2003,510027,1,1,13,13,13,13,13,13,13,13,13,13
2003,510028,1,1,0,0,0,0,0,0,0,0,0,0
2003,510029,1,1,0,0,0,0,0,0,0,0,0,0
2003,510030,1,1,0,0,0,0,0,0,0,0,0,0
2003,510030,2,1,0,0,0,0,0,0,0,0,0,0
2003,510031,1,1,26,26,26,26,26,26,26,26,26,26
2003,510032,1,1,0,0,0,0,0,0,0,0,0,0
2003,510032,2,1,0,0,0,0,0,0,0,0,0,0
2003,510033,1,1,0,0,0,0,0,0,0,0,0,0
2003,510034,0,1,21,21,21,21,21,21,21,21,21,21
2003,510034,1,1,0,0,0,0,0,0,0,0,0,0
2003,510035,1,1,0,0,0,0,0,0,0,0,0,0
2003,510036,0,1,11,0,0,0,0,0,15,0,0,9
2003,510036,1,1,0,0,0,0,0,0,0,0,0,0
2003,510037,1,1,0,0,0,0,0,0,0,0,0,0
2003,510037,2,1,0,0,0,0,0,0,0,0,0,0
2003,510038,1,1,0,0,0,0,0,0,0,0,0,0
2003,510038,2,1,0,0,0,0,0,0,0,0,0,0
2003,510038,3,1,0,0,0,0,0,0,0,0,0,0
2003,510038,4,1,0,0,0,0,0,0,0,0,0,0
2003,510039,0,1,0,0,0,0,0,0,0,0,0,0
2003,510039,1,1,0,0,0,0,0,0,0,0,0,0
2003,510040,1,1,19,19,19,19,19,19,19,19,19,19
2003,510041,1,1,23,23,23,23,23,23,23,23,23,23
2003,510042,1,1,1,1,1,1,1,1,1,1,1,1
2003,510043,1,1,0,0,0,0,0,0,0,0,0,0
2003,510044,1,1,0,0,0,0,0,0,0,0,0,0
2003,510044,2,1,0,0,0,0,0,0,0,0,0,0
2003,510045,1,1,0,0,0,0,0,0,0,0,0,0
2003,510045,2,1,0,0,0,0,0,0,0,23,0,0
2003,510046,0,1,22,22,22,22,22,22,22,22,22,22
2003,510046,1,1,0,0,0,0,0,0,0,0,0,0
2003,510047,1,1,0,0,0,0,0,0,0,0,0,0
2003,510047,2,1,0,0,0,0,0,0,0,0,0,0
2003,510048,1,1,20,20,20,20,20,20,20,20,20,20
2003,510049,1,1,0,0,0,0,0,0,0,0,0,0
2003,510049,2,1,0,0,0,0,0,0,0,0,0,0
2003,510050,1,1,0,0,0,0,0,0,0,0,0,0
2003,510051,1,1,0,0,0,0,0,0,0,0,0,0
2003,510051,2,1,0,0,0,0,0,0,0,0,0,0
2003,510051,3,1,0,0,0,0,0,0,0,0,0,0
2003,510052,1,1,0,0,0,0,0,0,0,0,0,0
2003,510053,1,1,0,0,0,0,0,0,0,0,0,0
2003,510053,2,1,0,0,0,0,0,0,0,0,0,0
2003,510054,1,1,22,26,21,5,22,33,0,16,11,12
2003,510055,1,1,13,14,22,13,7,5,18,12,18,9
2003,510055,2,1,0,0,0,0,0,0,0,0,0,0
2003,510056,1,1,27,27,27,27,27,27,27,27,27,27
2003,510056,2,1,0,0,0,0,0,0,0,0,0,0
2003,510057,1,1,23,23,23,23,23,23,23,23,23,23
2003,510058,1,1,0,0,0,0,0,0,0,0,0,0
2003,510059,1,1,23,24,0,0,0,0,6,0,0,0
2003,510059,2,1,0,0,0,0,0,0,0,0,0,0
2003,510060,1,1,28,30,15,12,24,18,23,28,0,12
2003,510061,1,1,0,0,0,0,0,0,0,0,0,0
2003,510062,1,1,17,17,17,17,17,17,17,17,17,17
2003,510063,1,1,17,17,17,17,17,17,17,17,17,17
2003,510064,1,1,33,0,0,0,0,27,0,0,17,0
2003,510065,1,1,24,24,24,24,24,24,24,24,24,24
2003,510065,2,1,0,0,0,3,7,16,8,12,13,15
2003,510066,1,1,0,0,0,0,0,0,0,0,0,0
2003,510066,2,1,0,0,0,0,0,0,0,0,0,0
2003,510067,1,1,0,0,0,0,0,0,0,0,0,0
2003,510067,2,1,0,0,0,0,0,0,0,0,0,0
2003,510068,0,1,8,0,4,11,12,9,7,24,15,26
2003,510068,1,1,17,15,13,33,9,14,0,17,14,17
2003,510069,1,1,0,0,0,0,0,0,0,0,0,0
2003,510069,2,1,0,0,0,0,0,0,0,0,0,0
2003,510070,0,1,0,0,0,0,0,0,0,0,0,0
2003,510070,1,1,0,0,0,0,0,0,0,0,0,0
2003,510071,1,1,0,0,0,0,0,0,0,0,0,0
2003,510071,2,1,0,0,0,0,0,0,0,0,0,0
2003,510071,3,1,0,0,0,0,0,0,0,0,9,0
2003,510072,1,1,9,14,11,23,8,4,13,19,21,11
2003,510073,1,1,0,0,0,0,0,0,0,0,0,0
2003,510074,1,1,8,14,8,27,8,0,20,40,0,6
2003,510075,1,1,0,0,0,0,0,0,0,0,0,0
2003,510076,1,1,0,0,0,0,0,0,0,0,0,0
2003,510076,2,1,0,0,0,0,0,0,0,0,0,0
2003,510077,1,1,9,9,9,9,9,9,9,9,9,9
2003,510078,0,1,0,0,0,0,0,0,0,0,0,0
2003,510078,1,1,0,0,0,0,0,0,0,0,0,0
2003,510079,1,1,17,17,17,17,17,17,17,17,17,17
2003,510080,1,1,0,0,0,0,0,0,0,0,0,0
2003,510080,2,1,0,0,0,0,0,0,0,0,0,0
2003,510081,1,1,0,0,0,0,0,0,0,0,0,0
2003,510081,2,1,0,0,0,0,0,0,0,0,0,0
2003,510082,1,1,0,0,0,0,0,0,0,0,0,0
2003,510082,2,1,0,0,9,0,0,0,0,0,0,0
2003,510083,1,1,0,0,0,0,0,0,0,0,0,0
2003,510084,1,1,0,0,0,0,0,0,0,0,0,0
2003,510084,2,1,0,0,0,0,0,0,0,0,0,0
2003,510085,1,1,0,0,0,0,0,0,0,0,0,0
2003,510086,1,1,0,0,0,0,0,0,0,0,0,0
2003,510087,1,1,0,0,0,0,0,0,0,0,0,0
2003,510087,2,1,0,0,0,0,0,0,0,0,0,0
2003,510088,1,1,0,0,0,0,0,0,0,0,0,0
2003,510089,1,1,14,14,14,14,14,14,14,14,14,14
2003,510090,1,1,24,10,27,20,0,20,15,17,30,24
2003,510091,1,1,0,0,0,0,0,0,0,0,0,0
2003,510091,2,1,0,0,0,0,0,0,0,0,0,0
2003,510092,1,1,32,32,32,32,32,32,32,32,32,32
2003,510093,1,1,0,0,0,0,0,0,0,0,0,0
2003,510093,2,1,0,0,0,0,0,0,0,0,0,0
2003,510094,1,1,0,0,0,0,0,0,0,0,0,0
2003,510094,2,1,0,0,0,0,0,0,0,0,0,0
2003,510095,1,1,14,13,10,22,13,9,10,18,18,20
2003,510096,1,1,0,0,0,0,0,0,0,0,0,0
2003,510097,1,1,0,0,0,0,0,0,0,0,0,0
2003,510097,2,1,0,0,0,0,0,0,0,0,0,0
2003,510098,1,1,38,38,38,38,38,38,38,38,38,38
2003,510099,1,1,0,0,0,0,0,0,0,0,0,0
2003,510099,2,1,0,0,0,0,0,0,0,0,0,0
2003,510099,3,1,0,0,0,0,0,0,0,0,0,0
2003,510100,1,1,0,0,0,0,0,0,0,0,0,0
2003,510100,2,1,0,0,0,0,0,0,0,0,0,0
2003,510101,1,1,0,0,0,0,0,0,0,0,0,0
2003,510102,1,1,0,0,0,0,0,0,0,0,0,0
2003,510102,2,1,0,0,0,0,0,0,0,0,0,0
2003,510103,0,1,0,0,0,0,0,0,0,0,0,0
2003,510103,1,1,0,0,0,0,0,0,0,0,0,0