YEAR,ST_CASE,veh_no,per_no,P1,P2,P3,P4,P5,P6,P7,P8,P9,P10
2003,510104,1,1,0,0,0,0,0,0,0,0,0,0
2003,510105,0,1,37,37,37,37,37,37,37,37,37,37
2003,510105,1,1,17,11,17,18,8,13,14,14,21,18
2003,510106,1,1,0,0,0,0,0,0,0,0,0,0
2003,510106,2,1,0,0,0,0,0,0,0,0,0,0
2003,510107,1,1,0,0,0,0,0,0,0,0,0,0
2003,510107,2,1,0,0,0,0,0,0,0,0,0,0
2003,510107,3,1,0,0,0,0,0,0,0,0,0,0
2003,510108,1,1,0,0,0,0,0,0,0,0,0,0
2003,510108,2,1,0,0,0,0,0,0,0,0,0,0
2003,510109,1,1,0,0,0,0,0,0,0,0,0,0
2003,510110,1,1,0,0,0,0,0,0,0,0,0,0
2003,510110,2,1,0,0,0,0,0,0,0,0,0,0
2003,510111,1,1,0,0,0,0,0,0,0,0,0,0
2003,510111,2,1,0,0,0,0,0,0,0,0,0,0
2003,510111,3,1,0,0,0,0,0,0,0,0,0,0
2003,510112,1,1,9,9,9,9,9,9,9,9,9,9
2003,510113,1,1,0,0,0,0,0,0,0,0,0,0
2003,510114,1,1,17,17,17,17,17,17,17,17,17,17
2003,510115,1,1,25,25,25,25,25,25,25,25,25,25
2003,510115,2,1,0,0,0,0,0,0,0,0,0,0
2003,510116,1,1,11,33,0,0,0,0,4,25,13,7
2003,510117,1,1,0,0,0,0,0,0,0,0,0,0
2003,510117,2,1,0,0,0,0,0,0,0,0,0,0
2003,510118,1,1,0,0,0,0,0,0,0,0,0,0
2003,510119,1,1,20,0,16,25,25,22,0,0,0,17
2003,510120,0,1,21,15,29,17,2,33,11,7,33,17
2003,510120,1,1,0,0,0,0,0,0,0,0,0,0
2003,510121,1,1,0,0,0,0,0,0,0,0,13,0
2003,510122,1,1,0,25,14,27,20,21,14,20,11,28
2003,510123,1,1,0,0,0,0,13,0,0,0,0,0
2003,510123,2,1,0,0,0,0,0,0,0,0,0,0
2003,510124,0,1,19,19,24,17,8,24,17,8,10,0
2003,510124,1,1,0,27,0,0,0,33,0,0,0,0
2003,510124,2,1,0,0,0,0,0,0,0,0,0,27
2003,510124,3,1,0,0,0,0,0,0,0,0,0,0
2003,510125,1,1,20,0,0,0,0,0,0,0,23,15
2003,510125,2,1,0,0,0,0,0,0,0,0,0,0
2003,510126,1,1,22,14,16,30,21,9,16,26,15,17
2003,510127,1,1,36,36,36,36,36,36,36,36,36,36
2003,510128,1,1,0,0,0,0,0,0,0,0,0,0
2003,510129,1,1,0,0,0,0,0,0,0,0,0,0
2003,510130,1,1,13,16,28,16,20,8,14,18,8,18
2003,510131,1,1,0,0,0,0,0,0,0,0,0,0
2003,510131,2,1,0,0,0,11,0,0,0,0,0,0
2003,510132,1,1,0,0,0,0,0,0,0,0,0,0
2003,510133,1,1,13,12,31,18,17,25,20,27,34,31
2003,510134,1,1,0,0,0,0,0,0,0,0,0,0
2003,510134,2,1,0,29,0,0,0,0,0,0,0,0
2003,510135,1,1,0,0,0,0,0,0,0,0,0,0
2003,510135,2,1,0,0,0,0,0,0,0,0,0,0
2003,510136,1,1,0,0,0,0,0,0,0,0,0,0
2003,510136,2,2,0,0,0,0,0,0,0,0,0,0
2003,510137,1,1,2,2,2,2,2,2,2,2,2,2
2003,510138,1,1,0,0,0,0,0,0,0,0,0,0
2003,510138,2,1,0,0,0,0,0,0,0,0,0,0
2003,510139,1,1,0,0,0,0,0,0,0,0,0,0
2003,510140,1,1,0,0,0,12,0,0,17,0,0,0
2003,510141,1,1,0,0,0,0,0,0,0,0,0,0
2003,510141,2,1,0,0,0,0,0,0,0,0,0,0
2003,510142,1,1,25,18,8,10,27,0,29,27,25,12
2003,510143,1,1,0,0,0,0,0,0,0,0,0,0
2003,510143,2,1,0,0,0,0,0,0,0,0,0,0
2003,510144,1,1,0,0,0,0,0,0,0,0,0,0
2003,510145,1,1,0,0,0,0,0,0,0,0,0,0
2003,510145,2,1,0,0,0,0,0,0,0,0,0,0
2003,510146,1,1,0,0,0,0,0,0,0,0,0,0
2003,510146,2,1,0,0,0,0,0,0,0,0,0,0
2003,510146,3,1,0,0,0,0,0,0,0,0,0,0
2003,510147,1,1,11,12,5,17,32,2,16,3,12,14
2003,510147,2,1,0,0,0,0,0,0,0,0,0,0
2003,510148,1,1,0,0,0,0,0,0,0,0,0,0
2003,510149,1,1,0,0,0,0,0,0,0,0,0,0
2003,510149,2,1,0,0,0,0,0,0,0,0,0,0
2003,510150,1,1,23,0,0,0,0,23,0,0,0,11
2003,510151,1,1,28,13,22,5,20,12,9,18,14,5
2003,510152,0,1,0,0,0,0,0,0,0,0,0,0
2003,510152,1,1,0,0,0,0,0,0,0,0,0,0
2003,510153,1,1,24,24,24,24,24,24,24,24,24,24
2003,510154,1,1,25,25,25,25,25,25,25,25,25,25
2003,510155,1,1,0,0,0,0,0,0,0,0,0,0
2003,510156,1,1,0,0,0,0,0,0,0,0,0,0
2003,510156,2,1,0,0,0,0,0,0,0,0,0,0
2003,510157,1,1,0,0,0,0,0,0,0,0,0,0
2003,510157,2,1,0,0,0,0,0,0,0,0,0,0
2003,510158,0,1,14,14,14,14,14,14,14,14,14,14
2003,510158,1,1,0,0,0,0,0,0,0,0,0,0
2003,510159,1,1,12,12,12,12,12,12,12,12,12,12
2003,510160,0,1,23,15,10,0,0,33,9,12,28,25
2003,510160,1,1,0,11,24,7,19,11,24,19,23,12
2003,510161,1,1,35,18,12,0,0,13,7,12,14,11
2003,510161,2,1,14,15,0,8,5,0,0,4,0,10
2003,510162,1,1,0,0,31,24,6,15,9,23,15,8
2003,510162,2,1,13,22,6,9,17,11,2,10,14,12
2003,510163,1,1,0,0,0,0,0,0,0,0,0,0
2003,510164,1,1,0,0,0,0,0,0,0,0,0,0
2003,510165,1,1,0,0,0,0,0,0,0,0,0,0
2003,510166,1,1,0,0,0,0,15,0,0,0,0,19
2003,510167,1,1,29,22,0,35,31,19,18,0,8,0
2003,510168,1,1,0,0,0,0,0,0,0,0,0,0
2003,510168,2,1,0,0,0,0,0,0,0,0,0,0
2003,510169,1,1,2,2,2,2,2,2,2,2,2,2
2003,510170,1,1,18,0,15,0,18,0,3,0,0,3
2003,510171,1,1,0,0,0,0,0,0,0,0,0,0
2003,510172,1,1,0,0,0,0,0,0,0,0,0,0
2003,510173,1,1,0,0,0,0,0,0,0,0,0,0
2003,510173,2,1,0,0,0,0,0,0,0,0,0,0
2003,510174,1,1,0,0,0,0,0,0,0,0,0,0
2003,510175,1,1,0,0,0,0,0,0,0,0,0,0
2003,510175,2,1,0,0,0,0,0,0,0,0,0,0
2003,510175,3,1,0,0,25,0,0,0,0,0,0,0
2003,510177,1,1,0,0,0,0,0,0,0,0,0,0
2003,510177,2,1,0,0,0,0,16,0,0,0,0,24
2003,510178,1,1,0,0,0,0,10,0,0,0,0,0
2003,510179,1,1,0,0,0,0,0,0,0,0,0,0
2003,510179,2,1,0,0,0,0,0,0,0,0,0,0
2003,510180,1,1,0,0,0,0,0,0,0,0,0,0
2003,510181,1,1,0,0,0,0,0,0,5,0,0,0
2003,510182,1,1,0,0,0,0,0,0,0,0,0,0
2003,510182,2,1,0,0,0,0,0,0,0,0,0,0
2003,510183,1,1,0,0,0,0,0,0,0,0,0,0
2003,510184,0,1,0,0,0,0,0,0,0,0,0,0
2003,510184,1,1,0,0,0,0,0,0,0,0,0,0
2003,510185,1,1,0,0,0,0,0,0,0,0,0,0
2003,510185,2,1,0,0,0,0,0,0,0,0,0,0
2003,510186,1,1,0,0,0,0,0,23,0,0,11,21
2003,510187,1,1,0,0,0,0,0,0,0,0,0,0
2003,510187,2,1,0,0,0,0,0,0,0,0,0,0
2003,510188,0,1,0,0,0,0,0,0,0,0,0,0
2003,510188,1,1,0,0,0,10,0,0,0,0,0,0
2003,510189,1,1,0,0,0,0,0,0,0,0,0,0
2003,510189,2,1,16,0,0,0,20,0,0,14,13,8
2003,510190,1,1,0,0,0,0,0,0,0,0,0,0
2003,510190,2,1,0,0,0,21,0,20,0,0,0,0
2003,510191,1,1,23,23,23,23,23,23,23,23,23,23
2003,510191,2,1,0,0,0,0,0,0,0,0,0,0
2003,510192,1,1,19,19,19,19,19,19,19,19,19,19
2003,510193,1,1,18,18,18,18,18,18,18,18,18,18
2003,510194,1,1,0,0,0,0,0,0,0,0,0,0
2003,510194,2,1,0,0,0,0,0,0,0,0,0,0
2003,510195,1,1,0,0,8,0,0,0,0,0,0,0
2003,510195,2,1,0,0,0,0,0,0,0,0,0,0
2003,510196,1,1,0,0,0,0,0,0,0,0,0,0
2003,510197,1,1,0,23,0,0,0,0,0,0,0,0
2003,510198,1,1,0,0,0,0,0,0,0,0,0,0
2003,510198,2,1,0,0,0,0,0,0,0,0,0,0
2003,510199,1,1,17,0,0,0,0,0,0,0,16,0
2003,510200,1,1,0,0,0,0,0,0,0,0,0,0
2003,510200,2,1,0,0,0,0,0,0,0,0,0,0
2003,510201,1,1,13,25,10,15,32,6,21,4,10,0
2003,510201,2,1,0,0,0,0,0,0,0,0,0,0
2003,510202,1,1,0,0,0,0,0,0,0,0,0,0
2003,510202,2,1,0,0,0,0,0,0,0,0,0,0
2003,510203,1,1,0,0,0,0,0,0,0,0,0,0
2003,510203,2,1,0,0,0,0,0,0,0,0,0,0
2003,510204,1,1,14,14,14,14,14,14,14,14,14,14
2003,510204,2,1,0,0,0,0,0,0,0,0,0,0
2003,510205,1,1,0,0,0,0,0,0,0,8,0,0
2003,510205,2,1,0,0,0,0,0,0,0,0,0,0
2003,510206,1,1,0,0,0,0,0,0,0,0,0,0
2003,510206,2,1,0,0,0,0,0,0,0,0,0,0
2003,510207,1,1,29,29,29,29,29,29,29,29,29,29
2003,510208,1,1,0,0,0,0,0,0,0,0,0,0
2003,510208,2,1,0,0,0,0,0,0,0,0,0,0
2003,510209,1,1,7,7,7,7,7,7,7,7,7,7
2003,510210,1,1,0,0,0,0,0,0,17,0,0,0
2003,510210,2,1,0,0,0,0,0,0,0,0,0,0
2003,510211,1,1,0,0,0,0,0,0,0,0,10,0
2003,510212,1,1,0,8,0,0,0,0,6,0,0,0
2003,510213,1,1,14,14,14,14,14,14,14,14,14,14
2003,510214,1,1,0,0,0,0,0,0,0,0,0,0
2003,510214,2,1,0,0,0,0,15,0,0,7,6,0
2003,510215,1,1,16,15,18,8,15,1,7,16,0,17
2003,510215,2,1,0,0,0,0,0,0,0,0,24,0
2003,510215,3,1,0,0,0,0,0,0,0,0,0,0
2003,510216,1,1,14,8,20,0,22,13,0,29,0,15
2003,510216,2,1,0,0,0,0,0,0,0,0,0,0
2003,510217,1,1,17,18,21,31,0,12,7,23,0,15
2003,510218,1,1,0,0,0,0,25,0,0,0,0,0
2003,510218,2,1,0,0,0,0,0,0,0,0,0,0
2003,510219,1,1,14,14,14,14,14,14,14,14,14,14
2003,510220,1,1,20,26,34,30,9,15,30,31,13,19
2003,510221,1,1,0,0,0,0,0,0,0,0,0,0
2003,510221,2,1,0,0,0,0,0,0,0,0,0,0
2003,510222,1,1,13,22,6,4,8,15,19,13,3,18
2003,510223,1,1,7,12,16,19,8,9,12,7,13,0
2003,510224,1,1,0,0,0,0,0,0,0,0,0,0
2003,510225,1,1,9,9,9,9,9,9,9,9,9,9
2003,510225,2,1,0,0,0,0,0,0,0,0,9,0
2003,510226,1,1,0,0,0,0,0,0,27,0,0,0
2003,510226,2,1,0,0,0,0,0,0,0,0,0,0
2003,510226,3,1,0,0,0,0,0,0,0,0,0,0
2003,510227,1,1,0,0,0,0,0,0,0,0,0,0
2003,510227,2,1,0,0,0,0,0,0,0,0,0,0
2003,510228,1,1,0,0,0,0,0,0,0,0,0,0
2003,510228,2,1,0,0,0,0,0,0,0,0,0,0
2003,510229,1,1,9,19,4,45,10,14,4,5,16,8
2003,510229,2,1,0,0,0,0,0,0,0,0,0,0
2003,510230,1,1,0,0,15,0,0,26,0,0,0,12
2003,510231,1,1,7,7,7,7,7,7,7,7,7,7
2003,510231,2,1,0,0,0,0,0,0,0,0,0,0
2003,510232,1,1,0,0,0,0,0,0,0,0,0,0
2003,510232,2,1,0,0,0,0,0,0,0,0,0,0
2003,510233,0,1,0,0,0,0,0,0,0,0,0,0
2003,510233,1,1,0,14,1,7,22,0,20,0,0,17
2003,510234,1,1,0,0,0,0,19,0,0,0,0,0
2003,510234,2,1,0,0,0,0,0,0,0,0,0,0
2003,510235,1,1,15,10,24,6,4,22,0,15,11,7
2003,510236,1,1,3,3,3,3,3,3,3,3,3,3
2003,510236,2,1,0,0,0,0,0,0,0,0,3,0
2003,510237,1,1,0,0,0,0,0,0,0,0,0,0
2003,510238,1,1,32,32,32,32,32,32,32,32,32,32
2003,510239,1,1,0,0,0,0,0,0,0,0,0,0
2003,510240,1,1,0,0,0,16,0,0,0,0,0,0
2003,510240,2,1,0,0,0,0,0,0,0,0,0,0
2003,510241,1,1,0,0,0,0,0,0,0,0,0,0
2003,510242,1,1,0,7,31,39,5,30,11,10,18,18
2003,510242,2,1,0,0,0,0,0,0,0,0,0,0
2003,510243,0,1,0,0,0,0,0,0,0,0,0,0
2003,510243,1,1,0,0,0,0,0,0,0,0,18,0
2003,510244,1,1,0,0,17,0,15,0,0,9,0,0
2003,510245,1,1,34,14,19,12,11,19,23,16,24,9
2003,510246,1,1,0,0,0,0,0,0,0,0,0,0
2003,510247,1,1,0,0,0,0,0,0,0,0,0,0
2003,510247,2,1,0,0,0,0,0,0,0,0,0,0
2003,510247,3,1,0,0,0,0,0,0,0,0,0,0
2003,510248,1,1,14,14,14,14,14,14,14,14,14,14
2003,510249,0,1,0,8,0,26,0,9,27,0,0,0
2003,510249,1,1,0,0,0,0,0,0,0,0,0,0
2003,510250,1,1,12,10,5,0,14,16,10,9,14,13
2003,510251,1,1,0,0,0,0,0,0,0,0,0,0
2003,510251,2,1,0,0,0,0,0,0,0,0,0,0
2003,510252,1,1,0,0,0,0,0,0,0,0,0,0
2003,510252,2,1,0,0,0,0,0,0,0,0,0,0
2003,510253,1,1,0,0,0,6,0,9,9,8,9,19
2003,510253,2,1,0,0,0,0,0,0,0,0,0,0
2003,510253,3,1,5,0,0,0,0,0,0,0,0,0
2003,510253,4,1,0,0,0,0,0,0,0,0,0,0
2003,510253,5,1,0,0,0,0,0,0,0,0,0,0
2003,510253,6,1,0,0,0,15,0,0,0,0,0,0
2003,510254,0,1,0,0,0,0,0,0,0,0,0,0
2003,510254,1,1,0,0,12,0,0,0,12,0,0,0
2003,510255,0,1,16,16,16,16,16,16,16,16,16,16
2003,510255,1,1,0,0,0,0,0,0,0,0,0,0
2003,510256,1,1,0,0,0,0,0,0,0,0,0,0
2003,510256,2,1,0,0,0,0,0,0,0,0,0,0
2003,510257,0,1,9,13,10,7,0,18,23,12,22,21
2003,510257,1,1,0,0,6,0,0,0,16,0,0,0
2003,510258,1,1,0,0,0,0,0,0,0,0,0,0
2003,510259,1,1,0,0,0,0,0,0,0,0,0,0
2003,510259,2,1,0,0,0,0,0,0,0,0,0,0
2003,510260,1,1,0,0,0,0,0,0,0,0,0,0
2003,510261,1,1,0,0,0,0,0,0,0,0,0,0
2003,510262,1,1,0,0,0,25,0,0,0,0,8,0
2003,510263,1,1,0,0,0,0,0,0,0,0,0,0
2003,510264,1,1,14,0,0,0,17,0,0,0,0,0
2003,510264,2,1,6,10,0,16,7,12,0,7,15,16
2003,510265,1,1,5,5,5,5,5,5,5,5,5,5
2003,510265,2,1,0,0,0,0,0,0,0,0,0,0
2003,510266,1,1,22,22,22,22,22,22,22,22,22,22
2003,510266,2,1,0,0,0,0,0,0,0,0,0,0
2003,510266,3,1,0,0,16,0,0,0,0,0,0,0
2003,510266,4,1,0,0,0,0,0,0,0,0,0,0
2003,510267,1,1,0,0,0,0,0,0,0,0,0,0
2003,510268,1,1,0,0,0,0,6,0,0,0,0,0
2003,510268,2,1,0,0,0,0,0,0,0,0,0,0
2003,510269,1,1,0,0,0,0,0,0,0,0,0,0
2003,510270,1,1,2,2,2,2,2,2,2,2,2,2
2003,510271,1,1,0,0,0,0,0,0,0,0,0,0
2003,510271,2,1,0,0,0,0,0,0,0,0,0,0
2003,510271,3,1,0,0,0,0,0,0,0,0,0,0
2003,510272,1,1,0,0,0,0,0,0,0,0,0,14
2003,510272,2,1,0,0,9,0,0,0,0,0,0,0
2003,510272,3,1,0,8,0,0,0,0,0,0,0,0
2003,510273,1,1,3,3,3,3,3,3,3,3,3,3
2003,510273,2,1,0,0,0,0,0,0,0,0,0,0
2003,510274,1,1,0,0,0,0,0,0,0,0,0,0
2003,510275,1,1,10,10,10,10,10,10,10,10,10,10
2003,510275,2,1,0,0,0,0,0,0,0,0,0,0
2003,510276,1,1,1,1,1,1,1,1,1,1,1,1
2003,510276,2,1,0,0,23,0,0,0,0,0,0,0
2003,510277,1,1,0,0,0,0,0,0,0,0,0,0
2003,510277,2,1,0,0,0,0,0,0,0,0,0,0
2003,510277,3,1,0,0,0,0,0,0,0,0,0,0
2003,510278,1,1,43,43,43,43,43,43,43,43,43,43
2003,510279,1,1,31,31,31,31,31,31,31,31,31,31
2003,510280,1,1,0,0,0,0,0,0,0,0,0,7
2003,510281,0,1,0,0,41,0,0,0,0,0,0,0
2003,510281,1,1,0,0,0,0,0,0,0,0,0,0
2003,510282,1,1,0,0,0,0,0,0,0,0,0,0
2003,510283,1,1,0,0,0,0,0,0,0,0,0,0
2003,510284,1,1,20,0,30,17,20,31,3,6,19,28
2003,510285,1,1,0,0,0,0,0,0,0,0,0,0
2003,510285,2,1,0,0,8,0,15,0,0,0,0,0
2003,510286,0,1,0,0,0,0,0,0,0,0,0,0
2003,510286,1,1,0,0,0,0,0,0,0,0,0,0
2003,510287,1,1,0,30,0,0,0,0,7,0,0,0
2003,510287,2,1,0,0,0,0,0,0,0,0,0,0
2003,510287,3,1,0,0,0,0,0,0,0,0,0,0
2003,510288,1,1,14,14,14,14,14,14,14,14,14,14
2003,510289,1,1,0,0,0,0,0,0,0,0,0,0
2003,510290,1,1,0,0,10,0,0,0,0,0,0,0
2003,510291,1,1,0,0,0,0,0,0,0,0,0,0
2003,510291,2,1,3,3,3,3,3,3,3,3,3,3
2003,510292,1,1,22,22,22,22,22,22,22,22,22,22
2003,510293,0,1,21,21,21,21,21,21,21,21,21,21
2003,510293,1,1,0,0,0,0,0,0,0,0,0,0
2003,510294,1,1,20,20,20,20,20,20,20,20,20,20
2003,510295,1,1,11,11,11,11,11,11,11,11,11,11
2003,510296,1,1,0,0,0,0,0,0,0,0,0,0
2003,510296,2,1,0,0,0,0,0,11,0,0,0,0
2003,510297,1,1,0,0,0,0,0,0,0,0,0,0
2003,510297,2,1,0,11,0,0,0,0,0,0,0,8
2003,510298,1,1,2,2,2,2,2,2,2,2,2,2
2003,510299,1,1,1,1,1,1,1,1,1,1,1,1
2003,510300,1,1,10,10,10,10,10,10,10,10,10,10
2003,510300,2,1,0,0,0,0,0,0,0,0,0,0
2003,510301,1,1,13,19,5,5,0,27,10,20,2,0
2003,510301,2,1,0,0,0,0,0,0,0,0,0,0
2003,510301,3,1,0,0,0,0,0,0,0,0,0,0
2003,510302,0,1,0,0,0,0,0,0,0,0,0,0
2003,510302,1,1,0,0,0,0,0,0,0,0,0,0
2003,510303,0,1,0,0,0,0,0,0,0,0,0,0
2003,510303,1,1,0,0,26,0,0,0,0,0,0,0
2003,510303,2,1,0,0,0,0,0,0,0,0,0,0
2003,510303,5,1,0,0,0,0,0,0,0,0,0,0
2003,510303,6,1,0,19,0,0,0,0,0,0,0,0
2003,510303,7,1,0,0,0,0,0,0,0,0,0,0
2003,510304,1,1,0,0,0,0,0,0,0,0,0,0
2003,510305,1,1,14,10,4,11,25,21,20,17,5,19
2003,510306,1,1,25,25,25,25,25,25,25,25,25,25
2003,510307,1,1,0,0,0,0,0,0,0,0,0,0
2003,510308,1,1,0,0,0,0,0,0,0,0,0,0
2003,510308,2,1,0,0,0,0,0,0,0,0,0,0
2003,510309,1,1,11,17,13,10,15,16,28,13,17,10
2003,510310,1,1,0,0,0,0,0,0,0,0,0,0
2003,510310,2,1,0,0,0,0,0,0,0,0,0,0
2003,510311,1,1,18,18,18,18,18,18,18,18,18,18
2003,510312,1,1,12,13,38,20,28,20,27,25,23,17
2003,510313,1,1,0,0,0,0,0,0,0,0,0,0
2003,510313,2,1,0,0,0,0,0,0,0,0,0,0
2003,510314,1,1,0,0,0,0,19,7,0,0,12,12
2003,510314,2,1,0,2,0,0,0,0,0,0,0,0
2003,510315,1,1,0,0,0,0,0,0,0,4,11,0
2003,510315,2,1,0,0,0,0,0,0,0,0,0,10
2003,510316,1,1,0,0,0,0,0,0,0,0,0,0
2003,510317,1,1,0,0,0,0,0,0,0,0,0,0
2003,510317,2,1,0,0,0,0,0,0,0,0,0,0
2003,510318,1,1,11,11,11,11,11,11,11,11,11,11
2003,510318,2,1,0,0,0,0,0,0,0,0,0,0
2003,510319,1,1,13,13,13,13,13,13,13,13,13,13
2003,510320,1,1,7,0,0,0,0,12,0,17,19,15
2003,510321,1,1,14,14,14,14,14,14,14,14,14,14
2003,510321,2,1,0,0,0,0,0,0,0,0,0,0
2003,510322,1,1,0,20,17,6,3,19,5,34,23,29
2003,510322,2,1,0,0,5,0,0,0,0,0,0,0
2003,510322,3,1,0,0,0,0,0,0,0,0,0,0
2003,510322,4,1,0,0,0,0,0,0,0,0,0,0
2003,510323,1,1,0,0,0,0,0,0,0,0,0,0
2003,510324,1,1,0,0,0,0,0,0,0,0,0,0
2003,510324,2,1,25,25,25,25,25,25,25,25,25,25
2003,510325,1,1,0,0,0,0,0,0,0,0,0,0
2003,510325,2,1,0,0,0,0,0,0,0,0,0,0
2003,510326,1,1,12,11,30,17,7,26,13,9,13,8
2003,510326,2,1,0,0,0,0,0,0,0,0,0,0
2003,510327,0,1,0,0,0,0,0,0,0,0,0,0
2003,510327,1,1,0,0,0,0,0,0,0,0,0,3
2003,510328,1,1,0,0,0,0,0,0,0,0,0,0
2003,510328,2,1,0,0,0,0,0,0,0,24,0,0
2003,510329,1,1,0,0,0,0,0,0,0,0,0,0
2003,510329,2,1,0,0,0,0,0,0,0,0,0,0
2003,510330,1,1,0,0,0,0,0,0,0,0,0,0
2003,510330,2,1,0,0,0,0,0,0,0,0,0,0
2003,510331,1,1,0,0,0,0,0,0,0,0,0,0
2003,510332,1,1,0,0,0,0,0,0,0,0,0,0
2003,510333,1,1,0,0,0,0,0,9,0,0,0,0
2003,510333,2,1,0,0,0,0,0,0,0,0,0,0
2003,510334,1,1,0,0,0,0,0,0,0,0,0,0
2003,510335,1,1,0,0,0,0,0,0,0,0,0,0
2003,510336,1,1,0,0,0,0,0,0,0,0,0,0
2003,510336,2,1,0,0,0,0,0,0,0,0,0,0
2003,510337,1,1,0,28,0,0,0,0,19,0,25,0
2003,510338,1,1,0,14,0,0,0,0,0,0,0,0
2003,510339,1,1,0,0,0,0,0,0,0,7,0,0
2003,510339,2,1,0,0,0,0,0,0,0,0,0,0
2003,510339,3,1,0,0,0,0,0,0,0,0,0,0
2003,510340,1,1,0,0,0,0,0,0,0,0,0,0
2003,510341,0,1,0,0,0,0,0,0,0,0,0,0
2003,510341,1,1,17,0,0,0,0,0,0,0,0,0
2003,510342,1,1,22,13,15,0,9,18,0,25,22,0
2003,510343,1,1,0,0,0,0,0,0,0,0,0,0
2003,510343,2,1,0,0,0,0,0,0,0,0,0,0
2003,510344,1,1,0,0,0,11,0,0,0,0,0,0
2003,510345,1,1,0,0,0,0,0,0,0,0,0,0
2003,510345,2,1,0,0,0,0,0,0,0,0,0,0
2003,510346,1,1,21,0,0,0,0,0,0,11,0,0
2003,510346,2,1,0,15,0,0,0,0,0,0,0,0
2003,510347,1,1,0,19,0,35,0,15,0,0,0,0
2003,510348,1,1,0,0,0,0,0,0,0,0,0,0
2003,510349,1,1,23,23,23,23,23,23,23,23,23,23
2003,510349,2,1,0,0,0,0,0,0,0,0,0,0
2003,510350,1,1,25,25,25,25,25,25,25,25,25,25
2003,510351,1,1,21,21,21,21,21,21,21,21,21,21
2003,510352,1,1,0,0,0,0,0,0,0,0,0,0
2003,510352,2,1,0,0,0,0,0,0,0,0,0,0
2003,510352,3,1,0,0,0,0,0,0,0,0,0,0
2003,510353,1,1,0,0,0,0,0,0,0,0,0,0
2003,510354,1,1,39,39,39,39,39,39,39,39,39,39
2003,510355,1,1,6,26,4,0,27,13,21,29,19,22
2003,510356,1,1,0,0,0,0,0,0,0,0,0,0
2003,510356,2,1,0,0,0,0,0,0,0,0,0,0
2003,510357,0,1,0,0,0,0,0,0,0,0,0,0
2003,510357,1,1,0,0,0,0,0,0,0,0,0,0
2003,510358,1,1,26,26,26,26,26,26,26,26,26,26
2003,510359,0,1,9,9,9,9,9,9,9,9,9,9
2003,510359,1,1,0,0,0,0,0,0,0,0,0,0
2003,510360,1,1,0,0,0,0,0,0,0,0,0,0
2003,510361,1,1,0,0,0,0,0,0,0,0,0,0
2003,510361,2,1,0,0,0,0,0,0,0,0,0,0
2003,510362,0,1,0,0,0,0,0,0,0,0,0,0
2003,510362,1,1,0,0,0,0,13,0,0,0,0,8
2003,510363,1,1,0,0,0,0,0,0,0,25,0,0
2003,510363,2,1,0,0,0,0,0,0,0,0,0,0
2003,510364,1,2,24,24,24,24,24,24,24,24,24,24
2003,510364,2,1,0,0,11,0,0,0,0,0,0,0
2003,510365,1,1,0,0,0,0,0,0,0,0,0,0
2003,510365,2,1,0,0,0,0,0,0,0,0,0,0
2003,510366,0,1,1,1,1,1,1,1,1,1,1,1
2003,510366,1,1,0,0,0,0,0,0,0,0,0,0
2003,510367,1,1,0,15,10,12,44,20,42,25,12,15
2003,510367,2,1,24,24,24,24,24,24,24,24,24,24
2003,510367,3,1,6,14,10,14,11,4,3,0,16,5
2003,510368,1,1,26,26,26,26,26,26,26,26,26,26
2003,510368,2,1,0,0,0,0,0,0,0,0,0,0
2003,510369,1,1,0,0,0,0,0,0,0,0,0,0
2003,510369,2,1,0,0,0,0,0,0,0,0,0,0
2003,510370,0,1,1,1,1,1,1,1,1,1,1,1
2003,510370,1,1,0,0,0,0,0,0,0,0,0,0
2003,510371,1,1,0,0,0,0,0,0,0,0,0,0
2003,510372,1,1,0,0,0,0,0,0,0,0,0,0
2003,510373,0,1,0,0,0,0,0,0,0,0,0,0
2003,510373,1,1,0,0,0,26,0,0,0,0,0,0
2003,510374,1,1,0,0,0,0,0,0,0,0,0,0
2003,510374,2,1,6,0,5,0,0,0,0,0,0,0
2003,510375,1,1,0,0,0,0,0,10,0,0,0,0
2003,510376,1,1,0,0,0,0,0,0,13,0,0,0
2003,510377,1,1,0,0,0,0,0,0,0,16,0,0
2003,510378,1,1,0,0,0,0,0,0,0,0,0,0
2003,510378,2,1,0,0,0,0,0,0,0,0,0,0
2003,510379,0,1,0,0,0,0,0,0,0,0,0,0
2003,510379,1,1,0,0,0,0,0,0,0,0,0,0
2003,510380,1,1,0,0,0,0,0,0,0,0,0,0
2003,510381,1,1,36,36,36,36,36,36,36,36,36,36
2003,510382,1,1,14,14,14,14,14,14,14,14,14,14
2003,510383,1,1,0,0,0,0,0,0,0,0,0,0
2003,510383,2,1,0,0,0,0,0,0,0,0,0,0
2003,510384,1,1,0,13,0,0,0,0,0,0,0,0
2003,510385,1,1,0,0,0,0,0,0,0,0,0,0
2003,510385,2,1,0,0,0,0,0,0,0,0,0,0
2003,510386,0,1,0,0,0,0,0,0,0,0,25,0
2003,510386,1,1,0,8,13,0,9,0,0,0,0,0