YEAR,ST_CASE,veh_no,per_no,P1,P2,P3,P4,P5,P6,P7,P8,P9,P10
2003,510387,1,1,0,0,0,0,0,0,0,0,0,0
2003,510388,1,1,0,0,0,0,0,0,0,5,11,0
2003,510388,2,1,0,0,0,0,0,0,0,0,0,0
2003,510389,1,1,37,37,37,37,37,37,37,37,37,37
2003,510390,1,1,0,0,0,0,0,0,0,0,0,0
2003,510390,2,1,0,0,0,0,0,0,0,0,0,0
2003,510391,1,1,0,0,0,0,0,0,0,0,0,0
2003,510391,2,1,0,0,0,16,5,12,7,13,14,0
2003,510392,0,1,14,0,0,0,17,0,32,3,25,0
2003,510392,1,1,0,0,0,0,0,0,0,0,0,0
2003,510393,1,1,0,0,0,0,0,22,0,0,0,0
2003,510394,1,1,0,0,0,0,0,0,0,0,0,0
2003,510394,2,1,0,0,0,0,0,0,0,0,0,0
2003,510395,1,1,29,29,29,29,29,29,29,29,29,29
2003,510396,1,1,0,0,0,0,0,0,0,0,0,0
2003,510397,0,1,0,0,0,0,0,0,0,0,0,0
2003,510397,1,1,23,38,15,3,16,0,0,0,0,0
2003,510398,1,1,16,16,16,16,16,16,16,16,16,16
2003,510400,1,1,7,7,7,7,7,7,7,7,7,7
2003,510401,1,1,0,0,0,0,0,0,0,0,0,0
2003,510402,1,1,0,0,0,0,0,0,0,0,0,0
2003,510402,2,1,0,0,0,0,0,0,0,0,0,0
2003,510403,0,1,0,35,0,0,0,0,0,0,0,0
2003,510403,1,1,11,11,11,11,11,11,11,11,11,11
2003,510403,2,1,23,15,0,10,23,18,5,6,13,5
2003,510404,1,1,0,0,0,0,0,0,0,0,0,0
2003,510404,2,1,5,0,0,0,0,19,0,0,0,0
2003,510405,1,1,0,0,0,0,0,0,0,0,0,0
2003,510405,2,1,0,0,0,0,0,0,0,0,0,0
2003,510406,1,1,0,0,0,0,0,0,0,0,0,0
2003,510406,2,1,0,0,0,0,0,0,0,0,0,0
2003,510406,3,1,0,0,0,0,0,0,0,0,0,0
2003,510407,1,1,0,0,0,0,0,0,0,0,0,0
2003,510408,1,1,0,19,3,0,0,0,0,0,0,0
2003,510408,2,1,0,0,0,0,0,0,0,0,0,0
2003,510409,1,1,17,17,17,17,17,17,17,17,17,17
2003,510410,1,1,0,0,0,0,0,0,0,0,0,0
2003,510410,2,1,0,0,0,0,0,0,0,0,0,0
2003,510411,1,1,0,0,0,0,0,0,0,0,0,0
2003,510412,1,1,0,0,0,0,0,0,0,0,0,0
2003,510412,2,1,0,0,0,0,0,0,0,0,0,0
2003,510413,1,1,0,0,0,0,0,0,0,0,0,0
2003,510413,2,1,0,0,0,0,0,0,0,0,0,0
2003,510414,0,1,14,14,14,14,14,14,14,14,14,14
2003,510414,1,1,0,0,0,0,0,16,0,0,0,22
2003,510415,0,1,19,19,19,19,19,19,19,19,19,19
2003,510415,1,1,0,0,0,0,0,0,0,9,0,0
2003,510416,1,1,14,14,14,14,14,14,14,14,14,14
2003,510417,1,1,31,31,31,31,31,31,31,31,31,31
2003,510418,1,1,0,0,0,0,0,0,0,0,0,0
2003,510419,1,1,0,0,0,0,0,0,0,0,0,0
2003,510419,2,1,0,0,0,0,0,0,0,0,0,0
2003,510420,1,1,0,0,0,0,0,0,0,0,0,0
2003,510420,2,1,0,0,0,0,0,0,0,0,0,0
2003,510421,0,1,31,31,31,31,31,31,31,31,31,31
2003,510421,1,1,0,0,0,0,0,0,24,0,0,0
2003,510422,1,1,15,15,15,15,15,15,15,15,15,15
2003,510423,1,1,13,0,32,21,16,20,26,12,28,24
2003,510424,1,1,0,0,0,0,0,0,0,0,0,0
2003,510424,2,1,0,0,0,0,0,0,0,0,0,0
2003,510425,1,1,7,7,7,7,7,7,7,7,7,7
2003,510425,2,1,0,0,0,0,0,0,0,0,0,0
2003,510426,1,1,0,0,0,0,0,0,0,0,0,0
2003,510427,1,1,10,10,10,10,10,10,10,10,10,10
2003,510428,1,1,0,0,0,0,0,0,0,0,0,0
2003,510428,2,1,0,0,0,0,0,0,0,0,0,0
2003,510428,3,1,0,0,0,0,0,0,0,0,0,0
2003,510429,1,1,27,27,27,27,27,27,27,27,27,27
2003,510430,1,1,0,3,6,20,6,23,0,14,24,15
2003,510431,1,1,0,0,23,0,0,0,0,0,16,25
2003,510432,1,1,0,0,0,0,0,0,0,0,0,0
2003,510433,1,1,0,0,0,0,0,0,0,0,0,0
2003,510433,2,1,0,0,0,0,0,0,0,0,0,0
2003,510434,1,1,0,0,0,0,0,0,0,0,0,0
2003,510434,2,1,0,0,0,0,7,0,0,0,0,0
2003,510435,1,1,15,19,13,19,26,20,16,21,17,9
2003,510436,1,1,0,0,0,0,0,0,0,0,0,0
2003,510436,2,1,8,8,8,8,8,8,8,8,8,8
2003,510437,1,1,0,0,0,0,0,0,0,0,0,0
2003,510437,2,1,0,0,0,0,0,0,0,0,0,0
2003,510437,3,1,0,0,0,0,0,0,0,0,0,0
2003,510438,1,1,36,36,36,36,36,36,36,36,36,36
2003,510439,1,1,0,0,0,0,0,0,0,0,0,0
2003,510440,1,1,14,14,14,14,14,14,14,14,14,14
2003,510441,1,1,0,0,0,0,0,0,0,0,0,0
2003,510442,1,1,0,7,0,19,26,0,0,0,0,19
2003,510443,1,1,0,0,0,0,0,0,0,0,0,0
2003,510443,2,1,0,0,0,0,0,0,0,0,0,0
2003,510443,3,1,0,0,0,0,0,0,0,0,0,0
2003,510444,1,1,24,24,24,24,24,24,24,24,24,24
2003,510445,1,1,0,0,0,0,0,0,0,0,0,0
2003,510446,1,1,16,21,0,0,0,18,0,0,0,0
2003,510447,1,1,0,0,0,0,0,0,0,0,0,5
2003,510447,2,1,0,0,0,0,0,0,0,0,0,0
2003,510448,1,1,0,0,0,0,0,0,0,0,0,0
2003,510449,1,1,0,0,0,0,0,0,0,0,0,0
2003,510450,1,1,0,0,0,0,0,0,0,0,0,0
2003,510450,2,1,0,0,0,0,0,0,0,0,0,0
2003,510450,3,1,6,6,6,6,6,6,6,6,6,6
2003,510450,4,1,0,0,0,0,0,0,0,0,0,0
2003,510451,1,1,22,22,22,22,22,22,22,22,22,22
2003,510452,0,1,30,30,30,30,30,30,30,30,30,30
2003,510452,1,1,0,0,0,0,0,0,0,0,0,0
2003,510453,1,1,0,0,0,0,0,0,0,0,0,0
2003,510453,2,1,0,0,0,0,0,0,0,0,0,0
2003,510454,1,1,0,0,0,0,0,0,0,0,0,0
2003,510454,2,1,0,0,0,0,0,0,0,0,0,0
2003,510455,1,1,0,0,0,0,0,0,0,0,0,0
2003,510455,2,1,0,0,0,0,0,0,0,0,0,0
2003,510456,1,1,0,0,0,0,0,0,0,0,0,0
2003,510456,2,1,0,0,0,0,0,0,4,0,0,0
2003,510457,0,1,1,1,1,1,1,1,1,1,1,1
2003,510457,1,1,0,0,0,0,0,0,0,0,0,0
2003,510458,1,1,21,21,21,21,21,21,21,21,21,21
2003,510459,1,1,12,20,3,19,12,16,18,21,22,16
2003,510460,1,1,0,0,0,0,0,0,0,0,0,0
2003,510460,2,1,0,0,0,0,0,0,0,0,0,0
2003,510460,3,1,0,0,0,0,0,0,0,0,0,0
2003,510461,1,1,0,0,0,0,0,0,0,0,0,0
2003,510462,1,1,0,0,0,0,0,0,0,0,0,0
2003,510462,2,1,0,0,0,0,0,0,0,0,0,0
2003,510463,1,1,0,0,0,0,0,0,0,0,0,0
2003,510464,1,1,0,0,0,0,0,0,0,0,0,0
2003,510465,1,1,13,8,5,37,19,17,7,2,20,12
2003,510466,1,1,0,0,0,0,0,0,0,0,0,0
2003,510466,2,1,0,0,0,0,0,0,0,0,0,0
2003,510466,3,1,0,0,0,0,0,0,0,0,0,0
2003,510466,4,1,0,14,0,0,0,0,0,0,18,0
2003,510467,1,1,0,0,0,0,0,0,0,0,0,0
2003,510467,2,1,0,0,0,0,0,0,0,0,0,0
2003,510467,3,1,0,0,0,0,0,0,0,0,0,0
2003,510467,4,1,0,0,0,0,0,0,0,0,0,0
2003,510467,5,1,0,0,0,0,0,0,0,0,0,0
2003,510467,6,1,0,0,0,0,0,0,0,0,0,0
2003,510468,1,1,0,0,0,0,0,0,0,0,0,0
2003,510468,2,1,0,0,0,0,0,0,0,0,0,0
2003,510468,3,1,0,0,0,0,0,0,0,0,0,7
2003,510468,4,1,0,0,0,0,0,0,0,5,0,0
2003,510469,1,1,0,0,0,0,0,0,0,0,0,0
2003,510469,2,1,0,0,0,0,0,0,0,0,0,0
2003,510470,1,1,0,0,0,0,0,0,0,0,0,0
2003,510470,2,1,0,0,0,0,0,0,0,0,0,0
2003,510471,1,1,16,16,16,16,16,16,16,16,16,16
2003,510472,1,1,0,0,0,0,0,0,0,0,0,0
2003,510473,1,1,0,0,0,0,0,0,0,0,0,0
2003,510473,2,1,0,0,0,0,0,0,0,0,0,0
2003,510474,1,1,0,0,0,0,0,0,0,0,0,0
2003,510475,1,1,0,0,0,0,0,0,0,0,0,0
2003,510475,2,1,0,0,0,0,0,0,0,0,0,0
2003,510476,1,1,0,0,0,0,0,0,0,0,0,0
2003,510476,2,1,0,0,0,0,0,0,0,0,0,0
2003,510477,1,1,17,17,17,17,17,17,17,17,17,17
2003,510478,1,1,15,0,0,17,0,15,0,22,0,0
2003,510478,2,1,0,0,0,0,22,0,0,0,0,0
2003,510478,3,1,0,0,0,0,0,0,0,0,0,0
2003,510479,1,1,9,9,9,9,9,9,9,9,9,9
2003,510480,1,1,22,22,22,22,22,22,22,22,22,22
2003,510481,1,1,0,0,0,0,0,0,0,0,0,0
2003,510481,2,1,13,0,0,0,0,0,0,0,0,0
2003,510482,1,1,15,32,10,16,6,6,15,28,17,16
2003,510483,1,1,18,18,18,18,18,18,18,18,18,18
2003,510484,1,1,39,39,39,39,39,39,39,39,39,39
2003,510484,2,1,0,0,0,0,0,0,4,0,0,8
2003,510485,1,1,19,19,19,19,19,19,19,19,19,19
2003,510486,1,1,0,0,9,0,3,0,0,0,0,0
2003,510487,1,1,23,23,23,23,23,23,23,23,23,23
2003,510488,1,1,0,0,0,0,0,0,0,0,0,0
2003,510489,1,1,0,0,0,0,0,0,0,0,0,0
2003,510490,1,1,18,18,18,18,18,18,18,18,18,18
2003,510491,0,1,42,42,42,42,42,42,42,42,42,42
2003,510491,1,1,13,33,9,7,16,12,0,17,14,4
2003,510492,1,1,0,0,0,0,0,0,0,0,0,0
2003,510492,2,1,0,0,0,0,0,11,0,0,0,0
2003,510492,3,1,0,0,0,0,0,0,0,0,0,0
2003,510492,4,1,0,0,0,0,0,0,0,0,0,0
2003,510493,1,1,0,0,0,0,0,0,0,0,0,0
2003,510494,1,1,0,0,0,0,0,0,0,0,0,0
2003,510495,1,1,0,0,0,0,0,0,0,0,0,0
2003,510496,0,1,0,0,0,0,0,0,0,0,0,0
2003,510496,1,1,4,3,14,12,16,25,9,8,16,7
2003,510497,1,1,0,0,0,0,0,0,0,0,0,0
2003,510497,2,1,0,0,0,0,0,0,0,0,0,0
2003,510498,1,1,28,11,21,14,22,28,3,20,19,29
2003,510498,2,1,0,0,0,0,0,0,0,0,0,0
2003,510499,0,1,15,24,23,20,12,36,14,20,27,27
2003,510499,1,1,0,0,0,0,0,0,0,0,0,16
2003,510500,1,1,10,3,15,11,17,22,11,5,13,19
2003,510501,0,1,0,0,0,0,0,0,0,0,0,0
2003,510501,1,1,0,0,0,0,0,0,0,0,0,0
2003,510502,1,1,0,0,0,0,0,0,17,0,0,0
2003,510502,2,1,0,0,0,0,0,0,0,0,0,0
2003,510503,1,1,13,0,29,0,0,0,0,0,14,17
2003,510504,1,1,0,0,0,0,0,0,0,0,0,0
2003,510504,2,1,0,0,0,0,0,0,0,0,0,0
2003,510505,1,1,0,0,0,0,0,0,0,0,0,0
2003,510506,1,1,0,0,0,0,0,0,0,0,0,0
2003,510506,2,1,0,0,0,0,0,0,0,0,0,0
2003,510507,1,1,0,0,0,0,0,0,0,0,0,0
2003,510507,2,1,0,0,0,0,0,0,0,0,0,0
2003,510508,1,1,0,0,0,0,0,0,0,0,0,0
2003,510508,2,1,0,0,0,0,0,0,0,0,0,0
2003,510509,1,1,27,27,27,27,27,27,27,27,27,27
2003,510510,1,1,5,4,29,18,14,6,34,0,38,26
2003,510511,1,1,15,11,2,0,35,29,13,14,7,0
2003,510512,1,1,0,0,0,0,0,0,0,0,0,0
2003,510513,1,1,2,2,2,2,2,2,2,2,2,2
2003,510513,2,1,0,0,0,0,0,0,0,0,0,0
2003,510514,1,1,9,9,9,9,9,9,9,9,9,9
2003,510515,1,1,0,0,0,0,0,0,0,0,0,0
2003,510516,1,1,6,7,21,8,0,13,26,3,0,0
2003,510517,1,1,32,4,15,3,0,7,28,10,19,18
2003,510518,1,1,9,9,9,9,9,9,9,9,9,9
2003,510519,1,1,0,14,0,0,8,0,0,15,0,0
2003,510519,2,1,0,0,0,0,6,0,0,0,0,0
2003,510520,1,1,0,0,0,0,0,0,0,0,0,0
2003,510520,2,1,0,0,0,0,0,0,0,0,0,0
2003,510520,3,1,0,0,0,0,0,0,0,0,0,0
2003,510520,4,1,0,0,0,0,0,0,0,0,0,0
2003,510521,0,1,27,0,0,0,0,0,23,0,0,0
2003,510521,1,1,0,0,0,0,0,0,0,0,0,0
2003,510522,1,1,9,13,11,14,21,9,16,10,25,21
2003,510523,0,1,0,0,0,0,0,0,0,0,0,0
2003,510523,1,1,0,0,0,0,0,0,0,0,0,0
2003,510524,1,1,19,18,11,27,3,18,14,8,16,21
2003,510525,1,1,11,0,0,0,0,0,0,0,0,0
2003,510526,1,1,0,0,0,0,0,0,0,0,0,0
2003,510527,1,1,14,0,10,14,11,6,16,6,29,14
2003,510528,1,1,0,0,0,0,0,0,0,0,0,0
2003,510528,2,1,0,0,0,0,0,0,0,0,0,0
2003,510529,1,1,0,0,0,0,0,0,0,0,0,0
2003,510530,1,1,0,0,0,0,0,0,0,0,0,0
2003,510531,1,1,11,11,11,11,11,11,11,11,11,11
2003,510532,0,1,0,0,0,0,0,0,0,0,0,0
2003,510532,1,1,0,0,0,0,0,0,0,0,0,0
2003,510533,1,1,0,0,0,0,0,0,0,9,0,0
2003,510533,2,1,0,0,12,0,0,0,0,0,0,0
2003,510534,1,1,16,8,38,13,19,17,11,18,19,14
2003,510535,1,1,11,8,0,31,13,3,18,17,20,12
2003,510535,2,1,0,0,0,0,0,0,13,20,0,0
2003,510536,1,1,10,10,10,10,10,10,10,10,10,10
2003,510537,1,1,0,0,0,0,0,0,0,0,0,0
2003,510537,2,1,0,0,0,0,0,0,0,0,0,0
2003,510538,1,1,0,0,0,0,0,0,0,0,0,0
2003,510538,2,1,0,0,0,0,0,0,0,0,0,0
2003,510539,1,1,0,0,0,0,0,0,0,0,0,0
2003,510539,2,1,0,0,0,0,0,0,0,0,0,0
2003,510540,1,1,0,0,0,0,0,0,0,0,0,0
2003,510540,2,1,0,0,0,0,0,0,0,0,0,0
2003,510541,1,1,16,0,25,0,0,8,15,8,0,10
2003,510542,1,1,5,5,7,14,3,17,16,17,0,22
2003,510543,0,1,0,0,0,0,0,0,0,0,0,0
2003,510543,0,2,19,6,0,19,0,18,0,0,9,18
2003,510543,1,1,15,26,15,16,21,8,14,13,0,17
2003,510544,0,1,0,0,0,0,0,0,25,0,0,0
2003,510544,1,1,0,0,0,0,0,0,0,0,0,0
2003,510545,1,1,0,0,0,0,13,0,14,14,0,0
2003,510546,1,1,0,0,12,0,0,0,0,0,0,0
2003,510547,1,1,0,0,0,0,0,0,0,0,0,0
2003,510548,1,1,12,12,12,12,12,12,12,12,12,12
2003,510549,1,1,0,0,0,0,0,21,0,0,0,0
2003,510549,2,1,0,0,0,0,0,0,0,0,18,0
2003,510550,0,1,21,14,30,19,13,21,19,22,17,0
2003,510550,1,1,0,0,0,0,0,11,0,0,0,0
2003,510551,1,1,0,7,0,0,6,0,0,0,0,11
2003,510551,2,1,0,0,0,0,0,27,0,0,0,0
2003,510552,1,1,0,0,0,0,0,0,0,0,0,0
2003,510552,2,1,0,0,0,0,0,0,0,0,0,0
2003,510553,0,1,19,19,19,19,19,19,19,19,19,19
2003,510553,1,1,8,24,14,0,0,0,0,0,0,0
2003,510554,1,1,0,0,0,0,0,0,0,0,0,0
2003,510555,1,1,12,4,19,6,18,19,24,0,25,0
2003,510556,1,1,9,9,9,9,9,9,9,9,9,9
2003,510557,1,1,0,0,0,0,0,0,0,0,0,0
2003,510558,1,1,0,0,0,0,0,0,0,0,0,0
2003,510558,2,1,0,0,0,0,0,0,0,0,0,0
2003,510558,3,1,0,0,0,0,0,0,0,0,0,0
2003,510559,1,1,4,22,23,15,10,15,12,6,20,12
2003,510560,1,1,20,20,20,20,20,20,20,20,20,20
2003,510560,2,1,0,0,0,0,0,0,0,0,0,0
2003,510561,1,1,0,0,0,0,0,0,0,0,0,0
2003,510562,1,1,0,0,0,0,0,0,0,0,0,0
2003,510562,2,1,0,0,0,0,0,0,0,0,0,0
2003,510563,1,1,0,0,0,0,0,0,0,0,0,0
2003,510564,1,1,0,0,0,0,0,0,0,0,0,0
2003,510564,2,1,0,0,0,0,0,4,0,0,0,0
2003,510565,1,1,23,23,23,23,23,23,23,23,23,23
2003,510565,2,1,0,0,0,0,0,0,0,0,0,0
2003,510566,1,1,13,13,13,13,13,13,13,13,13,13
2003,510566,2,1,0,0,0,9,0,0,0,0,0,0
2003,510567,1,1,2,2,2,2,2,2,2,2,2,2
2003,510568,1,1,0,0,0,0,0,0,0,0,0,0
2003,510569,1,1,19,19,19,19,19,19,19,19,19,19
2003,510570,1,1,13,9,10,11,11,2,4,15,17,6
2003,510570,2,1,0,0,0,0,0,0,0,0,0,0
2003,510571,1,1,0,0,0,0,0,0,0,0,0,0
2003,510571,2,1,0,0,0,0,0,0,0,0,0,0
2003,510572,1,1,0,0,0,0,0,0,0,16,0,0
2003,510573,1,1,0,0,0,0,0,0,0,0,0,0
2003,510574,1,1,0,0,0,0,0,0,0,0,0,0
2003,510575,1,1,0,0,0,0,0,0,0,0,0,0
2003,510575,2,1,0,0,0,0,0,0,0,0,0,0
2003,510576,1,1,24,24,24,24,24,24,24,24,24,24
2003,510577,1,1,14,8,19,11,8,11,31,11,13,15
2003,510578,1,1,25,20,24,19,32,23,19,17,35,26
2003,510579,1,1,26,26,26,26,26,26,26,26,26,26
2003,510580,1,1,13,13,13,13,13,13,13,13,13,13
2003,510581,1,1,20,20,20,20,20,20,20,20,20,20
2003,510582,1,1,15,0,0,0,0,0,20,0,0,0
2003,510583,1,1,0,0,0,0,0,0,0,0,0,0
2003,510583,2,1,0,0,0,0,0,0,0,0,0,0
2003,510584,1,1,0,0,0,0,0,0,0,0,0,0
2003,510585,1,1,0,0,0,0,0,0,0,0,0,0
2003,510586,1,1,0,0,0,0,0,0,0,0,0,0
2003,510586,2,1,0,0,0,0,0,0,0,0,0,0
2003,510587,1,1,0,0,0,0,0,0,0,0,0,0
2003,510587,2,1,0,0,0,0,0,0,0,0,0,0
2003,510588,0,1,0,0,0,0,0,15,0,0,0,0
2003,510588,1,1,0,0,0,0,0,6,0,0,0,0
2003,510589,1,1,5,5,5,5,5,5,5,5,5,5
2003,510589,2,1,0,0,0,0,0,0,0,0,0,0
2003,510590,1,1,5,20,0,19,13,0,0,17,0,27
2003,510591,1,1,0,0,0,16,0,0,0,0,0,0
2003,510591,2,1,0,0,0,0,0,0,0,0,0,0
2003,510592,1,1,0,0,0,0,0,0,0,0,0,0
2003,510592,2,1,0,0,0,0,0,0,0,0,0,0
2003,510593,1,1,0,0,0,0,0,0,0,0,0,0
2003,510594,1,1,0,0,0,0,0,0,0,0,0,0
2003,510595,1,1,0,0,0,0,0,0,0,0,0,0
2003,510595,2,1,0,0,0,0,0,0,0,0,0,0
2003,510596,1,1,0,0,0,0,0,0,0,0,0,0
2003,510596,2,1,0,0,0,0,0,0,0,0,0,0
2003,510597,1,1,13,0,0,0,0,16,0,0,0,0
2003,510598,1,1,0,0,0,0,0,0,0,0,0,0
2003,510598,2,1,0,0,0,0,0,16,0,0,6,0
2003,510599,1,1,0,0,0,0,0,0,0,0,0,0
2003,510599,2,1,0,0,0,0,0,0,0,0,0,0
2003,510600,1,1,0,0,0,0,0,14,0,13,0,0
2003,510601,1,1,0,0,0,0,0,0,0,0,0,20
2003,510602,1,1,31,31,31,31,31,31,31,31,31,31
2003,510603,1,1,0,0,0,0,0,0,0,0,0,0
2003,510603,2,1,0,0,0,0,0,0,0,0,0,0
2003,510603,3,1,16,16,16,16,16,16,16,16,16,16
2003,510604,1,1,0,0,0,0,0,0,0,0,0,0
2003,510604,2,1,0,0,0,0,0,0,0,0,0,0
2003,510605,1,1,0,0,0,0,0,0,0,0,0,0
2003,510605,2,1,0,0,0,0,0,0,0,0,0,0
2003,510606,1,1,0,0,0,0,0,0,0,0,0,0
2003,510606,2,1,0,0,0,0,0,0,0,0,0,0
2003,510607,1,1,0,0,0,0,0,0,0,5,0,0
2003,510607,2,1,3,23,0,0,0,0,0,0,0,0
2003,510608,1,1,17,20,18,0,0,0,0,8,4,0
2003,510608,2,1,0,0,0,0,0,0,0,0,0,0
2003,510609,1,1,18,18,18,18,18,18,18,18,18,18
2003,510610,1,1,0,18,23,0,0,0,0,0,7,0
2003,510611,1,1,0,0,0,0,0,0,0,0,0,0
2003,510611,2,1,0,0,0,0,0,0,0,0,0,0
2003,510612,1,1,13,13,13,13,13,13,13,13,13,13
2003,510613,1,1,0,0,0,0,0,0,0,0,0,0
2003,510614,1,1,25,15,29,22,24,14,15,2,25,19
2003,510615,1,1,0,0,0,0,0,0,0,0,0,0
2003,510616,1,1,0,0,13,0,17,0,16,0,0,0
2003,510617,1,1,0,0,0,0,0,0,0,0,0,0
2003,510617,2,1,0,0,0,0,0,0,0,0,0,0
2003,510618,0,1,0,0,0,0,0,0,0,0,0,0
2003,510619,1,1,0,0,0,0,0,0,0,0,0,0
2003,510620,1,1,0,0,0,0,0,0,0,0,0,0
2003,510620,2,1,0,0,0,0,0,0,0,0,0,0
2003,510621,1,1,0,0,0,0,0,0,0,0,0,0
2003,510621,2,1,0,0,0,0,0,0,0,0,0,0
2003,510622,1,1,0,0,0,0,0,0,0,0,0,0
2003,510622,2,1,0,0,0,0,0,0,0,0,5,0
2003,510623,1,1,0,0,0,0,0,0,0,0,0,0
2003,510623,2,1,0,0,0,0,0,0,0,0,0,0
2003,510624,1,1,0,0,0,0,0,0,0,0,0,0
2003,510624,2,1,0,0,0,0,0,0,0,0,0,0
2003,510625,1,1,24,8,18,14,4,19,0,23,14,0
2003,510625,2,1,0,11,0,0,23,0,0,0,0,0
2003,510626,1,1,13,20,6,19,49,21,0,9,34,16
2003,510627,1,1,23,0,4,4,21,30,27,23,25,19
2003,510627,2,1,0,0,0,0,16,0,0,0,0,0
2003,510628,1,1,9,10,20,18,21,13,29,7,24,8
2003,510629,1,1,0,0,0,8,0,0,0,0,0,0
2003,510630,1,1,0,0,0,0,0,0,0,0,0,0
2003,510631,1,1,0,0,30,0,0,0,0,0,24,0
2003,510632,1,1,0,0,0,0,0,0,0,0,0,0
2003,510632,2,1,15,0,0,0,0,0,0,0,0,0
2003,510633,1,1,0,0,0,0,0,0,0,0,0,0
2003,510633,2,1,0,0,0,0,0,0,0,0,0,0
2003,510633,3,1,0,0,0,0,0,0,0,0,0,0
2003,510634,1,1,0,0,0,31,0,29,27,0,0,0
2003,510635,1,1,0,0,0,0,0,0,0,0,0,0
2003,510635,2,1,7,7,7,7,7,7,7,7,7,7
2003,510636,1,1,0,0,0,0,0,0,0,0,0,0
2003,510637,1,1,0,0,0,0,0,0,0,0,0,0
2003,510638,1,1,20,14,19,18,14,23,23,22,27,12
2003,510639,1,1,0,0,0,0,0,0,0,0,0,0
2003,510639,2,1,15,6,7,8,11,8,18,13,15,30
2003,510640,1,1,0,0,0,0,0,0,0,0,0,0
2003,510641,0,1,0,0,0,0,0,0,0,0,11,0
2003,510641,1,1,0,0,0,0,0,0,0,0,0,0
2003,510642,1,1,0,0,0,0,0,0,0,0,0,0
2003,510643,1,1,24,24,24,24,24,24,24,24,24,24
2003,510644,1,1,0,0,0,0,0,0,0,0,0,0
2003,510644,2,1,0,0,0,0,0,0,0,0,0,0
2003,510645,1,1,0,0,0,0,0,0,0,0,0,0
2003,510645,2,1,0,0,0,0,0,0,0,0,0,0
2003,510646,1,1,0,0,0,0,0,0,0,0,0,0
2003,510647,1,1,0,0,0,0,0,0,0,0,0,0
2003,510647,2,1,0,0,0,0,0,0,0,0,0,0
2003,510648,1,1,0,0,0,0,0,0,0,0,0,0
2003,510648,2,1,0,0,0,0,0,0,0,0,0,0
2003,510649,1,1,0,0,0,0,0,0,0,0,0,0
2003,510650,1,1,0,0,0,0,0,0,0,25,0,0
2003,510650,2,1,0,0,0,0,0,15,0,0,0,0
2003,510651,1,1,0,0,0,0,0,0,0,0,0,0
2003,510652,1,1,19,19,19,19,19,19,19,19,19,19
2003,510653,1,1,0,0,0,0,0,0,0,0,0,0
2003,510654,1,1,12,12,12,12,12,12,12,12,12,12
2003,510654,2,1,0,0,0,0,0,0,0,0,0,0
2003,510654,3,1,0,0,0,0,0,0,0,0,0,0
2003,510655,1,1,0,0,0,0,0,0,17,0,0,0
2003,510656,1,1,32,32,32,32,32,32,32,32,32,32
2003,510656,2,1,0,0,0,0,0,0,0,0,0,0
2003,510657,1,1,0,0,0,0,0,0,0,0,0,0
2003,510657,2,1,0,0,0,0,0,21,0,0,0,0
2003,510658,1,1,0,0,0,0,0,0,0,0,0,0
2003,510659,0,1,56,56,56,56,56,56,56,56,56,56
2003,510659,1,1,0,0,0,0,0,0,0,11,0,0
2003,510660,1,1,0,0,0,0,0,0,0,0,0,0
2003,510661,1,1,0,0,0,0,0,0,0,0,0,0
2003,510662,1,1,0,0,0,0,0,0,0,0,0,0
2003,510662,2,1,0,0,0,0,0,0,0,0,0,0
2003,510663,1,1,0,0,0,0,0,0,0,0,0,0
2003,510664,1,1,27,27,27,27,27,27,27,27,27,27
2003,510665,1,1,0,0,0,0,0,0,0,0,0,0
2003,510665,2,1,0,0,0,0,0,0,0,0,0,0
2003,510666,1,1,21,21,21,21,21,21,21,21,21,21
2003,510667,1,1,0,0,0,0,0,0,13,0,17,0
2003,510668,1,1,18,18,18,18,18,18,18,18,18,18
2003,510669,1,1,0,0,0,0,0,0,0,0,0,0
2003,510670,0,1,35,35,35,35,35,35,35,35,35,35
2003,510670,1,1,0,0,0,0,0,0,0,0,0,0
2003,510671,1,1,7,7,7,7,7,7,7,7,7,7
2003,510672,0,1,16,16,16,16,16,16,16,16,16,16
2003,510672,1,1,0,0,0,0,0,0,0,0,0,0
2003,510673,1,1,0,0,21,0,0,0,0,0,0,0
2003,510674,1,1,0,0,0,0,0,0,0,0,0,0
2003,510674,2,1,0,0,0,0,0,0,0,0,0,0
2003,510675,1,1,0,0,0,0,7,0,0,0,8,0
2003,510676,1,1,0,0,0,0,0,0,0,0,0,0
2003,510676,2,1,0,0,0,0,0,0,0,0,0,0
2003,510676,3,1,0,0,0,0,0,0,0,0,0,0
2003,510677,1,1,0,0,0,0,0,0,0,0,11,0
2003,510678,1,1,30,0,19,28,13,11,19,20,27,22
2003,510679,1,1,21,13,0,16,0,17,15,12,24,22
2003,510680,1,1,0,0,0,0,17,0,0,0,0,0
2003,510681,1,1,0,0,0,0,0,0,0,0,0,0
2003,510682,0,1,0,0,0,0,0,0,0,0,0,0