YEAR,ST_CASE,veh_no,per_no,P1,P2,P3,P4,P5,P6,P7,P8,P9,P10
2003,510682,1,1,0,0,0,0,0,0,0,0,0,0
2003,510683,1,1,0,0,0,10,0,0,0,0,22,0
2003,510684,1,1,0,0,0,0,0,0,0,0,0,0
2003,510684,2,1,0,0,0,0,0,0,0,0,0,16
2003,510685,1,1,0,0,0,0,0,0,0,0,0,0
2003,510685,2,1,0,0,0,0,0,0,0,0,0,0
2003,510686,1,1,0,0,0,0,0,0,0,0,0,0
2003,510686,2,1,0,0,0,0,0,0,0,0,0,0
2003,510687,0,1,30,30,30,30,30,30,30,30,30,30
2003,510687,1,1,0,0,0,0,0,0,0,0,0,0
2003,510688,1,1,18,18,18,18,18,18,18,18,18,18
2003,510689,1,1,31,31,31,31,31,31,31,31,31,31
2003,510690,1,1,0,0,0,0,0,0,0,0,0,0
2003,510690,2,1,0,0,0,0,0,0,0,0,0,0
2003,510690,3,1,0,0,0,0,0,0,0,0,0,0
2003,510691,1,1,0,0,0,0,0,0,0,0,0,0
2003,510691,2,1,0,0,0,0,0,0,0,0,0,0
2003,510692,1,1,0,0,0,0,0,0,23,0,0,0
2003,510692,2,1,0,0,0,0,0,0,0,0,0,0
2003,510693,1,1,22,22,22,22,22,22,22,22,22,22
2003,510693,2,1,0,0,0,0,0,0,0,0,0,0
2003,510693,3,1,0,0,0,0,0,0,0,0,0,0
2003,510694,1,1,0,0,24,0,0,0,0,0,0,0
2003,510695,1,1,18,18,18,18,18,18,18,18,18,18
2003,510696,1,1,0,0,0,0,0,0,0,0,0,0
2003,510696,2,1,0,0,0,0,0,0,0,0,0,0
2003,510697,1,1,0,0,0,8,0,0,0,0,0,0
2003,510698,1,1,0,0,0,0,0,0,0,0,0,0
2003,510699,1,1,9,9,9,9,9,9,9,9,9,9
2003,510699,2,1,0,0,0,0,0,0,0,0,0,0
2003,510700,1,1,0,0,0,0,0,0,0,0,0,0
2003,510700,2,1,0,0,0,0,13,15,12,15,13,16
2003,510701,1,1,0,0,0,0,0,0,0,0,0,0
2003,510701,2,1,0,0,0,0,0,0,0,0,0,0
2003,510702,1,1,5,0,0,0,0,0,0,0,0,0
2003,510703,1,1,0,0,0,0,0,0,0,0,0,0
2003,510703,2,1,10,19,7,15,0,7,0,17,13,14
2003,510704,1,1,22,30,21,16,0,10,11,24,20,28
2003,510705,0,1,54,0,0,0,0,0,0,0,0,0
2003,510705,1,1,0,0,0,0,0,0,0,0,0,0
2003,510705,2,1,0,0,0,0,0,0,0,0,5,0
2003,510706,1,1,0,0,0,0,0,0,0,0,0,0
2003,510706,2,1,0,0,0,0,0,0,0,0,0,0
2003,510707,1,1,58,58,58,58,58,58,58,58,58,58
2003,510708,0,1,19,0,0,22,0,13,0,0,0,0
2003,510708,1,1,0,0,0,0,0,0,0,0,0,0
2003,510708,2,1,0,0,0,0,0,0,0,0,0,0
2003,510709,0,1,0,0,0,0,0,0,0,0,0,0
2003,510709,1,1,0,0,0,0,0,0,0,0,0,0
2003,510710,1,1,1,1,1,1,1,1,1,1,1,1
2003,510710,2,1,0,0,0,0,0,0,0,0,0,0
2003,510711,1,1,13,13,13,13,13,13,13,13,13,13
2003,510712,1,1,17,17,17,17,17,17,17,17,17,17
2003,510713,1,1,0,0,0,0,0,0,0,0,0,0
2003,510713,2,1,0,0,0,0,0,0,0,0,0,0
2003,510713,3,1,0,0,0,0,0,0,0,0,0,0
2003,510713,4,1,0,0,0,0,0,0,0,0,0,0
2003,510714,0,1,0,0,0,0,0,0,0,0,0,0
2003,510714,1,1,0,0,0,0,0,0,0,0,0,0
2003,510715,1,1,0,22,0,0,0,0,0,0,0,0
2003,510715,2,1,0,0,0,0,0,0,0,0,0,0
2003,510716,1,1,16,16,16,16,16,16,16,16,16,16
2003,510717,1,1,7,7,7,7,7,7,7,7,7,7
2003,510718,1,1,0,0,0,0,0,0,0,0,0,0
2003,510718,2,1,7,9,23,15,12,6,4,8,32,17
2003,510719,1,1,0,0,0,0,0,0,0,0,0,0
2003,510720,1,1,0,0,0,0,0,0,0,0,0,0
2003,510720,2,1,0,0,0,0,0,0,0,0,0,0
2003,510721,1,1,0,0,0,0,0,0,0,0,0,0
2003,510721,2,1,0,14,15,20,14,8,10,17,11,21
2003,510722,1,1,13,13,13,13,13,13,13,13,13,13
2003,510723,1,1,0,0,0,0,0,0,0,0,0,0
2003,510723,2,1,13,0,0,0,0,0,0,0,20,13
2003,510724,1,1,0,0,0,0,0,4,0,0,0,0
2003,510724,2,1,0,0,0,0,0,0,0,0,0,0
2003,510725,0,1,15,13,9,31,45,33,10,18,31,20
2003,510725,1,1,0,0,0,0,0,0,0,0,0,0
2003,510726,1,1,0,0,0,0,0,0,0,0,0,0
2003,510726,2,1,0,0,0,0,0,0,0,0,0,0
2003,510727,0,1,0,0,0,0,0,0,0,0,0,0
2003,510727,1,1,0,0,0,0,0,0,0,0,0,0
2003,510728,1,1,22,22,22,22,22,22,22,22,22,22
2003,510729,1,1,0,0,0,0,0,0,0,0,0,0
2003,510729,2,1,0,0,0,0,0,0,0,0,0,0
2003,510730,1,1,16,8,18,13,14,20,21,6,8,11
2003,510731,1,1,0,0,0,0,0,0,0,0,0,0
2003,510731,2,1,0,0,0,0,0,0,0,0,0,0
2003,510732,0,1,0,20,0,0,0,0,10,0,0,0
2003,510732,1,1,0,0,0,0,20,0,0,13,0,0
2003,510733,1,1,0,0,0,0,0,0,0,0,0,0
2003,510733,2,1,0,0,0,0,0,0,0,0,0,0
2003,510733,3,1,0,0,0,0,0,0,0,0,0,0
2003,510733,4,1,0,0,0,0,0,0,0,0,0,0
2003,510734,1,1,14,14,14,14,14,14,14,14,14,14
2003,510735,1,1,0,0,0,0,0,0,0,0,0,0
2003,510735,2,1,0,0,0,0,0,0,0,0,0,0
2003,510736,1,1,0,0,0,0,0,0,0,0,0,0
2003,510736,2,1,0,0,0,0,0,0,0,0,0,0
2003,510737,1,1,22,10,16,22,12,17,22,15,12,14
2003,510737,2,1,0,0,0,0,0,0,0,0,0,0
2003,510738,1,1,7,0,27,11,0,0,14,27,0,23
2003,510739,1,1,0,0,0,0,0,0,0,0,0,0
2003,510739,2,1,0,0,0,0,0,0,0,0,0,0
2003,510740,1,1,9,9,10,10,9,20,6,13,14,9
2003,510741,1,1,0,0,0,0,0,0,0,0,0,0
2003,510741,2,1,0,0,0,0,0,0,0,0,0,0
2003,510742,1,1,18,18,18,18,18,18,18,18,18,18
2003,510742,2,1,0,0,0,0,0,0,0,0,0,0
2003,510743,1,1,0,0,0,0,0,0,0,0,0,0
2003,510743,2,1,0,0,0,0,0,0,0,0,0,0
2003,510744,0,1,0,0,0,0,0,0,0,0,0,0
2003,510744,1,1,0,0,0,0,0,0,0,0,0,0
2003,510744,2,1,0,0,0,0,0,0,0,0,0,0
2003,510745,1,1,0,0,0,0,0,0,0,0,0,0
2003,510745,2,1,12,12,12,12,12,12,12,12,12,12
2003,510746,1,1,17,37,18,22,19,33,29,7,27,7
2003,510747,1,1,0,0,0,0,0,0,0,0,0,0
2003,510747,2,1,0,0,0,0,0,0,0,0,0,0
2003,510748,1,1,17,30,19,16,20,21,0,14,29,24
2003,510749,0,1,0,0,15,0,0,0,0,0,0,0
2003,510749,1,1,0,0,0,0,0,0,0,0,0,0
2003,510750,1,1,2,0,10,5,7,7,0,12,9,9
2003,510750,2,1,0,0,0,0,0,0,0,0,0,0
2003,510751,1,1,0,46,0,0,0,23,0,29,0,0
2003,510752,1,1,28,28,28,28,28,28,28,28,28,28
2003,510752,2,1,0,0,0,0,0,0,5,0,0,0
2003,510753,0,1,37,37,37,37,37,37,37,37,37,37
2003,510753,1,1,0,0,0,0,0,0,0,0,0,0
2003,510753,2,1,0,0,0,0,0,0,0,0,0,0
2003,510754,1,1,0,0,0,0,0,0,0,0,0,0
2003,510755,1,1,0,0,0,0,0,0,0,0,0,0
2003,510755,2,1,0,0,0,0,0,0,0,0,0,0
2003,510756,1,1,11,11,11,11,11,11,11,11,11,11
2003,510756,2,1,0,0,0,0,0,0,0,0,0,0
2003,510757,1,1,0,0,0,0,0,0,0,0,0,0
2003,510758,1,1,0,0,0,0,0,0,0,0,0,0
2003,510758,2,1,0,0,0,0,0,0,0,0,0,0
2003,510759,1,1,0,0,0,0,0,0,0,0,0,0
2003,510759,2,1,0,0,0,0,0,0,0,0,0,0
2003,510760,1,1,0,0,0,0,0,0,0,0,0,0
2003,510760,2,1,0,0,0,0,0,0,0,0,0,0
2003,510761,1,1,0,0,0,0,0,0,0,0,0,0
2003,510762,1,1,16,7,8,0,7,8,0,0,3,11
2003,510763,1,1,0,0,0,0,0,0,0,0,0,0
2003,510763,2,1,20,20,20,20,20,20,20,20,20,20
2003,510764,1,1,0,0,0,0,0,0,0,0,0,0
2003,510764,2,1,2,2,2,2,2,2,2,2,2,2
2003,510765,1,1,1,1,1,1,1,1,1,1,1,1
2003,510765,2,1,0,0,0,0,0,0,0,0,0,14
2003,510766,1,1,0,0,0,0,0,0,0,0,0,0
2003,510766,2,1,20,20,20,20,20,20,20,20,20,20
2003,510767,1,1,0,0,0,0,0,0,0,0,0,0
2003,510768,0,1,11,11,11,11,11,11,11,11,11,11
2003,510768,1,1,0,0,0,0,0,0,0,0,0,0
2003,510769,1,1,0,0,0,0,0,0,0,0,0,0
2003,510769,2,1,0,0,0,0,0,0,0,0,0,0
2003,510770,1,1,11,0,0,23,0,32,0,0,0,14
2003,510771,1,1,14,14,14,14,14,14,14,14,14,14
2003,510772,1,1,9,9,9,9,9,9,9,9,9,9
2003,510773,1,1,14,14,14,14,14,14,14,14,14,14
2003,510774,1,1,0,0,0,0,0,0,0,0,0,0
2003,510775,1,1,0,21,0,17,0,0,0,20,18,16
2003,510776,1,1,0,8,28,12,10,13,21,35,0,6
2003,510777,1,1,0,0,0,0,0,0,0,0,0,0
2003,510777,2,1,0,0,0,0,0,0,0,0,0,0
2003,510778,1,1,21,21,21,21,21,21,21,21,21,21
2003,510779,0,1,22,22,22,22,22,22,22,22,22,22
2003,510779,1,1,14,11,5,15,20,18,11,8,7,14
2003,510780,1,1,0,0,0,0,0,0,0,0,0,0
2003,510780,2,1,0,0,0,0,0,0,0,0,0,0
2003,510780,3,1,0,0,0,0,0,0,0,0,0,0
2003,510780,4,1,0,0,0,0,0,0,0,0,11,0
2003,510781,1,1,0,0,0,0,0,0,0,0,0,0
2003,510781,2,1,0,0,0,0,0,0,0,0,0,0
2003,510782,1,1,0,0,0,0,0,0,0,0,0,0
2003,510782,2,1,0,0,0,0,0,0,0,0,0,0
2003,510783,0,1,24,23,30,20,0,0,0,0,0,0
2003,510783,1,1,0,0,0,0,0,0,0,0,0,0
2003,510784,1,1,0,0,0,0,0,0,0,0,0,0
2003,510784,2,1,0,0,0,0,0,0,0,0,0,0
2003,510785,0,1,0,20,0,0,0,24,25,41,13,21
2003,510785,0,2,1,1,1,1,1,1,1,1,1,1
2003,510785,1,1,0,0,0,0,0,0,0,0,0,0
2003,510786,1,1,18,14,15,19,11,27,15,8,12,23
2003,510787,1,1,0,0,0,0,0,0,0,0,0,0
2003,510787,2,1,0,0,0,0,0,0,0,0,0,0
2003,510788,1,1,0,22,21,26,28,21,16,12,9,0
2003,510789,1,1,0,0,0,0,0,0,0,0,0,0
2003,510790,1,1,0,0,0,0,0,0,0,0,0,11
2003,510791,1,1,6,6,22,10,12,7,19,11,11,13
2003,510792,1,1,0,0,0,0,0,0,0,0,0,0
2003,510792,2,1,0,0,0,0,0,0,0,0,0,0
2003,510792,3,1,0,0,0,0,0,0,0,0,0,0
2003,510793,0,1,0,0,0,0,0,0,0,0,0,0
2003,510793,0,2,0,0,0,0,0,0,0,0,0,0
2003,510793,1,1,0,0,0,0,0,0,0,0,0,0
2003,510794,1,1,0,0,0,0,0,0,0,0,0,16
2003,510795,1,1,0,0,0,0,0,0,0,0,0,0
2003,510795,2,1,0,0,0,0,0,0,0,0,0,0
2003,510796,1,1,0,0,0,0,0,0,0,0,0,0
2003,510797,1,1,0,0,0,0,0,0,0,0,0,0
2003,510797,2,1,0,0,0,0,0,0,0,17,0,0
2003,510797,3,1,0,0,0,0,0,0,0,0,0,0
2003,510798,1,1,0,26,16,0,0,0,0,0,0,0
2003,510798,2,1,0,0,0,0,0,0,0,0,0,0
2003,510799,0,1,32,16,26,10,19,17,28,16,17,47
2003,510799,1,1,0,0,0,0,0,0,0,0,0,0
2003,510800,1,1,24,24,24,24,24,24,24,24,24,24
2003,510801,1,1,0,0,0,0,0,0,0,0,0,0
2003,510802,1,1,0,0,0,0,0,0,0,0,0,0
2003,510803,1,1,12,0,23,0,0,0,0,24,0,0
2003,510804,1,1,7,0,10,17,20,16,21,15,0,4
2003,510805,1,1,0,0,0,0,0,0,0,0,0,0
2003,510805,2,1,0,0,0,0,0,0,0,0,0,0
2003,510806,1,1,0,0,0,0,0,0,0,0,0,0
2003,510806,2,1,0,0,0,0,0,0,0,0,0,0
2003,510806,3,1,0,0,0,0,0,0,0,0,0,0
2003,510807,1,1,0,0,0,0,0,0,0,0,0,0
2003,510808,1,1,0,0,0,0,0,0,0,0,0,0
2003,510808,2,1,0,0,0,0,0,0,0,0,0,0
2003,510808,3,1,0,0,0,0,0,0,0,0,0,0
2003,510808,4,1,0,0,0,0,0,0,0,0,0,0
2003,510808,5,1,0,0,0,0,0,0,0,0,0,0
2003,510809,0,1,0,0,0,0,0,0,0,0,0,0
2003,510809,1,1,0,0,0,0,0,0,0,0,0,0
2003,510810,1,1,0,0,0,0,0,0,0,0,0,0
2003,510811,1,1,28,28,28,28,28,28,28,28,28,28
2003,510812,0,1,0,0,0,0,0,0,0,0,0,0
2003,510812,1,1,0,0,0,0,0,0,0,0,0,0
2003,510813,1,1,0,0,0,0,0,0,0,0,0,0
2003,510814,1,1,31,12,5,18,15,5,15,10,0,13
2003,510815,0,1,17,17,17,17,17,17,17,17,17,17
2003,510815,1,1,0,0,0,0,0,0,0,0,0,0
2003,510816,1,1,0,0,14,0,9,25,0,15,14,0
2003,510817,1,1,0,0,0,0,0,0,0,0,0,0
2003,510817,2,1,11,23,24,14,11,17,19,22,4,4
2003,510818,1,1,0,0,0,0,0,0,0,0,0,0
2003,510819,1,1,0,0,0,0,0,0,0,0,0,0
2003,510819,2,1,0,0,0,0,0,0,0,11,0,0
2003,510820,0,1,0,0,0,0,0,0,0,0,0,0
2003,510820,0,2,0,0,0,0,23,12,0,6,21,0
2003,510820,1,1,0,0,0,0,0,0,0,0,0,0
2003,510821,0,1,2,2,2,2,2,2,2,2,2,2
2003,510821,1,1,0,0,0,0,0,0,0,0,0,0
2003,510822,1,1,0,0,0,0,0,0,6,24,0,0
2003,510823,1,1,0,0,0,0,0,0,0,0,0,0
2003,510823,2,1,0,0,0,0,0,0,0,0,0,0
2003,510824,0,1,0,0,0,0,0,0,0,0,0,0
2003,510824,1,1,0,0,0,0,0,0,0,0,0,0
2003,510825,1,1,0,0,0,0,0,0,0,0,0,0
2003,510826,1,1,3,0,0,0,0,0,0,0,0,0
2003,510827,1,1,0,0,0,0,0,0,0,0,0,0
2003,510828,1,1,0,0,9,0,0,0,21,17,32,14
2003,510829,1,1,5,5,5,5,5,5,5,5,5,5
2003,510830,1,1,0,0,0,0,0,0,0,0,0,0
2003,510830,2,1,0,0,0,0,0,0,0,0,0,0
2003,510831,1,1,0,0,0,0,0,0,0,0,0,0
2003,510831,2,1,0,0,0,0,0,0,0,0,0,0
2003,510832,1,1,0,0,0,0,0,0,0,0,0,0
2003,510832,2,1,0,0,0,0,0,0,0,0,0,0
2003,510832,3,1,0,0,0,0,0,0,0,0,0,0
2003,510832,4,1,0,0,0,0,0,0,0,0,0,0
2003,510832,5,1,0,0,0,0,0,0,0,0,0,5
2003,510832,6,1,4,0,0,0,0,0,0,0,0,0
2003,510833,1,1,0,0,0,0,0,0,0,0,0,0
2003,510833,2,1,0,0,0,0,0,0,0,0,0,0
2003,510834,1,1,0,0,0,0,0,0,0,0,0,0
2003,510834,2,1,0,0,0,0,0,0,0,0,0,0
2003,510834,3,1,0,0,0,0,0,0,0,0,0,0
2003,510835,0,1,0,0,0,0,0,0,0,0,0,0
2003,510835,1,1,0,0,0,0,0,0,0,0,0,0
2003,510836,0,1,12,0,0,0,0,19,15,0,0,18
2003,510836,1,1,8,9,8,3,24,16,28,14,22,5
2003,510837,1,1,3,20,35,8,17,33,17,16,20,29
2003,510838,1,1,0,0,0,0,0,0,0,9,0,0
2003,510838,2,1,0,18,0,0,0,0,0,0,0,0
2003,510838,3,1,0,0,0,0,0,0,0,0,0,0
2003,510838,4,1,0,0,0,0,0,0,0,0,0,0
2003,510839,1,1,0,0,0,0,0,0,0,0,0,0
2003,510839,2,1,11,0,15,22,12,25,20,7,6,0
2003,510840,1,1,0,0,0,0,32,0,0,0,0,0
2003,510840,2,1,0,0,0,0,0,0,0,0,0,0
2003,510841,1,1,0,26,21,14,17,13,14,5,0,7
2003,510842,1,1,0,0,0,0,0,0,0,0,0,0
2003,510843,0,1,0,0,0,0,0,0,0,0,0,0
2003,510843,1,1,0,0,0,0,0,0,0,0,0,0
2003,510844,0,1,0,0,0,0,0,0,0,0,0,0
2003,510844,1,1,0,0,0,0,0,0,0,0,0,0
2003,510845,0,1,0,0,0,0,16,0,0,0,0,0
2003,510845,1,1,0,0,0,0,0,0,0,0,0,0
2003,510846,1,1,0,0,0,0,0,0,0,0,0,0
2003,510847,0,1,0,0,0,0,0,0,0,0,0,0
2003,510847,1,1,0,0,0,0,0,0,0,0,0,0
2003,510848,1,1,0,0,0,0,0,0,0,0,0,0
2003,510848,2,1,0,0,0,0,0,0,0,0,0,0
2003,510848,3,1,0,0,0,0,0,0,0,0,0,0
2003,510849,0,1,10,0,0,13,0,0,22,0,13,0
2003,510849,1,1,0,16,0,0,0,0,0,0,0,0
2003,510850,1,1,0,21,0,19,15,13,0,0,0,7
2003,510850,2,1,0,0,1,0,6,0,0,0,0,0
2003,510851,0,1,2,39,28,0,16,20,17,24,17,26
2003,510851,1,1,0,0,0,0,0,0,0,0,0,0
2003,510852,1,1,0,0,0,0,0,0,0,0,0,0
2003,510853,1,1,0,0,0,0,0,0,0,0,0,0
2003,510853,2,1,0,0,0,0,0,0,0,0,0,0
2003,510854,1,1,0,0,0,0,0,0,0,0,0,0
2003,510854,2,1,0,0,0,0,0,0,0,0,0,0
2003,510855,1,1,34,14,15,23,8,24,35,22,8,11
2003,510856,1,1,11,5,15,8,16,14,8,12,17,28
2003,510856,2,1,0,0,0,0,0,0,0,0,0,0
2003,510857,0,1,0,0,0,0,0,0,0,0,0,0
2003,510857,1,1,0,0,0,9,0,0,0,0,0,0
2003,510858,1,1,0,19,0,0,0,26,0,38,0,0
2003,510859,1,1,7,18,2,17,15,7,0,8,9,2
2003,510859,2,1,0,0,0,0,0,0,26,0,0,0
2003,510860,1,1,0,0,0,0,0,0,0,0,39,0
2003,510861,1,1,25,22,9,27,7,18,31,25,12,23
2003,510862,1,1,13,8,17,25,13,13,4,23,11,6
2003,510863,1,1,17,17,17,17,17,17,17,17,17,17
2003,510864,1,1,11,16,7,7,17,0,12,37,25,11
2003,510864,2,1,0,6,23,0,13,17,7,24,0,0
2003,530001,1,1,0,0,0,0,0,0,0,0,0,0
2003,530002,1,1,0,0,0,0,0,0,0,0,0,0
2003,530002,2,1,0,0,0,0,0,0,0,0,0,0
2003,530003,1,1,17,17,17,17,17,17,17,17,17,17
2003,530004,1,1,0,0,0,0,0,0,0,0,0,0
2003,530004,2,1,0,0,0,0,0,0,0,0,0,0
2003,530005,1,1,0,0,0,0,0,0,15,17,0,0
2003,530006,1,1,24,24,24,24,24,24,24,24,24,24
2003,530006,2,1,0,0,0,0,0,0,0,0,0,0
2003,530007,1,1,14,14,14,14,14,14,14,14,14,14
2003,530008,1,1,0,0,0,0,0,0,0,0,0,0
2003,530008,2,1,0,0,0,0,0,0,0,0,0,0
2003,530009,1,1,0,0,0,0,0,0,0,0,0,0
2003,530009,2,1,0,0,0,0,0,0,0,0,0,0
2003,530010,1,1,28,28,28,28,28,28,28,28,28,28
2003,530011,1,1,0,0,0,0,0,0,0,0,0,0
2003,530011,2,1,0,0,0,0,0,0,0,0,0,0
2003,530012,1,1,0,0,0,0,0,0,0,0,0,0
2003,530012,2,1,0,0,0,0,0,0,0,0,0,0
2003,530013,1,1,0,0,0,18,0,0,0,0,0,0
2003,530014,1,1,17,17,17,17,17,17,17,17,17,17
2003,530015,1,1,12,22,0,9,20,18,23,21,12,10
2003,530016,1,1,0,0,0,0,0,0,0,0,0,0
2003,530016,2,1,0,0,0,0,0,0,0,0,0,0
2003,530017,1,1,11,11,11,11,11,11,11,11,11,11
2003,530018,1,1,0,0,0,0,0,5,4,3,0,7
2003,530018,2,1,0,0,0,0,0,0,0,0,0,0
2003,530018,3,1,0,0,0,0,0,0,0,0,0,0
2003,530018,4,1,0,0,0,0,0,0,0,0,0,0
2003,530020,0,1,0,0,0,0,0,0,0,0,0,0
2003,530020,1,1,0,0,0,0,0,0,0,0,0,0
2003,530021,1,1,0,0,0,0,0,0,0,0,0,0
2003,530021,2,1,0,0,0,0,0,0,0,0,0,0
2003,530021,3,1,0,0,0,0,0,0,0,0,0,0
2003,530022,1,1,0,0,0,0,0,0,0,0,0,0
2003,530023,0,1,0,0,0,0,0,0,0,0,0,0
2003,530023,1,1,0,0,0,0,0,0,0,0,0,0
2003,530024,1,1,0,0,0,0,0,0,0,0,0,0
2003,530024,2,1,14,14,14,14,14,14,14,14,14,14
2003,530025,1,1,0,0,0,0,0,0,0,0,0,0
2003,530025,2,1,0,0,0,0,0,0,0,0,0,0
2003,530026,0,1,0,0,0,0,0,0,0,0,0,0
2003,530026,1,1,0,0,0,0,0,0,0,0,0,0
2003,530026,2,1,0,0,0,0,19,0,0,0,0,0
2003,530027,1,1,0,0,0,0,0,0,0,0,0,0
2003,530027,2,1,11,11,11,11,11,11,11,11,11,11
2003,530028,1,1,27,27,27,27,27,27,27,27,27,27
2003,530029,1,1,22,22,22,22,22,22,22,22,22,22
2003,530030,0,1,37,37,37,37,37,37,37,37,37,37
2003,530030,1,1,0,0,0,0,0,0,0,0,0,0
2003,530031,0,1,0,0,0,0,0,0,0,0,0,0
2003,530031,1,1,0,0,0,0,0,0,0,0,0,0
2003,530032,1,1,0,0,0,0,0,0,0,0,0,0
2003,530032,2,1,0,0,0,0,0,0,0,0,0,0
2003,530032,3,1,0,0,0,0,0,0,0,0,0,0
2003,530032,4,1,0,0,0,0,0,0,0,0,0,0
2003,530033,1,1,6,6,6,6,6,6,6,6,6,6
2003,530034,1,1,0,11,16,11,24,23,0,0,0,8
2003,530034,2,1,0,0,0,0,0,0,0,0,0,0
2003,530035,1,1,22,22,22,22,22,22,22,22,22,22
2003,530035,2,1,2,2,2,2,2,2,2,2,2,2
2003,530036,1,1,19,19,19,19,19,19,19,19,19,19
2003,530037,1,1,0,0,0,0,0,0,0,0,0,0
2003,530037,2,1,0,0,0,0,0,0,0,0,0,0
2003,530037,3,1,0,0,0,0,0,0,0,0,0,22
2003,530038,1,1,0,0,0,0,0,0,0,0,0,0
2003,530038,2,1,18,18,18,18,18,18,18,18,18,18
2003,530039,1,1,0,0,0,0,0,0,0,0,0,0
2003,530039,2,1,0,0,0,0,0,0,0,0,0,0
2003,530040,1,1,24,24,24,24,24,24,24,24,24,24
2003,530041,1,1,24,24,24,24,24,24,24,24,24,24
2003,530042,1,1,0,0,0,13,0,21,0,0,0,0
2003,530043,1,1,0,0,0,0,0,0,0,0,0,0
2003,530043,2,1,0,0,0,0,0,0,0,0,0,0
2003,530044,1,1,0,0,0,0,0,0,0,20,0,0
2003,530045,1,1,0,0,0,0,0,0,0,0,0,0
2003,530045,2,1,0,0,0,0,0,0,0,0,0,0
2003,530046,1,1,19,19,19,19,19,19,19,19,19,19
2003,530047,1,1,0,0,0,0,0,0,0,0,0,0
2003,530047,2,1,0,0,0,0,0,0,0,0,0,0
2003,530048,1,1,0,0,0,0,0,0,0,0,0,0
2003,530048,2,1,0,0,0,0,0,0,0,0,0,0
2003,530049,1,1,18,18,18,18,18,18,18,18,18,18
2003,530050,1,1,0,0,0,0,0,0,0,0,0,0
2003,530050,2,1,0,0,0,0,0,0,0,0,0,0
2003,530051,1,1,0,0,0,0,0,0,0,0,13,0
2003,530052,1,1,13,13,13,13,13,13,13,13,13,13
2003,530053,1,1,9,9,9,9,9,9,9,9,9,9
2003,530054,1,1,0,0,0,0,0,0,0,0,0,0
2003,530055,0,1,0,0,0,6,0,0,0,0,0,0
2003,530055,1,1,0,0,0,0,0,0,0,0,0,0
2003,530056,0,1,0,0,0,0,0,0,0,0,0,0
2003,530056,1,1,0,0,0,0,0,0,0,0,0,0
2003,530057,1,1,0,0,0,0,0,0,0,0,0,0
2003,530058,1,1,0,0,0,0,0,0,0,0,0,0
2003,530059,1,1,0,0,0,0,0,0,0,0,0,0
2003,530059,2,1,0,0,0,0,0,0,0,0,0,0
2003,530059,3,1,0,0,0,0,0,0,0,0,0,0
2003,530060,1,1,9,9,9,9,9,9,9,9,9,9
2003,530061,1,1,0,0,0,0,0,0,0,0,0,0
2003,530062,1,1,1,1,1,1,1,1,1,1,1,1
2003,530062,2,1,0,0,0,0,0,0,0,0,11,7
2003,530063,1,1,0,0,0,0,0,0,0,0,0,0
2003,530063,2,1,0,0,0,0,0,0,0,0,0,0
2003,530064,1,1,20,20,20,20,20,20,20,20,20,20
2003,530064,2,1,0,0,0,0,0,0,0,0,0,0
2003,530065,1,1,0,0,0,0,0,0,0,0,0,0
2003,530066,1,1,0,0,0,0,0,0,0,0,0,0
2003,530067,1,1,0,0,0,0,0,0,0,0,0,0
2003,530067,2,1,0,0,0,0,0,0,0,0,0,0
2003,530068,0,1,15,15,15,15,15,15,15,15,15,15
2003,530068,1,1,0,0,0,0,0,0,0,0,0,0
2003,530069,1,1,24,24,24,24,24,24,24,24,24,24
2003,530070,1,1,0,0,0,0,0,0,0,0,0,0
2003,530071,1,1,0,0,0,0,0,0,0,0,0,0
2003,530072,1,1,0,0,0,0,0,0,0,0,0,0
2003,530072,2,1,0,0,0,0,0,0,0,0,0,0
2003,530073,1,1,0,0,0,0,0,0,0,0,0,0
2003,530074,1,1,34,34,34,34,34,34,34,34,34,34
2003,530075,1,1,0,0,0,0,0,0,0,0,0,0
2003,530076,1,1,0,0,0,0,0,0,0,0,0,0
2003,530076,2,1,0,0,0,0,0,0,0,0,0,0
2003,530076,3,1,0,0,0,0,0,0,0,0,0,0
2003,530077,1,1,0,0,0,0,0,0,0,0,0,0
2003,530078,1,1,7,7,7,7,7,7,7,7,7,7
2003,530078,2,1,8,8,8,8,8,8,8,8,8,8
2003,530079,0,1,0,0,0,0,0,0,0,0,0,0
2003,530079,1,1,0,0,0,0,0,0,0,0,0,0
2003,530080,1,1,28,28,28,28,28,28,28,28,28,28
2003,530080,2,1,0,0,0,0,0,0,0,0,0,0
2003,530081,0,1,10,33,19,28,0,20,23,31,40,27
2003,530081,1,1,0,0,0,0,0,0,0,0,0,0
2003,530082,1,1,0,0,0,0,0,0,0,0,0,0
2003,530083,1,1,30,30,30,30,30,30,30,30,30,30
2003,530084,1,1,39,39,39,39,39,39,39,39,39,39
2003,530085,0,1,0,0,0,0,0,0,0,0,0,0
2003,530085,0,2,0,0,0,20,0,0,13,0,0,0
2003,530085,1,1,12,0,8,12,12,28,19,18,32,21
2003,530086,1,1,4,4,4,4,4,4,4,4,4,4