YEAR,ST_CASE,veh_no,per_no,P1,P2,P3,P4,P5,P6,P7,P8,P9,P10
2003,530376,3,1,0,0,0,0,0,0,0,0,0,9
2003,530377,0,1,3,3,3,3,3,3,3,3,3,3
2003,530377,1,1,0,0,0,0,0,0,0,0,0,0
2003,530378,0,1,0,0,0,0,0,0,0,0,0,0
2003,530378,1,1,0,0,21,0,0,0,0,0,0,17
2003,530378,2,1,0,0,0,0,0,0,0,0,0,0
2003,530379,1,1,0,0,0,0,0,0,0,0,0,0
2003,530379,2,1,0,0,0,0,0,0,0,0,0,0
2003,530379,3,1,0,0,0,0,0,0,0,0,0,0
2003,530379,4,1,6,0,0,6,0,0,0,0,0,0
2003,530379,5,1,0,0,0,0,0,0,0,0,0,0
2003,530380,1,1,9,9,9,9,9,9,9,9,9,9
2003,530380,2,1,3,3,3,3,3,3,3,3,3,3
2003,530380,3,1,0,0,0,0,0,0,0,0,0,0
2003,530381,0,1,0,0,0,0,0,0,0,0,0,0
2003,530381,1,1,0,0,0,0,0,0,0,0,0,0
2003,530382,1,1,0,0,0,0,0,0,0,0,0,0
2003,530382,2,1,0,0,0,0,0,0,0,0,0,0
2003,530383,1,1,0,0,0,0,0,0,0,0,0,0
2003,530383,2,1,0,0,0,0,0,0,0,0,0,0
2003,530384,1,1,0,12,0,0,0,0,0,0,0,0
2003,530384,2,1,0,0,0,0,0,0,0,0,0,0
2003,530385,1,1,0,0,0,0,0,0,0,0,0,0
2003,530386,1,1,0,0,0,0,0,0,0,0,0,0
2003,530386,2,1,0,0,0,0,0,0,0,0,0,0
2003,530387,1,1,0,0,0,0,0,0,0,0,0,0
2003,530388,1,1,20,20,20,20,20,20,20,20,20,20
2003,530388,2,1,0,12,9,24,0,0,0,32,14,13
2003,530389,1,1,4,4,4,4,4,4,4,4,4,4
2003,530390,0,1,0,0,0,0,0,0,0,0,0,0
2003,530390,1,1,18,18,18,18,18,18,18,18,18,18
2003,530391,1,1,0,0,0,0,0,0,15,0,0,0
2003,530391,2,1,0,0,0,0,0,0,0,0,0,0
2003,530392,1,1,0,0,0,0,0,0,0,0,0,0
2003,530393,1,1,0,0,0,0,0,0,0,0,0,0
2003,530393,2,1,0,0,0,0,0,0,0,0,0,0
2003,530394,1,1,0,0,0,0,0,0,0,0,0,0
2003,530394,2,1,0,0,0,0,0,0,0,0,0,0
2003,530395,0,1,0,0,0,0,0,0,0,0,0,0
2003,530395,1,1,0,0,0,0,0,0,0,0,0,0
2003,530396,1,1,0,0,0,0,0,0,0,0,0,0
2003,530396,2,1,0,0,4,0,0,18,0,0,0,0
2003,530397,1,1,0,0,0,0,0,0,0,0,0,0
2003,530397,2,1,0,0,0,0,0,0,0,0,0,0
2003,530398,1,1,0,0,0,0,0,0,0,0,0,0
2003,530398,2,1,0,0,0,0,0,0,0,0,0,0
2003,530399,1,1,0,0,0,0,0,0,0,0,0,0
2003,530400,1,1,0,0,0,0,0,0,0,0,0,0
2003,530401,1,1,0,0,0,0,0,0,0,0,0,0
2003,530401,2,1,0,0,0,0,0,0,0,0,0,0
2003,530402,0,1,0,0,0,0,0,0,0,0,0,0
2003,530402,1,1,0,0,0,0,0,0,0,0,0,0
2003,530403,0,1,0,0,0,0,0,0,0,0,0,0
2003,530403,1,1,0,0,0,0,0,0,0,0,0,0
2003,530404,1,1,29,29,29,29,29,29,29,29,29,29
2003,530405,0,1,0,0,0,0,0,0,0,0,0,0
2003,530405,1,1,0,0,0,0,0,0,0,0,0,0
2003,530406,1,1,0,0,0,0,0,0,0,0,0,0
2003,530406,2,1,0,0,0,0,0,0,0,0,0,0
2003,530407,1,1,15,15,15,15,15,15,15,15,15,15
2003,530408,0,1,0,0,0,0,0,0,0,0,0,0
2003,530408,1,1,0,0,0,0,0,0,0,0,0,0
2003,530409,0,1,2,2,2,2,2,2,2,2,2,2
2003,530409,1,1,0,0,0,0,0,0,0,0,0,0
2003,530410,1,1,16,16,16,16,16,16,16,16,16,16
2003,530411,1,1,23,23,23,23,23,23,23,23,23,23
2003,530412,1,1,0,0,0,0,0,0,0,0,0,0
2003,530413,0,1,24,24,24,24,24,24,24,24,24,24
2003,530413,1,1,0,0,0,0,0,0,0,0,0,0
2003,530414,1,1,23,23,23,23,23,23,23,23,23,23
2003,530415,1,1,0,0,0,0,0,0,0,0,0,0
2003,530415,2,1,0,0,0,0,0,0,0,0,0,0
2003,530416,1,1,0,0,0,0,0,0,0,0,0,0
2003,530416,2,1,0,0,0,0,0,0,0,0,0,0
2003,530417,0,1,32,32,32,32,32,32,32,32,32,32
2003,530417,1,1,0,0,0,0,0,14,0,0,0,28
2003,530418,1,1,0,0,0,0,0,0,0,0,0,0
2003,530418,2,1,0,0,0,0,0,0,0,0,0,0
2003,530419,0,1,0,0,0,0,0,0,0,0,0,0
2003,530419,1,1,0,0,0,0,0,0,0,0,0,0
2003,530420,1,1,5,5,5,5,5,5,5,5,5,5
2003,530421,1,1,0,0,0,0,0,0,0,0,0,0
2003,530423,1,1,0,0,0,0,0,0,0,0,0,0
2003,530424,1,1,0,0,0,0,0,0,0,0,0,0
2003,530425,1,1,19,19,19,19,19,19,19,19,19,19
2003,530426,0,1,0,0,0,0,0,0,0,0,0,0
2003,530426,1,1,0,0,0,0,0,0,0,0,0,5
2003,530427,1,1,0,0,0,0,0,0,0,0,0,0
2003,530428,1,1,21,21,21,21,21,21,21,21,21,21
2003,530428,2,1,0,0,0,0,0,0,0,0,0,0
2003,530429,1,1,5,5,5,5,5,5,5,5,5,5
2003,530430,1,1,0,0,0,0,0,0,0,0,0,0
2003,530430,2,1,0,0,0,0,0,0,0,0,0,0
2003,530430,3,1,0,0,0,0,0,0,0,0,0,0
2003,530430,4,1,0,0,0,0,0,0,0,0,0,0
2003,530431,0,1,21,21,21,21,21,21,21,21,21,21
2003,530431,1,1,0,0,0,0,0,0,0,0,0,0
2003,530432,1,1,0,0,0,0,0,0,0,0,0,0
2003,530432,2,1,0,0,0,0,0,0,0,0,0,0
2003,530433,1,1,0,0,0,0,0,0,0,0,0,0
2003,530433,2,1,0,0,0,0,0,0,0,0,0,0
2003,530434,1,1,16,16,16,16,16,16,16,16,16,16
2003,530434,2,1,0,0,0,0,0,0,0,0,0,0
2003,530435,1,1,4,4,4,4,4,4,4,4,4,4
2003,530435,2,1,0,0,0,0,0,0,0,0,0,0
2003,530435,3,1,0,0,0,0,0,0,0,0,0,0
2003,530435,4,1,0,0,0,0,0,0,0,0,0,0
2003,530436,1,1,0,0,0,0,0,0,0,0,0,0
2003,530437,1,1,15,15,15,15,15,15,15,15,15,15
2003,530438,1,1,33,33,33,33,33,33,33,33,33,33
2003,530439,0,1,0,0,0,0,0,0,0,0,0,0
2003,530439,1,1,0,0,0,0,0,0,0,0,0,0
2003,530440,1,1,2,2,2,2,2,2,2,2,2,2
2003,530441,1,1,0,0,0,0,0,0,0,0,0,0
2003,530441,2,1,0,0,0,0,0,14,0,0,0,0
2003,530442,1,2,15,15,15,15,15,15,15,15,15,15
2003,530443,1,1,0,0,0,0,0,0,0,0,0,0
2003,530444,1,1,0,0,0,10,0,0,0,0,0,0
2003,530444,2,1,0,0,0,0,0,0,0,0,0,0
2003,530444,3,1,0,0,0,0,0,0,0,0,0,0
2003,530445,0,1,0,17,0,0,0,0,6,7,11,0
2003,530445,1,1,0,0,0,0,0,0,0,0,0,0
2003,530445,3,1,0,0,0,0,0,0,0,0,0,0
2003,530446,1,1,21,21,21,21,21,21,21,21,21,21
2003,530447,0,1,0,0,0,0,0,0,0,0,0,0
2003,530447,1,1,0,0,0,0,0,2,0,0,0,0
2003,530448,1,1,0,0,0,0,0,0,0,0,0,0
2003,530449,1,1,0,0,0,0,0,0,0,0,8,0
2003,530449,2,1,0,0,0,0,0,0,0,0,0,0
2003,530450,1,1,0,0,0,0,0,0,0,0,0,0
2003,530450,2,1,0,0,0,0,0,0,0,0,0,0
2003,530451,1,1,0,0,11,0,0,0,0,0,0,0
2003,530452,1,1,24,24,24,24,24,24,24,24,24,24
2003,530453,1,1,0,0,0,0,0,0,0,0,0,0
2003,530453,2,1,0,0,0,0,0,5,0,0,0,0
2003,530454,1,1,21,21,21,21,21,21,21,21,21,21
2003,530455,0,1,12,12,12,12,12,12,12,12,12,12
2003,530455,1,1,0,0,0,0,0,0,0,0,0,0
2003,530456,1,1,0,0,0,0,0,0,0,0,0,19
2003,530457,0,1,20,20,20,20,20,20,20,20,20,20
2003,530457,1,1,0,0,0,0,0,0,0,0,0,0
2003,530459,0,1,6,6,6,6,6,6,6,6,6,6
2003,530459,1,1,0,0,0,0,0,0,11,0,0,0
2003,530460,1,1,0,0,0,0,0,0,0,0,0,0
2003,530460,2,1,0,0,0,0,0,0,0,0,0,0
2003,530460,3,1,0,0,0,0,0,0,0,0,0,0
2003,530461,1,1,12,12,12,12,12,12,12,12,12,12
2003,530461,2,1,27,27,27,27,27,27,27,27,27,27
2003,530462,1,1,0,0,13,0,0,0,0,0,0,0
2003,530463,1,1,0,0,0,0,0,0,0,0,0,0
2003,530464,0,1,0,0,0,0,0,0,0,0,0,0
2003,530464,1,1,0,21,0,0,0,0,0,0,21,0
2003,530465,1,1,0,0,0,0,0,0,0,0,0,0
2003,530466,0,1,0,0,0,0,0,0,0,0,0,0
2003,530466,0,2,27,27,27,27,27,27,27,27,27,27
2003,530466,1,1,0,0,0,0,0,0,0,0,0,0
2003,530467,1,1,0,0,0,0,0,0,0,0,16,0
2003,530467,2,1,0,0,0,0,0,0,0,0,0,0
2003,530468,1,1,21,21,21,21,21,21,21,21,21,21
2003,530469,0,1,0,0,0,0,0,0,0,0,0,0
2003,530469,1,1,0,0,0,0,0,0,0,0,0,0
2003,530470,1,1,0,0,0,0,0,0,0,0,0,0
2003,530471,1,1,0,0,0,0,0,0,0,0,0,0
2003,530471,2,1,0,0,0,0,0,0,0,0,0,21
2003,530472,0,1,0,0,0,0,0,0,0,0,0,0
2003,530472,1,1,0,0,0,0,0,0,0,0,0,0
2003,530473,1,1,0,0,0,0,0,0,0,0,0,0
2003,530474,1,1,14,14,14,14,14,14,14,14,14,14
2003,530474,2,1,0,0,0,0,0,0,0,0,0,0
2003,530474,3,1,3,3,3,3,3,3,3,3,3,3
2003,530475,1,1,0,0,0,0,0,0,0,0,0,0
2003,530475,2,1,0,0,0,8,0,0,0,0,0,0
2003,530476,1,1,0,0,0,0,0,0,0,0,0,0
2003,530477,1,1,10,10,10,10,10,10,10,10,10,10
2003,530477,2,1,0,0,0,0,0,0,0,0,3,0
2003,530477,3,1,0,0,0,0,0,0,0,0,0,0
2003,530478,1,1,23,23,23,23,23,23,23,23,23,23
2003,530478,2,1,0,0,0,0,0,0,13,0,0,0
2003,530479,0,1,0,0,0,0,0,0,0,0,0,0
2003,530479,1,1,8,8,8,8,8,8,8,8,8,8
2003,530480,1,1,12,12,12,12,12,12,12,12,12,12
2003,530480,2,1,0,0,0,5,0,0,0,0,0,0
2003,530481,1,1,0,0,0,0,0,0,0,0,0,0
2003,530481,2,1,0,0,0,0,0,0,0,0,0,0
2003,530482,1,1,14,14,14,14,14,14,14,14,14,14
2003,530483,1,1,0,0,0,0,0,0,0,0,0,0
2003,530483,2,1,0,0,0,0,0,0,0,0,0,0
2003,530483,3,1,0,0,0,0,0,0,0,0,0,0
2003,530484,1,1,18,5,11,13,7,37,14,15,0,14
2003,530485,1,1,22,22,22,22,22,22,22,22,22,22
2003,530485,2,1,0,0,0,0,0,0,0,0,0,0
2003,530485,3,1,2,2,2,2,2,2,2,2,2,2
2003,530486,1,1,0,0,0,0,0,0,0,0,0,0
2003,530486,2,1,0,0,0,0,0,0,0,0,0,0
2003,530486,3,1,0,0,0,0,0,0,0,0,0,0
2003,530487,1,1,0,0,0,0,0,0,0,0,0,0
2003,530488,1,1,0,0,0,0,0,0,0,0,0,0
2003,530489,1,1,0,0,0,0,0,0,0,0,0,0
2003,530490,1,1,0,0,0,0,0,0,0,0,0,0
2003,530490,2,1,0,0,0,0,0,0,0,0,0,0
2003,530491,1,1,0,0,0,0,0,0,0,0,0,0
2003,530492,0,1,10,10,10,10,10,10,10,10,10,10
2003,530492,1,1,14,11,10,27,25,7,15,12,21,15
2003,530493,0,1,0,0,0,0,0,0,0,0,0,0
2003,530493,1,1,0,0,0,0,0,0,0,0,0,0
2003,530494,1,1,14,14,14,14,14,14,14,14,14,14
2003,530495,1,1,0,0,0,0,0,0,0,0,0,0
2003,530496,1,1,0,0,0,0,0,0,0,0,0,0
2003,530496,2,1,0,0,0,0,0,0,0,0,0,0
2003,530497,1,1,0,0,0,0,0,0,0,0,0,0
2003,530497,2,1,0,0,0,0,0,0,0,0,0,0
2003,530497,3,1,0,0,0,0,0,0,0,0,0,0
2003,530498,1,1,0,0,0,0,0,0,0,0,0,2
2003,530498,2,1,0,0,0,0,0,0,0,0,0,0
2003,530499,0,1,13,0,6,0,16,0,0,19,25,25
2003,530499,1,1,0,21,0,0,25,0,0,0,0,0
2003,530500,0,1,0,0,0,0,0,0,0,0,0,0
2003,530500,1,1,0,0,0,0,0,0,0,0,0,0
2003,530501,0,1,0,9,12,0,0,0,18,10,0,10
2003,530501,0,2,0,0,0,0,0,0,0,0,0,0
2003,530501,1,1,0,0,0,0,0,0,0,0,0,0
2003,530502,1,1,0,0,0,0,0,0,0,0,0,0
2003,530503,1,1,0,0,0,0,0,0,0,12,0,0
2003,530504,1,1,0,0,0,0,0,0,0,0,0,0
2003,530504,2,1,0,0,0,0,0,0,0,0,0,0
2003,530504,3,1,0,0,0,0,0,0,0,0,0,0
2003,530505,1,1,0,0,40,13,0,0,30,0,0,0
2003,530505,2,1,0,0,0,0,0,0,0,0,0,0
2003,530506,1,1,21,21,21,21,21,21,21,21,21,21
2003,530506,2,1,12,12,12,12,12,12,12,12,12,12
2003,530507,1,1,15,15,15,15,15,15,15,15,15,15
2003,530507,2,1,11,11,11,11,11,11,11,11,11,11
2003,530507,3,1,12,12,12,12,12,12,12,12,12,12
2003,530507,4,1,0,0,0,0,0,0,0,0,0,0
2003,530507,5,1,0,0,0,0,0,0,0,0,0,0
2003,530508,1,1,24,24,24,24,24,24,24,24,24,24
2003,530509,1,1,0,0,0,0,0,0,0,0,0,0
2003,530509,2,1,0,0,0,0,0,0,0,0,0,0
2003,530510,1,1,0,0,0,0,0,0,0,0,0,0
2003,530510,2,1,0,0,0,0,0,0,0,0,0,0
2003,530511,1,1,18,18,18,18,18,18,18,18,18,18
2003,530511,2,1,0,0,0,0,9,0,0,0,0,0
2003,530512,1,1,13,13,13,13,13,13,13,13,13,13
2003,530513,1,1,9,9,9,9,9,9,9,9,9,9
2003,530514,1,1,15,15,15,15,15,15,15,15,15,15
2003,530515,1,1,0,0,0,0,0,0,0,0,0,0
2003,530516,1,1,29,29,29,29,29,29,29,29,29,29
2003,530517,1,1,0,0,0,0,0,0,0,0,0,0
2003,530517,2,1,0,19,0,4,0,0,0,0,0,0
2003,530518,1,1,8,8,8,8,8,8,8,8,8,8
2003,530518,2,1,0,0,11,0,0,0,0,0,0,0
2003,530519,0,1,0,0,0,0,0,0,0,0,0,0
2003,530519,1,1,0,0,0,0,0,0,0,0,0,0
2003,530520,1,1,19,19,19,19,19,19,19,19,19,19
2003,530521,1,1,19,19,19,19,19,19,19,19,19,19
2003,530522,0,1,0,0,0,0,0,0,0,0,0,0
2003,530522,1,1,0,0,0,0,0,0,0,0,0,0
2003,530523,0,1,0,0,0,0,0,0,0,0,0,0
2003,530523,1,1,19,19,19,19,19,19,19,19,19,19
2003,530524,1,1,19,19,19,19,19,19,19,19,19,19
2003,530525,1,1,0,0,0,0,0,0,0,0,0,0
2003,530526,1,1,0,0,0,0,0,0,0,0,0,0
2003,530526,2,1,0,0,0,0,0,0,0,0,0,0
2003,530527,1,1,10,11,23,17,4,8,36,14,21,8
2003,530528,1,1,0,0,0,0,0,0,0,0,0,0
2003,530528,2,1,0,0,0,0,0,0,0,0,0,0
2003,530529,1,1,2,2,2,2,2,2,2,2,2,2
2003,530529,2,1,0,0,0,0,0,0,0,0,0,0
2003,530530,0,1,0,0,0,0,0,0,0,0,0,0
2003,530530,0,2,0,0,0,0,0,0,0,0,0,0
2003,530530,1,1,4,4,4,4,4,4,4,4,4,4
2003,530531,1,1,0,0,0,0,0,0,0,0,0,0
2003,530532,1,1,18,18,18,18,18,18,18,18,18,18
2003,530533,1,1,0,0,0,0,0,0,0,0,0,0
2003,530533,2,1,0,0,0,0,0,0,0,0,0,0
2003,530534,1,1,0,0,0,0,0,0,0,0,0,0
2003,530534,2,1,0,0,0,0,0,0,0,0,0,0
2003,530535,1,1,0,0,0,0,0,0,0,0,0,0
2003,530536,1,1,0,0,0,0,0,0,0,0,0,0
2003,530536,2,1,0,0,0,0,0,0,0,0,0,0
2003,530537,1,1,27,27,27,27,27,27,27,27,27,27
2003,530537,2,1,0,0,0,0,0,0,0,0,0,0
2003,530537,3,1,0,0,0,0,0,0,0,0,0,0
2003,530537,4,1,0,0,0,0,0,0,0,0,0,0
2003,530538,1,1,0,0,0,0,0,0,0,0,0,0
2003,530538,2,1,0,0,0,0,0,0,0,0,0,0
2003,530539,1,1,0,0,0,0,0,0,0,0,0,0
2003,530540,1,1,18,18,18,18,18,18,18,18,18,18
2003,530541,0,1,17,0,38,3,19,14,25,34,28,12
2003,530541,1,1,0,0,0,0,0,0,0,0,0,0
2003,530542,1,1,0,0,0,0,0,0,0,0,0,0
2003,530543,1,1,0,11,0,0,0,0,0,0,0,0
2003,530543,2,1,0,0,0,0,0,0,0,0,0,0
2003,530544,0,1,0,0,0,0,0,0,0,0,0,0
2003,530544,1,1,0,0,8,0,0,0,0,0,0,0
2003,540001,1,2,0,10,0,6,26,0,9,15,0,21
2003,540002,1,1,0,0,0,0,0,0,0,0,0,0
2003,540002,2,1,0,0,0,0,0,0,0,0,0,0
2003,540003,1,1,20,20,20,20,20,20,20,20,20,20
2003,540004,0,1,31,31,31,31,31,31,31,31,31,31
2003,540004,1,1,0,0,0,0,0,0,0,0,0,0
2003,540005,1,1,6,6,6,6,6,6,6,6,6,6
2003,540006,1,1,8,19,22,21,21,17,19,24,21,29
2003,540007,1,1,0,0,0,0,0,0,0,0,0,0
2003,540007,2,1,24,24,24,24,24,24,24,24,24,24
2003,540008,1,1,0,0,0,0,0,0,0,0,0,0
2003,540008,2,1,0,0,0,0,0,0,0,0,0,0
2003,540009,1,1,0,0,0,0,0,0,0,0,0,0
2003,540009,2,1,0,0,0,0,0,0,0,0,0,0
2003,540010,1,1,0,0,0,0,0,0,0,0,0,0
2003,540010,2,1,0,0,0,0,0,0,0,0,0,0
2003,540011,1,1,15,15,15,15,15,15,15,15,15,15
2003,540012,1,1,0,0,0,0,0,0,0,0,0,0
2003,540012,2,1,0,0,0,0,0,0,0,0,0,0
2003,540013,1,1,18,18,18,18,18,18,18,18,18,18
2003,540014,1,1,0,0,0,0,0,0,0,0,0,0
2003,540015,1,1,2,2,2,2,2,2,2,2,2,2
2003,540015,2,1,0,0,0,0,0,0,0,0,0,0
2003,540015,3,1,0,0,0,0,0,0,0,0,0,0
2003,540016,1,1,0,0,0,0,0,0,0,0,0,0
2003,540017,1,1,0,10,0,0,0,0,0,0,0,0
2003,540018,1,1,25,25,25,25,25,25,25,25,25,25
2003,540018,2,1,0,0,0,0,0,0,0,0,0,0
2003,540019,0,1,0,0,0,0,0,0,0,0,0,0
2003,540019,1,1,0,0,0,0,0,0,0,0,0,0
2003,540020,0,1,15,15,15,15,15,15,15,15,15,15
2003,540020,1,1,0,0,0,0,0,0,0,0,0,0
2003,540020,2,1,0,0,0,0,0,0,0,0,0,0
2003,540020,3,1,0,0,0,0,0,0,0,0,0,0
2003,540021,1,1,13,13,13,13,13,13,13,13,13,13
2003,540022,1,1,33,33,33,33,33,33,33,33,33,33
2003,540023,1,1,0,0,0,0,0,0,0,0,0,0
2003,540023,2,1,0,0,0,0,0,0,0,0,0,0
2003,540024,0,1,0,0,23,0,39,31,0,0,25,0
2003,540024,1,1,0,0,0,0,0,0,0,0,0,0
2003,540025,1,1,0,0,0,0,0,0,0,0,0,0
2003,540025,2,1,0,0,0,0,0,0,0,0,0,0
2003,540026,1,1,21,21,21,21,21,21,21,21,21,21
2003,540027,1,1,0,0,0,0,0,0,0,0,0,0
2003,540027,2,1,0,0,0,0,0,0,0,0,0,0
2003,540028,1,1,0,0,0,0,0,0,0,0,0,0
2003,540028,2,1,0,0,0,0,0,0,0,0,0,0
2003,540029,1,1,0,0,0,0,0,0,0,0,0,25
2003,540029,2,1,0,0,0,0,0,0,0,0,0,0
2003,540030,1,1,23,23,23,23,23,23,23,23,23,23
2003,540030,2,1,0,0,0,0,0,0,0,0,0,0
2003,540030,3,1,0,0,0,0,0,0,0,0,0,0
2003,540031,1,1,0,0,0,0,0,0,0,0,0,0
2003,540031,2,1,0,0,0,0,0,0,0,0,0,0
2003,540032,1,1,0,0,0,0,0,0,0,0,0,0
2003,540033,1,1,0,0,0,0,0,0,0,0,0,0
2003,540034,1,1,0,0,0,0,0,0,0,0,0,0
2003,540035,1,1,14,14,14,14,14,14,14,14,14,14
2003,540036,1,1,0,0,0,0,0,0,0,0,0,0
2003,540037,1,1,0,0,0,0,0,0,0,0,0,0
2003,540037,2,1,0,0,0,0,0,0,0,0,0,0
2003,540038,1,1,0,0,0,0,0,0,0,0,0,0
2003,540038,2,1,0,0,0,0,0,0,0,0,0,0
2003,540039,1,1,0,0,0,0,0,0,0,0,0,0
2003,540040,1,1,0,0,0,0,0,0,0,0,0,0
2003,540041,1,1,0,0,0,0,0,0,0,0,0,0
2003,540042,1,1,0,0,0,0,0,0,0,0,0,0
2003,540043,1,1,0,0,0,0,0,0,0,0,0,0
2003,540043,2,1,0,0,0,0,0,0,0,0,0,0
2003,540044,1,1,23,23,23,23,23,23,23,23,23,23
2003,540045,1,1,11,11,11,11,11,11,11,11,11,11
2003,540045,2,1,27,27,27,27,27,27,27,27,27,27
2003,540046,1,1,0,0,0,0,0,0,0,0,0,10
2003,540046,2,1,0,0,0,0,0,0,0,0,0,0
2003,540047,0,1,0,0,0,0,0,0,0,0,0,0
2003,540047,1,1,0,0,0,0,0,0,0,0,0,0
2003,540048,0,1,0,0,0,0,0,0,0,0,0,0
2003,540048,1,1,0,0,0,0,0,0,0,0,0,0
2003,540049,0,1,0,0,0,0,0,0,0,0,0,0
2003,540049,1,1,0,0,0,0,0,0,0,0,0,0
2003,540050,1,1,0,0,0,0,0,0,0,0,0,0
2003,540050,2,1,0,0,0,0,0,0,0,0,0,0
2003,540051,1,1,0,0,0,0,0,0,0,0,0,0
2003,540051,2,1,0,17,0,15,0,19,0,41,12,0
2003,540052,1,1,27,27,27,27,27,27,27,27,27,27
2003,540053,1,1,4,4,4,4,4,4,4,4,4,4
2003,540054,1,1,0,0,0,0,0,0,0,0,0,0
2003,540054,2,1,0,0,0,0,0,0,0,0,0,0
2003,540055,1,1,0,20,0,0,0,0,0,0,0,0
2003,540056,1,1,0,0,0,0,0,0,0,0,0,0
2003,540057,1,1,0,0,0,0,0,0,0,0,0,0
2003,540058,1,1,0,0,0,0,0,0,0,0,0,0
2003,540058,2,1,0,0,0,0,0,0,0,0,0,0
2003,540059,1,1,0,0,0,0,0,0,0,0,0,0
2003,540059,2,1,0,0,0,0,0,0,0,0,0,0
2003,540060,1,1,0,0,0,0,0,0,0,0,0,0
2003,540061,1,1,8,8,8,8,8,8,8,8,8,8
2003,540062,0,1,0,0,0,0,0,0,0,0,0,0
2003,540062,1,1,0,0,0,0,0,0,0,0,0,0
2003,540063,1,1,0,0,0,0,0,0,0,0,0,0
2003,540063,2,1,0,0,0,0,0,0,0,0,0,0
2003,540064,1,1,0,0,0,9,0,0,0,0,0,10
2003,540064,2,1,0,0,0,0,0,0,0,0,0,0
2003,540065,1,1,0,0,0,0,0,0,0,0,0,0
2003,540066,1,1,0,0,0,11,0,0,19,0,0,0
2003,540066,2,1,18,18,18,18,18,18,18,18,18,18
2003,540067,1,1,0,0,0,0,0,0,0,0,0,0
2003,540067,2,1,4,4,4,4,4,4,4,4,4,4
2003,540068,1,1,0,0,0,0,0,0,0,0,0,0
2003,540069,1,1,0,0,0,0,0,0,0,0,0,0
2003,540070,1,1,7,7,7,7,7,7,7,7,7,7
2003,540071,1,1,16,16,16,16,16,16,16,16,16,16
2003,540072,0,1,0,0,0,0,0,0,0,0,0,0
2003,540072,1,1,0,0,0,0,0,0,0,0,0,0
2003,540073,1,1,25,25,25,25,25,25,25,25,25,25
2003,540074,1,1,0,0,21,0,0,0,0,0,0,0
2003,540074,2,1,0,0,0,0,0,0,0,0,0,0
2003,540075,1,1,0,0,0,0,0,0,0,0,0,0
2003,540075,2,1,13,13,13,13,13,13,13,13,13,13
2003,540076,1,1,20,20,20,20,20,20,20,20,20,20
2003,540076,2,1,0,0,0,0,0,0,0,0,0,0
2003,540076,3,1,0,0,0,0,0,0,0,0,0,0
2003,540077,1,1,21,21,21,21,21,21,21,21,21,21
2003,540078,1,1,30,30,30,30,30,30,30,30,30,30
2003,540078,2,1,0,0,0,0,0,0,0,0,0,0
2003,540079,1,1,11,11,11,11,11,11,11,11,11,11
2003,540080,1,1,0,0,0,0,0,0,0,0,0,0
2003,540080,2,1,0,0,0,0,0,0,0,0,0,0
2003,540081,0,1,0,0,0,0,0,0,0,0,0,0
2003,540081,0,2,0,0,0,0,0,0,0,0,0,0
2003,540081,1,1,0,0,0,0,0,0,0,0,0,0
2003,540082,1,1,2,2,2,2,2,2,2,2,2,2
2003,540082,2,1,0,0,0,0,0,0,0,0,0,0
2003,540083,1,1,26,26,26,26,26,26,26,26,26,26
2003,540084,1,1,0,0,0,0,0,0,0,0,0,0
2003,540084,2,1,0,0,0,0,0,0,0,0,0,0
2003,540085,1,1,0,0,0,0,0,0,0,0,0,0
2003,540086,1,1,0,0,0,0,0,0,0,0,0,0
2003,540086,2,1,0,0,0,0,0,0,0,0,0,0
2003,540087,1,1,0,0,0,0,0,0,0,0,0,0
2003,540087,2,1,0,0,0,0,0,0,0,0,0,0
2003,540088,1,1,0,0,0,0,0,0,0,0,0,0
2003,540088,2,1,30,30,30,30,30,30,30,30,30,30
2003,540089,1,1,0,0,0,0,0,0,0,0,0,0
2003,540090,1,1,0,0,0,0,0,0,0,0,0,0
2003,540091,1,1,15,15,15,15,15,15,15,15,15,15
2003,540092,1,1,0,0,0,0,0,0,0,0,0,0
2003,540093,1,1,20,20,20,20,20,20,20,20,20,20
2003,540094,1,1,0,0,0,0,0,0,0,0,0,0
2003,540095,1,1,12,22,28,10,6,6,9,19,4,19
2003,540096,1,1,0,0,0,0,0,0,0,0,0,0
2003,540096,2,1,0,0,0,0,0,0,0,0,0,0
2003,540096,3,1,0,0,0,0,0,0,0,0,0,0
2003,540097,1,1,0,0,0,0,0,0,0,0,0,0
2003,540097,2,1,0,0,0,0,0,0,0,0,0,0
2003,540098,1,1,7,0,0,0,0,0,0,0,0,0
2003,540098,2,1,0,0,20,2,0,0,17,0,0,0
2003,540099,1,1,32,17,7,20,16,13,17,23,16,4
2003,540100,1,1,0,0,0,0,0,0,0,0,0,0
2003,540100,2,1,0,0,0,0,0,0,0,0,0,0
2003,540101,1,1,0,0,0,2,0,0,0,0,0,0
2003,540101,2,1,0,0,0,0,0,0,0,0,0,0
2003,540102,1,1,18,18,18,18,18,18,18,18,18,18
2003,540103,1,1,20,20,20,20,20,20,20,20,20,20