YEAR,ST_CASE,veh_no,per_no,P1,P2,P3,P4,P5,P6,P7,P8,P9,P10
2003,540104,1,1,0,0,0,0,0,0,0,0,0,0
2003,540105,1,1,0,0,0,0,0,0,0,0,0,0
2003,540106,1,1,0,0,0,0,0,0,0,0,0,0
2003,540107,1,1,0,0,0,0,0,0,0,0,0,0
2003,540108,1,1,0,16,18,0,0,0,12,0,3,0
2003,540108,2,1,13,13,13,13,13,13,13,13,13,13
2003,540109,1,1,27,27,27,27,27,27,27,27,27,27
2003,540110,1,1,0,0,0,0,0,0,0,0,0,0
2003,540111,1,1,17,17,17,17,17,17,17,17,17,17
2003,540112,1,1,0,0,0,0,0,0,0,0,0,0
2003,540113,1,1,0,0,0,0,0,0,0,0,0,0
2003,540114,1,1,0,0,0,0,0,0,0,0,0,0
2003,540115,1,3,18,11,0,0,0,14,8,8,12,14
2003,540116,1,1,23,10,0,17,8,17,15,10,3,11
2003,540117,1,1,6,6,6,6,6,6,6,6,6,6
2003,540118,1,1,0,0,0,0,0,0,0,0,0,0
2003,540118,2,1,0,0,10,0,0,0,0,0,0,0
2003,540119,1,1,0,0,0,0,0,0,0,0,0,0
2003,540119,2,1,0,0,0,0,0,0,0,0,0,0
2003,540120,1,1,0,0,0,0,0,0,0,0,0,0
2003,540121,1,1,0,0,0,0,0,0,0,0,0,0
2003,540122,1,1,17,17,17,17,17,17,17,17,17,17
2003,540123,0,1,6,6,6,6,6,6,6,6,6,6
2003,540123,1,1,0,0,0,0,0,0,0,0,0,0
2003,540124,1,1,0,0,0,0,0,0,0,0,0,0
2003,540124,2,1,0,0,0,0,0,0,0,0,0,0
2003,540124,3,1,0,0,0,0,0,0,0,0,0,0
2003,540125,1,1,0,0,0,0,0,0,0,0,0,0
2003,540126,1,1,0,0,0,0,0,0,0,0,0,0
2003,540126,2,1,0,0,0,0,0,0,0,0,0,0
2003,540126,3,1,0,0,0,0,0,0,0,0,0,0
2003,540126,4,1,0,0,0,0,0,0,0,0,0,0
2003,540127,1,1,0,0,0,0,0,0,0,0,0,0
2003,540127,2,1,0,0,0,0,0,0,0,0,0,0
2003,540128,1,1,0,0,0,0,0,0,0,0,0,0
2003,540128,2,1,0,0,0,0,0,0,0,0,0,0
2003,540129,1,1,0,0,0,0,0,0,0,0,0,0
2003,540129,2,1,0,0,0,0,0,0,0,0,0,0
2003,540130,1,1,0,0,0,0,0,0,0,0,0,0
2003,540130,2,1,0,0,0,0,0,0,0,0,0,0
2003,540131,1,1,0,0,0,0,0,0,0,0,0,0
2003,540132,1,1,36,0,0,0,0,0,0,0,0,0
2003,540132,2,1,0,0,0,0,0,0,0,0,0,0
2003,540132,3,1,0,0,0,0,0,0,0,0,0,0
2003,540133,1,1,12,12,12,12,12,12,12,12,12,12
2003,540134,1,1,0,0,0,0,0,0,0,0,0,0
2003,540134,2,1,13,13,13,13,13,13,13,13,13,13
2003,540135,1,1,0,0,0,0,0,0,0,0,0,0
2003,540135,2,1,5,5,5,5,5,5,5,5,5,5
2003,540136,1,1,22,22,22,22,22,22,22,22,22,22
2003,540137,1,1,21,12,9,29,24,30,23,33,25,16
2003,540138,1,1,0,0,0,0,0,0,0,0,0,0
2003,540138,2,1,0,0,0,0,0,0,0,0,0,17
2003,540139,1,1,12,15,28,11,6,24,30,16,7,9
2003,540140,1,1,0,0,0,0,0,0,0,0,0,0
2003,540140,2,1,0,0,0,0,0,0,0,0,0,0
2003,540141,1,1,0,0,0,0,0,0,0,0,0,0
2003,540141,2,1,1,1,1,1,1,1,1,1,1,1
2003,540142,0,1,14,14,14,14,14,14,14,14,14,14
2003,540142,1,1,0,0,0,0,0,0,0,0,0,0
2003,540143,1,1,0,0,0,0,0,0,0,0,0,0
2003,540144,1,1,0,0,0,0,0,0,0,0,0,0
2003,540144,2,1,0,0,0,0,0,0,0,0,0,0
2003,540145,1,1,0,0,0,0,0,0,0,0,0,0
2003,540146,1,1,0,0,0,0,0,0,0,0,0,0
2003,540147,1,1,17,17,17,17,17,17,17,17,17,17
2003,540148,1,1,0,0,0,0,0,0,0,0,0,0
2003,540149,1,1,0,0,0,0,0,0,0,0,0,0
2003,540150,1,1,0,0,6,0,0,0,0,0,0,0
2003,540150,2,1,0,0,0,0,0,0,0,0,0,0
2003,540151,1,1,15,15,15,15,15,15,15,15,15,15
2003,540152,1,1,0,0,0,0,0,0,0,0,0,0
2003,540152,2,1,0,0,0,0,0,0,0,0,0,0
2003,540153,1,1,0,0,0,0,0,0,0,0,0,0
2003,540153,2,1,0,0,0,0,0,0,0,0,0,0
2003,540154,1,1,21,25,5,12,34,8,12,8,10,22
2003,540155,1,1,0,0,0,0,0,0,0,0,0,0
2003,540156,1,1,0,0,0,0,0,0,0,0,0,0
2003,540157,1,1,0,0,0,0,0,0,0,0,0,0
2003,540157,2,1,0,0,0,0,0,0,0,0,0,0
2003,540157,3,1,0,0,0,0,0,0,0,0,0,0
2003,540158,1,1,0,0,0,0,0,0,0,0,0,11
2003,540158,2,1,0,0,0,0,0,0,0,0,0,0
2003,540159,1,1,0,0,0,0,0,0,0,0,0,0
2003,540159,2,1,0,0,0,0,0,0,0,0,0,0
2003,540160,1,1,0,0,0,0,0,0,0,0,0,0
2003,540161,1,1,0,0,8,22,17,21,0,0,19,6
2003,540161,2,1,1,1,1,1,1,1,1,1,1,1
2003,540162,1,1,0,0,0,0,0,0,0,0,0,0
2003,540163,1,1,0,0,0,0,0,0,0,0,0,0
2003,540164,0,1,6,0,39,0,0,12,0,0,0,0
2003,540164,1,1,0,0,0,0,0,0,0,0,0,0
2003,540165,1,1,8,8,8,8,8,8,8,8,8,8
2003,540166,1,1,25,25,25,25,25,25,25,25,25,25
2003,540166,2,1,0,0,0,0,0,0,0,13,0,0
2003,540167,1,1,0,0,0,0,0,0,0,0,0,0
2003,540167,2,1,0,0,0,0,0,0,0,0,0,0
2003,540167,3,1,0,0,0,0,0,0,0,0,0,0
2003,540168,1,1,2,2,2,2,2,2,2,2,2,2
2003,540168,2,1,0,0,0,0,0,0,0,0,0,0
2003,540169,1,1,0,0,0,0,0,0,0,0,0,0
2003,540169,2,1,0,0,0,0,0,0,0,0,0,0
2003,540169,3,1,0,0,0,0,0,0,0,0,0,0
2003,540169,4,1,0,0,0,0,0,0,0,0,0,0
2003,540169,5,1,0,0,0,0,0,0,0,0,0,0
2003,540169,6,1,0,0,0,0,0,0,0,0,0,0
2003,540169,7,1,0,0,0,0,0,0,0,0,0,0
2003,540169,8,1,0,0,0,0,0,0,0,0,0,0
2003,540169,9,1,0,0,0,0,0,0,0,0,0,0
2003,540169,10,1,6,6,6,6,6,6,6,6,6,6
2003,540169,11,1,0,0,0,0,0,0,0,0,0,0
2003,540169,12,1,0,0,0,0,0,0,0,0,0,0
2003,540169,13,1,0,0,0,0,0,0,0,17,0,0
2003,540170,0,1,22,22,22,22,22,22,22,22,22,22
2003,540170,1,1,10,14,9,0,0,16,23,0,4,26
2003,540171,1,1,0,0,0,0,0,0,0,0,0,0
2003,540171,2,1,4,4,4,4,4,4,4,4,4,4
2003,540172,1,1,0,0,0,0,0,0,0,0,0,0
2003,540172,2,1,23,0,0,0,0,0,0,0,0,0
2003,540173,1,1,19,19,19,19,19,19,19,19,19,19
2003,540174,1,1,13,13,13,13,13,13,13,13,13,13
2003,540175,0,1,0,0,0,0,0,0,0,0,0,0
2003,540175,1,1,0,0,0,0,0,0,0,0,0,0
2003,540176,1,1,0,0,0,33,0,0,0,0,0,21
2003,540176,2,1,0,0,0,0,0,0,0,0,0,0
2003,540176,3,1,0,0,0,0,0,0,0,0,0,0
2003,540177,1,1,0,0,0,0,0,0,0,0,0,0
2003,540177,2,1,28,28,28,28,28,28,28,28,28,28
2003,540178,1,1,15,0,0,0,0,0,0,0,0,0
2003,540178,2,1,0,0,0,0,0,0,0,0,0,0
2003,540178,3,1,0,0,3,0,0,0,0,0,0,0
2003,540178,4,1,0,0,0,0,0,6,0,0,0,0
2003,540179,1,1,3,3,3,3,3,3,3,3,3,3
2003,540180,1,1,0,0,0,0,0,0,0,0,0,0
2003,540180,2,1,0,0,0,0,0,0,0,0,0,0
2003,540181,1,1,17,17,17,17,17,17,17,17,17,17
2003,540182,1,1,13,13,13,13,13,13,13,13,13,13
2003,540183,1,1,22,22,22,22,22,22,22,22,22,22
2003,540184,1,1,15,0,8,14,3,10,13,17,21,4
2003,540185,1,1,0,0,0,0,0,0,0,0,0,0
2003,540186,1,1,0,0,0,0,0,0,0,0,8,0
2003,540187,1,1,0,0,0,0,0,0,0,0,0,0
2003,540188,1,1,0,0,0,0,0,0,0,0,0,0
2003,540188,2,1,0,0,0,0,0,0,0,0,0,0
2003,540189,1,1,0,0,0,0,0,0,0,0,0,0
2003,540190,1,1,0,0,0,0,0,0,0,0,0,0
2003,540190,2,1,0,0,0,0,0,17,0,0,0,0
2003,540191,1,1,16,16,16,16,16,16,16,16,16,16
2003,540192,1,1,13,21,12,0,23,25,28,39,22,0
2003,540193,1,1,0,0,0,0,0,0,0,0,0,0
2003,540193,2,1,0,0,0,0,0,0,0,0,0,0
2003,540194,1,1,0,0,0,0,0,0,0,0,0,0
2003,540194,2,1,23,23,23,23,23,23,23,23,23,23
2003,540195,1,1,0,0,0,0,0,0,0,0,0,0
2003,540195,2,1,0,0,0,0,0,0,0,0,0,0
2003,540196,1,1,0,0,0,0,0,0,0,0,0,0
2003,540197,1,1,0,0,0,0,0,0,0,0,0,0
2003,540197,2,1,0,0,0,0,0,0,0,0,0,0
2003,540198,1,1,13,13,13,13,13,13,13,13,13,13
2003,540199,1,1,12,0,0,0,0,0,0,0,0,0
2003,540199,2,1,0,0,0,0,0,0,0,0,0,0
2003,540199,3,1,0,0,0,0,0,0,0,0,0,0
2003,540200,1,1,0,0,0,0,0,0,0,0,0,0
2003,540200,2,1,0,0,0,0,0,0,0,0,0,0
2003,540201,1,1,0,0,0,0,0,0,0,0,0,0
2003,540202,1,1,0,0,0,0,0,0,0,0,0,0
2003,540203,1,1,0,0,0,0,0,0,0,0,0,0
2003,540203,2,1,0,0,0,0,0,0,0,0,0,0
2003,540204,1,1,20,20,20,20,20,20,20,20,20,20
2003,540205,1,1,4,4,4,4,4,4,4,4,4,4
2003,540206,1,1,0,0,0,0,0,0,0,0,0,0
2003,540206,2,1,0,0,0,0,0,0,0,0,0,0
2003,540207,1,1,0,0,0,0,0,0,0,0,0,0
2003,540207,2,1,0,0,0,0,0,0,0,0,0,0
2003,540208,1,1,0,0,0,0,0,0,0,0,0,0
2003,540208,2,1,0,0,0,0,0,0,0,0,0,0
2003,540209,1,1,0,0,0,0,0,0,0,0,0,0
2003,540209,2,1,0,0,0,0,0,0,0,0,0,0
2003,540209,3,1,0,0,0,0,0,0,0,0,0,0
2003,540210,1,1,15,11,24,19,15,12,37,14,15,32
2003,540211,1,1,0,0,0,0,0,0,0,0,0,0
2003,540211,2,1,0,0,0,0,0,0,0,0,0,0
2003,540212,1,1,0,0,0,0,0,0,0,0,0,0
2003,540212,2,1,0,0,0,0,0,0,9,0,0,0
2003,540213,1,1,0,0,0,0,0,0,0,0,0,0
2003,540214,0,1,0,0,0,0,0,0,0,0,0,0
2003,540214,1,1,0,0,0,0,0,0,0,0,0,0
2003,540215,1,1,0,0,0,0,0,0,0,0,0,0
2003,540216,1,1,0,0,0,0,0,0,0,0,0,0
2003,540216,2,1,0,0,0,0,0,0,0,0,0,0
2003,540217,1,1,0,0,0,0,0,0,0,0,0,0
2003,540218,1,1,0,0,0,0,0,0,0,0,0,0
2003,540219,1,1,8,0,0,0,0,0,0,0,0,0
2003,540220,1,1,20,20,20,20,20,20,20,20,20,20
2003,540221,1,1,0,0,0,0,0,0,0,0,0,0
2003,540221,2,1,0,0,0,0,0,0,0,0,0,0
2003,540222,1,1,27,27,27,27,27,27,27,27,27,27
2003,540223,1,1,0,0,0,0,0,0,0,0,0,0
2003,540223,2,1,0,0,0,0,0,0,0,0,0,0
2003,540224,1,1,0,0,0,0,0,0,0,0,0,0
2003,540224,2,1,0,0,0,0,0,0,0,0,0,0
2003,540224,3,1,0,0,0,0,0,0,0,0,0,0
2003,540224,4,1,0,0,0,0,0,0,0,0,0,0
2003,540225,1,1,0,0,12,0,0,0,0,0,0,0
2003,540225,2,1,0,0,0,0,0,0,0,0,0,0
2003,540226,1,1,0,0,0,0,0,0,0,0,0,0
2003,540227,1,1,16,6,20,12,12,0,9,22,25,30
2003,540228,1,1,0,0,0,0,0,0,0,14,0,0
2003,540228,2,1,0,0,0,0,0,0,0,0,0,0
2003,540229,1,1,0,0,0,0,0,0,0,0,0,0
2003,540229,2,1,0,0,0,0,0,0,0,0,0,0
2003,540230,1,1,3,3,3,3,3,3,3,3,3,3
2003,540231,1,1,0,0,0,0,0,0,0,0,0,0
2003,540232,1,1,25,25,25,25,25,25,25,25,25,25
2003,540233,1,1,25,25,25,25,25,25,25,25,25,25
2003,540234,1,1,0,0,0,0,0,0,0,0,0,0
2003,540235,1,1,0,0,0,11,0,0,0,0,10,0
2003,540236,1,1,0,0,0,0,0,0,0,0,0,0
2003,540236,2,1,21,21,21,21,21,21,21,21,21,21
2003,540237,1,1,0,0,0,0,0,0,0,0,0,0
2003,540238,1,1,21,21,21,21,21,21,21,21,21,21
2003,540239,1,1,1,1,1,1,1,1,1,1,1,1
2003,540240,1,1,0,0,0,0,0,0,0,0,11,0
2003,540241,0,1,0,0,0,0,0,0,0,0,0,0
2003,540241,1,1,0,0,0,0,0,0,0,24,0,0
2003,540242,1,1,0,0,0,0,0,0,0,0,0,0
2003,540242,2,1,0,0,0,0,0,0,0,0,17,0
2003,540243,1,1,0,0,0,0,0,0,0,0,0,0
2003,540243,2,1,0,0,0,0,0,0,0,0,0,0
2003,540244,1,1,0,0,0,0,0,0,0,0,0,0
2003,540245,1,1,0,0,0,0,0,0,0,0,0,0
2003,540246,1,1,0,0,0,0,0,0,0,0,0,0
2003,540246,2,1,0,0,0,0,0,0,0,0,0,0
2003,540247,1,1,0,0,0,0,0,0,0,0,0,0
2003,540247,2,1,0,0,0,0,0,0,0,0,0,0
2003,540248,1,1,0,0,0,0,0,0,0,0,0,0
2003,540248,2,1,12,12,12,12,12,12,12,12,12,12
2003,540249,1,1,20,20,20,20,20,20,20,20,20,20
2003,540250,1,1,0,0,0,0,0,0,0,0,0,0
2003,540250,2,1,0,0,0,0,0,0,0,0,0,0
2003,540251,1,1,0,0,0,0,0,0,0,0,0,0
2003,540251,2,1,0,0,0,0,0,0,0,0,0,0
2003,540252,1,1,8,8,8,8,8,8,8,8,8,8
2003,540253,1,1,25,25,25,25,25,25,25,25,25,25
2003,540254,1,1,22,22,22,22,22,22,22,22,22,22
2003,540255,1,1,0,0,0,0,0,0,0,0,0,0
2003,540256,1,1,0,0,0,0,0,0,0,0,0,0
2003,540257,1,1,9,9,9,9,9,9,9,9,9,9
2003,540258,1,1,25,25,25,25,25,25,25,25,25,25
2003,540259,1,1,0,0,0,0,0,0,0,0,0,0
2003,540260,1,1,0,0,0,0,0,0,0,0,0,0
2003,540260,2,1,0,0,0,0,0,0,0,0,0,0
2003,540261,1,1,0,0,0,0,0,0,0,0,0,0
2003,540262,1,1,26,26,26,26,26,26,26,26,26,26
2003,540263,1,1,0,0,0,0,0,0,0,0,0,0
2003,540263,2,1,0,0,0,0,0,0,0,0,0,0
2003,540264,1,1,14,14,14,14,14,14,14,14,14,14
2003,540265,1,1,17,17,17,17,17,17,17,17,17,17
2003,540266,1,1,0,0,0,0,0,0,0,0,0,0
2003,540267,1,1,13,13,13,13,13,13,13,13,13,13
2003,540268,1,1,0,0,0,0,0,0,0,0,0,0
2003,540269,1,1,0,0,0,0,0,0,0,0,0,0
2003,540269,2,1,0,0,0,0,0,0,0,0,0,0
2003,540270,1,1,11,11,11,11,11,11,11,11,11,11
2003,540271,1,1,0,0,0,0,0,0,0,0,0,0
2003,540271,2,1,18,18,18,18,18,18,18,18,18,18
2003,540272,1,1,0,0,0,0,0,0,0,0,0,0
2003,540272,2,1,0,0,0,0,0,0,0,0,0,0
2003,540272,3,1,0,0,0,0,0,0,0,0,0,0
2003,540273,1,1,0,0,0,0,0,0,0,0,0,0
2003,540273,2,1,0,0,0,0,0,0,0,0,0,0
2003,540274,1,1,0,0,0,0,0,0,0,0,0,0
2003,540274,2,1,0,0,0,0,0,0,0,0,0,0
2003,540275,1,1,0,0,0,0,0,0,0,0,0,0
2003,540275,2,1,0,0,0,0,0,0,0,0,0,0
2003,540276,1,1,0,0,0,0,0,0,0,0,0,0
2003,540276,2,1,0,0,0,0,0,0,0,0,0,0
2003,540277,1,1,24,24,24,24,24,24,24,24,24,24
2003,540278,1,1,15,15,15,15,15,15,15,15,15,15
2003,540279,1,1,0,0,0,11,0,0,0,0,18,0
2003,540279,2,1,0,0,0,0,0,0,0,0,0,0
2003,540280,1,1,15,15,15,15,15,15,15,15,15,15
2003,540281,1,1,0,0,0,0,0,0,0,0,0,0
2003,540282,1,1,0,0,0,0,0,0,0,0,0,0
2003,540283,1,1,26,26,26,26,26,26,26,26,26,26
2003,540284,1,1,0,0,0,0,0,0,0,0,0,0
2003,540285,1,1,11,20,23,7,12,12,12,32,20,5
2003,540286,0,1,22,22,22,22,22,22,22,22,22,22
2003,540286,1,1,0,0,0,0,0,0,0,0,0,0
2003,540287,1,1,0,0,0,0,0,0,0,0,0,0
2003,540287,2,1,0,0,0,0,0,0,0,0,0,0
2003,540288,1,1,22,22,22,22,22,22,22,22,22,22
2003,540289,1,1,0,0,0,0,0,0,0,0,0,0
2003,540290,1,1,15,15,15,15,15,15,15,15,15,15
2003,540291,1,1,0,0,0,0,0,0,0,0,0,0
2003,540291,2,1,0,0,0,0,0,0,0,0,0,0
2003,540292,1,1,0,0,0,0,0,0,0,0,0,0
2003,540292,2,1,0,0,0,0,0,0,0,0,0,9
2003,540293,1,1,20,20,20,20,20,20,20,20,20,20
2003,540294,1,1,0,0,0,0,0,0,0,0,0,0
2003,540295,1,1,0,0,0,0,0,0,0,0,0,0
2003,540296,1,1,20,0,0,19,6,0,0,0,0,19
2003,540297,1,1,0,0,0,0,0,0,0,0,0,0
2003,540298,1,1,0,0,0,0,0,0,0,0,0,0
2003,540298,2,1,0,0,0,0,0,0,0,0,0,0
2003,540299,1,1,0,0,0,0,0,0,20,0,0,0
2003,540299,2,1,0,0,0,0,0,0,0,0,0,0
2003,540300,1,1,0,0,0,0,0,0,0,0,0,0
2003,540301,1,1,0,0,0,0,0,0,0,0,0,0
2003,540302,1,1,18,18,18,18,18,18,18,18,18,18
2003,540303,1,1,19,19,19,19,19,19,19,19,19,19
2003,540304,1,1,18,18,18,18,18,18,18,18,18,18
2003,540305,1,1,0,0,0,0,0,0,0,0,0,0
2003,540305,2,1,0,0,0,0,0,0,0,0,0,0
2003,540306,1,1,0,0,0,0,0,0,0,0,0,0
2003,540306,2,1,0,0,0,0,0,0,0,0,0,0
2003,540307,1,1,12,12,12,12,12,12,12,12,12,12
2003,540308,1,1,0,0,0,0,0,0,0,0,0,0
2003,540308,2,1,37,37,37,37,37,37,37,37,37,37
2003,540309,1,1,0,0,0,0,0,0,0,0,0,0
2003,540310,1,1,21,22,11,5,6,0,0,7,9,0
2003,540310,2,1,0,0,0,0,0,0,0,0,0,0
2003,540311,1,1,25,25,25,25,25,25,25,25,25,25
2003,540312,1,1,0,0,0,0,0,0,0,0,0,0
2003,540312,2,1,0,0,0,0,0,0,0,0,0,0
2003,540313,0,1,0,0,0,0,0,0,0,0,0,0
2003,540313,1,1,0,0,0,0,0,0,0,0,0,0
2003,540314,1,1,0,0,0,0,0,0,0,0,0,0
2003,540315,1,1,0,0,0,0,0,0,0,0,0,0
2003,540316,1,1,0,0,0,0,0,0,0,0,0,0
2003,540316,2,1,0,0,0,0,0,0,0,0,0,0
2003,540317,1,1,17,17,17,17,17,17,17,17,17,17
2003,540318,1,1,0,0,0,0,0,0,0,0,0,0
2003,540319,1,1,0,0,0,0,0,0,0,0,0,0
2003,540319,2,1,0,0,0,0,0,0,0,0,0,0
2003,540320,1,1,0,0,0,0,0,0,0,0,0,0
2003,540320,2,1,0,0,0,0,0,0,0,0,0,0
2003,540321,1,1,15,15,15,15,15,15,15,15,15,15
2003,540322,1,1,11,11,11,11,11,11,11,11,11,11
2003,540323,1,1,0,0,0,0,0,0,0,0,0,0
2003,540324,0,1,21,21,21,21,21,21,21,21,21,21
2003,540324,1,1,0,0,13,0,0,0,0,0,0,0
2003,540325,1,1,0,0,0,0,0,0,0,0,0,0
2003,540326,1,1,0,0,0,0,0,0,0,0,0,0
2003,540326,2,1,0,0,0,0,0,0,0,0,0,0
2003,540327,1,1,0,0,0,0,0,0,0,0,0,0
2003,540328,1,1,0,0,0,0,0,0,0,0,0,0
2003,540328,2,1,0,0,0,0,0,0,0,0,0,0
2003,540329,0,1,0,0,0,0,0,0,0,0,0,0
2003,540329,1,1,0,0,0,0,0,0,0,0,0,0
2003,540330,1,1,0,0,0,8,11,0,16,0,0,0
2003,540331,1,1,0,0,0,0,0,0,0,0,0,0
2003,540331,2,1,0,0,0,0,0,0,0,0,0,0
2003,540331,3,1,0,0,0,0,0,0,0,0,0,0
2003,540332,1,1,0,0,0,0,0,0,0,0,0,0
2003,540333,1,1,0,0,0,0,0,0,0,0,0,0
2003,540333,2,1,0,0,0,0,0,0,0,0,0,0
2003,540334,1,1,0,0,0,0,0,0,0,0,0,0
2003,540335,1,1,0,0,0,0,0,0,0,0,0,0
2003,540335,2,1,0,0,0,0,0,0,0,0,0,0
2003,540336,1,1,0,0,0,0,0,0,0,0,0,0
2003,540337,1,1,0,0,0,0,0,0,0,0,0,0
2003,540338,1,1,0,0,0,0,0,0,0,0,0,0
2003,540338,2,1,0,0,0,0,0,0,0,0,0,0
2003,540339,1,1,0,0,0,0,0,0,0,0,0,0
2003,540339,2,1,0,0,0,0,0,0,0,0,0,0
2003,540340,1,1,18,21,3,27,20,14,9,13,5,19
2003,540341,1,1,0,0,0,0,0,0,0,0,0,0
2003,540341,2,1,0,0,0,0,0,0,0,0,0,0
2003,540342,1,1,22,22,22,22,22,22,22,22,22,22
2003,540343,1,1,0,0,0,0,0,0,0,0,0,0
2003,540344,1,1,0,0,0,0,0,0,0,0,0,0
2003,540344,2,1,0,0,0,0,0,0,0,0,0,0
2003,540345,1,1,0,0,0,0,0,0,0,0,0,0
2003,540345,2,1,0,0,0,0,0,0,0,0,0,0
2003,540346,1,1,0,0,0,0,0,0,0,0,0,0
2003,540347,1,1,31,31,31,31,31,31,31,31,31,31
2003,540348,0,1,31,31,31,31,31,31,31,31,31,31
2003,540348,1,1,0,0,0,0,0,0,0,0,0,0
2003,540348,2,1,0,0,0,0,0,0,0,0,0,0
2003,540348,3,1,0,0,0,0,0,0,0,0,0,0
2003,540349,1,1,10,10,10,10,10,10,10,10,10,10
2003,540350,1,1,0,0,0,0,0,0,0,0,0,0
2003,540350,2,1,0,0,0,0,0,0,0,0,0,0
2003,540351,1,1,0,0,0,0,0,0,0,0,0,0
2003,540351,2,1,0,0,0,0,0,0,0,0,0,0
2003,540351,3,1,0,0,0,0,0,0,0,0,0,0
2003,540352,1,1,0,0,0,0,0,0,0,0,0,0
2003,540353,1,1,12,12,12,12,12,12,12,12,12,12
2003,540354,1,1,0,0,0,0,0,0,0,0,0,0
2003,540354,2,1,0,0,0,0,0,0,0,0,0,0
2003,540355,1,1,0,0,0,0,0,0,0,0,0,0
2003,540355,2,1,0,0,0,0,0,0,0,0,0,0
2003,540356,0,1,0,0,0,0,0,0,0,0,0,0
2003,540356,1,1,0,0,0,0,0,0,0,0,0,0
2003,540357,1,1,18,18,18,18,18,18,18,18,18,18
2003,540358,1,1,0,0,0,0,0,0,0,0,0,0
2003,540358,2,1,17,17,17,17,17,17,17,17,17,17
2003,540359,1,1,0,0,22,0,4,39,15,32,20,13
2003,540360,1,1,0,0,0,0,0,0,0,0,0,0
2003,540360,2,1,0,0,0,0,0,0,0,0,0,0
2003,540361,1,1,30,30,30,30,30,30,30,30,30,30
2003,540361,2,1,0,0,0,0,0,0,0,0,0,0
2003,540362,1,1,0,0,0,0,0,0,0,0,0,0
2003,550001,1,1,24,24,24,24,24,24,24,24,24,24
2003,550002,0,1,29,29,29,29,29,29,29,29,29,29
2003,550002,1,1,5,5,5,5,5,5,5,5,5,5
2003,550003,1,1,25,25,25,25,25,25,25,25,25,25
2003,550004,0,1,19,19,19,19,19,19,19,19,19,19
2003,550004,1,1,0,0,0,9,0,0,0,23,17,11
2003,550005,1,2,10,0,4,18,2,12,8,0,36,3
2003,550006,1,1,0,0,0,0,0,0,0,0,0,0
2003,550007,1,1,0,0,0,0,0,0,0,0,0,0
2003,550008,1,1,11,11,11,11,11,11,11,11,11,11
2003,550009,1,1,0,0,0,0,0,0,0,0,0,0
2003,550010,1,1,0,0,0,0,0,0,0,0,0,0
2003,550010,2,1,0,15,0,0,0,0,0,0,0,0
2003,550010,3,1,0,0,17,9,0,0,0,0,0,0
2003,550011,1,1,22,22,22,22,22,22,22,22,22,22
2003,550011,2,1,15,15,15,15,15,15,15,15,15,15
2003,550012,1,1,0,0,0,0,0,0,0,0,0,0
2003,550012,2,1,0,0,0,0,0,0,0,0,0,0
2003,550013,1,1,10,10,10,10,10,10,10,10,10,10
2003,550013,2,1,0,17,0,22,0,19,0,0,0,0
2003,550014,1,1,0,0,0,0,0,0,0,0,0,0
2003,550015,1,1,0,0,0,0,0,0,0,0,0,0
2003,550016,0,1,0,0,0,0,0,14,0,0,0,0
2003,550016,1,1,0,19,0,0,0,0,14,0,0,0
2003,550017,1,1,0,0,0,0,0,0,0,0,0,0
2003,550018,1,1,0,0,0,0,0,0,0,0,0,0
2003,550019,1,1,21,21,21,21,21,21,21,21,21,21
2003,550020,1,1,22,22,22,22,22,22,22,22,22,22
2003,550021,1,1,0,0,0,0,0,0,0,0,0,0
2003,550022,1,1,31,31,31,31,31,31,31,31,31,31
2003,550023,1,1,0,0,0,0,0,0,0,0,0,0
2003,550023,2,1,18,18,18,18,18,18,18,18,18,18
2003,550024,1,1,23,23,23,23,23,23,23,23,23,23
2003,550025,1,1,10,10,10,10,10,10,10,10,10,10
2003,550026,1,1,5,5,5,5,5,5,5,5,5,5
2003,550027,1,1,22,22,22,22,22,22,22,22,22,22
2003,550027,2,1,0,0,0,0,0,0,0,0,0,0
2003,550028,1,1,0,0,0,0,0,0,0,0,0,0
2003,550028,2,1,6,0,0,0,0,0,0,0,9,0
2003,550029,1,1,0,0,0,0,0,0,0,0,0,0
2003,550030,1,1,16,16,16,16,16,16,16,16,16,16
2003,550031,1,1,0,0,0,0,0,0,0,0,0,0
2003,550031,2,1,0,0,0,0,0,0,0,0,0,21
2003,550032,1,1,0,0,0,0,0,0,0,0,0,0
2003,550033,1,1,11,11,11,11,11,11,11,11,11,11
2003,550034,1,1,28,28,28,28,28,28,28,28,28,28
2003,550035,0,1,0,0,0,0,0,0,0,0,0,0
2003,550035,1,1,22,22,22,22,22,22,22,22,22,22
2003,550036,0,1,0,0,0,0,0,0,0,0,0,0
2003,550036,1,1,0,0,0,0,0,0,0,0,0,0
2003,550037,1,1,0,0,0,0,0,0,0,0,0,0
2003,550037,2,1,0,0,0,0,0,0,0,0,0,0
2003,550038,1,1,0,0,0,0,0,0,0,0,0,0