YEAR,ST_CASE,veh_no,per_no,P1,P2,P3,P4,P5,P6,P7,P8,P9,P10
2003,550320,1,1,0,0,0,0,0,0,0,0,0,0
2003,550320,2,1,0,0,0,0,0,0,0,0,0,0
2003,550321,1,1,0,0,0,0,0,0,0,0,0,0
2003,550321,2,1,0,0,0,0,0,0,0,0,0,12
2003,550322,1,1,0,0,0,0,0,0,0,0,0,0
2003,550322,2,1,0,0,0,0,0,0,0,0,0,0
2003,550322,3,1,0,0,0,0,0,0,0,0,0,0
2003,550323,1,1,3,3,3,3,3,3,3,3,3,3
2003,550324,1,1,10,10,10,10,10,10,10,10,10,10
2003,550325,1,1,21,21,21,21,21,21,21,21,21,21
2003,550326,1,1,0,0,0,0,0,0,0,0,0,0
2003,550327,1,1,16,16,16,16,16,16,16,16,16,16
2003,550327,2,1,19,19,19,19,19,19,19,19,19,19
2003,550328,1,1,0,0,0,0,0,0,0,0,0,0
2003,550328,2,1,0,0,0,0,0,0,0,0,0,0
2003,550329,0,1,0,0,0,0,0,0,0,0,0,0
2003,550329,1,1,0,0,0,0,0,0,0,0,0,0
2003,550330,1,1,0,0,0,0,0,0,0,0,0,0
2003,550331,1,1,26,26,26,26,26,26,26,26,26,26
2003,550332,1,1,0,0,0,0,0,0,0,0,0,0
2003,550332,2,1,0,0,0,0,0,0,0,0,0,0
2003,550332,3,1,0,0,0,0,0,0,0,0,0,0
2003,550333,1,1,17,17,17,17,17,17,17,17,17,17
2003,550334,0,1,0,0,0,0,0,0,0,0,0,0
2003,550334,1,1,0,0,0,0,0,0,0,0,0,0
2003,550335,1,1,10,10,10,10,10,10,10,10,10,10
2003,550336,1,1,2,2,2,2,2,2,2,2,2,2
2003,550336,2,1,0,0,0,0,0,0,0,0,0,0
2003,550337,1,1,0,0,0,0,0,0,0,0,0,0
2003,550337,2,1,0,0,0,0,0,0,0,0,0,0
2003,550338,1,1,13,13,13,13,13,13,13,13,13,13
2003,550338,2,1,0,0,0,0,0,0,0,0,0,0
2003,550339,1,1,0,0,0,0,0,0,0,0,0,0
2003,550340,1,1,0,0,0,0,0,0,0,0,0,0
2003,550341,1,1,14,14,14,14,14,14,14,14,14,14
2003,550341,2,1,24,24,24,24,24,24,24,24,24,24
2003,550342,1,1,14,14,14,14,14,14,14,14,14,14
2003,550343,1,1,0,0,0,0,0,0,0,0,0,0
2003,550344,1,1,0,0,0,0,0,0,0,0,0,0
2003,550345,1,1,27,27,27,27,27,27,27,27,27,27
2003,550346,1,1,0,0,0,0,0,0,0,0,0,0
2003,550346,2,1,0,0,0,0,0,0,0,0,0,0
2003,550347,1,1,0,0,0,0,0,0,0,0,0,0
2003,550348,1,1,23,23,23,23,23,23,23,23,23,23
2003,550349,1,1,0,0,0,0,0,0,0,0,0,0
2003,550349,2,1,0,0,0,0,0,0,0,0,0,0
2003,550350,1,1,0,0,0,0,0,0,0,0,0,0
2003,550350,2,1,21,21,21,21,21,21,21,21,21,21
2003,550351,1,1,0,0,0,0,0,0,0,0,0,0
2003,550351,2,1,0,0,0,0,0,0,0,0,0,0
2003,550352,0,1,0,0,0,0,0,0,0,0,0,0
2003,550352,1,1,0,0,0,0,0,0,0,0,0,0
2003,550353,1,1,0,0,0,0,0,0,0,0,0,0
2003,550354,1,1,12,12,12,12,12,12,12,12,12,12
2003,550355,1,1,0,0,0,0,0,0,0,0,0,0
2003,550355,2,1,0,0,0,0,0,0,0,0,0,0
2003,550355,3,1,0,0,0,0,0,18,0,0,0,0
2003,550355,4,1,0,0,0,0,0,0,0,0,0,0
2003,550356,1,1,14,14,14,14,14,14,14,14,14,14
2003,550357,1,1,21,21,21,21,21,21,21,21,21,21
2003,550358,1,1,22,22,22,22,22,22,22,22,22,22
2003,550359,1,1,24,24,24,24,24,24,24,24,24,24
2003,550359,2,1,15,15,15,15,15,15,15,15,15,15
2003,550360,1,1,32,32,32,32,32,32,32,32,32,32
2003,550361,1,1,15,15,15,15,15,15,15,15,15,15
2003,550362,1,1,0,0,0,0,0,0,0,0,0,0
2003,550363,1,1,23,23,23,23,23,23,23,23,23,23
2003,550363,2,1,17,23,0,0,11,27,10,11,0,10
2003,550364,1,1,0,0,0,0,0,0,0,0,0,0
2003,550364,2,1,0,0,0,0,0,0,0,0,0,0
2003,550365,1,1,0,0,0,0,0,0,0,0,0,0
2003,550366,1,1,0,0,0,0,0,0,0,0,0,0
2003,550366,2,1,0,0,0,0,0,0,0,0,0,0
2003,550367,1,1,1,1,1,1,1,1,1,1,1,1
2003,550367,2,1,0,11,0,0,0,0,0,0,0,0
2003,550368,1,1,20,20,20,20,20,20,20,20,20,20
2003,550368,2,1,0,0,0,0,0,14,0,0,0,0
2003,550369,1,1,9,9,9,9,9,9,9,9,9,9
2003,550370,1,1,0,0,0,0,0,0,0,0,0,0
2003,550370,2,1,0,0,0,0,0,0,0,0,0,0
2003,550371,1,1,0,21,0,0,0,0,17,19,0,0
2003,550372,1,1,0,0,0,0,0,0,0,0,0,9
2003,550372,2,1,6,6,6,6,6,6,6,6,6,6
2003,550373,1,1,0,0,0,0,0,0,0,0,0,0
2003,550374,1,1,19,19,19,19,19,19,19,19,19,19
2003,550375,1,1,0,0,0,0,0,0,0,0,0,0
2003,550376,1,1,28,28,28,28,28,28,28,28,28,28
2003,550377,1,1,18,18,18,18,18,18,18,18,18,18
2003,550377,2,1,0,0,0,0,0,0,0,0,0,0
2003,550378,1,1,0,0,0,0,0,0,0,0,0,0
2003,550378,2,1,0,0,0,0,0,0,0,0,0,0
2003,550379,1,1,0,0,0,0,0,0,0,0,0,0
2003,550380,1,1,0,0,0,0,0,0,0,0,0,0
2003,550380,2,1,0,0,0,0,0,0,0,0,0,0
2003,550381,1,1,0,0,0,0,0,0,0,0,0,0
2003,550381,2,1,0,0,0,0,0,0,0,0,0,0
2003,550381,3,1,0,0,0,0,0,0,0,0,0,0
2003,550382,1,1,0,0,0,0,0,0,0,0,0,0
2003,550382,2,1,0,0,0,0,0,0,0,0,0,0
2003,550383,1,1,0,0,0,0,0,0,0,0,0,0
2003,550383,2,1,0,0,0,0,0,0,0,0,15,0
2003,550384,1,1,0,0,0,0,0,0,0,0,0,0
2003,550384,2,1,30,30,30,30,30,30,30,30,30,30
2003,550385,1,1,0,0,0,0,0,0,0,0,0,0
2003,550386,1,1,0,0,0,0,0,0,0,0,0,0
2003,550386,2,1,0,0,0,0,0,10,0,0,0,0
2003,550387,1,1,0,0,0,0,0,0,0,0,0,0
2003,550387,2,1,0,0,0,0,0,0,0,0,0,0
2003,550388,0,1,0,0,0,0,0,0,0,0,0,0
2003,550388,1,1,0,0,0,0,0,0,0,0,0,0
2003,550389,1,3,24,37,0,11,0,30,0,0,14,0
2003,550390,1,1,11,7,13,28,14,28,50,20,18,18
2003,550390,2,1,0,0,0,0,0,0,0,0,0,0
2003,550391,1,1,0,0,0,0,0,0,0,0,0,0
2003,550391,2,1,0,0,0,0,0,0,0,12,0,0
2003,550392,1,1,14,14,14,14,14,14,14,14,14,14
2003,550392,2,1,0,0,0,0,0,0,0,0,0,0
2003,550393,1,1,22,22,22,22,22,22,22,22,22,22
2003,550394,1,1,0,0,0,0,0,0,0,0,0,0
2003,550395,1,1,0,0,0,0,0,0,0,12,0,0
2003,550395,2,1,0,0,0,0,0,14,0,0,0,0
2003,550395,3,1,0,0,0,0,0,0,0,0,0,0
2003,550396,1,1,0,0,0,0,9,0,0,0,0,0
2003,550396,2,1,0,0,0,0,0,0,0,0,0,0
2003,550397,1,1,24,24,24,24,24,24,24,24,24,24
2003,550398,1,1,0,0,0,0,0,0,0,0,0,0
2003,550399,1,1,0,0,0,0,0,0,0,0,19,0
2003,550400,1,1,0,0,0,0,0,0,0,0,0,0
2003,550400,2,1,0,0,0,0,0,0,0,0,0,0
2003,550400,3,1,0,0,0,0,0,0,0,0,0,0
2003,550401,1,1,15,15,15,15,15,15,15,15,15,15
2003,550402,1,1,9,9,9,9,9,9,9,9,9,9
2003,550403,1,1,0,0,0,0,0,0,0,0,0,0
2003,550403,2,1,26,26,26,26,26,26,26,26,26,26
2003,550403,3,1,0,0,0,0,0,0,0,0,0,0
2003,550404,1,1,0,0,0,0,0,0,0,0,0,0
2003,550405,1,1,0,0,0,0,0,0,0,0,0,0
2003,550405,2,1,0,0,0,0,0,0,0,0,0,0
2003,550406,1,1,0,0,0,0,0,0,0,0,0,0
2003,550406,2,1,0,0,0,0,0,0,0,0,0,0
2003,550407,1,1,0,0,0,0,0,0,0,0,0,0
2003,550407,2,1,0,0,0,0,0,0,0,0,0,0
2003,550408,1,1,15,15,15,15,15,15,15,15,15,15
2003,550408,2,1,0,0,0,0,0,0,0,0,0,0
2003,550409,1,1,0,0,4,0,0,0,0,0,0,0
2003,550409,2,1,0,0,0,0,0,0,0,0,0,0
2003,550410,1,1,0,0,0,0,11,0,0,0,0,0
2003,550410,2,1,0,0,0,0,0,0,0,0,0,0
2003,550410,3,1,0,0,0,0,0,0,0,0,0,0
2003,550410,4,1,0,0,0,0,0,0,0,0,0,0
2003,550411,1,1,20,20,20,20,20,20,20,20,20,20
2003,550412,1,1,0,0,0,0,0,0,0,0,0,0
2003,550412,2,1,0,0,0,0,0,0,0,0,0,0
2003,550413,0,1,0,0,0,0,0,0,0,0,0,0
2003,550413,1,1,0,0,0,0,0,0,0,0,0,0
2003,550414,1,1,21,21,21,21,21,21,21,21,21,21
2003,550415,1,1,3,3,3,3,3,3,3,3,3,3
2003,550416,1,1,24,24,24,24,24,24,24,24,24,24
2003,550417,1,1,0,0,0,0,0,0,0,0,0,0
2003,550418,1,1,0,0,0,0,0,0,0,0,0,0
2003,550418,2,1,0,0,0,0,0,0,0,0,0,0
2003,550418,3,1,0,0,0,0,0,0,0,0,0,0
2003,550419,1,1,0,0,0,0,0,0,0,0,0,0
2003,550419,2,1,0,0,0,0,0,0,0,0,0,0
2003,550420,1,1,0,0,0,0,0,0,0,0,0,0
2003,550420,2,1,0,0,0,0,0,0,0,0,0,0
2003,550421,1,1,0,0,0,0,0,0,0,0,0,0
2003,550421,2,1,0,0,0,0,0,0,0,0,0,0
2003,550422,0,1,0,16,0,0,0,0,0,0,0,0
2003,550422,1,1,0,0,0,0,0,0,0,0,0,0
2003,550423,1,1,0,0,0,0,0,0,0,0,0,0
2003,550424,1,1,0,0,0,0,0,0,0,0,0,0
2003,550425,1,1,0,0,0,0,0,0,0,0,0,0
2003,550426,1,1,0,0,0,0,0,0,0,0,0,0
2003,550426,2,1,3,0,0,0,3,0,0,0,0,9
2003,550427,1,1,0,0,0,0,0,0,0,0,0,0
2003,550427,2,1,0,0,0,0,0,0,0,0,0,0
2003,550428,0,1,23,23,23,23,23,23,23,23,23,23
2003,550428,1,1,23,23,23,23,23,23,23,23,23,23
2003,550429,0,1,0,0,0,0,0,0,0,0,0,0
2003,550429,1,1,0,0,0,0,0,18,0,0,0,0
2003,550430,1,1,6,6,6,6,6,6,6,6,6,6
2003,550431,1,1,0,0,0,0,0,0,0,0,0,0
2003,550431,2,1,0,0,0,0,0,0,0,0,0,0
2003,550432,1,1,0,0,0,0,0,0,0,0,0,0
2003,550432,2,1,0,0,0,0,0,0,0,0,0,0
2003,550433,1,1,0,0,0,0,0,0,0,0,0,0
2003,550434,1,1,0,0,0,0,0,0,0,0,0,0
2003,550434,2,1,0,0,0,0,0,0,0,0,0,0
2003,550435,1,1,25,25,25,25,25,25,25,25,25,25
2003,550436,1,1,0,0,0,0,0,0,0,0,0,0
2003,550437,1,1,0,0,0,0,0,0,0,0,0,0
2003,550438,1,1,0,0,0,0,0,0,0,0,0,0
2003,550438,2,1,2,2,2,2,2,2,2,2,2,2
2003,550439,1,1,0,0,0,0,0,0,0,0,0,0
2003,550439,2,1,0,0,0,0,2,4,17,0,0,0
2003,550440,1,1,0,0,0,0,0,0,4,0,0,0
2003,550440,2,1,0,0,0,0,0,0,0,0,0,0
2003,550441,1,1,27,27,27,27,27,27,27,27,27,27
2003,550442,1,1,18,18,18,18,18,18,18,18,18,18
2003,550443,1,1,17,17,17,17,17,17,17,17,17,17
2003,550444,1,1,17,17,17,17,17,17,17,17,17,17
2003,550444,2,1,0,0,0,0,0,0,0,0,0,0
2003,550445,1,1,0,0,0,0,0,0,0,0,0,0
2003,550445,2,1,0,0,0,0,0,0,0,0,0,0
2003,550446,0,1,16,16,16,16,16,16,16,16,16,16
2003,550446,1,1,28,0,0,20,9,0,0,0,0,9
2003,550446,2,1,0,0,17,0,0,0,0,0,0,0
2003,550447,1,1,20,20,20,20,20,20,20,20,20,20
2003,550448,1,1,26,26,26,26,26,26,26,26,26,26
2003,550449,1,1,0,0,0,0,0,0,0,0,0,0
2003,550449,2,1,0,0,0,0,0,0,0,0,0,0
2003,550450,1,1,24,24,24,24,24,24,24,24,24,24
2003,550451,1,1,0,0,0,0,0,0,0,0,0,0
2003,550452,1,1,0,0,0,0,0,0,0,0,0,0
2003,550453,1,1,15,15,15,15,15,15,15,15,15,15
2003,550454,1,1,0,0,0,16,0,3,19,0,0,17
2003,550454,2,1,0,0,0,0,8,3,0,0,3,0
2003,550455,1,1,17,17,17,17,17,17,17,17,17,17
2003,550456,1,1,23,23,23,23,23,23,23,23,23,23
2003,550456,2,1,0,0,0,0,0,0,0,0,0,0
2003,550457,1,1,0,0,0,0,0,0,0,0,0,0
2003,550457,2,1,0,0,0,0,0,0,0,0,0,0
2003,550458,1,1,0,0,0,0,0,0,0,0,0,0
2003,550458,2,1,0,0,0,0,0,0,0,0,0,0
2003,550459,1,1,13,13,13,13,13,13,13,13,13,13
2003,550459,2,1,0,9,0,0,0,0,0,0,0,6
2003,550459,3,1,0,0,0,0,0,0,0,0,0,0
2003,550460,1,1,0,0,0,0,0,0,0,0,0,0
2003,550461,1,1,0,14,34,11,32,0,11,23,5,22
2003,550462,1,1,0,0,0,0,0,0,0,26,0,0
2003,550462,2,1,0,0,0,0,0,0,0,0,0,0
2003,550463,1,1,0,0,0,0,0,0,0,0,0,0
2003,550463,2,1,35,0,0,0,0,0,0,0,0,0
2003,550463,3,1,0,0,0,0,0,0,0,0,0,0
2003,550464,1,1,0,0,0,0,0,0,0,0,0,0
2003,550465,1,1,0,0,0,0,0,0,0,0,0,0
2003,550465,2,1,0,0,0,0,0,0,0,0,0,0
2003,550466,1,1,19,19,19,19,19,19,19,19,19,19
2003,550467,1,1,0,0,0,0,0,0,0,0,0,0
2003,550467,2,1,0,0,0,0,0,0,0,0,0,0
2003,550468,1,1,23,23,23,23,23,23,23,23,23,23
2003,550468,2,1,0,0,0,0,0,0,0,0,0,0
2003,550469,0,1,0,0,0,0,0,0,0,0,0,0
2003,550469,1,1,0,0,0,0,0,0,0,0,0,0
2003,550470,1,1,27,27,27,27,27,27,27,27,27,27
2003,550471,0,1,27,27,27,27,27,27,27,27,27,27
2003,550471,1,1,8,8,8,8,8,8,8,8,8,8
2003,550472,1,1,0,0,0,0,0,0,0,0,0,0
2003,550473,1,1,0,0,0,0,0,0,0,0,0,0
2003,550473,2,1,0,0,0,0,0,0,0,0,0,0
2003,550474,1,1,0,0,0,0,0,0,0,0,0,0
2003,550475,1,1,0,0,0,0,0,0,0,0,0,0
2003,550475,2,1,0,0,0,0,0,0,0,0,0,0
2003,550475,3,1,0,0,0,0,0,0,0,0,0,0
2003,550476,1,1,23,23,23,23,23,23,23,23,23,23
2003,550477,1,1,0,0,0,0,0,0,0,0,0,0
2003,550478,1,1,17,17,17,17,17,17,17,17,17,17
2003,550479,1,1,0,0,0,0,0,0,0,0,0,0
2003,550479,2,1,0,0,0,0,0,0,0,0,0,0
2003,550480,1,1,0,0,0,0,0,0,0,0,0,0
2003,550480,2,1,0,0,0,0,0,0,0,0,0,0
2003,550481,1,1,0,0,0,0,0,0,0,0,0,0
2003,550481,2,1,0,0,0,0,0,0,0,0,0,0
2003,550482,1,1,5,5,5,5,5,5,5,5,5,5
2003,550482,2,1,0,0,0,0,7,0,0,0,0,0
2003,550483,1,1,1,1,1,1,1,1,1,1,1,1
2003,550483,2,1,0,0,0,0,0,0,0,0,0,0
2003,550484,1,1,0,0,0,0,0,0,0,0,0,0
2003,550484,2,1,0,0,0,0,0,0,0,0,0,0
2003,550485,1,1,0,0,0,0,0,0,0,0,0,0
2003,550485,2,1,0,0,0,0,0,0,0,0,0,0
2003,550486,1,1,0,0,0,0,0,0,0,0,0,0
2003,550486,2,1,0,0,0,0,0,0,0,0,0,0
2003,550487,1,1,0,0,0,0,0,0,0,0,0,0
2003,550487,2,1,0,0,0,0,0,0,0,0,0,0
2003,550488,1,1,20,20,20,20,20,20,20,20,20,20
2003,550489,1,1,0,0,0,0,0,0,0,0,0,0
2003,550489,2,1,0,0,0,0,0,0,0,0,0,0
2003,550490,1,1,0,0,0,0,0,0,0,0,0,0
2003,550490,2,1,0,0,0,0,0,0,0,0,0,0
2003,550490,3,1,0,0,0,0,0,0,0,0,0,0
2003,550490,4,1,0,0,0,0,0,0,0,0,11,0
2003,550491,1,1,0,0,0,0,0,0,0,0,0,0
2003,550491,2,1,0,0,0,0,0,0,0,0,0,0
2003,550491,3,1,0,20,8,15,17,11,15,0,0,0
2003,550492,1,1,9,9,9,9,9,9,9,9,9,9
2003,550493,1,1,10,10,10,10,10,10,10,10,10,10
2003,550494,1,1,0,0,0,0,0,0,0,0,0,0
2003,550494,2,1,0,0,0,0,0,0,0,0,0,8
2003,550495,1,1,0,0,0,0,0,0,0,0,0,0
2003,550495,2,1,0,0,0,0,0,0,0,0,0,0
2003,550496,1,1,0,0,0,0,0,0,0,0,0,0
2003,550497,1,1,0,0,0,0,0,0,0,0,0,0
2003,550497,2,1,12,0,0,14,0,0,0,0,0,0
2003,550498,1,1,7,7,7,7,7,7,7,7,7,7
2003,550498,2,1,0,0,0,0,0,0,0,0,10,0
2003,550499,1,1,0,0,0,0,0,0,0,0,0,0
2003,550500,1,1,0,0,0,7,0,0,0,11,0,0
2003,550500,2,1,0,0,0,10,0,0,0,0,0,0
2003,550501,1,1,11,11,11,11,11,11,11,11,11,11
2003,550502,1,1,16,16,16,16,16,16,16,16,16,16
2003,550503,1,1,0,0,0,0,0,0,0,0,0,16
2003,550504,1,1,0,0,0,0,0,0,0,0,0,0
2003,550505,1,1,0,0,0,0,0,0,0,0,0,0
2003,550505,2,1,0,0,0,0,0,0,0,0,0,0
2003,550506,1,1,27,27,27,27,27,27,27,27,27,27
2003,550507,1,1,0,0,0,0,0,0,0,0,0,0
2003,550507,2,1,0,0,0,0,0,0,0,0,0,0
2003,550508,1,1,18,18,18,18,18,18,18,18,18,18
2003,550509,1,1,0,0,0,0,0,0,0,0,0,0
2003,550509,2,1,0,0,0,0,0,0,0,0,0,0
2003,550510,0,1,45,45,45,45,45,45,45,45,45,45
2003,550510,1,1,0,0,0,0,0,0,0,0,0,0
2003,550511,1,1,4,4,4,4,4,4,4,4,4,4
2003,550512,1,1,0,0,0,0,0,0,0,0,0,0
2003,550512,2,1,0,0,0,0,0,0,0,0,0,0
2003,550513,1,1,0,0,0,0,0,0,0,0,0,0
2003,550513,2,1,0,0,0,0,0,0,0,0,0,0
2003,550514,1,1,18,18,18,18,18,18,18,18,18,18
2003,550515,1,1,0,26,0,0,0,0,0,0,0,0
2003,550515,2,1,0,0,0,0,0,0,0,0,0,0
2003,550515,3,1,0,0,0,0,0,0,0,0,0,0
2003,550516,1,1,20,20,20,20,20,20,20,20,20,20
2003,550517,1,1,22,22,22,22,22,22,22,22,22,22
2003,550518,1,1,0,0,0,0,0,0,0,0,0,0
2003,550519,0,1,23,23,23,23,23,23,23,23,23,23
2003,550519,1,1,0,0,0,0,0,0,0,0,0,0
2003,550520,1,1,0,23,0,0,0,0,0,0,0,0
2003,550521,1,1,23,23,23,23,23,23,23,23,23,23
2003,550522,0,1,34,34,34,34,34,34,34,34,34,34
2003,550522,1,1,0,0,0,0,0,0,0,0,0,0
2003,550523,1,1,5,5,5,5,5,5,5,5,5,5
2003,550524,1,1,0,0,0,0,0,0,0,0,0,0
2003,550524,2,1,0,0,0,0,0,0,0,0,0,0
2003,550525,1,1,3,3,3,3,3,3,3,3,3,3
2003,550526,1,1,24,24,24,24,24,24,24,24,24,24
2003,550527,1,1,0,0,0,0,0,0,0,0,0,0
2003,550528,1,1,19,19,19,19,19,19,19,19,19,19
2003,550529,1,1,9,9,9,9,9,9,9,9,9,9
2003,550530,0,1,0,0,0,0,0,0,0,0,0,0
2003,550530,1,1,0,0,0,0,0,0,0,0,0,0
2003,550531,1,1,16,16,16,16,16,16,16,16,16,16
2003,550532,0,1,27,27,27,27,27,27,27,27,27,27
2003,550532,1,1,0,0,0,0,0,0,0,0,0,0
2003,550533,1,1,0,0,0,0,0,0,0,0,0,0
2003,550533,2,1,0,0,0,0,0,0,0,0,0,0
2003,550534,1,1,0,0,15,0,0,0,0,0,0,0
2003,550534,2,1,19,19,19,19,19,19,19,19,19,19
2003,550535,1,1,17,17,17,17,17,17,17,17,17,17
2003,550536,1,1,24,24,24,24,24,24,24,24,24,24
2003,550537,1,1,20,20,20,20,20,20,20,20,20,20
2003,550538,1,1,0,0,0,0,0,0,0,0,0,0
2003,550538,2,1,0,0,0,0,0,0,0,0,0,0
2003,550539,1,1,0,0,0,0,0,0,0,0,0,0
2003,550539,2,1,0,0,0,0,0,0,0,0,0,0
2003,550540,1,1,0,0,0,0,0,0,0,0,0,0
2003,550541,1,1,0,0,0,0,0,0,0,0,0,0
2003,550543,1,1,0,0,0,0,0,0,0,0,0,0
2003,550544,0,1,0,0,0,0,0,0,0,0,0,0
2003,550544,1,1,0,0,0,0,0,0,0,0,0,0
2003,550545,1,1,0,0,0,0,0,0,0,0,0,0
2003,550545,2,1,0,0,0,0,0,0,0,0,0,0
2003,550545,3,1,0,0,0,0,0,0,0,0,0,0
2003,550545,4,1,0,0,0,18,0,24,0,0,0,0
2003,550546,1,1,5,5,5,5,5,5,5,5,5,5
2003,550547,1,1,16,16,16,16,16,16,16,16,16,16
2003,550547,2,1,6,6,6,6,6,6,6,6,6,6
2003,550548,1,1,0,0,0,0,0,0,0,0,0,0
2003,550548,2,1,0,0,0,0,0,0,0,0,0,0
2003,550549,1,1,17,17,17,17,17,17,17,17,17,17
2003,550550,1,1,0,0,0,0,0,0,0,0,0,0
2003,550550,2,1,0,0,0,0,0,0,0,0,0,0
2003,550551,1,1,0,0,0,0,0,0,0,0,0,0
2003,550552,1,1,12,12,12,12,12,12,12,12,12,12
2003,550553,1,1,20,20,20,20,20,20,20,20,20,20
2003,550554,1,1,0,0,0,0,0,0,0,0,0,0
2003,550554,2,1,0,0,0,0,0,0,0,0,0,0
2003,550555,1,1,16,16,16,16,16,16,16,16,16,16
2003,550556,1,1,0,0,0,0,0,0,0,0,0,0
2003,550557,1,1,0,0,0,0,0,0,0,0,0,0
2003,550557,2,1,0,0,0,0,0,20,0,0,0,0
2003,550558,1,1,0,0,0,0,0,0,0,0,0,0
2003,550559,0,1,0,0,0,0,0,0,0,0,0,0
2003,550559,1,1,0,0,0,0,0,0,0,0,0,0
2003,550560,1,1,19,19,19,19,19,19,19,19,19,19
2003,550561,0,1,11,11,11,11,11,11,11,11,11,11
2003,550561,1,1,24,24,24,24,24,24,24,24,24,24
2003,550562,1,1,13,13,13,13,13,13,13,13,13,13
2003,550563,1,1,1,1,1,1,1,1,1,1,1,1
2003,550564,1,1,0,0,0,0,0,0,0,0,0,0
2003,550565,1,1,15,37,22,0,6,10,25,20,12,0
2003,550566,1,1,0,0,0,0,0,0,0,0,0,0
2003,550566,2,1,9,9,9,9,9,9,9,9,9,9
2003,550567,1,1,0,0,0,0,0,0,0,0,0,0
2003,550568,1,1,13,0,0,0,0,0,0,0,0,0
2003,550569,1,1,0,0,0,0,0,0,0,0,0,0
2003,550570,0,1,0,0,0,0,0,0,0,0,0,0
2003,550570,1,1,0,0,0,0,0,0,0,0,0,0
2003,550571,1,1,0,0,0,0,0,0,0,0,0,0
2003,550571,2,1,0,0,0,0,0,0,0,0,29,0
2003,550572,1,1,0,0,0,0,0,0,0,0,0,0
2003,550572,2,1,0,0,0,0,0,0,0,0,0,0
2003,550572,3,1,0,0,0,0,0,0,0,0,0,0
2003,550573,1,1,0,0,0,0,0,0,0,0,0,0
2003,550573,2,1,0,0,0,0,0,0,0,0,0,0
2003,550573,3,1,0,0,0,0,0,0,0,0,0,0
2003,550574,1,1,3,3,3,3,3,3,3,3,3,3
2003,550575,1,1,20,20,20,20,20,20,20,20,20,20
2003,550576,1,1,0,0,0,0,0,0,0,0,0,0
2003,550577,1,1,0,0,0,0,0,0,0,0,0,0
2003,550578,1,1,20,20,20,20,20,20,20,20,20,20
2003,550579,1,1,0,0,0,0,0,0,0,0,0,0
2003,550579,2,1,0,0,0,0,0,0,0,0,0,0
2003,550580,1,1,19,19,19,19,19,19,19,19,19,19
2003,550580,2,1,5,5,5,5,5,5,5,5,5,5
2003,550581,1,1,0,0,0,0,0,0,0,0,0,0
2003,550581,2,1,0,0,0,0,0,0,0,0,0,0
2003,550582,1,1,0,0,0,0,0,0,0,0,0,0
2003,550582,2,1,0,0,0,0,0,0,0,0,0,0
2003,550583,1,1,0,0,0,0,0,0,0,0,0,0
2003,550583,2,1,0,0,0,0,0,0,0,0,0,0
2003,550583,3,1,0,10,0,0,0,0,0,0,0,0
2003,550584,1,1,15,15,15,15,15,15,15,15,15,15
2003,550585,1,1,24,24,24,24,24,24,24,24,24,24
2003,550586,1,1,18,18,18,18,18,18,18,18,18,18
2003,550587,1,1,16,16,16,16,16,16,16,16,16,16
2003,550588,1,1,0,0,0,0,0,0,0,0,0,0
2003,550588,2,1,0,0,0,0,0,0,0,0,0,0
2003,550589,1,1,0,0,0,0,0,0,0,0,0,0
2003,550589,2,1,0,0,0,0,0,0,0,0,0,0
2003,550590,1,1,27,27,27,27,27,27,27,27,27,27
2003,550590,2,1,0,0,0,0,0,0,0,0,0,0
2003,550590,3,1,0,0,0,0,0,0,0,0,0,0
2003,550591,1,1,0,0,0,0,0,0,0,0,0,0
2003,550591,2,1,0,0,0,0,0,0,0,0,0,0
2003,550592,1,1,9,9,9,9,9,9,9,9,9,9
2003,550593,0,1,0,0,0,0,0,0,0,0,0,0
2003,550593,1,1,0,0,0,0,0,0,0,0,0,0
2003,550594,1,1,0,0,0,0,0,0,0,0,0,0
2003,550594,2,1,0,0,0,0,0,0,0,0,0,0
2003,550594,3,1,0,0,0,0,0,0,0,0,0,0
2003,550595,1,1,0,0,0,0,0,0,0,0,0,0
2003,550595,2,1,23,23,23,23,23,23,23,23,23,23
2003,550596,1,1,0,0,0,0,0,0,0,0,0,0
2003,550597,1,1,20,20,20,20,20,20,20,20,20,20
2003,550598,1,1,0,0,0,0,0,0,0,0,0,0
2003,550598,2,1,0,0,0,0,0,0,0,0,0,0
2003,550599,1,2,8,0,16,12,0,14,10,18,0,18
2003,550600,1,1,10,10,10,10,10,10,10,10,10,10
2003,550600,2,1,0,0,0,0,0,0,13,0,0,0
2003,550601,1,1,0,0,0,0,0,0,0,0,0,0
2003,550601,2,1,0,0,0,0,0,0,0,0,0,0
2003,550602,1,1,0,0,0,0,0,0,0,0,0,0
2003,550602,2,1,0,0,0,0,0,0,0,0,0,0