YEAR,ST_CASE,veh_no,per_no,P1,P2,P3,P4,P5,P6,P7,P8,P9,P10
2003,550603,0,1,0,0,0,0,0,0,0,0,0,0
2003,550603,1,1,0,0,0,0,0,0,0,0,0,0
2003,550604,1,1,12,0,0,21,19,0,28,0,0,0
2003,550604,2,1,13,13,13,13,13,13,13,13,13,13
2003,550605,1,1,0,0,0,0,0,0,0,0,0,0
2003,550605,2,1,0,0,0,0,0,0,0,0,0,0
2003,550606,1,1,0,0,0,0,0,0,0,0,0,0
2003,550606,2,1,0,0,0,0,0,0,0,0,0,0
2003,550607,1,1,20,20,20,20,20,20,20,20,20,20
2003,550608,1,1,0,0,0,0,0,0,0,0,0,0
2003,550608,2,1,0,0,0,0,0,0,0,0,0,0
2003,550609,1,1,0,0,0,0,0,0,0,0,0,0
2003,550609,2,1,0,0,0,0,0,0,0,0,0,0
2003,550610,1,1,0,0,0,0,0,0,0,0,0,0
2003,550610,2,1,0,0,0,0,0,0,0,0,0,0
2003,550611,1,1,26,26,26,26,26,26,26,26,26,26
2003,550612,1,1,0,0,0,0,0,0,0,0,0,0
2003,550613,1,1,6,6,6,6,6,6,6,6,6,6
2003,550614,1,1,16,16,16,16,16,16,16,16,16,16
2003,550615,1,1,25,25,25,25,25,25,25,25,25,25
2003,550616,1,1,0,0,0,0,0,0,0,0,0,0
2003,550616,2,1,0,0,0,0,0,0,0,0,0,0
2003,550617,0,1,12,12,12,12,12,12,12,12,12,12
2003,550617,1,1,0,0,0,0,0,0,0,0,0,0
2003,550618,1,1,0,0,0,0,0,0,0,0,0,0
2003,550618,2,1,0,0,0,0,0,0,0,0,0,0
2003,550619,1,1,1,1,1,1,1,1,1,1,1,1
2003,550619,2,1,0,0,0,0,0,0,0,0,11,0
2003,550620,1,1,0,0,0,0,0,0,0,0,0,0
2003,550620,2,1,0,0,0,0,0,0,0,0,0,0
2003,550620,3,1,0,0,0,0,0,0,0,0,0,0
2003,550621,0,1,0,0,0,0,0,0,0,0,0,0
2003,550621,1,1,0,0,0,0,0,0,0,0,0,0
2003,550622,1,1,20,20,20,20,20,20,20,20,20,20
2003,550623,1,1,0,0,0,0,0,0,0,0,0,0
2003,550623,2,1,0,0,0,0,0,0,0,0,0,0
2003,550624,1,1,1,1,1,1,1,1,1,1,1,1
2003,550625,1,1,0,0,0,0,0,0,0,0,0,0
2003,550625,2,1,0,0,0,0,0,0,0,0,0,0
2003,550626,1,1,0,0,0,0,0,0,0,0,0,0
2003,550626,2,1,0,0,0,0,0,0,0,0,0,0
2003,550627,0,1,15,15,15,15,15,15,15,15,15,15
2003,550627,1,1,21,21,21,21,21,21,21,21,21,21
2003,550628,0,1,0,0,0,0,0,0,0,0,0,0
2003,550628,1,1,0,0,0,0,0,0,0,0,0,6
2003,550628,2,1,0,0,0,0,0,0,0,0,0,0
2003,550629,1,1,0,0,0,0,0,0,17,0,0,0
2003,550630,1,1,31,31,31,31,31,31,31,31,31,31
2003,550630,2,1,0,0,0,0,0,0,0,0,0,0
2003,550631,1,1,8,18,0,0,5,9,10,10,13,10
2003,550632,1,1,19,19,19,19,19,19,19,19,19,19
2003,550632,2,1,0,0,0,0,0,0,0,0,0,0
2003,550633,1,1,0,0,0,0,0,0,0,0,0,0
2003,550633,2,1,0,0,0,0,0,0,0,0,0,0
2003,550634,1,1,21,21,21,21,21,21,21,21,21,21
2003,550635,0,1,0,0,0,0,0,0,0,0,0,0
2003,550635,1,1,0,0,0,0,0,0,0,0,0,0
2003,550636,1,1,6,6,6,6,6,6,6,6,6,6
2003,550637,1,1,0,0,0,0,0,0,0,0,0,0
2003,550638,1,1,16,16,16,16,16,16,16,16,16,16
2003,550639,1,1,16,16,16,16,16,16,16,16,16,16
2003,550640,1,1,0,0,0,0,0,0,0,0,0,0
2003,550641,1,1,0,0,0,0,0,0,0,0,0,0
2003,550642,1,1,23,23,23,23,23,23,23,23,23,23
2003,550643,1,1,0,6,0,0,0,0,8,18,12,6
2003,550644,1,1,3,3,3,3,3,3,3,3,3,3
2003,550644,2,1,0,0,0,0,0,0,0,0,0,0
2003,550645,1,1,0,0,0,0,20,0,0,0,0,0
2003,550646,1,1,0,0,0,0,0,0,0,0,0,0
2003,550646,2,1,0,0,0,0,0,0,0,0,0,0
2003,550646,3,1,0,0,0,0,0,0,0,0,5,11
2003,550647,1,1,0,0,0,0,0,0,0,0,0,0
2003,550647,2,1,0,0,0,0,0,0,0,0,0,0
2003,550648,1,1,23,0,17,0,0,0,11,7,0,0
2003,550649,1,1,0,0,0,0,0,0,0,0,0,0
2003,550650,1,1,2,2,2,2,2,2,2,2,2,2
2003,550651,1,1,0,0,0,0,0,0,0,0,0,0
2003,550651,2,1,0,0,0,0,0,0,0,0,0,0
2003,550652,1,1,21,21,21,21,21,21,21,21,21,21
2003,550653,1,1,0,0,0,0,0,0,0,0,0,0
2003,550653,2,1,0,0,0,0,0,0,0,0,0,0
2003,550654,1,1,0,0,0,0,0,0,0,0,0,0
2003,550654,2,1,0,0,0,0,0,0,0,0,0,0
2003,550655,1,1,0,0,0,0,0,0,0,0,0,0
2003,550655,2,1,0,0,0,0,0,0,0,0,0,0
2003,550656,1,1,11,11,11,11,11,11,11,11,11,11
2003,550657,1,1,19,19,19,19,19,19,19,19,19,19
2003,550658,1,1,0,0,0,0,0,13,0,0,0,0
2003,550658,2,1,0,0,0,0,0,0,0,0,0,0
2003,550659,1,1,0,0,0,0,0,0,0,0,0,0
2003,550659,2,1,0,0,0,0,0,0,0,0,0,0
2003,550660,1,1,22,22,22,22,22,22,22,22,22,22
2003,550661,1,1,0,0,0,0,0,0,0,0,0,0
2003,550661,2,1,0,0,0,0,0,0,0,0,0,0
2003,550662,1,1,0,0,0,0,0,0,0,0,0,0
2003,550662,2,1,0,0,0,0,0,0,0,0,0,0
2003,550662,3,1,0,0,0,0,0,0,0,0,0,0
2003,550662,4,1,0,0,0,0,0,0,0,0,0,0
2003,550663,1,1,19,19,19,19,19,19,19,19,19,19
2003,550664,1,1,0,0,0,0,0,0,0,0,0,0
2003,550665,1,1,10,10,10,10,10,10,10,10,10,10
2003,550666,0,1,0,0,0,0,0,0,0,0,0,0
2003,550666,1,1,0,0,0,0,0,0,0,0,0,0
2003,550667,1,1,14,14,14,14,14,14,14,14,14,14
2003,550668,1,1,25,25,25,25,25,25,25,25,25,25
2003,550669,1,1,14,14,14,14,14,14,14,14,14,14
2003,550670,1,1,0,0,0,0,0,0,0,0,0,0
2003,550670,2,1,0,0,0,0,0,0,0,0,0,0
2003,550671,0,1,0,0,0,0,0,0,0,0,0,0
2003,550671,1,1,22,23,13,15,14,16,20,5,16,15
2003,550672,1,1,25,25,25,25,25,25,25,25,25,25
2003,550673,1,1,27,27,27,27,27,27,27,27,27,27
2003,550674,1,1,15,15,15,15,15,15,15,15,15,15
2003,550675,1,1,14,14,14,14,14,14,14,14,14,14
2003,550676,1,1,0,0,0,0,0,0,0,0,0,0
2003,550676,2,1,0,0,0,0,0,0,0,0,0,0
2003,550677,1,1,8,8,8,8,8,8,8,8,8,8
2003,550678,1,1,0,0,0,0,0,0,0,0,0,0
2003,550678,2,1,0,0,0,0,0,0,0,0,0,0
2003,550679,1,1,0,0,0,0,0,0,0,0,0,0
2003,550679,2,1,0,0,0,0,0,0,0,0,0,0
2003,550680,1,1,0,0,0,0,0,0,0,0,0,0
2003,550681,1,1,0,0,0,0,0,0,0,0,0,0
2003,550682,1,1,0,0,0,0,0,0,0,0,0,0
2003,550683,1,1,14,14,14,14,14,14,14,14,14,14
2003,550684,1,1,0,0,0,0,0,0,0,25,0,0
2003,550685,1,1,19,20,24,20,19,25,14,6,16,17
2003,550686,1,1,0,0,0,0,6,0,0,0,0,0
2003,550687,1,1,0,0,0,0,0,0,0,0,5,0
2003,550688,1,1,20,20,20,20,20,20,20,20,20,20
2003,550689,0,1,0,2,21,0,17,0,25,0,0,0
2003,550689,1,1,0,0,0,11,0,0,13,3,0,22
2003,550690,1,1,0,0,0,0,0,0,0,0,0,0
2003,550691,1,1,0,0,0,0,0,0,0,0,0,0
2003,550691,2,1,21,0,0,0,15,0,0,0,17,0
2003,550692,1,1,0,0,0,0,0,0,0,0,0,0
2003,550692,2,1,0,0,0,0,0,0,0,0,0,0
2003,550692,3,1,0,0,0,0,0,5,0,0,0,0
2003,550693,1,1,0,0,0,0,0,0,0,0,0,0
2003,550693,2,1,0,0,0,0,0,0,0,0,0,0
2003,550694,1,1,0,0,0,0,0,0,0,0,0,0
2003,550694,2,1,0,0,0,0,0,0,0,0,0,0
2003,550695,1,1,21,0,0,0,0,0,0,0,0,0
2003,550695,2,1,0,0,0,0,6,0,0,0,0,0
2003,550696,1,1,16,16,16,16,16,16,16,16,16,16
2003,550696,2,1,0,0,0,0,0,0,0,0,0,0
2003,550697,1,1,0,0,0,0,0,0,0,0,0,0
2003,550697,2,1,0,0,0,0,0,0,0,0,0,0
2003,550697,3,1,0,0,0,14,0,0,0,0,0,0
2003,550698,1,1,13,13,13,13,13,13,13,13,13,13
2003,550699,1,1,0,0,0,0,0,0,0,0,0,0
2003,550700,1,1,0,0,0,0,0,0,0,0,0,0
2003,550701,1,1,0,0,0,0,0,0,0,0,0,0
2003,550701,2,1,0,0,0,0,0,0,0,0,0,0
2003,550702,1,1,0,0,0,0,0,0,0,0,0,0
2003,550703,0,1,41,41,41,41,41,41,41,41,41,41
2003,550703,1,1,0,0,0,0,0,0,14,0,7,0
2003,550704,1,1,0,0,0,0,0,0,0,0,0,0
2003,550704,2,1,0,0,0,0,0,0,0,0,0,0
2003,550705,1,1,0,0,0,0,0,0,0,0,0,0
2003,550706,1,1,21,21,21,21,21,21,21,21,21,21
2003,550707,1,1,0,0,0,0,0,0,0,0,0,0
2003,550708,1,1,18,18,18,18,18,18,18,18,18,18
2003,550709,1,1,26,26,26,26,26,26,26,26,26,26
2003,550710,1,1,0,0,0,0,0,0,0,0,0,0
2003,550710,2,1,0,0,0,0,0,0,0,0,0,0
2003,550711,1,1,14,14,14,14,14,14,14,14,14,14
2003,550711,2,1,13,13,13,13,13,13,13,13,13,13
2003,550712,1,1,25,25,25,25,25,25,25,25,25,25
2003,550713,1,1,0,0,0,0,0,0,0,0,0,0
2003,550714,1,1,29,29,29,29,29,29,29,29,29,29
2003,550715,0,1,0,0,0,0,0,0,0,0,0,0
2003,550715,1,1,0,0,0,0,0,0,0,0,0,0
2003,550716,1,1,0,0,0,0,0,0,0,0,0,0
2003,550716,2,1,0,0,14,0,0,0,0,0,0,14
2003,550717,1,1,0,0,0,0,0,0,0,0,0,0
2003,550717,2,1,0,0,0,0,0,0,0,0,0,0
2003,550718,1,1,0,0,0,0,0,0,0,0,0,0
2003,550718,2,1,0,0,0,0,0,0,0,0,0,0
2003,550719,1,1,0,0,0,0,0,0,0,0,0,0
2003,550719,2,1,0,0,0,0,0,0,0,0,0,0
2003,550720,1,1,26,26,26,26,26,26,26,26,26,26
2003,550721,1,1,0,0,0,0,0,0,0,0,0,0
2003,550721,2,1,0,0,0,0,0,0,0,0,0,0
2003,550722,1,1,0,0,0,0,0,0,0,0,0,0
2003,550722,2,1,0,0,0,0,0,0,0,0,0,0
2003,550723,1,1,4,4,4,4,4,4,4,4,4,4
2003,550723,2,1,0,0,0,0,0,0,0,0,0,0
2003,550724,1,1,0,0,0,0,0,0,0,0,0,0
2003,550724,2,1,0,0,0,0,0,0,0,0,0,0
2003,550725,0,1,0,0,0,0,0,0,0,0,0,0
2003,550725,1,1,0,0,0,0,0,0,0,0,0,0
2003,550726,1,1,0,9,0,8,4,0,0,0,0,0
2003,550726,2,1,0,0,0,0,0,0,0,0,0,0
2003,550727,1,1,0,0,0,0,0,0,0,0,0,0
2003,550727,2,1,0,0,0,0,0,0,0,0,0,0
2003,550727,3,1,0,0,0,0,0,0,0,0,0,0
2003,550728,1,1,0,0,0,0,0,0,0,0,0,0
2003,550728,2,1,0,0,15,15,0,0,0,0,0,0
2003,550729,1,1,0,0,0,0,0,0,0,15,0,0
2003,550730,1,1,0,0,0,0,0,0,0,0,0,0
2003,550731,0,1,23,14,25,24,0,33,11,31,18,37
2003,550731,1,1,0,0,0,9,0,0,17,0,0,0
2003,550732,1,1,0,0,0,0,0,0,0,0,0,0
2003,550732,2,1,0,0,0,0,0,0,0,0,0,0
2003,550733,0,1,0,0,0,0,0,0,0,0,0,0
2003,550733,1,1,0,0,0,0,0,0,0,0,0,0
2003,550734,1,1,20,20,20,20,20,20,20,20,20,20
2003,550735,1,1,22,22,22,22,22,22,22,22,22,22
2003,550736,1,1,18,18,18,18,18,18,18,18,18,18
2003,550737,1,1,25,25,25,25,25,25,25,25,25,25
2003,550738,0,1,0,0,0,0,0,0,0,0,0,0
2003,550738,1,1,0,0,0,0,0,0,0,0,0,0
2003,550739,1,1,0,0,0,0,0,0,0,0,0,0
2003,550739,2,1,0,0,0,0,0,0,0,0,0,0
2003,550740,1,1,0,0,0,0,0,0,0,0,0,0
2003,550740,2,1,0,0,0,0,0,0,0,0,0,0
2003,550740,3,1,0,0,0,0,0,0,0,0,0,0
2003,550740,4,1,0,0,0,0,0,0,0,0,0,0
2003,550740,5,1,0,0,0,0,0,0,0,0,0,0
2003,550741,1,1,25,25,25,25,25,25,25,25,25,25
2003,550742,1,1,10,10,10,10,10,10,10,10,10,10
2003,550743,1,1,5,5,5,5,5,5,5,5,5,5
2003,550744,1,1,24,24,24,24,24,24,24,24,24,24
2003,550745,1,1,19,19,19,19,19,19,19,19,19,19
2003,550745,2,1,0,0,0,0,0,0,0,0,0,0
2003,550746,1,1,20,15,2,24,8,6,5,29,9,8
2003,550746,2,1,8,8,8,8,8,8,8,8,8,8
2003,550747,1,1,26,26,26,26,26,26,26,26,26,26
2003,550748,0,1,0,0,0,0,0,0,0,0,0,0
2003,550748,1,1,0,0,0,0,0,0,0,0,0,0
2003,550749,1,1,0,0,0,0,0,0,0,0,0,0
2003,550749,2,1,0,0,0,0,0,0,0,0,0,0
2003,550750,1,1,10,10,10,10,10,10,10,10,10,10
2003,550751,1,1,0,0,14,0,0,9,0,0,0,0
2003,550752,1,1,0,0,0,0,0,0,0,0,0,0
2003,550753,1,1,0,0,0,0,0,0,0,0,0,0
2003,550754,1,1,0,0,0,0,0,0,0,0,0,0
2003,550755,1,1,22,22,22,22,22,22,22,22,22,22
2003,550755,2,1,21,21,21,21,21,21,21,21,21,21
2003,550756,1,1,0,0,0,0,0,0,0,1,12,0
2003,550757,1,1,16,16,16,16,16,16,16,16,16,16
2003,550758,1,1,0,0,0,0,0,0,0,0,0,0
2003,550759,1,1,0,0,0,0,0,0,0,0,7,0
2003,550760,1,1,11,11,11,11,11,11,11,11,11,11
2003,550761,1,1,0,0,0,0,0,0,0,0,0,0
2003,550762,1,1,24,24,24,24,24,24,24,24,24,24
2003,560001,1,1,0,0,0,32,0,0,0,0,0,0
2003,560002,1,1,20,20,20,20,20,20,20,20,20,20
2003,560003,1,1,14,14,14,14,14,14,14,14,14,14
2003,560004,0,1,14,16,18,40,18,39,33,33,25,30
2003,560004,1,1,0,10,0,0,0,14,0,0,0,0
2003,560005,1,1,14,14,14,14,14,14,14,14,14,14
2003,560006,0,1,0,0,0,0,7,41,0,0,13,0
2003,560006,1,1,0,0,0,0,0,0,0,0,0,0
2003,560007,1,1,0,0,0,0,0,0,0,0,0,0
2003,560008,1,1,0,0,0,0,0,0,0,0,0,0
2003,560009,1,1,0,0,0,0,0,0,0,0,0,4
2003,560009,2,1,0,0,0,0,0,0,0,0,0,0
2003,560010,0,1,0,48,16,20,0,0,24,0,0,16
2003,560010,0,2,12,21,0,19,10,0,3,23,0,0
2003,560010,1,1,0,0,0,0,0,0,0,0,0,0
2003,560011,1,1,0,0,0,0,0,0,0,0,0,0
2003,560012,1,1,0,0,0,0,0,0,0,0,0,0
2003,560013,0,1,29,29,29,29,29,29,29,29,29,29
2003,560013,1,1,0,0,0,0,0,0,0,0,0,0
2003,560014,1,1,1,1,1,1,1,1,1,1,1,1
2003,560014,2,1,0,0,0,0,0,0,0,0,0,0
2003,560015,1,1,0,0,0,0,0,0,0,0,0,0
2003,560015,2,1,0,0,0,0,0,0,0,0,0,0
2003,560016,1,1,0,0,0,0,0,0,0,0,0,0
2003,560016,2,1,0,0,10,0,0,0,0,0,17,0
2003,560017,1,1,23,23,23,23,23,23,23,23,23,23
2003,560017,2,1,0,0,0,0,0,0,0,0,0,0
2003,560018,1,1,32,32,32,32,32,32,32,32,32,32
2003,560018,2,1,0,0,0,0,0,0,0,0,0,0
2003,560019,1,1,0,0,0,0,0,0,0,0,0,0
2003,560020,0,1,0,0,0,0,0,0,0,0,0,0
2003,560020,0,2,13,0,25,18,0,0,23,0,0,24
2003,560020,1,1,0,0,0,0,0,0,0,0,0,0
2003,560021,1,1,0,0,0,0,0,0,0,0,0,0
2003,560021,2,1,0,0,0,0,0,0,0,0,0,0
2003,560022,1,1,16,0,0,0,0,0,0,0,0,0
2003,560022,2,1,0,0,0,0,0,0,0,0,0,0
2003,560023,1,1,30,30,30,30,30,30,30,30,30,30
2003,560024,1,1,26,26,26,26,26,26,26,26,26,26
2003,560025,1,1,0,0,0,0,0,0,15,0,0,0
2003,560026,1,1,3,14,12,20,14,26,16,15,15,22
2003,560027,1,1,24,24,24,24,24,24,24,24,24,24
2003,560028,1,1,0,0,0,0,0,0,0,0,0,0
2003,560029,1,1,0,0,0,13,0,0,9,0,0,0
2003,560030,1,1,20,20,20,20,20,20,20,20,20,20
2003,560031,1,1,0,0,0,0,0,0,0,0,0,0
2003,560032,1,1,0,0,0,0,17,0,0,0,0,0
2003,560032,2,1,0,0,0,0,0,0,0,0,0,0
2003,560032,3,1,0,0,0,0,0,0,0,0,0,0
2003,560032,4,1,0,0,0,0,0,0,0,0,0,0
2003,560033,1,1,0,0,0,0,0,0,0,0,0,0
2003,560034,1,1,16,16,16,16,16,16,16,16,16,16
2003,560034,2,1,0,0,0,0,0,0,0,0,0,0
2003,560035,1,1,4,4,4,4,4,4,4,4,4,4
2003,560036,1,1,0,0,0,0,0,0,0,0,0,0
2003,560036,2,1,0,0,0,0,0,0,0,0,0,0
2003,560037,1,1,0,0,0,0,0,0,0,0,36,0
2003,560037,2,1,0,0,0,0,0,0,0,0,0,0
2003,560038,1,1,0,0,18,9,19,0,0,0,14,0
2003,560038,2,1,0,0,0,0,0,0,0,0,0,0
2003,560038,3,1,11,0,0,0,0,0,0,0,0,0
2003,560039,1,1,0,0,0,0,0,0,0,0,0,0
2003,560040,1,1,36,36,36,36,36,36,36,36,36,36
2003,560040,2,1,0,0,0,0,0,0,0,0,0,0
2003,560041,1,1,16,16,16,16,16,16,16,16,16,16
2003,560042,1,1,0,0,0,0,0,0,0,0,0,0
2003,560043,1,1,0,0,0,19,0,0,0,0,0,0
2003,560044,1,1,0,0,0,0,0,0,0,0,0,0
2003,560045,1,1,27,27,27,27,27,27,27,27,27,27
2003,560046,1,1,22,22,22,22,22,22,22,22,22,22
2003,560047,1,1,18,18,18,18,18,18,18,18,18,18
2003,560048,1,1,0,0,0,0,0,0,0,0,0,0
2003,560049,1,1,21,21,21,21,21,21,21,21,21,21
2003,560050,1,1,0,0,0,0,0,0,0,0,0,0
2003,560051,1,1,12,12,12,12,12,12,12,12,12,12
2003,560052,1,1,0,0,0,0,0,0,0,0,0,0
2003,560053,1,1,0,0,0,0,2,0,0,0,0,0
2003,560053,2,1,0,0,0,0,0,0,0,0,0,0
2003,560054,1,1,0,0,0,0,0,0,0,0,0,0
2003,560054,2,1,0,0,0,0,0,0,0,0,0,0
2003,560054,3,1,0,0,0,0,0,0,0,0,0,0
2003,560054,4,1,0,0,0,0,0,0,0,0,0,0
2003,560054,5,1,0,0,0,0,0,0,0,0,0,0
2003,560055,1,1,4,4,4,4,4,4,4,4,4,4
2003,560055,2,1,0,0,0,0,0,0,0,0,0,0
2003,560055,3,1,0,0,0,0,0,0,0,0,0,0
2003,560056,1,1,2,2,2,2,2,2,2,2,2,2
2003,560057,0,1,27,27,27,27,27,27,27,27,27,27
2003,560057,0,2,0,0,36,31,0,22,0,42,4,0
2003,560057,1,1,0,0,0,0,0,0,0,0,0,0
2003,560058,1,1,16,16,16,16,16,16,16,16,16,16
2003,560059,1,1,0,0,0,0,0,0,0,0,0,19
2003,560060,1,1,0,0,0,0,0,0,0,0,0,0
2003,560061,1,1,0,0,0,0,0,0,0,0,0,0
2003,560062,1,1,19,19,19,19,19,19,19,19,19,19
2003,560063,1,1,0,0,0,0,0,0,0,0,0,0
2003,560063,2,1,0,0,0,0,0,0,0,0,0,0
2003,560064,1,1,0,0,0,0,0,0,0,0,0,0
2003,560065,1,1,10,10,10,10,10,10,10,10,10,10
2003,560066,1,1,17,17,17,17,17,17,17,17,17,17
2003,560067,1,1,0,0,0,0,0,0,0,0,0,0
2003,560067,2,1,0,0,0,0,0,0,0,0,0,0
2003,560067,3,1,0,0,0,0,0,0,0,0,0,0
2003,560068,1,1,0,0,0,0,0,0,0,0,0,0
2003,560069,1,1,0,0,0,0,0,0,0,0,0,0
2003,560070,1,1,5,5,5,5,5,5,5,5,5,5
2003,560071,1,1,0,0,0,0,0,0,0,0,0,0
2003,560072,1,1,0,0,0,0,0,0,0,0,0,0
2003,560073,1,1,20,20,20,20,20,20,20,20,20,20
2003,560074,1,1,25,23,15,7,5,17,9,8,7,11
2003,560075,1,1,0,0,3,0,0,18,0,0,0,0
2003,560076,1,1,0,0,0,0,0,0,0,0,0,0
2003,560077,1,1,14,14,14,14,14,14,14,14,14,14
2003,560078,1,1,14,14,14,14,14,14,14,14,14,14
2003,560078,2,1,0,0,0,0,0,0,0,0,0,0
2003,560079,1,1,2,2,2,2,2,2,2,2,2,2
2003,560080,1,1,0,0,0,0,0,0,0,0,0,0
2003,560081,1,1,6,6,6,6,6,6,6,6,6,6
2003,560082,1,1,0,0,0,0,0,0,0,0,0,0
2003,560082,2,1,0,0,0,0,0,0,0,0,0,0
2003,560082,3,1,0,0,0,0,0,0,0,0,0,0
2003,560083,1,1,38,38,38,38,38,38,38,38,38,38
2003,560084,1,1,22,22,22,22,22,22,22,22,22,22
2003,560085,1,1,0,0,0,0,0,0,0,0,0,0
2003,560086,1,1,0,0,0,0,0,0,0,0,0,0
2003,560087,1,1,6,6,6,6,6,6,6,6,6,6
2003,560088,1,1,0,0,0,0,0,0,0,0,0,0
2003,560088,2,1,0,0,0,0,0,0,0,0,0,0
2003,560089,1,1,0,0,0,0,0,0,0,0,0,0
2003,560090,0,1,0,0,0,0,0,0,0,0,0,0
2003,560090,1,1,0,0,0,0,0,0,0,0,19,0
2003,560091,1,1,0,0,0,0,6,0,0,0,0,0
2003,560092,1,1,0,0,0,0,0,0,0,0,0,0
2003,560093,1,1,0,0,0,0,0,0,0,0,0,0
2003,560094,1,1,0,0,0,0,0,0,0,0,0,0
2003,560094,2,1,0,0,0,0,0,0,0,0,0,0
2003,560095,1,1,0,0,0,0,0,0,0,0,0,0
2003,560096,1,1,0,0,0,0,0,0,0,0,0,0
2003,560096,2,1,0,0,0,0,0,0,0,0,0,0
2003,560097,1,1,0,0,0,0,0,0,0,0,0,0
2003,560098,1,1,15,15,15,15,15,15,15,15,15,15
2003,560099,1,1,0,17,11,0,0,0,0,0,7,0
2003,560100,1,1,0,0,0,0,0,0,0,0,0,0
2003,560100,2,1,0,0,0,0,0,0,0,0,0,0
2003,560100,3,1,0,0,0,0,0,0,0,0,0,0
2003,560101,1,1,0,0,0,0,0,0,0,0,0,0
2003,560102,1,1,0,0,0,0,0,0,0,0,0,0
2003,560102,2,1,0,0,0,0,0,0,0,0,0,0
2003,560103,1,1,0,0,0,0,0,0,0,0,0,0
2003,560103,2,1,0,0,0,0,0,0,0,0,0,0
2003,560104,1,1,0,0,0,0,0,0,0,0,0,0
2003,560105,1,1,6,6,6,6,6,6,6,6,6,6
2003,560106,1,1,0,0,0,0,0,0,0,0,0,0
2003,560107,1,1,0,0,0,0,0,0,0,0,0,0
2003,560107,2,1,0,0,13,0,0,0,0,0,8,0
2003,560108,1,1,0,0,0,0,0,0,0,0,0,0
2003,560109,1,1,33,33,33,33,33,33,33,33,33,33
2003,560110,1,1,0,0,0,0,0,0,0,0,0,0
2003,560110,2,1,0,0,0,0,0,0,0,0,0,0
2003,560111,1,1,0,0,0,0,0,0,0,0,0,0
2003,560111,2,1,11,11,11,11,11,11,11,11,11,11
2003,560112,1,1,0,0,0,0,0,0,0,0,0,0
2003,560113,1,1,0,0,0,0,0,0,0,0,0,0
2003,560113,2,1,0,0,0,0,0,0,0,0,0,0
2003,560114,1,1,18,18,18,18,18,18,18,18,18,18
2003,560115,0,1,0,0,0,0,0,0,0,0,0,0
2003,560115,1,1,0,0,0,0,0,0,0,0,0,0
2003,560116,1,1,11,0,11,12,0,31,0,0,9,0
2003,560117,1,1,21,21,21,21,21,21,21,21,21,21
2003,560117,2,1,0,0,0,0,0,0,0,0,0,0
2003,560118,1,1,0,0,0,0,0,0,0,0,0,0
2003,560119,1,1,0,0,7,0,0,33,0,0,0,0
2003,560120,1,1,11,11,11,11,11,11,11,11,11,11
2003,560121,1,1,0,0,2,16,0,0,0,0,0,0
2003,560122,1,1,0,0,0,0,0,0,0,0,0,0
2003,560122,2,1,0,0,0,20,0,0,0,0,0,0
2003,560123,1,1,0,0,0,0,0,0,0,0,0,0
2003,560124,1,1,0,0,0,0,0,0,0,0,0,0
2003,560124,2,1,0,0,0,0,0,0,0,0,0,0
2003,560125,1,1,0,0,0,0,0,0,0,0,0,0
2003,560126,1,1,0,0,0,0,0,0,0,29,0,0
2003,560126,2,1,0,0,0,0,0,0,0,0,0,0
2003,560127,1,1,0,0,22,0,0,0,0,0,0,0
2003,560127,2,1,0,0,0,0,0,0,0,0,0,0
2003,560128,1,1,0,0,0,0,0,0,0,0,0,0
2003,560129,1,1,0,0,0,0,0,0,0,0,0,0
2003,560130,1,1,0,0,0,0,0,0,0,0,0,0
2003,560130,2,1,0,0,0,0,0,0,0,0,0,0
2003,560131,1,1,0,0,0,0,0,0,0,0,0,0
2003,560131,2,1,0,0,0,0,0,0,0,0,0,0
2003,560132,1,1,28,28,28,28,28,28,28,28,28,28
2003,560132,2,1,0,0,0,0,0,0,0,0,0,0
2003,560133,1,1,4,4,4,4,4,4,4,4,4,4
2003,560134,1,1,0,0,0,0,0,0,0,0,0,0
2003,560134,2,1,0,0,0,0,0,0,0,0,0,0
2003,560135,1,1,0,0,0,0,0,0,0,0,0,0
2003,560135,2,1,0,0,0,0,0,0,0,0,0,0
2003,560136,1,1,0,0,0,0,0,0,0,0,0,0
2003,560136,2,1,0,0,0,0,0,0,0,0,0,0
2003,560137,1,1,16,16,16,16,16,16,16,16,16,16
2003,560137,2,1,0,0,0,0,0,0,0,0,0,0
2003,560137,3,1,0,0,0,0,0,0,0,0,0,0
2003,560138,1,1,0,0,0,0,0,0,0,0,0,0
2003,560138,2,1,4,4,4,4,4,4,4,4,4,4
2003,560139,1,1,0,0,16,0,0,0,0,0,0,0
2003,560140,1,1,0,0,0,0,0,0,0,12,0,0
2003,560141,1,1,0,0,0,0,5,0,0,0,0,0
2003,560141,2,1,0,0,0,0,0,0,0,0,0,0