YEAR,ST_CASE,veh_no,per_no,P1,P2,P3,P4,P5,P6,P7,P8,P9,P10
2003,60001,1,1,16,16,16,16,16,16,16,16,16,16
2003,60002,0,1,39,39,39,39,39,39,39,39,39,39
2003,60002,1,1,0,23,12,0,6,0,0,15,0,12
2003,60003,1,1,16,16,16,16,16,16,16,16,16,16
2003,60004,1,1,0,0,0,0,0,0,0,0,0,0
2003,60005,1,1,0,0,0,0,0,0,0,0,0,0
2003,60006,1,1,9,9,9,9,9,9,9,9,9,9
2003,60007,1,1,22,22,22,22,22,22,22,22,22,22
2003,60008,1,1,9,9,9,9,9,9,9,9,9,9
2003,60009,0,1,0,0,0,0,0,0,0,0,0,0
2003,60009,1,1,0,0,0,0,0,0,0,0,0,0
2003,60010,1,1,10,10,10,10,10,10,10,10,10,10
2003,60010,2,1,0,0,0,0,0,0,0,0,0,0
2003,60011,1,1,0,0,0,0,0,30,6,0,16,27
2003,60011,2,1,0,0,0,0,0,0,0,0,0,0
2003,60012,1,1,22,22,22,22,22,22,22,22,22,22
2003,60012,2,1,22,22,22,22,22,22,22,22,22,22
2003,60013,1,1,0,0,0,0,0,0,0,0,0,0
2003,60014,1,1,17,17,17,17,17,17,17,17,17,17
2003,60015,1,1,23,23,23,23,23,23,23,23,23,23
2003,60016,0,1,0,0,0,0,0,0,0,0,0,0
2003,60016,1,1,0,0,0,0,0,0,0,0,0,0
2003,60017,0,1,20,20,20,20,20,20,20,20,20,20
2003,60017,1,1,0,0,0,0,0,0,0,0,0,0
2003,60018,1,1,14,14,14,14,14,14,14,14,14,14
2003,60018,2,1,0,0,0,0,0,0,0,0,26,0
2003,60019,1,1,23,23,23,23,23,23,23,23,23,23
2003,60019,2,1,0,0,0,0,0,0,0,0,0,0
2003,60020,1,1,0,0,0,0,0,0,0,0,0,0
2003,60021,1,1,0,0,0,0,0,0,0,0,0,0
2003,60021,2,1,0,0,0,0,0,0,0,0,0,0
2003,60022,1,1,0,0,0,0,0,0,0,0,0,0
2003,60023,1,1,22,0,0,0,8,0,9,0,12,0
2003,60024,1,1,7,7,7,7,7,7,7,7,7,7
2003,60025,0,1,29,29,29,29,29,29,29,29,29,29
2003,60025,1,1,0,0,0,0,0,0,0,0,0,0
2003,60026,1,1,0,0,0,0,0,0,0,0,0,0
2003,60027,1,1,0,0,0,0,0,0,0,0,0,0
2003,60028,1,1,0,0,0,0,0,0,0,0,0,0
2003,60028,2,1,0,0,0,0,0,0,0,0,0,0
2003,60029,1,1,0,0,0,0,0,0,0,0,0,0
2003,60029,2,1,0,0,0,0,0,0,0,0,0,0
2003,60030,1,1,4,4,4,4,4,4,4,4,4,4
2003,60031,0,1,0,0,0,0,0,0,0,0,0,0
2003,60031,1,1,0,0,0,0,0,0,0,0,0,0
2003,60032,0,1,16,16,16,16,16,16,16,16,16,16
2003,60032,1,1,0,0,0,0,0,0,0,0,0,0
2003,60033,1,1,0,0,0,0,0,0,0,0,0,18
2003,60034,1,1,0,0,0,6,20,0,0,9,0,0
2003,60034,2,1,0,0,13,0,0,0,0,0,0,0
2003,60035,0,1,0,0,0,0,0,0,0,0,0,0
2003,60035,1,1,0,0,0,0,0,0,0,0,0,0
2003,60036,1,1,0,0,0,0,0,0,0,0,0,0
2003,60036,2,1,0,0,0,0,0,0,0,0,0,0
2003,60037,1,1,0,0,0,0,0,0,0,0,0,0
2003,60037,2,1,0,0,0,0,0,12,0,0,0,0
2003,60038,1,1,0,0,0,0,0,0,0,0,0,0
2003,60039,1,1,3,3,3,3,3,3,3,3,3,3
2003,60040,0,1,20,20,20,20,20,20,20,20,20,20
2003,60040,1,1,9,9,9,9,9,9,9,9,9,9
2003,60041,0,1,10,10,10,10,10,10,10,10,10,10
2003,60041,1,1,0,0,0,0,0,0,0,0,0,0
2003,60042,1,1,33,25,27,18,20,9,20,24,18,35
2003,60043,1,1,0,0,0,0,0,0,0,0,0,0
2003,60043,2,1,0,0,14,0,0,0,0,14,0,0
2003,60044,1,1,0,0,0,0,0,0,0,0,0,0
2003,60044,2,1,5,5,5,5,5,5,5,5,5,5
2003,60045,0,1,0,0,0,0,0,0,0,0,0,0
2003,60045,1,1,0,0,0,0,0,0,0,0,0,0
2003,60046,1,1,0,0,0,0,0,0,0,0,0,0
2003,60046,2,1,0,14,0,0,0,0,0,0,0,0
2003,60047,0,1,0,0,0,0,0,0,0,0,0,0
2003,60047,1,1,0,0,0,0,0,0,0,0,0,0
2003,60047,2,1,0,11,0,25,0,0,15,0,0,0
2003,60047,3,1,0,0,0,0,0,0,0,0,0,0
2003,60048,1,1,9,9,9,9,9,9,9,9,9,9
2003,60048,2,1,0,0,0,0,0,0,0,0,0,0
2003,60049,1,1,0,0,0,0,0,0,0,0,0,0
2003,60049,2,1,0,0,0,0,0,0,0,0,0,0
2003,60049,3,1,0,0,0,0,0,0,0,0,0,0
2003,60050,0,1,0,0,0,0,0,0,0,0,0,0
2003,60050,1,1,0,0,0,0,0,0,0,0,0,0
2003,60051,1,1,2,2,2,2,2,2,2,2,2,2
2003,60051,2,1,0,0,0,0,0,0,0,0,0,0
2003,60052,1,1,2,2,2,2,2,2,2,2,2,2
2003,60053,1,1,8,8,8,8,8,8,8,8,8,8
2003,60054,1,1,0,0,0,0,0,0,0,0,0,0
2003,60055,1,1,0,0,0,0,0,0,0,0,0,0
2003,60056,1,1,10,10,10,10,10,10,10,10,10,10
2003,60057,1,1,0,0,0,0,0,0,0,0,0,0
2003,60058,0,1,0,0,0,0,0,0,0,0,0,0
2003,60058,1,1,0,0,0,0,0,0,0,0,0,0
2003,60059,1,1,0,0,0,0,0,0,0,0,0,0
2003,60060,1,1,21,21,21,21,21,21,21,21,21,21
2003,60061,0,1,0,0,0,0,0,0,0,0,0,0
2003,60061,1,1,0,0,0,0,0,0,0,0,0,0
2003,60062,1,1,0,0,0,0,0,0,0,0,0,0
2003,60063,1,1,25,9,16,9,9,26,21,7,6,4
2003,60064,0,1,0,0,0,0,0,0,0,0,0,0
2003,60064,1,1,0,0,0,0,0,0,0,0,0,0
2003,60065,1,1,0,0,0,4,0,0,13,0,0,0
2003,60066,1,1,27,27,27,27,27,27,27,27,27,27
2003,60067,1,1,21,14,18,14,15,13,18,10,11,21
2003,60068,1,1,0,0,0,0,0,0,0,0,0,0
2003,60069,1,1,0,0,0,0,0,0,0,0,0,0
2003,60070,1,1,0,0,0,0,0,0,0,0,0,0
2003,60071,1,1,0,0,0,0,0,0,9,0,22,0
2003,60071,2,1,0,0,0,0,0,0,0,0,0,0
2003,60072,0,1,0,0,0,0,0,0,0,0,0,0
2003,60072,1,1,0,0,0,0,0,0,0,0,0,0
2003,60073,1,1,19,19,19,19,19,19,19,19,19,19
2003,60073,2,1,0,0,0,0,0,0,0,0,0,0
2003,60074,0,1,39,39,39,39,39,39,39,39,39,39
2003,60074,1,1,0,0,0,0,0,0,0,0,0,0
2003,60075,0,1,0,0,0,0,0,0,0,0,0,0
2003,60075,1,1,0,0,0,0,0,0,0,0,0,0
2003,60076,1,1,1,1,1,1,1,1,1,1,1,1
2003,60076,2,1,0,0,0,0,0,0,0,0,0,0
2003,60077,1,1,0,0,0,0,0,0,0,0,0,0
2003,60078,1,1,0,0,0,0,0,0,0,0,0,0
2003,60079,1,1,12,12,12,12,12,12,12,12,12,12
2003,60080,1,1,0,0,0,0,0,0,0,0,0,0
2003,60080,2,1,0,0,0,0,0,0,4,0,0,0
2003,60081,0,1,8,0,33,0,0,0,0,0,0,0
2003,60081,1,1,0,0,0,0,0,0,0,0,0,0
2003,60082,0,1,0,0,0,0,0,0,0,0,0,0
2003,60082,1,1,0,0,0,0,0,0,0,0,0,0
2003,60083,1,1,22,22,22,22,22,22,22,22,22,22
2003,60084,1,1,0,0,0,0,0,0,0,0,0,0
2003,60085,0,1,0,0,0,0,0,0,0,0,0,0
2003,60085,1,1,0,0,0,0,0,0,0,0,0,0
2003,60086,0,1,0,0,0,0,0,0,0,0,0,0
2003,60086,1,1,0,0,0,0,0,0,0,0,0,0
2003,60087,1,1,0,0,0,0,0,0,0,0,0,0
2003,60087,2,1,0,0,0,0,0,0,0,0,0,0
2003,60088,1,1,0,0,0,0,0,0,0,0,0,0
2003,60088,2,1,0,0,0,0,0,0,0,0,0,0
2003,60088,3,1,0,0,0,0,0,0,0,0,0,0
2003,60089,0,1,0,0,0,0,0,0,0,0,0,0
2003,60089,1,1,0,0,0,0,0,0,0,0,0,0
2003,60090,1,1,0,0,0,0,0,0,0,0,0,0
2003,60090,2,1,0,0,0,0,0,0,0,0,0,0
2003,60091,1,1,0,0,0,0,0,0,0,0,0,0
2003,60092,0,1,0,0,0,0,0,0,0,0,0,0
2003,60092,1,1,0,0,0,0,0,0,0,9,0,0
2003,60093,0,1,0,0,0,0,0,0,0,0,0,0
2003,60093,1,1,0,0,0,0,0,0,0,0,0,0
2003,60094,0,1,13,13,13,13,13,13,13,13,13,13
2003,60094,1,1,0,0,0,0,0,0,0,0,0,0
2003,60095,1,1,10,20,3,20,12,7,7,24,14,0
2003,60096,1,1,0,0,0,0,0,0,0,0,0,0
2003,60097,1,1,0,0,0,0,0,0,0,0,0,0
2003,60097,2,1,0,0,0,0,0,0,0,0,0,0
2003,60097,3,1,0,0,0,0,10,0,0,0,0,0
2003,60098,0,1,24,24,24,24,24,24,24,24,24,24
2003,60098,1,1,0,0,0,0,0,0,0,0,0,0
2003,60099,0,2,0,0,0,0,0,0,0,0,0,0
2003,60099,1,1,6,6,6,6,6,6,6,6,6,6
2003,60100,0,1,0,0,51,7,22,0,0,22,6,0
2003,60100,1,1,0,0,0,0,0,0,0,0,0,0
2003,60100,2,1,0,0,0,0,0,0,0,0,0,0
2003,60101,1,1,0,0,0,0,0,0,0,0,0,0
2003,60101,2,1,0,0,0,0,0,0,0,0,0,0
2003,60101,3,1,0,0,0,0,0,0,0,0,0,0
2003,60101,4,1,0,0,0,0,0,0,0,0,0,0
2003,60101,5,1,0,0,0,0,0,0,0,0,0,0
2003,60102,1,1,0,0,0,0,0,0,0,0,0,0
2003,60102,2,1,7,7,7,7,7,7,7,7,7,7
2003,60103,1,1,0,0,0,0,0,0,0,0,0,0
2003,60104,1,1,0,0,3,11,0,0,0,0,0,0
2003,60106,0,1,0,0,0,0,0,0,0,0,0,0
2003,60106,1,1,18,18,18,18,18,18,18,18,18,18
2003,60107,1,1,0,0,0,0,0,0,0,0,0,0
2003,60107,2,1,12,12,12,12,12,12,12,12,12,12
2003,60108,1,1,0,0,0,0,0,0,0,0,0,0
2003,60108,2,1,0,0,0,0,0,0,0,0,0,0
2003,60109,1,1,0,0,0,0,0,0,0,0,0,0
2003,60109,2,1,0,0,0,0,0,0,0,0,0,0
2003,60110,1,1,0,0,0,0,0,0,0,0,0,0
2003,60110,2,1,0,0,0,0,0,0,0,0,0,0
2003,60111,1,1,0,0,0,0,0,0,0,0,0,0
2003,60112,1,1,20,20,20,20,20,20,20,20,20,20
2003,60113,1,1,0,0,0,0,0,0,0,0,0,0
2003,60114,1,1,10,10,10,10,10,10,10,10,10,10
2003,60115,1,1,16,10,13,0,0,0,0,0,0,0
2003,60116,1,1,0,0,0,0,0,0,0,0,0,0
2003,60117,1,1,0,0,0,0,0,0,0,0,0,0
2003,60118,1,1,0,0,0,0,0,0,0,0,0,0
2003,60118,2,1,0,0,0,0,0,0,0,0,0,0
2003,60118,3,1,0,0,0,0,0,0,0,0,0,0
2003,60119,1,1,0,0,0,0,0,0,0,0,0,0
2003,60119,2,1,0,0,0,0,0,0,0,0,0,0
2003,60120,1,1,0,0,10,0,25,17,0,0,18,19
2003,60121,1,1,12,12,12,12,12,12,12,12,12,12
2003,60122,1,1,0,0,0,0,0,0,0,0,0,0
2003,60123,1,1,0,0,0,0,0,0,0,0,0,0
2003,60123,2,1,0,0,0,0,0,0,0,0,0,0
2003,60124,1,1,0,0,0,0,0,0,0,0,0,0
2003,60124,2,1,0,0,0,0,0,0,0,0,0,0
2003,60125,1,1,14,14,14,14,14,14,14,14,14,14
2003,60126,1,1,0,0,0,0,0,0,0,0,0,0
2003,60127,1,1,4,4,4,4,4,4,4,4,4,4
2003,60127,2,1,0,0,0,0,0,0,0,0,0,0
2003,60128,1,1,0,0,0,0,0,0,0,0,0,0
2003,60128,2,1,0,0,0,0,0,0,0,0,0,0
2003,60129,1,1,0,0,0,0,0,0,0,0,0,0
2003,60129,2,1,0,0,0,0,0,0,0,0,0,0
2003,60130,1,1,0,0,0,0,0,0,0,0,0,0
2003,60130,2,1,0,0,0,0,0,0,0,0,0,0
2003,60131,0,1,0,0,0,0,0,0,0,0,0,0
2003,60131,1,1,0,0,0,0,0,0,0,0,0,0
2003,60132,0,1,16,16,16,16,16,16,16,16,16,16
2003,60132,1,1,0,0,0,0,0,0,0,0,0,0
2003,60133,1,1,14,14,14,14,14,14,14,14,14,14
2003,60134,1,1,20,20,20,20,20,20,20,20,20,20
2003,60135,1,1,0,0,0,0,0,0,0,0,0,0
2003,60136,0,1,0,0,0,0,0,0,0,0,0,0
2003,60136,1,1,0,0,0,0,0,0,0,0,0,0
2003,60137,1,1,0,0,0,0,0,0,0,0,0,0
2003,60138,1,1,0,0,0,0,0,0,0,0,0,0
2003,60138,2,1,0,0,0,0,0,0,0,0,0,0
2003,60139,1,1,0,0,0,0,0,0,15,8,0,23
2003,60140,0,1,5,5,5,5,5,5,5,5,5,5
2003,60140,1,1,0,0,0,0,0,0,0,0,0,0
2003,60140,2,1,0,0,0,0,0,0,0,0,0,0
2003,60140,3,1,0,0,0,0,0,0,0,0,0,0
2003,60141,1,1,3,3,3,3,3,3,3,3,3,3
2003,60141,2,1,0,0,0,0,0,0,0,0,0,0
2003,60142,1,1,0,0,0,0,0,0,0,0,0,0
2003,60142,2,1,0,0,0,0,0,0,0,0,0,0
2003,60143,0,1,0,0,0,0,0,0,0,0,0,0
2003,60143,1,1,0,0,0,0,0,0,0,0,0,0
2003,60144,0,1,0,0,0,0,0,0,0,0,0,0
2003,60144,0,2,13,16,31,0,0,0,0,0,0,18
2003,60144,1,1,0,0,0,0,0,0,0,0,0,0
2003,60145,1,1,0,0,0,0,0,0,0,0,0,0
2003,60145,2,1,0,0,0,0,0,0,0,0,0,0
2003,60145,3,1,0,0,0,0,7,21,0,0,0,0
2003,60145,4,1,0,0,0,0,0,0,0,0,0,0
2003,60145,5,1,0,0,0,0,0,0,0,0,0,0
2003,60146,1,1,0,0,15,0,0,0,0,21,0,0
2003,60146,2,1,0,0,0,0,0,0,0,0,0,0
2003,60147,1,1,0,0,0,0,0,0,0,0,0,0
2003,60147,2,1,0,0,0,0,0,0,0,0,0,0
2003,60148,0,1,0,0,0,0,0,0,0,0,0,0
2003,60148,1,1,0,0,0,0,0,0,0,0,0,32
2003,60149,1,1,1,1,1,1,1,1,1,1,1,1
2003,60149,2,1,0,0,0,0,0,0,0,0,0,0
2003,60150,0,1,0,0,0,0,0,0,0,0,0,0
2003,60150,1,1,18,0,0,20,0,0,34,17,0,0
2003,60151,0,1,21,21,21,21,21,21,21,21,21,21
2003,60151,1,1,0,0,20,0,0,0,0,0,0,0
2003,60152,1,1,15,15,15,15,15,15,15,15,15,15
2003,60153,1,1,22,22,22,22,22,22,22,22,22,22
2003,60154,1,1,17,17,17,17,17,17,17,17,17,17
2003,60155,0,1,0,0,0,0,0,0,0,0,0,0
2003,60155,1,1,0,0,0,0,0,0,0,0,0,0
2003,60156,1,1,25,25,25,25,25,25,25,25,25,25
2003,60156,2,1,12,12,12,12,12,12,12,12,12,12
2003,60157,1,1,12,12,12,12,12,12,12,12,12,12
2003,60158,1,1,13,13,13,13,13,13,13,13,13,13
2003,60159,1,1,5,5,5,5,5,5,5,5,5,5
2003,60159,2,1,0,0,0,0,0,0,0,0,0,0
2003,60160,1,1,0,0,0,0,0,0,0,0,0,0
2003,60160,2,1,0,0,0,0,0,0,0,0,0,0
2003,60161,1,1,0,0,0,0,0,0,0,0,0,0
2003,60162,1,1,0,0,0,0,0,0,0,0,0,0
2003,60162,2,1,0,0,0,0,0,0,0,0,0,0
2003,60163,0,1,0,0,0,0,0,0,0,0,0,0
2003,60163,1,1,0,0,0,0,0,0,0,0,0,0
2003,60164,0,1,0,0,0,0,0,0,0,0,0,0
2003,60164,1,1,0,32,3,0,0,7,8,0,0,26
2003,60165,0,1,21,21,21,21,21,21,21,21,21,21
2003,60165,1,1,23,0,0,0,0,0,0,0,0,0
2003,60166,1,1,0,0,0,0,8,8,3,16,0,0
2003,60166,2,1,0,0,0,0,0,0,0,0,0,0
2003,60167,0,1,0,0,0,0,0,0,0,0,0,0
2003,60167,1,1,0,0,0,0,0,0,0,0,0,0
2003,60168,1,1,0,0,0,0,0,0,0,0,0,0
2003,60169,1,1,16,16,16,16,16,16,16,16,16,16
2003,60170,1,1,0,0,0,0,0,0,0,0,0,0
2003,60170,2,1,0,0,0,0,0,0,0,0,0,0
2003,60171,1,1,14,14,14,14,14,14,14,14,14,14
2003,60171,2,1,0,0,0,0,0,17,0,0,0,0
2003,60172,0,1,6,6,6,6,6,6,6,6,6,6
2003,60172,1,1,0,0,0,0,0,0,0,0,0,0
2003,60173,0,1,0,0,0,0,0,0,0,0,0,0
2003,60173,1,1,0,0,0,0,0,0,0,0,0,0
2003,60174,0,1,0,0,0,0,0,0,0,0,0,0
2003,60174,1,1,0,0,0,0,0,0,0,0,0,0
2003,60175,1,1,0,0,0,0,0,0,0,0,0,0
2003,60175,2,1,0,0,0,0,0,0,0,0,0,0
2003,60176,1,1,0,0,0,0,0,0,0,0,0,0
2003,60177,1,1,4,4,4,4,4,4,4,4,4,4
2003,60178,0,1,23,23,23,23,23,23,23,23,23,23
2003,60178,1,1,0,0,0,0,0,0,0,0,0,0
2003,60179,1,1,0,0,0,0,0,0,0,0,0,0
2003,60180,1,1,0,0,0,0,0,0,0,0,0,0
2003,60181,1,1,0,0,0,0,0,0,0,0,0,0
2003,60181,2,1,0,0,0,0,0,0,0,0,0,0
2003,60182,0,1,0,0,0,0,0,0,0,0,0,0
2003,60182,1,1,0,0,0,0,0,0,11,0,0,0
2003,60182,2,1,0,0,0,0,0,0,0,0,0,0
2003,60182,3,1,0,0,0,32,20,0,0,22,0,0
2003,60182,4,1,0,0,0,0,0,0,0,0,0,6
2003,60183,1,1,0,0,0,0,0,0,0,0,0,0
2003,60183,2,1,0,0,0,0,0,0,0,0,0,0
2003,60184,1,1,0,0,0,0,0,0,0,0,0,0
2003,60184,2,1,0,9,21,0,10,0,0,0,0,0
2003,60185,1,1,5,5,5,5,5,5,5,5,5,5
2003,60185,2,1,0,0,0,0,0,0,0,0,0,0
2003,60186,1,1,0,0,0,0,0,0,0,0,0,0
2003,60186,2,1,0,0,0,0,0,0,0,0,0,0
2003,60187,1,1,0,0,0,0,0,0,0,0,0,0
2003,60187,2,1,0,0,0,0,0,0,0,0,0,0
2003,60188,1,1,0,0,0,0,0,0,0,0,0,0
2003,60188,2,1,0,0,0,0,0,0,0,0,0,0
2003,60188,3,1,0,0,0,0,0,0,0,0,0,0
2003,60189,1,1,6,18,14,36,9,26,9,11,13,22
2003,60189,2,1,0,0,0,0,15,0,0,0,0,17
2003,60190,1,1,0,0,0,0,0,0,0,0,0,0
2003,60190,2,1,0,0,0,0,0,0,0,0,0,0
2003,60191,1,1,16,16,16,16,16,16,16,16,16,16
2003,60192,1,1,0,0,0,0,0,0,0,0,0,0
2003,60192,2,1,0,0,0,0,0,0,0,0,0,0
2003,60193,1,1,0,0,0,0,0,0,0,0,0,0
2003,60193,2,1,0,0,0,0,0,0,0,0,0,0
2003,60194,1,1,18,14,25,15,23,26,19,19,23,13
2003,60195,1,1,0,0,0,0,0,0,0,0,0,0
2003,60196,1,1,0,0,0,0,0,2,0,10,5,0
2003,60197,1,1,0,0,0,0,0,0,0,0,0,0
2003,60197,2,1,0,0,0,0,0,0,0,0,0,0
2003,60198,1,1,16,16,16,16,16,16,16,16,16,16
2003,60199,1,1,0,0,0,0,0,0,0,0,0,0
2003,60200,1,1,0,0,0,0,0,0,0,0,0,0
2003,60200,2,1,11,2,0,0,0,0,0,0,0,0
2003,60200,3,1,0,25,0,0,0,11,0,0,0,0
2003,60201,1,1,0,0,0,0,0,0,0,0,0,0
2003,60201,2,1,0,0,0,0,0,0,0,0,0,0
2003,60201,3,1,0,0,0,0,0,0,0,0,0,0
2003,60202,1,1,0,0,0,0,0,0,0,0,0,0
2003,60202,2,1,0,0,0,0,0,0,0,0,0,0
2003,60203,1,1,0,0,0,0,0,0,0,0,0,0
2003,60203,2,1,0,0,0,0,0,0,0,0,0,0
2003,60203,3,1,0,0,0,0,0,0,0,0,0,0
2003,60204,0,1,21,21,21,21,21,21,21,21,21,21
2003,60204,1,1,0,0,0,0,0,0,0,0,0,0
2003,60205,0,1,0,0,0,0,0,0,0,0,0,0
2003,60205,1,1,0,0,0,0,0,0,11,0,0,0
2003,60206,1,1,0,0,0,0,0,0,0,0,0,0
2003,60206,2,1,0,0,0,0,0,0,0,0,0,0
2003,60207,1,1,0,0,0,0,0,0,0,0,0,0
2003,60207,2,1,0,0,0,0,0,0,0,0,0,0
2003,60208,0,1,0,0,0,0,0,0,0,0,0,0
2003,60208,1,1,0,0,0,0,0,0,0,0,0,0
2003,60209,1,1,0,0,0,0,0,0,0,0,0,0
2003,60210,0,1,0,0,0,0,0,0,0,0,0,0
2003,60210,1,1,0,0,0,0,0,0,0,0,0,0
2003,60211,1,1,0,0,0,0,0,0,0,0,0,0
2003,60211,2,1,0,0,0,0,0,0,0,0,0,0
2003,60212,1,1,8,8,8,8,8,8,8,8,8,8
2003,60213,1,1,0,0,0,0,0,0,0,0,0,0
2003,60214,1,1,0,0,0,0,0,0,0,0,0,0
2003,60215,1,1,0,0,0,0,0,0,0,0,0,0
2003,60215,2,1,0,0,0,0,0,0,0,0,0,0
2003,60216,1,1,0,0,0,0,0,0,0,0,0,0
2003,60216,2,1,0,0,0,0,0,0,0,0,0,0
2003,60217,1,1,0,0,0,0,0,0,0,0,0,0
2003,60218,0,1,21,21,21,21,21,21,21,21,21,21
2003,60218,1,1,0,0,0,0,0,0,0,0,0,0
2003,60219,1,1,9,9,9,9,9,9,9,9,9,9
2003,60219,2,1,0,0,0,0,0,0,0,0,0,0
2003,60220,0,1,0,0,0,0,0,0,0,0,0,0
2003,60220,1,1,0,0,0,0,12,0,0,0,0,0
2003,60221,0,1,0,0,0,0,0,0,0,0,0,0
2003,60221,1,1,9,9,9,9,9,9,9,9,9,9
2003,60222,1,1,0,0,0,0,0,0,0,0,0,0
2003,60223,1,1,0,0,0,0,0,0,0,0,0,0
2003,60223,2,1,0,0,0,0,0,0,0,0,0,0
2003,60224,1,1,0,0,0,0,0,0,0,0,0,0
2003,60224,2,1,0,0,0,0,0,0,0,0,0,0
2003,60225,1,1,9,9,9,9,9,9,9,9,9,9
2003,60225,2,1,0,0,0,0,0,0,0,0,0,0
2003,60226,1,1,24,24,24,24,24,24,24,24,24,24
2003,60227,1,1,33,33,33,33,33,33,33,33,33,33
2003,60228,1,1,0,0,18,0,0,0,0,0,0,7
2003,60229,1,1,0,0,0,0,0,0,0,0,0,0
2003,60230,1,1,0,0,0,0,0,0,0,0,0,0
2003,60231,1,1,17,17,17,17,17,17,17,17,17,17
2003,60232,1,1,0,0,0,0,0,0,0,0,0,0
2003,60233,0,1,0,0,0,0,0,0,0,0,0,0
2003,60233,1,1,0,0,0,0,0,0,0,0,0,0
2003,60234,1,1,15,15,15,15,15,15,15,15,15,15
2003,60235,1,1,0,0,0,0,0,0,0,0,0,0
2003,60236,1,1,0,0,0,0,0,0,0,0,0,0
2003,60236,2,1,0,0,0,0,0,0,0,0,0,0
2003,60236,3,1,0,0,0,0,0,0,0,0,0,0
2003,60236,4,1,0,0,0,0,0,0,0,0,0,0
2003,60237,0,1,30,30,30,30,30,30,30,30,30,30
2003,60237,1,1,0,0,0,0,0,0,0,0,0,0
2003,60238,1,1,0,0,0,0,0,0,0,0,0,0
2003,60238,2,1,0,0,0,0,0,0,0,0,0,0
2003,60239,1,1,0,0,0,0,0,0,0,0,0,0
2003,60239,2,1,0,0,0,0,0,0,0,0,0,0
2003,60240,1,1,0,8,0,0,0,0,0,0,0,0
2003,60240,2,1,0,0,0,0,0,0,0,0,0,0
2003,60241,1,1,0,0,0,0,0,0,0,0,0,0
2003,60241,2,1,0,0,0,13,0,0,0,0,0,0
2003,60242,0,1,24,24,24,24,24,24,24,24,24,24
2003,60242,1,1,0,0,0,0,0,0,0,0,0,0
2003,60243,1,1,0,0,0,0,0,0,0,0,0,0
2003,60244,1,1,0,0,0,0,0,0,0,0,0,0
2003,60244,2,1,0,0,0,0,0,0,0,0,0,0
2003,60245,0,1,0,0,0,0,0,0,0,0,0,0
2003,60245,1,1,0,0,0,0,0,0,0,0,0,0
2003,60246,1,1,0,0,0,0,0,0,0,0,0,0
2003,60246,2,1,0,0,0,0,0,0,0,0,0,0
2003,60247,0,1,0,0,0,0,0,0,0,0,0,0
2003,60247,1,1,0,0,0,0,0,0,0,0,0,0
2003,60248,1,1,0,0,0,0,0,0,0,0,0,0
2003,60248,2,1,13,13,13,13,13,13,13,13,13,13
2003,60249,0,1,0,0,0,0,0,0,0,0,0,0
2003,60249,0,2,0,0,0,0,0,0,0,0,0,0
2003,60249,1,1,0,0,0,0,0,0,0,0,0,0
2003,60250,0,1,0,0,0,0,0,0,0,0,0,0
2003,60250,1,1,0,0,0,0,0,0,0,0,0,0
2003,60251,0,1,0,0,0,0,0,0,0,0,0,0
2003,60251,1,1,0,0,0,0,0,0,0,0,0,0
2003,60252,0,1,4,4,4,4,4,4,4,4,4,4
2003,60252,1,1,0,0,0,2,16,13,0,0,0,0
2003,60253,1,1,14,14,14,14,14,14,14,14,14,14
2003,60254,1,1,0,0,0,0,0,0,0,0,0,0
2003,60255,0,1,0,0,0,0,0,0,0,0,0,0
2003,60255,0,2,0,0,0,0,0,0,0,0,0,0
2003,60255,1,1,0,0,0,0,0,0,0,0,0,0
2003,60256,1,1,0,0,0,0,0,0,0,0,0,0
2003,60257,1,1,22,22,22,22,22,22,22,22,22,22
2003,60258,0,1,30,30,30,30,30,30,30,30,30,30
2003,60258,1,1,0,0,0,0,0,0,0,0,0,0
2003,60259,0,1,0,0,24,0,0,0,0,0,0,0
2003,60259,1,1,0,0,0,0,0,0,0,0,0,0
2003,60260,0,1,8,0,0,0,3,0,0,25,0,0
2003,60260,1,1,0,0,0,0,0,0,0,0,0,0
2003,60261,1,1,26,26,26,26,26,26,26,26,26,26
2003,60262,1,1,0,8,0,22,9,8,22,12,23,14
2003,60263,1,1,0,0,0,0,0,0,0,0,0,0
2003,60263,2,1,0,0,0,0,0,0,0,0,0,0
2003,60263,3,1,0,0,0,0,0,0,0,0,0,0