YEAR,ST_CASE,veh_no,per_no,P1,P2,P3,P4,P5,P6,P7,P8,P9,P10
2003,60264,1,1,0,0,0,0,0,0,0,0,0,0
2003,60264,2,1,0,0,0,0,0,0,0,0,0,0
2003,60265,1,1,0,0,0,0,0,0,0,0,0,0
2003,60265,2,1,0,0,0,0,0,0,0,0,0,0
2003,60265,3,1,0,0,0,0,0,0,0,0,0,0
2003,60265,4,1,0,0,0,0,0,0,0,0,0,0
2003,60266,0,1,11,0,0,0,0,0,0,16,0,0
2003,60266,1,1,0,0,0,0,0,0,0,0,0,0
2003,60267,1,1,10,10,10,10,10,10,10,10,10,10
2003,60268,0,1,0,0,0,0,0,0,0,0,0,0
2003,60268,1,1,0,0,0,0,0,0,0,0,0,0
2003,60269,0,1,0,0,0,0,0,0,0,0,0,0
2003,60269,0,2,0,0,0,0,0,0,0,0,0,0
2003,60269,1,1,0,0,0,0,0,0,0,0,0,0
2003,60270,1,1,0,0,0,18,0,24,17,0,0,0
2003,60271,0,1,0,0,0,0,0,0,0,0,0,0
2003,60271,1,1,0,0,0,0,0,0,0,0,0,0
2003,60272,0,1,0,0,0,0,0,0,0,0,0,0
2003,60272,1,1,0,0,0,0,0,0,0,0,0,0
2003,60273,0,1,0,0,0,0,0,0,0,0,0,0
2003,60273,1,1,0,0,0,0,0,0,0,0,0,0
2003,60274,1,1,0,0,0,0,0,0,0,0,0,0
2003,60274,2,1,0,0,0,0,0,0,0,0,0,0
2003,60274,3,1,0,0,0,0,0,0,0,0,0,0
2003,60275,1,1,0,0,0,0,0,0,0,0,0,0
2003,60275,2,1,11,11,11,11,11,11,11,11,11,11
2003,60276,1,1,0,0,0,0,0,0,0,0,22,0
2003,60276,2,1,0,0,0,0,0,0,0,0,0,0
2003,60277,1,1,24,24,24,24,24,24,24,24,24,24
2003,60278,1,1,0,0,0,0,0,0,0,0,0,0
2003,60278,2,1,0,0,0,0,0,0,0,0,0,0
2003,60279,1,1,0,0,0,0,0,0,0,0,0,0
2003,60279,2,1,0,0,0,0,0,0,0,0,0,0
2003,60280,1,1,14,14,14,14,14,14,14,14,14,14
2003,60281,0,1,0,0,11,0,0,0,0,34,0,0
2003,60281,1,1,8,8,8,8,8,8,8,8,8,8
2003,60282,1,1,0,0,0,0,0,0,0,0,0,0
2003,60282,2,1,0,0,0,0,0,0,0,0,0,0
2003,60283,1,1,0,0,0,0,0,0,0,0,0,0
2003,60283,2,1,0,0,0,0,0,0,0,0,0,0
2003,60284,1,1,0,0,0,0,0,0,0,0,0,0
2003,60285,1,1,0,0,0,0,0,0,0,0,0,0
2003,60285,2,1,0,0,0,0,0,0,0,0,0,0
2003,60286,1,1,5,13,0,0,0,0,0,0,0,0
2003,60287,1,1,0,0,0,0,0,0,0,0,0,0
2003,60287,2,1,0,0,0,0,0,0,0,0,0,0
2003,60287,3,1,0,0,0,0,0,0,0,0,0,0
2003,60287,4,1,0,0,0,0,0,0,0,0,0,0
2003,60288,1,1,0,0,0,0,0,0,0,0,0,0
2003,60288,2,1,0,0,0,0,0,0,0,0,0,0
2003,60288,3,1,0,0,0,0,0,0,0,0,0,0
2003,60289,1,1,0,0,0,0,0,0,0,0,0,0
2003,60289,2,1,0,0,0,0,0,0,0,0,0,0
2003,60290,1,1,6,0,0,0,0,0,0,0,0,0
2003,60290,2,1,0,0,0,0,0,0,0,0,0,0
2003,60291,1,1,0,0,0,0,0,0,0,0,0,0
2003,60291,2,1,0,0,0,0,0,0,0,0,0,0
2003,60292,1,1,0,0,0,0,0,0,0,0,0,0
2003,60292,2,1,0,0,0,0,0,0,0,0,0,0
2003,60293,0,1,0,0,0,0,0,0,0,0,0,0
2003,60293,1,1,0,0,0,0,0,0,0,0,0,0
2003,60294,0,1,0,0,0,0,0,0,0,0,0,0
2003,60294,1,1,0,0,0,0,0,0,0,0,0,0
2003,60295,0,1,0,0,0,0,0,0,0,0,0,0
2003,60295,1,1,0,0,0,0,0,0,0,0,0,0
2003,60296,1,1,0,0,0,0,0,0,0,0,0,0
2003,60297,1,1,8,8,8,8,8,8,8,8,8,8
2003,60298,1,1,0,0,0,0,0,0,0,0,0,0
2003,60299,0,1,31,31,31,31,31,31,31,31,31,31
2003,60299,1,1,0,0,0,0,0,0,0,0,0,0
2003,60300,0,1,32,32,32,32,32,32,32,32,32,32
2003,60300,1,1,0,0,0,0,0,0,0,0,0,0
2003,60301,0,1,0,0,5,8,0,32,0,0,17,10
2003,60301,1,1,0,0,0,0,0,0,0,0,0,0
2003,60302,1,1,0,0,0,8,2,0,0,19,0,0
2003,60303,1,1,22,22,22,22,22,22,22,22,22,22
2003,60304,1,1,0,0,0,0,0,0,0,0,0,0
2003,60305,1,1,0,0,0,0,0,0,0,0,0,0
2003,60305,2,1,0,0,0,0,0,0,0,0,0,0
2003,60305,3,1,0,0,0,0,0,0,0,0,0,0
2003,60305,4,1,0,0,0,0,0,0,0,0,0,0
2003,60306,1,1,0,0,0,0,0,0,0,0,0,0
2003,60306,2,1,0,0,0,0,0,0,0,0,0,0
2003,60307,1,1,0,0,0,0,0,0,0,0,0,0
2003,60307,2,1,0,0,0,0,0,0,0,0,0,0
2003,60307,3,1,0,0,0,0,0,0,0,0,0,0
2003,60308,1,1,0,0,0,0,0,0,0,0,0,0
2003,60308,2,1,0,0,0,0,0,0,0,0,0,0
2003,60309,1,1,0,0,0,0,0,0,0,0,0,0
2003,60310,1,1,13,13,13,13,13,13,13,13,13,13
2003,60311,1,1,0,0,0,0,0,0,0,0,0,0
2003,60311,2,1,0,0,0,0,13,0,0,16,0,0
2003,60312,1,1,0,0,0,0,0,0,0,0,0,0
2003,60312,2,1,0,0,0,0,0,0,0,0,0,0
2003,60313,1,1,0,0,0,0,0,0,0,0,0,0
2003,60313,2,1,0,0,0,0,0,0,0,0,0,0
2003,60314,1,1,0,11,0,0,0,0,0,0,0,0
2003,60314,2,1,16,16,16,16,16,16,16,16,16,16
2003,60315,1,1,0,0,0,0,0,0,0,0,0,0
2003,60315,2,1,0,0,0,0,0,0,0,0,0,0
2003,60316,0,1,30,30,30,30,30,30,30,30,30,30
2003,60316,1,1,0,0,0,0,0,0,0,0,0,0
2003,60317,1,1,0,0,0,0,0,0,0,0,0,0
2003,60317,2,1,0,0,0,0,0,0,0,0,0,0
2003,60318,1,1,0,0,0,0,0,0,0,0,0,0
2003,60318,2,1,0,0,0,0,0,0,0,0,0,0
2003,60319,1,1,0,0,0,0,0,0,0,0,0,0
2003,60320,1,1,7,7,7,7,7,7,7,7,7,7
2003,60321,0,1,0,0,0,0,0,0,0,0,0,0
2003,60321,1,1,0,0,0,0,0,0,0,0,0,0
2003,60322,1,1,0,0,0,0,0,0,0,0,0,0
2003,60322,2,1,0,0,0,0,0,0,0,0,0,0
2003,60323,1,1,0,0,0,0,0,0,0,0,0,0
2003,60323,2,1,0,0,0,0,0,0,0,0,0,0
2003,60324,1,1,0,0,0,0,0,0,0,0,0,0
2003,60324,2,1,0,0,0,0,0,0,0,0,0,0
2003,60325,1,1,19,19,19,19,19,19,19,19,19,19
2003,60326,1,1,17,0,15,22,20,22,10,23,56,29
2003,60327,0,1,0,0,0,0,0,0,0,0,0,0
2003,60327,0,2,21,0,0,19,0,18,0,21,25,31
2003,60327,1,1,0,0,0,0,0,0,0,0,14,0
2003,60328,0,1,16,16,16,16,16,16,16,16,16,16
2003,60328,1,1,0,0,0,0,0,0,0,0,0,0
2003,60329,1,1,0,0,0,0,0,0,0,0,0,0
2003,60329,2,1,0,0,0,0,0,0,0,0,0,0
2003,60330,1,1,0,0,0,0,0,0,0,0,0,0
2003,60330,2,1,8,0,0,0,0,0,0,0,0,0
2003,60330,3,1,13,8,13,27,13,14,8,8,6,13
2003,60330,4,1,0,0,0,0,0,0,0,0,0,0
2003,60331,1,1,11,11,11,11,11,11,11,11,11,11
2003,60332,1,1,0,0,0,0,0,0,0,0,0,0
2003,60333,0,1,0,0,0,0,0,0,0,0,0,0
2003,60333,1,1,0,0,0,0,0,0,0,0,0,0
2003,60334,0,1,0,0,0,0,0,0,0,0,0,0
2003,60334,1,1,0,0,0,0,0,0,0,0,0,0
2003,60335,0,1,25,25,25,25,25,25,25,25,25,25
2003,60335,1,1,0,0,0,0,0,0,0,0,0,0
2003,60336,0,1,28,28,28,28,28,28,28,28,28,28
2003,60336,1,1,0,0,0,0,0,0,0,0,0,0
2003,60337,1,1,32,32,32,32,32,32,32,32,32,32
2003,60338,0,1,0,0,0,0,0,0,0,0,0,0
2003,60338,1,1,0,0,0,0,0,0,0,0,0,0
2003,60339,1,1,0,0,0,0,0,0,0,0,0,0
2003,60340,1,1,0,0,0,0,0,0,0,0,0,0
2003,60340,2,1,0,0,0,0,0,0,0,0,0,0
2003,60341,0,1,33,33,33,33,33,33,33,33,33,33
2003,60341,1,1,20,10,16,12,0,12,13,17,0,8
2003,60342,1,1,10,10,10,10,10,10,10,10,10,10
2003,60343,1,1,0,0,0,0,0,0,0,0,0,0
2003,60343,2,1,0,0,0,0,0,0,0,0,0,0
2003,60344,1,1,0,0,0,0,0,0,0,0,0,0
2003,60344,2,1,0,0,0,0,0,0,0,0,0,0
2003,60345,1,1,0,0,0,0,0,0,0,0,0,0
2003,60346,1,1,0,0,0,0,0,0,0,0,0,0
2003,60347,0,1,0,0,0,0,0,0,0,0,0,0
2003,60347,1,1,1,1,1,1,1,1,1,1,1,1
2003,60348,1,1,0,0,0,0,0,0,0,0,0,0
2003,60349,1,1,0,0,0,0,0,0,0,0,0,0
2003,60350,1,1,0,0,0,0,0,0,0,0,0,0
2003,60351,1,1,0,0,0,0,0,0,0,0,0,0
2003,60352,1,1,30,30,30,30,30,30,30,30,30,30
2003,60353,1,1,0,0,0,0,0,0,0,0,0,0
2003,60353,2,1,0,0,0,0,0,0,0,0,0,0
2003,60354,0,1,19,19,19,19,19,19,19,19,19,19
2003,60354,1,1,0,0,0,0,0,0,0,0,0,0
2003,60355,1,1,5,5,5,5,5,5,5,5,5,5
2003,60356,1,1,0,0,0,0,0,0,0,0,0,0
2003,60357,1,1,0,0,0,0,0,0,0,0,0,0
2003,60357,2,1,0,0,0,0,0,0,0,0,0,0
2003,60358,1,1,10,0,0,0,0,0,0,0,0,10
2003,60358,2,1,0,0,0,0,0,0,0,0,0,0
2003,60358,3,1,0,0,0,0,0,0,0,0,0,0
2003,60359,0,1,0,0,8,0,0,0,0,0,0,24
2003,60359,1,1,0,0,0,0,0,0,0,0,0,0
2003,60360,1,1,13,0,0,0,9,0,14,0,0,26
2003,60360,2,1,0,0,0,0,0,0,0,0,0,0
2003,60361,1,1,26,26,26,26,26,26,26,26,26,26
2003,60362,1,1,15,15,15,15,15,15,15,15,15,15
2003,60363,1,1,14,14,14,14,14,14,14,14,14,14
2003,60364,1,1,19,19,19,19,19,19,19,19,19,19
2003,60365,1,1,0,0,0,0,0,0,0,0,0,0
2003,60366,1,1,0,0,0,0,0,0,0,0,0,0
2003,60366,2,1,0,0,0,0,0,0,0,0,0,0
2003,60366,3,1,0,0,0,0,0,0,0,0,0,0
2003,60366,4,1,0,0,0,0,0,0,0,0,0,0
2003,60366,5,1,0,0,0,0,0,0,0,0,0,0
2003,60367,1,1,0,0,0,0,0,0,0,0,0,0
2003,60368,1,1,32,32,32,32,32,32,32,32,32,32
2003,60368,2,1,0,0,0,0,0,0,0,0,0,0
2003,60369,0,1,0,0,0,0,0,0,0,0,0,0
2003,60369,1,1,0,0,0,0,27,0,0,0,0,0
2003,60370,1,1,19,19,19,19,19,19,19,19,19,19
2003,60371,1,1,14,14,14,14,14,14,14,14,14,14
2003,60372,1,1,0,0,0,0,0,0,0,0,0,0
2003,60373,1,1,0,0,0,0,0,0,0,0,28,0
2003,60373,2,1,0,0,0,0,0,0,0,0,0,0
2003,60374,1,1,11,11,11,11,11,11,11,11,11,11
2003,60375,1,1,3,3,3,3,3,3,3,3,3,3
2003,60375,2,1,7,7,7,7,7,7,7,7,7,7
2003,60375,3,1,0,0,0,0,0,0,0,0,0,9
2003,60376,1,1,0,0,0,0,0,0,0,0,0,0
2003,60377,1,1,0,0,0,0,0,0,0,0,0,0
2003,60378,1,1,0,0,0,0,0,0,0,0,0,0
2003,60379,1,1,0,0,0,0,0,0,9,23,0,0
2003,60380,1,1,0,0,0,0,0,0,0,0,0,0
2003,60380,2,1,0,0,0,0,0,0,0,0,0,0
2003,60381,1,1,0,0,0,0,0,0,0,0,0,0
2003,60382,1,1,0,0,0,0,0,0,0,0,0,0
2003,60382,2,1,0,0,0,0,0,0,0,0,0,0
2003,60382,3,1,0,8,0,0,0,0,0,0,0,0
2003,60383,1,1,14,14,14,14,14,14,14,14,14,14
2003,60383,2,1,0,0,0,0,0,0,0,0,0,0
2003,60384,1,1,0,0,0,0,0,0,0,0,0,0
2003,60384,2,1,0,0,0,0,0,0,0,0,0,0
2003,60385,0,1,0,0,0,0,0,0,0,0,0,0
2003,60385,1,1,15,15,12,16,28,15,8,4,12,15
2003,60386,1,1,0,0,0,0,0,0,0,0,0,0
2003,60386,2,1,0,0,0,0,0,0,0,0,0,0
2003,60387,1,1,0,0,0,0,0,0,0,0,0,0
2003,60387,2,1,0,0,0,0,0,0,0,0,0,0
2003,60388,0,1,0,0,0,0,0,0,0,0,0,0
2003,60388,1,1,0,0,0,0,0,0,0,0,0,0
2003,60389,0,1,0,0,0,0,0,0,0,0,0,0
2003,60389,2,1,7,0,0,0,0,0,0,0,8,8
2003,60390,0,1,0,0,0,0,0,0,0,0,0,0
2003,60390,1,1,0,0,0,0,0,0,0,0,0,0
2003,60391,0,1,0,0,16,9,0,0,0,0,0,0
2003,60391,1,1,0,0,0,0,0,0,0,0,0,0
2003,60392,1,1,12,0,17,15,25,0,0,0,0,0
2003,60393,1,1,25,25,25,25,25,25,25,25,25,25
2003,60394,0,1,0,0,0,0,0,0,0,0,0,0
2003,60394,1,1,0,0,0,0,0,0,0,0,0,0
2003,60395,1,1,0,0,0,0,0,0,0,0,0,0
2003,60395,2,1,0,0,0,0,0,0,0,0,0,0
2003,60396,1,1,0,0,0,0,0,0,0,0,0,0
2003,60397,1,1,31,31,31,31,31,31,31,31,31,31
2003,60398,1,1,0,0,0,0,0,0,0,0,0,0
2003,60398,2,1,0,0,0,0,0,0,0,0,0,0
2003,60398,3,1,0,0,0,0,0,0,0,0,0,0
2003,60399,1,1,0,0,0,0,0,0,0,0,0,0
2003,60399,2,1,0,0,0,0,0,0,0,0,0,0
2003,60400,0,1,0,0,0,0,0,0,0,0,0,0
2003,60400,1,1,0,0,0,0,0,0,0,0,0,0
2003,60401,0,1,18,18,18,18,18,18,18,18,18,18
2003,60401,1,1,0,0,0,0,0,0,0,0,0,0
2003,60402,1,1,0,0,0,0,0,0,0,0,0,0
2003,60403,1,1,14,14,14,14,14,14,14,14,14,14
2003,60404,0,1,17,0,10,27,36,22,12,0,31,11
2003,60404,1,1,0,0,0,0,0,0,0,0,0,0
2003,60405,1,1,15,15,15,15,15,15,15,15,15,15
2003,60406,1,1,0,0,0,0,0,0,0,0,0,0
2003,60407,1,1,0,0,0,0,0,0,0,0,0,0
2003,60408,1,1,21,21,21,21,21,21,21,21,21,21
2003,60409,1,1,0,0,0,0,0,0,0,0,0,0
2003,60410,1,1,2,2,2,2,2,2,2,2,2,2
2003,60411,1,1,0,0,0,0,0,0,0,0,0,0
2003,60412,0,1,2,2,2,2,2,2,2,2,2,2
2003,60412,1,1,7,7,7,7,7,7,7,7,7,7
2003,60412,2,1,0,0,0,0,0,0,0,0,0,0
2003,60413,1,1,0,0,0,0,0,0,0,0,0,0
2003,60413,2,1,0,0,0,0,27,0,0,0,0,0
2003,60414,1,1,0,0,0,0,13,0,15,0,0,0
2003,60414,2,1,0,0,0,0,0,0,0,0,0,0
2003,60414,3,1,3,0,0,0,0,0,0,0,0,0
2003,60415,1,1,0,0,0,24,0,0,0,0,0,0
2003,60415,2,1,0,0,0,0,0,0,0,0,0,0
2003,60416,0,1,0,0,0,0,0,0,0,0,0,0
2003,60416,1,1,0,0,0,0,0,0,0,0,0,0
2003,60417,0,1,0,0,0,0,0,0,0,0,0,0
2003,60417,1,1,0,0,0,0,0,0,17,0,0,0
2003,60418,1,1,0,0,0,0,0,0,0,0,0,0
2003,60418,2,1,0,0,0,0,0,0,0,0,0,0
2003,60419,1,1,0,0,0,0,0,0,0,0,0,0
2003,60419,2,1,2,2,2,2,2,2,2,2,2,2
2003,60420,1,1,10,10,10,10,10,10,10,10,10,10
2003,60421,1,1,0,0,0,0,0,0,0,0,0,0
2003,60422,0,1,0,0,0,0,0,0,0,0,0,0
2003,60422,1,1,0,0,0,0,0,0,0,0,0,0
2003,60423,1,1,0,0,0,0,0,0,0,0,0,17
2003,60424,1,1,0,0,0,0,0,0,0,0,0,0
2003,60425,0,1,0,0,0,0,0,0,0,0,0,0
2003,60425,1,1,0,0,0,0,0,0,0,0,0,0
2003,60426,0,1,0,0,0,0,0,0,0,0,0,0
2003,60426,1,1,0,0,0,0,0,0,0,0,0,0
2003,60427,1,1,0,0,0,0,0,0,0,0,0,0
2003,60427,2,1,0,0,0,0,0,0,0,0,0,0
2003,60428,0,1,0,0,0,0,0,0,0,0,0,0
2003,60428,1,1,0,0,0,0,7,0,0,0,0,0
2003,60429,1,1,15,0,22,21,0,20,43,0,12,0
2003,60430,0,1,0,0,0,0,0,0,0,0,0,0
2003,60430,1,1,0,0,0,0,0,0,0,0,0,0
2003,60431,1,1,0,0,0,0,0,0,0,0,0,0
2003,60432,1,1,16,9,17,0,6,14,8,10,8,14
2003,60433,0,1,33,0,24,27,18,0,9,0,0,0
2003,60433,1,1,0,0,6,0,0,11,0,0,0,0
2003,60434,1,1,0,0,0,0,0,0,0,0,0,0
2003,60434,2,1,0,0,0,0,0,0,0,0,0,0
2003,60435,1,1,0,0,0,0,0,0,0,0,0,0
2003,60436,1,1,0,0,0,0,0,0,0,0,0,0
2003,60436,2,1,12,12,12,12,12,12,12,12,12,12
2003,60437,2,1,0,0,0,0,0,0,0,0,0,0
2003,60438,1,1,0,0,0,0,0,0,0,0,0,0
2003,60438,2,1,0,0,0,0,0,0,0,0,0,0
2003,60438,3,1,0,0,0,0,0,0,0,0,0,0
2003,60439,1,1,2,2,2,2,2,2,2,2,2,2
2003,60440,1,1,0,0,0,0,0,0,0,0,0,0
2003,60441,1,1,0,0,0,0,0,0,0,0,0,0
2003,60441,2,1,19,9,8,21,0,13,0,14,23,12
2003,60441,3,1,0,0,0,0,0,0,0,0,0,0
2003,60442,1,1,0,0,0,0,0,0,0,0,0,0
2003,60442,2,1,0,0,0,0,0,0,0,0,0,0
2003,60443,1,1,0,6,0,0,0,0,0,0,0,0
2003,60444,1,1,0,0,0,0,0,0,0,0,0,0
2003,60445,1,1,5,5,5,5,5,5,5,5,5,5
2003,60445,2,1,0,0,0,0,0,0,0,0,0,0
2003,60446,1,1,0,0,0,0,0,0,0,0,0,0
2003,60447,1,1,20,20,20,20,20,20,20,20,20,20
2003,60448,1,1,0,0,0,0,0,0,0,0,0,0
2003,60449,1,1,0,0,0,0,0,0,0,0,0,0
2003,60449,2,1,10,17,8,15,9,8,20,13,4,14
2003,60450,1,1,0,0,0,0,0,0,0,0,0,0
2003,60451,1,1,0,0,0,0,0,0,0,0,0,0
2003,60452,0,1,0,0,0,0,0,0,0,0,0,0
2003,60452,1,1,0,0,0,0,0,0,0,0,0,0
2003,60453,1,1,0,0,0,0,0,0,0,0,0,0
2003,60454,1,1,0,0,0,0,0,0,0,0,0,0
2003,60454,2,1,0,0,0,0,0,0,0,0,0,0
2003,60455,1,1,25,25,25,25,25,25,25,25,25,25
2003,60456,1,1,0,0,0,0,0,0,0,0,0,0
2003,60456,2,1,0,0,0,0,0,0,0,0,0,0
2003,60457,0,1,0,0,0,0,0,0,0,0,0,0
2003,60457,1,1,0,25,0,0,0,0,14,0,13,0
2003,60458,1,1,0,0,0,0,0,0,0,0,0,0
2003,60458,2,1,0,0,3,0,0,0,0,0,0,0
2003,60459,1,1,0,0,0,0,0,0,0,0,0,0
2003,60460,1,1,0,0,0,0,0,0,0,0,0,0
2003,60460,2,1,0,0,0,0,0,0,0,0,0,0
2003,60461,1,1,0,0,0,0,0,0,0,0,0,0
2003,60461,2,1,0,0,0,0,0,0,0,0,0,0
2003,60462,1,1,0,0,0,19,0,0,0,0,24,18
2003,60463,0,1,0,0,0,0,0,0,0,0,0,0
2003,60463,1,1,0,0,0,0,0,0,0,0,0,0
2003,60464,1,1,0,0,0,0,0,0,0,0,0,11
2003,60465,1,1,0,0,0,0,0,0,0,0,0,0
2003,60465,2,1,0,0,0,0,0,0,0,0,0,0
2003,60466,1,1,0,0,0,0,0,0,0,0,0,0
2003,60467,1,1,4,18,0,0,0,0,0,0,0,0
2003,60468,1,1,23,23,23,23,23,23,23,23,23,23
2003,60469,0,1,6,6,6,6,6,6,6,6,6,6
2003,60469,1,1,0,0,0,0,0,0,0,0,0,0
2003,60470,1,1,27,27,27,27,27,27,27,27,27,27
2003,60471,1,1,0,0,0,0,0,0,0,0,0,0
2003,60471,2,1,0,0,0,0,0,0,0,0,0,0
2003,60471,3,1,0,0,0,0,0,0,0,0,0,0
2003,60472,1,1,0,0,0,0,0,0,0,0,0,0
2003,60472,2,1,0,0,0,0,0,0,0,0,0,0
2003,60473,1,1,21,21,21,21,21,21,21,21,21,21
2003,60473,2,1,0,0,0,0,0,0,0,0,0,0
2003,60474,1,1,0,0,0,0,0,0,0,0,0,0
2003,60474,2,1,0,0,0,0,0,0,0,0,8,0
2003,60475,1,1,0,0,0,0,0,0,0,0,0,0
2003,60475,2,1,0,0,0,0,0,0,0,0,0,0
2003,60476,1,1,6,6,6,6,6,6,6,6,6,6
2003,60476,2,1,0,0,0,0,0,0,0,0,0,0
2003,60477,1,1,0,0,0,0,0,0,0,0,0,0
2003,60477,2,1,0,0,0,0,0,0,0,0,0,0
2003,60478,1,1,0,0,0,0,0,20,0,0,0,0
2003,60479,1,1,0,0,0,0,0,0,0,0,0,0
2003,60480,1,1,0,0,0,0,0,0,0,0,0,0
2003,60481,1,1,19,19,19,19,19,19,19,19,19,19
2003,60482,1,1,0,0,0,0,0,0,0,0,0,0
2003,60483,1,1,0,0,0,0,0,0,0,0,0,0
2003,60484,0,1,0,13,0,20,20,0,17,0,20,0
2003,60484,1,1,0,0,0,0,0,0,0,0,0,0
2003,60485,0,1,6,6,6,6,6,6,6,6,6,6
2003,60485,1,1,0,0,0,0,0,0,0,0,0,0
2003,60485,2,1,0,0,0,0,0,0,0,0,0,0
2003,60486,1,1,0,0,0,0,8,0,0,0,0,0
2003,60486,2,1,0,0,0,0,0,0,0,0,0,0
2003,60487,0,1,36,36,36,36,36,36,36,36,36,36
2003,60487,1,1,0,0,0,0,0,0,0,40,0,0
2003,60488,1,1,17,17,17,17,17,17,17,17,17,17
2003,60489,1,1,23,23,23,23,23,23,23,23,23,23
2003,60490,0,1,0,0,0,0,0,0,0,0,0,0
2003,60490,1,1,35,6,5,23,12,27,5,17,10,9
2003,60491,1,1,0,0,0,0,0,0,0,0,0,0
2003,60492,1,1,23,23,23,23,23,23,23,23,23,23
2003,60492,2,1,0,0,0,0,0,0,0,0,8,0
2003,60493,1,1,0,0,0,0,0,0,0,0,0,0
2003,60494,1,1,7,7,7,7,7,7,7,7,7,7
2003,60495,1,1,22,22,22,22,22,22,22,22,22,22
2003,60496,1,1,0,0,25,0,0,0,0,20,0,0
2003,60497,1,1,0,0,0,0,0,0,0,0,0,0
2003,60498,0,1,26,26,26,26,26,26,26,26,26,26
2003,60498,1,1,0,0,0,0,0,22,0,0,0,9
2003,60499,1,1,23,23,23,23,23,23,23,23,23,23
2003,60500,1,1,0,0,0,0,0,0,0,0,0,0
2003,60501,0,1,67,67,67,67,67,67,67,67,67,67
2003,60501,1,1,0,0,0,0,0,0,0,0,0,0
2003,60502,1,1,0,0,0,22,0,0,0,17,0,0
2003,60503,0,1,0,0,0,0,0,0,0,0,0,0
2003,60503,1,1,0,0,0,0,0,0,0,0,0,0
2003,60504,1,1,0,0,0,0,0,0,0,0,0,0
2003,60505,0,1,22,22,22,22,22,22,22,22,22,22
2003,60505,1,1,0,0,0,0,0,0,0,0,0,0
2003,60506,1,1,0,0,0,0,0,0,0,0,0,0
2003,60507,0,1,0,0,0,0,0,0,0,0,0,0
2003,60507,1,1,0,0,0,0,0,0,0,0,0,0
2003,60508,0,1,1,1,1,1,1,1,1,1,1,1
2003,60508,1,1,0,15,27,0,13,8,12,15,17,16
2003,60509,1,1,16,16,16,16,16,16,16,16,16,16
2003,60510,0,1,0,0,0,0,0,0,0,0,0,0
2003,60510,1,1,3,14,10,4,5,10,10,8,29,4
2003,60511,1,1,0,0,0,0,0,0,0,0,0,0
2003,60512,1,1,20,20,20,20,20,20,20,20,20,20
2003,60513,1,1,8,8,8,8,8,8,8,8,8,8
2003,60514,1,1,0,0,0,0,0,0,0,0,0,0
2003,60515,0,1,0,0,0,0,0,0,0,0,0,0
2003,60515,1,1,0,0,0,0,0,0,0,0,0,0
2003,60516,1,1,13,13,13,13,13,13,13,13,13,13
2003,60516,2,1,0,0,0,8,0,0,0,0,0,0
2003,60516,3,1,0,0,0,0,0,0,0,0,0,0
2003,60516,4,1,0,0,0,0,0,0,0,0,0,0
2003,60517,1,1,22,22,22,22,22,22,22,22,22,22
2003,60518,0,1,23,23,23,23,23,23,23,23,23,23
2003,60518,1,1,7,7,7,7,7,7,7,7,7,7
2003,60519,1,1,21,21,21,21,21,21,21,21,21,21
2003,60520,1,1,22,22,22,22,22,22,22,22,22,22
2003,60521,1,1,21,21,21,21,21,21,21,21,21,21
2003,60522,1,1,16,16,16,16,16,16,16,16,16,16
2003,60523,1,1,0,0,0,0,0,0,0,0,0,0
2003,60523,2,1,0,0,0,0,0,0,0,0,0,0
2003,60524,1,1,20,20,20,20,20,20,20,20,20,20
2003,60525,1,1,18,18,18,18,18,18,18,18,18,18
2003,60526,1,1,0,0,0,0,0,0,0,0,0,0
2003,60526,2,1,0,0,0,0,0,0,0,0,0,0
2003,60527,1,1,0,0,0,0,0,0,0,23,0,0
2003,60527,2,1,0,0,0,0,0,0,0,0,0,0
2003,60528,1,1,0,0,0,0,0,0,0,0,0,0
2003,60528,2,1,14,14,14,14,14,14,14,14,14,14
2003,60529,1,1,0,0,0,0,0,0,0,0,0,0
2003,60529,2,1,0,0,0,0,0,0,0,0,0,0
2003,60530,1,1,0,0,0,0,0,0,0,0,0,0
2003,60531,0,1,0,0,0,0,0,0,0,0,0,0
2003,60531,1,1,0,0,0,0,0,0,0,0,0,0
2003,60532,1,1,0,0,0,0,0,0,0,0,0,0
2003,60532,2,1,0,0,0,0,0,0,0,0,0,0