YEAR,ST_CASE,veh_no,per_no,P1,P2,P3,P4,P5,P6,P7,P8,P9,P10
2003,60532,3,1,0,0,0,0,0,0,0,0,0,0
2003,60533,0,1,0,0,0,0,0,0,0,0,0,0
2003,60533,1,1,0,0,0,0,0,0,0,0,0,0
2003,60534,0,1,0,0,0,0,0,0,0,0,0,0
2003,60534,0,2,0,0,0,0,0,24,0,0,0,0
2003,60534,1,1,0,0,0,0,0,7,0,18,0,0
2003,60535,1,1,0,0,0,0,0,0,0,0,0,0
2003,60535,2,1,0,0,0,0,0,0,0,0,0,0
2003,60536,1,1,9,14,23,9,15,8,0,16,21,25
2003,60536,2,1,0,0,0,0,0,0,0,7,15,10
2003,60537,1,1,7,7,7,7,7,7,7,7,7,7
2003,60537,2,1,0,0,8,0,0,0,0,0,0,0
2003,60538,0,1,0,0,0,0,0,0,0,0,0,0
2003,60538,0,2,0,0,0,0,0,0,0,0,0,0
2003,60538,1,1,0,0,0,0,0,0,0,0,0,0
2003,60538,3,1,0,0,0,0,0,0,0,0,0,0
2003,60538,4,1,0,0,0,7,0,0,0,0,0,20
2003,60539,1,1,0,8,0,0,0,0,0,0,0,0
2003,60539,2,1,0,0,0,0,0,0,0,0,0,0
2003,60540,1,1,22,22,22,22,22,22,22,22,22,22
2003,60541,1,1,0,0,0,0,0,0,0,0,0,0
2003,60542,1,1,0,0,0,0,0,0,0,0,0,0
2003,60543,1,1,13,13,13,13,13,13,13,13,13,13
2003,60544,1,1,0,0,0,14,0,0,0,0,0,0
2003,60545,0,1,35,35,35,35,35,35,35,35,35,35
2003,60545,1,1,0,0,0,0,0,0,0,0,0,0
2003,60546,1,1,0,0,0,0,0,0,0,0,0,0
2003,60546,2,1,0,0,0,0,0,0,0,13,0,0
2003,60547,1,1,0,0,0,0,0,0,0,0,0,0
2003,60547,2,1,0,0,0,0,0,0,0,0,0,0
2003,60548,1,1,0,0,0,0,0,0,0,0,0,0
2003,60548,2,1,0,0,0,0,0,0,0,0,0,0
2003,60548,3,1,0,0,0,0,0,0,0,0,0,0
2003,60549,0,1,23,38,0,21,28,9,32,27,39,28
2003,60549,1,1,0,0,0,0,0,0,0,0,0,0
2003,60549,2,1,0,0,0,0,0,0,0,0,0,0
2003,60550,1,1,26,26,26,26,26,26,26,26,26,26
2003,60550,2,1,0,0,0,0,0,0,0,0,0,0
2003,60551,1,1,20,0,0,0,0,0,0,0,0,0
2003,60551,2,1,0,0,0,0,0,0,0,0,0,0
2003,60552,1,1,0,0,0,0,0,0,0,0,0,0
2003,60552,2,1,0,0,0,0,0,0,0,0,0,0
2003,60553,1,1,0,0,0,0,0,0,0,0,0,0
2003,60553,2,1,5,5,5,5,5,5,5,5,5,5
2003,60554,0,1,0,0,0,0,0,0,0,0,0,0
2003,60554,1,1,0,0,0,0,0,0,0,0,0,0
2003,60555,1,1,0,0,0,0,0,0,0,0,0,0
2003,60556,1,1,0,0,0,0,0,0,0,18,0,0
2003,60557,1,1,10,10,10,10,10,10,10,10,10,10
2003,60558,1,1,0,0,0,0,0,0,0,0,0,0
2003,60558,2,1,0,0,0,0,0,0,0,0,0,0
2003,60559,1,1,21,21,21,21,21,21,21,21,21,21
2003,60560,1,1,19,19,19,19,19,19,19,19,19,19
2003,60560,2,1,0,0,0,0,0,0,0,0,0,0
2003,60561,1,1,0,0,0,0,0,0,0,0,0,0
2003,60561,2,1,0,0,0,0,0,0,0,0,0,0
2003,60562,1,1,0,0,0,0,0,0,16,0,0,0
2003,60562,2,1,0,0,0,0,0,0,0,0,0,0
2003,60563,1,1,10,10,10,10,10,10,10,10,10,10
2003,60564,1,1,19,19,19,19,19,19,19,19,19,19
2003,60565,0,1,0,0,0,0,0,0,0,0,0,0
2003,60565,1,1,0,0,0,0,0,0,0,0,0,0
2003,60566,1,1,0,0,0,0,0,0,0,0,0,0
2003,60567,1,1,20,20,20,20,20,20,20,20,20,20
2003,60568,1,1,23,23,23,23,23,23,23,23,23,23
2003,60569,1,1,0,0,0,0,0,0,0,0,0,0
2003,60570,1,1,17,17,17,17,17,17,17,17,17,17
2003,60571,0,1,33,8,19,11,20,3,0,20,15,26
2003,60571,1,1,11,17,11,12,13,8,8,16,10,20
2003,60571,2,1,0,0,0,0,0,0,0,0,0,0
2003,60572,1,1,26,26,26,26,26,26,26,26,26,26
2003,60572,2,1,4,4,4,4,4,4,4,4,4,4
2003,60572,3,1,0,0,0,0,2,0,0,0,0,0
2003,60573,1,1,0,0,0,0,0,0,0,0,0,0
2003,60573,2,1,0,0,0,0,0,0,0,0,0,0
2003,60574,1,1,0,0,0,0,0,0,0,0,0,0
2003,60574,2,1,0,0,0,0,0,0,0,0,0,0
2003,60574,3,1,0,0,0,0,0,0,0,0,0,0
2003,60574,4,1,0,0,16,0,0,0,0,0,0,0
2003,60575,1,1,0,0,0,0,0,0,14,0,13,0
2003,60575,2,1,0,0,0,0,0,0,0,0,0,0
2003,60576,0,1,0,14,0,0,0,27,20,0,3,0
2003,60576,1,1,5,5,5,5,5,5,5,5,5,5
2003,60577,0,1,0,0,0,0,0,0,0,0,0,0
2003,60577,1,1,0,0,0,0,0,0,10,0,0,0
2003,60578,1,1,14,14,14,14,14,14,14,14,14,14
2003,60579,1,1,25,25,25,25,25,25,25,25,25,25
2003,60580,1,1,0,0,0,0,0,0,0,0,0,0
2003,60580,2,1,0,0,0,0,0,0,0,0,0,0
2003,60581,1,1,0,0,0,0,0,46,0,0,0,0
2003,60581,2,1,0,0,0,0,0,0,0,0,0,0
2003,60582,1,1,0,0,0,0,0,0,0,0,0,0
2003,60582,2,1,0,0,0,0,0,0,0,0,0,0
2003,60583,1,1,0,0,0,0,0,0,0,0,0,0
2003,60583,2,1,0,0,0,0,0,0,0,0,0,0
2003,60584,1,1,13,13,13,13,13,13,13,13,13,13
2003,60585,1,1,0,0,0,0,0,0,0,0,0,0
2003,60585,2,1,0,0,0,0,0,0,0,0,0,0
2003,60586,1,1,0,0,0,0,0,0,0,0,0,0
2003,60586,2,1,0,0,0,0,0,0,0,0,0,0
2003,60587,1,1,0,0,0,0,0,11,0,0,0,0
2003,60587,2,1,0,0,0,0,0,0,0,0,0,0
2003,60588,1,1,0,0,0,0,0,0,0,0,0,0
2003,60589,0,1,0,19,0,10,28,12,0,0,23,0
2003,60589,1,1,0,0,0,0,0,0,0,0,0,0
2003,60590,1,1,0,0,0,0,0,0,0,0,0,0
2003,60591,1,1,0,0,0,0,0,0,0,0,0,0
2003,60592,1,1,0,0,0,0,0,0,0,0,0,0
2003,60592,2,1,0,0,0,0,0,0,20,0,0,0
2003,60593,1,1,0,0,0,0,0,0,0,0,0,0
2003,60593,2,1,0,0,0,0,0,0,0,0,0,0
2003,60594,0,1,31,31,31,31,31,31,31,31,31,31
2003,60594,1,1,8,8,8,8,8,8,8,8,8,8
2003,60595,1,1,0,0,0,0,0,0,0,0,0,0
2003,60595,2,1,0,0,0,0,0,0,0,0,0,0
2003,60596,1,1,0,0,0,0,0,0,0,0,0,0
2003,60596,2,1,0,0,0,0,0,0,0,0,0,0
2003,60597,1,1,18,18,18,18,18,18,18,18,18,18
2003,60597,2,1,0,0,0,0,0,0,0,0,0,0
2003,60598,1,1,3,3,3,3,3,3,3,3,3,3
2003,60598,2,1,0,0,0,0,0,0,0,0,0,0
2003,60599,1,1,22,22,22,22,22,22,22,22,22,22
2003,60599,2,1,0,0,0,0,0,0,0,0,0,0
2003,60600,1,1,0,0,0,0,0,0,0,0,0,0
2003,60601,0,1,0,0,0,0,0,0,0,0,0,0
2003,60601,1,1,0,0,0,18,0,0,0,0,0,0
2003,60602,1,1,0,0,0,0,0,0,0,0,0,0
2003,60603,0,1,17,17,17,17,17,17,17,17,17,17
2003,60603,1,1,0,0,0,0,0,0,0,0,0,0
2003,60604,1,1,18,19,15,16,13,15,25,22,0,24
2003,60605,1,1,0,0,0,0,0,0,0,0,0,0
2003,60605,2,1,0,0,0,0,0,0,0,0,0,0
2003,60606,0,1,0,0,0,0,0,0,0,0,0,0
2003,60606,1,1,0,0,0,0,0,0,14,0,0,0
2003,60607,1,1,0,26,12,0,0,0,0,0,13,0
2003,60607,2,1,0,0,0,0,0,0,0,0,0,0
2003,60607,3,1,0,0,0,0,0,0,0,0,0,0
2003,60608,0,1,0,0,0,0,0,0,0,0,0,0
2003,60608,1,1,15,15,15,15,15,15,15,15,15,15
2003,60609,0,1,18,18,18,18,18,18,18,18,18,18
2003,60609,1,1,11,11,11,11,11,11,11,11,11,11
2003,60609,2,1,0,0,0,0,0,0,0,0,0,0
2003,60610,1,1,1,1,1,1,1,1,1,1,1,1
2003,60611,1,1,0,0,0,0,0,0,0,0,0,0
2003,60611,2,1,0,0,0,0,0,0,0,0,0,0
2003,60612,0,1,0,0,0,0,0,0,0,0,0,0
2003,60612,1,1,0,0,0,0,0,0,0,0,0,0
2003,60613,1,1,0,0,0,0,0,0,0,0,0,0
2003,60613,2,1,0,0,0,0,0,0,0,0,0,0
2003,60614,1,1,0,0,0,0,0,0,0,0,0,0
2003,60614,2,1,0,0,0,0,0,0,0,0,0,0
2003,60615,1,1,0,0,0,0,0,0,0,0,0,0
2003,60616,1,1,0,0,0,0,0,0,0,0,0,0
2003,60617,1,1,0,0,0,0,0,0,0,0,0,0
2003,60618,0,1,0,0,0,0,0,0,0,10,0,0
2003,60618,1,1,0,0,0,0,0,0,0,0,0,0
2003,60619,1,1,16,16,16,16,16,16,16,16,16,16
2003,60619,2,1,0,0,0,0,0,0,0,0,0,0
2003,60620,1,1,0,0,0,0,0,0,0,0,0,0
2003,60621,1,1,18,18,18,18,18,18,18,18,18,18
2003,60622,0,1,0,0,0,0,0,0,0,0,0,0
2003,60622,1,1,7,7,7,7,7,7,7,7,7,7
2003,60623,1,1,16,16,16,16,16,16,16,16,16,16
2003,60624,1,1,0,0,0,0,0,0,0,0,0,0
2003,60624,2,1,0,0,0,0,0,0,0,0,0,0
2003,60625,1,1,0,0,16,0,0,0,0,0,0,0
2003,60626,0,1,0,5,12,0,45,18,28,12,0,0
2003,60626,1,1,22,22,22,22,22,22,22,22,22,22
2003,60626,2,1,0,0,0,0,0,0,0,0,10,0
2003,60627,0,1,0,0,0,0,0,0,0,0,0,0
2003,60627,1,1,0,0,0,0,0,0,0,0,0,0
2003,60628,1,1,8,8,8,8,8,8,8,8,8,8
2003,60628,2,1,0,0,16,15,0,0,0,0,0,0
2003,60629,1,1,0,0,0,0,0,0,0,0,0,0
2003,60630,1,1,0,0,0,0,0,0,0,0,0,0
2003,60631,0,1,19,0,0,37,7,17,0,0,0,0
2003,60631,1,1,14,14,14,14,14,14,14,14,14,14
2003,60632,0,1,0,0,0,0,0,0,0,0,0,0
2003,60632,1,1,0,0,0,0,0,0,0,0,0,0
2003,60633,1,1,19,19,19,19,19,19,19,19,19,19
2003,60633,2,1,0,0,0,0,0,0,0,0,0,0
2003,60634,0,1,0,0,0,0,0,0,0,0,0,0
2003,60634,0,2,0,0,0,0,0,0,0,0,0,14
2003,60634,0,3,0,15,0,0,0,0,0,6,0,0
2003,60634,0,4,0,0,0,0,0,0,0,0,0,0
2003,60634,0,5,10,0,0,0,0,0,21,11,0,26
2003,60634,1,1,0,0,0,0,0,0,0,0,0,0
2003,60634,2,1,0,0,0,0,0,0,0,0,0,0
2003,60635,0,1,10,10,10,10,10,10,10,10,10,10
2003,60635,1,1,0,0,0,0,0,0,0,0,0,0
2003,60636,1,1,9,9,9,9,9,9,9,9,9,9
2003,60636,2,1,8,8,8,8,8,8,8,8,8,8
2003,60637,1,1,0,0,0,0,0,0,0,0,0,0
2003,60637,2,1,0,0,0,0,34,0,0,0,0,0
2003,60638,0,1,0,0,0,0,0,0,0,0,14,0
2003,60638,0,2,0,0,0,0,0,0,0,0,0,0
2003,60638,1,1,0,0,0,0,0,0,0,0,0,0
2003,60638,2,1,0,0,0,0,0,0,0,0,0,0
2003,60639,1,1,0,0,0,0,0,0,0,0,0,0
2003,60639,2,1,15,16,6,41,24,12,17,23,18,12
2003,60639,3,1,16,20,18,9,19,21,13,5,4,12
2003,60640,1,1,0,0,0,0,0,0,0,0,0,0
2003,60640,2,1,13,0,0,0,0,0,0,0,0,0
2003,60641,1,1,0,0,0,0,0,0,0,0,0,0
2003,60641,2,1,0,0,0,0,0,0,0,0,0,0
2003,60642,0,1,15,15,15,15,15,15,15,15,15,15
2003,60642,1,1,11,11,0,0,0,15,0,30,0,11
2003,60643,1,1,0,0,0,0,0,0,0,0,0,0
2003,60644,1,1,17,6,10,18,19,9,31,32,14,10
2003,60644,2,1,0,0,0,0,0,0,0,0,0,0
2003,60645,1,1,0,0,0,0,0,7,0,0,0,0
2003,60646,1,1,0,0,13,0,0,0,0,0,0,0
2003,60646,2,1,0,0,0,0,0,0,0,0,0,0
2003,60647,0,1,7,7,7,7,7,7,7,7,7,7
2003,60647,1,1,0,0,0,7,0,0,0,0,0,7
2003,60648,1,1,0,0,0,0,0,0,0,0,0,0
2003,60648,2,1,0,0,0,0,0,0,0,0,0,0
2003,60649,1,1,0,0,0,0,0,0,0,0,0,0
2003,60650,0,1,0,0,0,0,0,0,0,0,0,0
2003,60650,1,1,0,0,0,0,0,0,0,0,0,0
2003,60651,1,1,15,0,0,0,0,0,0,0,0,0
2003,60651,2,1,0,0,0,0,0,0,0,0,0,0
2003,60652,1,1,0,0,0,0,0,0,0,0,0,0
2003,60653,0,1,32,32,32,32,32,32,32,32,32,32
2003,60653,1,1,0,0,0,0,0,0,0,0,0,0
2003,60653,2,1,0,0,0,0,0,0,0,0,0,0
2003,60654,1,1,0,0,0,0,0,0,0,0,0,0
2003,60654,2,1,0,0,0,0,0,0,0,0,0,0
2003,60655,1,1,0,0,0,0,0,0,0,0,0,0
2003,60655,2,1,0,0,0,0,0,0,0,0,0,0
2003,60656,1,1,19,19,19,19,19,19,19,19,19,19
2003,60656,2,1,0,0,0,0,0,0,0,0,0,0
2003,60656,3,1,0,0,0,0,0,0,0,0,0,0
2003,60657,1,1,0,0,0,0,0,0,0,0,0,0
2003,60657,2,1,0,0,0,0,0,0,0,0,0,0
2003,60658,0,1,0,24,0,0,0,26,0,0,15,0
2003,60658,1,1,0,0,0,16,0,16,0,7,0,0
2003,60659,1,1,23,23,23,23,23,23,23,23,23,23
2003,60660,0,1,19,19,19,19,19,19,19,19,19,19
2003,60660,1,1,0,0,0,0,0,0,17,0,0,0
2003,60661,1,1,0,0,0,0,0,0,0,0,0,0
2003,60662,0,1,15,15,15,15,15,15,15,15,15,15
2003,60662,1,1,0,0,0,0,0,0,5,0,0,0
2003,60663,1,1,21,21,21,21,21,21,21,21,21,21
2003,60663,2,1,0,0,0,0,0,0,0,0,0,0
2003,60664,1,1,0,0,0,0,0,0,0,0,0,0
2003,60664,2,1,0,0,0,0,0,0,0,0,0,0
2003,60665,1,1,0,0,0,0,0,0,0,0,0,0
2003,60665,2,1,0,0,0,0,0,0,0,0,0,0
2003,60666,0,1,0,0,0,0,0,0,0,0,0,0
2003,60666,1,1,0,0,0,0,0,0,0,0,0,0
2003,60667,1,1,0,0,0,0,0,0,0,0,0,0
2003,60667,2,1,0,0,0,0,0,0,0,0,0,0
2003,60668,0,1,0,0,0,0,0,0,0,0,0,0
2003,60668,1,1,0,0,0,0,0,0,0,0,0,0
2003,60669,1,1,14,17,21,20,21,18,11,17,0,2
2003,60670,1,1,13,13,13,13,13,13,13,13,13,13
2003,60671,1,1,20,20,20,20,20,20,20,20,20,20
2003,60672,1,1,16,16,16,16,16,16,16,16,16,16
2003,60673,1,1,0,0,0,0,0,0,0,0,0,0
2003,60673,2,1,0,0,0,0,0,0,0,18,0,0
2003,60674,1,1,0,0,0,0,0,0,0,0,0,0
2003,60674,2,1,0,0,0,0,0,0,0,0,0,0
2003,60675,1,1,0,0,0,0,0,0,0,0,0,0
2003,60676,1,1,14,14,14,14,14,14,14,14,14,14
2003,60677,1,1,4,4,4,4,4,4,4,4,4,4
2003,60678,0,1,0,0,0,0,0,0,0,0,0,0
2003,60678,1,1,9,0,0,0,14,0,11,31,19,14
2003,60679,1,1,0,0,0,0,0,0,0,0,0,0
2003,60680,1,1,0,0,0,0,14,0,0,9,0,0
2003,60680,2,1,0,0,0,0,0,0,0,0,0,0
2003,60681,1,1,0,0,0,0,0,4,0,0,0,0
2003,60682,1,1,0,0,0,0,0,0,0,0,0,0
2003,60682,2,1,0,0,0,0,0,0,0,0,0,0
2003,60683,1,1,0,0,0,0,0,0,0,0,0,0
2003,60683,2,1,0,0,21,0,0,0,0,0,0,0
2003,60684,0,1,18,18,18,18,18,18,18,18,18,18
2003,60684,1,1,0,0,0,0,0,0,0,0,0,0
2003,60684,2,1,0,0,0,0,0,0,0,0,0,0
2003,60685,1,1,0,0,0,0,0,0,0,0,0,0
2003,60685,2,1,0,0,0,0,0,0,0,0,0,0
2003,60685,3,1,0,0,0,0,0,12,0,0,0,0
2003,60685,4,1,0,0,0,0,0,0,0,0,0,0
2003,60686,1,1,0,0,0,0,0,0,0,0,0,0
2003,60686,2,1,0,0,0,0,0,0,0,0,0,0
2003,60686,3,1,0,0,0,0,0,0,15,0,7,0
2003,60687,0,1,0,0,0,0,0,0,0,0,0,0
2003,60687,1,1,0,0,0,0,10,0,0,0,12,0
2003,60687,2,1,0,0,0,0,0,0,0,0,0,0
2003,60687,3,1,0,0,0,0,0,0,0,0,0,0
2003,60687,4,1,0,0,0,0,0,0,0,0,0,0
2003,60687,5,1,0,0,0,0,0,0,24,0,0,0
2003,60688,1,1,0,0,0,0,0,0,0,0,0,0
2003,60688,2,1,0,0,0,0,0,0,0,0,0,0
2003,60689,0,1,0,0,0,0,0,0,0,0,0,0
2003,60689,0,2,0,0,0,0,0,0,0,0,0,0
2003,60689,1,1,0,0,0,0,0,0,0,0,0,0
2003,60690,1,1,0,0,0,0,0,0,0,0,0,0
2003,60690,2,1,0,0,0,0,0,0,0,0,0,0
2003,60691,1,1,0,0,0,0,0,0,0,0,0,0
2003,60691,2,1,0,0,0,0,0,0,0,0,0,0
2003,60692,0,1,0,0,0,0,0,0,0,0,0,0
2003,60692,1,1,0,0,0,0,0,0,0,0,0,0
2003,60693,0,1,28,28,28,28,28,28,28,28,28,28
2003,60693,1,1,17,19,0,0,20,0,6,0,0,0
2003,60694,1,1,0,0,0,0,0,0,0,0,0,0
2003,60694,2,1,0,0,0,0,0,0,0,0,0,0
2003,60694,3,1,0,0,0,0,0,0,0,0,0,0
2003,60695,0,1,0,0,0,0,0,0,0,0,0,0
2003,60695,1,1,0,0,0,0,0,0,0,0,0,0
2003,60696,0,1,0,0,0,0,0,31,0,0,0,22
2003,60696,1,1,0,0,0,0,0,0,0,0,0,0
2003,60697,1,1,0,0,0,0,0,0,0,0,0,0
2003,60698,0,1,0,0,0,0,0,0,0,0,0,0
2003,60698,1,1,0,0,0,0,0,0,0,0,0,0
2003,60699,1,1,0,0,0,0,0,0,0,0,0,0
2003,60699,2,1,0,0,0,0,0,0,0,0,0,0
2003,60699,3,1,0,0,0,0,0,26,0,0,0,0
2003,60699,4,1,0,0,0,0,0,0,0,0,0,0
2003,60699,5,1,0,0,0,0,0,0,5,0,0,0
2003,60700,1,1,0,0,0,0,0,0,0,0,0,0
2003,60700,2,1,0,0,0,0,0,0,0,0,0,0
2003,60700,3,1,0,0,0,0,0,0,0,0,0,0
2003,60701,1,1,6,6,6,6,6,6,6,6,6,6
2003,60702,1,1,18,18,18,18,18,18,18,18,18,18
2003,60702,2,1,4,4,4,4,4,4,4,4,4,4
2003,60702,3,1,0,0,0,0,0,0,0,0,0,0
2003,60702,4,1,0,0,0,0,0,0,0,0,0,0
2003,60703,1,1,0,0,0,0,0,0,0,0,0,0
2003,60703,2,1,5,5,5,5,5,5,5,5,5,5
2003,60704,1,1,0,0,0,0,0,0,0,0,0,0
2003,60705,1,1,0,0,0,0,0,0,0,0,0,0
2003,60706,1,1,0,0,0,0,0,0,0,0,0,0
2003,60707,1,1,29,29,29,29,29,29,29,29,29,29
2003,60708,1,1,20,0,3,0,0,0,0,0,0,0
2003,60709,1,1,0,0,0,0,0,0,0,0,0,0
2003,60709,2,1,0,0,0,6,0,0,0,0,0,6
2003,60710,1,1,0,0,0,0,0,0,0,0,0,0
2003,60710,2,1,0,0,0,0,0,0,0,0,0,0
2003,60711,1,1,0,0,0,0,0,0,0,0,0,0
2003,60711,2,1,0,0,0,0,0,0,0,0,0,0
2003,60712,0,1,22,22,22,22,22,22,22,22,22,22
2003,60712,1,1,0,0,0,0,0,0,0,0,0,0
2003,60713,1,1,0,0,16,0,0,0,0,10,15,0
2003,60713,2,1,0,0,0,0,0,0,0,0,0,0
2003,60714,1,1,5,5,5,5,5,5,5,5,5,5
2003,60715,1,1,0,0,0,0,0,0,0,0,0,0
2003,60716,0,1,0,0,0,0,0,0,0,0,0,0
2003,60716,0,2,0,31,0,0,0,0,0,0,17,0
2003,60716,1,1,0,0,0,0,0,0,0,0,0,0
2003,60717,0,1,0,0,0,0,0,0,0,0,0,0
2003,60717,1,1,0,0,0,0,0,0,0,0,0,0
2003,60718,0,1,0,0,0,0,0,0,0,0,0,0
2003,60718,1,1,0,0,0,0,0,0,0,0,0,0
2003,60719,1,1,6,6,6,6,6,6,6,6,6,6
2003,60719,2,1,0,0,0,0,0,13,0,0,0,0
2003,60720,1,1,0,0,0,0,0,0,0,0,0,0
2003,60721,1,1,0,0,0,0,0,0,0,0,0,0
2003,60721,2,1,0,0,0,0,0,0,0,0,0,0
2003,60722,1,1,0,0,9,0,0,0,0,0,0,0
2003,60722,2,1,0,0,0,0,0,0,0,0,0,0
2003,60723,1,1,0,0,0,0,0,0,0,0,0,0
2003,60723,2,1,0,0,0,0,0,0,0,0,0,0
2003,60724,1,1,0,0,0,0,0,0,0,0,0,0
2003,60724,2,1,0,0,0,0,0,0,0,0,0,0
2003,60725,1,1,29,29,29,29,29,29,29,29,29,29
2003,60725,2,1,0,23,0,0,0,0,0,0,0,0
2003,60726,1,1,0,0,0,0,0,0,0,0,0,0
2003,60726,2,1,0,0,0,0,0,0,0,0,0,0
2003,60727,1,1,0,0,8,0,0,0,0,0,0,0
2003,60728,1,1,26,26,26,26,26,26,26,26,26,26
2003,60729,1,1,14,14,14,14,14,14,14,14,14,14
2003,60730,1,1,0,0,0,0,0,0,0,0,0,0
2003,60730,2,1,0,0,0,0,0,0,0,0,0,0
2003,60731,1,1,0,0,0,0,0,0,0,0,0,0
2003,60731,2,1,0,0,0,0,0,0,0,0,0,0
2003,60731,3,1,0,0,0,0,0,0,0,0,0,0
2003,60731,4,1,0,0,0,0,0,0,0,0,0,0
2003,60732,1,1,0,0,0,0,0,0,0,0,0,0
2003,60732,2,1,0,0,0,0,0,0,0,0,0,0
2003,60733,1,1,0,0,0,0,0,0,0,0,0,0
2003,60733,2,1,0,0,0,0,0,0,0,0,0,0
2003,60734,1,1,22,18,9,11,0,6,0,11,0,14
2003,60734,2,1,0,0,0,0,0,0,0,0,0,0
2003,60735,0,1,16,0,7,8,0,5,18,0,6,0
2003,60735,1,1,19,19,19,19,19,19,19,19,19,19
2003,60736,1,1,26,26,26,26,26,26,26,26,26,26
2003,60737,1,1,21,21,21,21,21,21,21,21,21,21
2003,60738,0,1,18,0,17,30,0,0,0,8,10,34
2003,60738,1,1,0,0,0,0,0,0,0,0,0,0
2003,60738,2,1,0,0,0,0,0,0,0,0,0,0
2003,60739,1,1,12,0,22,23,13,3,13,4,16,11
2003,60740,0,1,0,0,0,0,0,0,0,0,0,0
2003,60740,1,1,0,0,0,0,0,0,0,0,0,0
2003,60741,0,1,23,23,23,23,23,23,23,23,23,23
2003,60741,1,1,0,0,25,0,15,0,0,0,0,0
2003,60742,0,1,24,24,24,24,24,24,24,24,24,24
2003,60742,1,1,0,0,0,0,0,0,0,0,0,0
2003,60743,1,1,0,0,0,0,0,14,6,0,19,0
2003,60744,1,1,0,0,0,0,0,0,0,0,0,0
2003,60745,1,1,0,0,0,0,0,0,0,0,0,0
2003,60746,1,1,0,0,0,0,0,0,0,0,0,0
2003,60747,1,1,0,0,15,0,0,0,0,0,0,26
2003,60747,2,1,0,0,0,0,0,0,0,0,0,0
2003,60748,1,1,0,0,0,0,0,0,0,0,0,0
2003,60749,1,1,0,0,0,0,0,0,0,0,0,0
2003,60750,1,1,0,0,0,0,0,0,0,0,0,0
2003,60750,2,1,0,0,0,0,0,0,0,0,0,0
2003,60751,1,1,12,12,12,12,12,12,12,12,12,12
2003,60751,2,1,0,0,0,0,0,0,0,0,0,0
2003,60752,0,1,0,0,0,0,0,0,0,0,0,0
2003,60752,1,1,0,0,0,0,0,0,0,0,0,0
2003,60753,1,1,0,0,0,0,0,0,0,0,0,0
2003,60753,2,1,0,0,0,0,19,0,0,0,0,6
2003,60754,1,1,0,0,0,0,0,0,0,0,0,0
2003,60755,1,1,0,0,0,0,0,0,0,0,0,0
2003,60756,1,1,18,18,18,18,18,18,18,18,18,18
2003,60756,2,1,0,0,0,0,0,0,0,0,0,0
2003,60757,1,8,0,0,4,0,0,0,0,7,0,19
2003,60758,0,1,0,0,0,0,0,0,0,0,0,0
2003,60758,1,1,0,0,0,0,0,0,0,0,0,0
2003,60758,2,1,0,0,0,0,0,16,0,0,0,0
2003,60759,0,1,42,0,7,0,0,8,0,6,17,6
2003,60759,0,2,22,0,15,22,0,0,22,3,0,0
2003,60759,1,1,0,0,0,0,0,0,0,0,0,0
2003,60760,1,1,0,0,0,0,14,27,0,0,0,12
2003,60760,2,1,0,0,0,0,0,0,0,0,0,0
2003,60760,3,1,0,0,0,0,3,0,0,0,0,0
2003,60761,1,1,0,0,0,0,0,0,0,0,0,0
2003,60761,2,1,0,0,0,0,0,0,0,0,0,0
2003,60762,1,1,0,0,0,0,0,0,0,0,0,0
2003,60762,2,1,4,4,4,4,4,4,4,4,4,4
2003,60762,3,1,0,0,0,0,0,0,0,0,0,0
2003,60762,4,1,0,0,0,0,6,0,0,0,0,0
2003,60763,0,1,0,0,0,0,0,0,0,0,0,0
2003,60763,1,1,0,0,0,0,0,0,0,0,0,0
2003,60763,2,1,0,0,0,0,0,0,0,0,0,0
2003,60764,1,1,0,0,0,0,0,0,0,0,0,0
2003,60764,2,1,0,0,0,0,0,0,0,0,0,0
2003,60765,1,1,0,0,0,0,0,0,0,0,0,0
2003,60765,2,1,0,0,0,0,0,0,0,0,0,0
2003,60766,0,1,0,0,0,0,0,0,0,0,0,0
2003,60766,1,1,0,0,0,0,0,13,0,0,0,0
2003,60766,2,1,0,0,0,0,0,0,0,0,0,0
2003,60767,1,1,0,0,0,0,0,0,0,0,0,0
2003,60767,2,1,0,0,0,0,0,0,0,0,0,0
2003,60767,3,1,0,0,0,0,0,0,12,0,0,0