YEAR,ST_CASE,veh_no,per_no,P1,P2,P3,P4,P5,P6,P7,P8,P9,P10
2003,61275,1,1,0,0,0,0,0,0,0,0,0,0
2003,61276,0,1,22,22,22,22,22,22,22,22,22,22
2003,61276,1,1,0,16,0,0,0,0,0,0,0,10
2003,61277,1,1,18,18,18,18,18,18,18,18,18,18
2003,61278,1,1,0,0,0,0,0,0,0,0,0,0
2003,61278,2,1,0,0,0,0,0,0,0,0,0,0
2003,61279,1,1,3,3,3,3,3,3,3,3,3,3
2003,61280,1,1,3,3,3,3,3,3,3,3,3,3
2003,61281,1,1,0,0,0,0,0,0,0,0,0,0
2003,61281,2,1,0,0,0,0,0,0,0,0,0,0
2003,61282,1,1,15,15,15,15,15,15,15,15,15,15
2003,61283,1,1,7,7,7,7,7,7,7,7,7,7
2003,61284,1,1,0,0,0,0,0,0,0,0,0,0
2003,61284,2,1,0,0,0,0,0,0,0,0,0,0
2003,61285,1,1,11,11,11,11,11,11,11,11,11,11
2003,61285,2,1,0,0,0,0,0,0,0,0,0,0
2003,61286,1,1,0,0,0,0,0,0,0,0,0,0
2003,61286,2,1,0,0,0,0,0,0,0,0,0,0
2003,61287,0,1,0,0,0,0,0,0,0,0,0,0
2003,61287,1,1,0,0,0,13,0,0,0,0,0,0
2003,61288,1,1,2,2,2,2,2,2,2,2,2,2
2003,61288,2,1,0,0,0,0,0,0,0,0,0,0
2003,61289,1,1,0,0,0,0,0,0,0,0,0,0
2003,61290,1,1,0,0,0,0,0,0,0,0,0,0
2003,61290,2,1,0,0,0,0,0,0,0,0,0,0
2003,61290,3,1,0,0,0,0,0,0,0,25,0,0
2003,61291,1,1,19,19,19,19,19,19,19,19,19,19
2003,61291,2,1,0,0,0,0,0,0,0,0,0,0
2003,61291,3,1,0,0,0,0,0,17,0,0,0,0
2003,61292,1,1,19,19,19,19,19,19,19,19,19,19
2003,61293,0,1,23,23,23,23,23,23,23,23,23,23
2003,61293,1,1,3,3,3,3,3,3,3,3,3,3
2003,61294,1,1,0,0,0,0,0,0,0,0,0,0
2003,61295,0,1,0,0,0,0,45,26,13,0,28,10
2003,61295,1,1,0,0,0,0,0,0,0,0,0,0
2003,61296,0,1,0,0,0,0,0,0,0,0,0,0
2003,61296,1,1,0,0,19,0,0,0,25,36,12,0
2003,61297,1,1,0,10,0,0,21,0,0,20,0,0
2003,61297,2,1,0,0,0,0,0,0,0,0,0,0
2003,61298,1,1,2,2,2,2,2,2,2,2,2,2
2003,61299,0,1,0,0,0,0,0,0,0,0,0,0
2003,61299,0,2,0,0,25,0,0,0,15,0,0,0
2003,61299,1,1,0,0,0,0,0,0,0,0,0,0
2003,61300,1,1,16,16,16,16,16,16,16,16,16,16
2003,61301,1,1,0,0,15,0,0,0,0,13,0,0
2003,61302,1,1,0,0,0,0,0,0,0,0,0,0
2003,61302,2,1,0,0,0,0,0,0,0,0,0,0
2003,61302,3,1,0,0,0,0,0,0,0,0,0,0
2003,61303,1,1,0,0,0,0,0,0,0,0,0,0
2003,61304,1,1,0,16,0,0,0,0,0,0,0,0
2003,61304,2,1,0,0,0,0,0,0,0,0,0,0
2003,61305,1,1,22,22,22,22,22,22,22,22,22,22
2003,61305,2,1,0,0,0,0,0,0,0,0,0,0
2003,61307,1,1,17,0,4,9,0,0,0,0,0,9
2003,61307,2,1,0,0,0,0,0,0,0,0,0,0
2003,61308,1,1,0,0,0,0,0,0,0,0,0,0
2003,61308,2,1,0,0,0,0,0,0,0,0,0,0
2003,61309,1,1,0,0,0,0,0,0,0,0,0,0
2003,61309,2,1,0,0,0,0,0,0,0,0,0,0
2003,61310,1,1,0,0,0,0,0,0,0,0,0,0
2003,61310,2,1,0,0,0,0,0,0,0,0,0,0
2003,61311,1,1,0,0,0,0,0,0,0,0,0,0
2003,61311,2,1,0,0,11,0,0,17,0,0,0,0
2003,61312,1,1,0,0,0,0,0,0,0,0,0,0
2003,61312,2,1,0,0,0,0,0,0,0,0,0,0
2003,61313,1,1,0,0,0,0,0,0,0,0,0,0
2003,61314,0,1,16,16,16,16,16,16,16,16,16,16
2003,61314,1,1,19,19,19,19,19,19,19,19,19,19
2003,61315,1,1,0,0,0,18,0,0,0,0,0,0
2003,61315,2,1,0,17,19,10,4,14,20,13,17,6
2003,61315,3,1,0,0,0,0,0,0,0,0,0,0
2003,61315,4,1,0,0,0,0,0,0,0,0,0,0
2003,61316,1,1,18,18,18,18,18,18,18,18,18,18
2003,61317,1,1,8,8,8,8,8,8,8,8,8,8
2003,61318,1,1,0,0,0,0,0,0,0,0,0,0
2003,61319,1,1,0,0,0,0,0,0,0,0,0,0
2003,61319,2,1,0,0,0,0,0,0,0,0,0,0
2003,61320,1,1,0,0,0,0,0,0,0,0,0,0
2003,61321,1,1,0,0,0,0,0,0,0,0,0,0
2003,61322,1,1,0,0,0,0,0,0,0,0,0,0
2003,61323,1,1,15,15,15,15,15,15,15,15,15,15
2003,61324,0,1,0,0,0,0,0,0,0,0,0,0
2003,61324,1,1,0,0,0,0,0,0,0,0,0,0
2003,61325,1,1,8,0,0,0,11,0,0,0,0,0
2003,61325,2,1,0,0,0,0,0,0,0,0,0,0
2003,61326,1,1,0,0,0,0,0,8,0,0,0,0
2003,61326,2,1,0,0,0,0,0,0,0,0,0,0
2003,61327,1,1,0,0,0,0,0,0,0,0,0,0
2003,61328,1,1,9,9,9,9,9,9,9,9,9,9
2003,61329,0,1,0,0,0,0,0,0,0,0,0,0
2003,61329,1,1,29,0,0,0,0,0,0,0,0,0
2003,61330,1,1,0,0,0,0,0,0,0,0,0,0
2003,61330,2,1,0,0,0,0,0,0,0,0,0,0
2003,61331,1,1,0,0,0,0,0,0,0,0,0,0
2003,61331,2,1,0,0,0,0,0,0,0,0,0,0
2003,61332,1,1,0,0,0,7,3,0,0,0,0,0
2003,61332,2,1,0,0,0,2,0,8,0,0,0,0
2003,61333,1,1,18,0,0,12,19,6,0,12,0,17
2003,61334,0,1,0,0,0,0,0,0,0,0,0,0
2003,61334,1,1,2,2,2,2,2,2,2,2,2,2
2003,61335,1,1,9,21,20,7,14,19,6,26,27,3
2003,61335,2,1,0,0,0,0,0,0,0,0,0,0
2003,61336,1,1,0,0,0,0,0,0,0,0,0,0
2003,61337,0,1,0,0,0,0,0,0,0,0,0,0
2003,61337,1,1,0,15,0,0,0,0,0,0,0,6
2003,61338,1,1,0,0,0,0,0,0,0,0,0,0
2003,61338,2,1,0,0,0,0,0,0,0,0,0,0
2003,61339,0,1,28,28,28,28,28,28,28,28,28,28
2003,61339,1,1,0,0,0,0,0,0,0,0,0,0
2003,61340,1,1,32,32,32,32,32,32,32,32,32,32
2003,61341,1,1,0,0,0,0,0,0,0,0,0,0
2003,61342,1,1,0,0,0,0,0,0,0,0,0,0
2003,61342,2,1,0,11,0,0,0,0,0,0,0,0
2003,61343,1,1,0,0,0,0,0,0,0,0,0,0
2003,61343,2,1,0,0,0,0,0,0,0,0,0,0
2003,61344,1,1,0,0,0,0,0,0,0,0,0,0
2003,61344,2,1,0,0,0,31,0,0,0,0,0,0
2003,61345,1,1,20,20,20,20,20,20,20,20,20,20
2003,61346,1,1,14,24,20,18,20,10,12,24,16,22
2003,61347,1,1,0,0,0,0,0,0,0,0,0,0
2003,61347,2,1,0,0,0,0,0,0,0,0,0,0
2003,61348,0,1,22,22,22,22,22,22,22,22,22,22
2003,61348,1,1,0,0,0,0,0,0,0,0,0,0
2003,61349,1,1,0,0,0,0,0,0,0,0,0,0
2003,61349,2,1,15,15,15,15,15,15,15,15,15,15
2003,61350,1,1,0,21,23,0,25,13,0,0,0,26
2003,61351,1,1,28,28,28,28,28,28,28,28,28,28
2003,61352,1,1,7,7,7,7,7,7,7,7,7,7
2003,61352,2,1,0,0,0,0,0,0,2,0,0,0
2003,61353,1,1,0,0,0,0,0,0,0,0,0,0
2003,61354,1,1,0,0,0,0,0,0,0,0,0,0
2003,61355,0,1,0,0,0,0,0,0,0,0,0,0
2003,61355,1,1,14,0,21,0,0,0,0,8,23,8
2003,61356,1,1,0,0,0,0,0,0,0,15,0,0
2003,61356,2,1,0,0,0,0,0,0,0,0,0,0
2003,61357,1,1,0,0,0,0,0,0,0,0,0,0
2003,61358,1,1,0,0,0,0,0,0,0,0,0,0
2003,61358,2,1,0,0,0,15,0,0,0,0,0,0
2003,61359,1,1,11,27,15,20,0,16,6,23,18,0
2003,61360,1,1,0,0,0,0,0,0,21,0,0,0
2003,61360,2,1,0,0,0,0,0,0,0,0,0,0
2003,61361,1,1,0,0,0,0,0,0,0,0,0,0
2003,61362,0,1,5,5,5,5,5,5,5,5,5,5
2003,61362,1,1,0,0,0,0,0,0,0,0,0,0
2003,61363,1,1,5,5,5,5,5,5,5,5,5,5
2003,61364,1,1,0,11,0,9,19,0,0,0,0,0
2003,61365,1,1,0,0,0,0,0,0,0,0,0,0
2003,61365,2,1,0,0,23,0,0,0,0,0,0,0
2003,61366,0,1,0,0,0,0,0,0,0,0,0,0
2003,61366,1,1,0,0,0,0,13,0,0,0,0,0
2003,61367,1,1,13,13,13,13,13,13,13,13,13,13
2003,61367,2,1,0,0,0,0,0,0,0,0,0,0
2003,61367,3,1,0,0,0,0,0,0,0,0,0,0
2003,61367,4,1,0,0,0,0,0,0,0,0,0,0
2003,61367,5,1,0,18,0,0,0,0,0,0,0,0
2003,61368,1,1,0,0,0,0,0,0,0,0,0,0
2003,61369,1,1,9,12,20,9,0,27,26,21,24,0
2003,61370,1,1,0,0,0,0,0,0,0,0,0,0
2003,61370,2,1,0,0,0,0,0,0,0,0,0,0
2003,61371,1,1,0,0,0,0,0,0,0,0,0,0
2003,61371,2,1,0,0,0,0,0,0,0,0,0,0
2003,61371,3,1,0,0,0,0,0,0,0,0,0,0
2003,61372,1,1,0,0,0,0,0,0,0,0,0,0
2003,61372,2,1,0,0,0,0,0,0,0,0,0,0
2003,61373,1,1,0,0,0,0,0,0,0,0,0,0
2003,61374,1,1,0,0,0,0,0,0,0,0,0,0
2003,61375,0,1,0,0,0,0,0,0,0,0,0,0
2003,61375,1,1,0,0,0,0,0,0,0,0,0,0
2003,61376,1,1,0,0,0,0,0,0,0,0,0,0
2003,61377,1,1,0,13,0,0,27,0,0,0,0,0
2003,61378,1,1,21,21,21,21,21,21,21,21,21,21
2003,61378,2,1,0,0,0,0,0,0,0,0,0,0
2003,61379,1,1,0,0,0,0,0,0,0,0,0,0
2003,61380,1,1,0,0,0,0,0,0,0,0,0,0
2003,61381,1,1,0,2,0,0,0,0,0,0,0,0
2003,61382,1,1,6,6,6,6,6,6,6,6,6,6
2003,61382,2,1,0,0,0,0,0,0,23,0,0,0
2003,61383,1,1,25,25,25,25,25,25,25,25,25,25
2003,61384,1,1,25,25,25,25,25,25,25,25,25,25
2003,61384,2,1,0,0,0,0,0,0,0,0,0,0
2003,61384,3,1,0,0,0,0,0,0,0,0,0,0
2003,61385,0,1,0,0,0,0,0,0,0,0,0,0
2003,61385,0,2,0,7,0,24,24,0,17,0,0,0
2003,61385,0,3,0,0,0,0,11,0,0,0,0,0
2003,61385,0,4,0,13,0,0,0,0,0,0,0,4
2003,61385,1,1,0,0,0,18,0,30,0,0,0,0
2003,61385,2,1,0,0,0,0,0,0,0,0,0,0
2003,61386,0,1,26,26,26,26,26,26,26,26,26,26
2003,61386,1,1,0,0,0,23,0,0,0,0,0,0
2003,61387,1,1,11,11,11,11,11,11,11,11,11,11
2003,61387,2,1,0,0,0,0,0,0,0,0,0,0
2003,61388,1,1,0,0,0,0,0,0,0,0,0,0
2003,61389,1,1,0,0,0,0,0,0,0,0,0,0
2003,61390,1,1,0,0,0,0,0,0,0,0,0,0
2003,61391,1,1,0,0,0,0,0,0,0,0,0,0
2003,61391,2,1,0,0,0,0,0,0,0,0,0,0
2003,61392,1,1,0,0,0,0,0,0,0,0,0,0
2003,61393,1,1,0,0,0,0,0,0,0,0,0,0
2003,61393,2,1,0,0,0,0,0,0,0,0,0,0
2003,61394,1,1,0,0,0,0,0,0,0,0,0,0
2003,61394,2,1,0,0,0,0,0,0,0,0,0,0
2003,61395,1,1,0,0,0,0,0,8,0,0,0,0
2003,61396,1,1,0,0,0,0,0,0,0,0,0,0
2003,61396,2,1,0,0,0,0,0,0,0,0,0,0
2003,61397,1,1,0,0,0,0,0,0,0,0,0,0
2003,61397,2,1,0,0,0,0,0,0,0,0,0,0
2003,61398,1,1,12,12,12,12,12,12,12,12,12,12
2003,61398,2,1,0,0,0,0,0,0,0,0,0,0
2003,61399,1,1,0,0,0,0,0,0,0,0,0,0
2003,61400,1,1,9,9,9,9,9,9,9,9,9,9
2003,61401,0,1,13,13,13,13,13,13,13,13,13,13
2003,61401,1,1,0,0,0,0,0,0,0,0,0,0
2003,61402,1,1,0,0,0,0,0,0,0,0,0,0
2003,61402,2,1,0,0,0,0,0,0,0,0,0,0
2003,61403,1,1,0,0,0,0,0,0,0,0,0,0
2003,61403,2,1,15,25,10,22,26,11,23,13,9,39
2003,61404,0,1,0,0,0,0,0,0,0,0,0,0
2003,61404,1,1,0,0,0,0,0,0,0,0,0,0
2003,61405,1,1,0,0,0,0,0,0,0,0,0,0
2003,61406,1,1,2,2,2,2,2,2,2,2,2,2
2003,61407,1,1,2,2,2,2,2,2,2,2,2,2
2003,61407,2,1,0,0,0,0,0,0,0,0,0,0
2003,61408,0,1,0,0,0,0,0,0,0,0,0,0
2003,61408,1,1,0,0,0,0,0,0,0,0,0,0
2003,61409,1,1,1,1,1,1,1,1,1,1,1,1
2003,61410,0,1,27,27,27,27,27,27,27,27,27,27
2003,61410,1,1,0,0,0,0,0,0,0,9,0,0
2003,61411,1,1,0,0,0,0,0,0,0,0,0,0
2003,61412,1,1,0,0,16,0,0,0,0,0,0,0
2003,61412,2,1,0,0,0,0,0,0,0,0,0,0
2003,61413,1,1,6,6,6,6,6,6,6,6,6,6
2003,61413,2,1,17,17,17,17,17,17,17,17,17,17
2003,61414,1,1,0,0,0,0,0,0,0,0,0,0
2003,61414,2,1,0,0,0,0,0,0,0,0,0,0
2003,61415,1,1,3,3,3,3,3,3,3,3,3,3
2003,61416,1,1,16,16,16,16,16,16,16,16,16,16
2003,61417,1,1,0,0,0,0,0,24,0,0,0,0
2003,61418,1,1,0,0,0,0,0,0,0,19,21,17
2003,61419,0,1,0,0,0,0,0,0,0,0,0,0
2003,61419,0,2,0,0,0,0,0,0,0,0,0,0
2003,61419,0,3,0,18,0,22,0,0,0,0,0,0
2003,61419,0,4,0,0,0,38,3,0,23,0,7,0
2003,61419,1,1,0,0,0,0,0,0,0,0,0,0
2003,61420,1,1,0,0,0,0,0,0,0,0,0,0
2003,61420,2,1,0,0,0,0,0,0,0,0,0,0
2003,61420,3,1,0,0,0,0,0,0,0,0,0,0
2003,61420,4,1,0,0,0,0,0,0,0,0,0,0
2003,61421,1,1,0,0,0,0,0,0,0,0,0,0
2003,61421,2,1,0,0,0,0,0,0,0,0,0,0
2003,61421,3,1,0,0,0,0,0,0,0,0,0,0
2003,61421,4,1,0,0,0,0,0,0,0,0,0,0
2003,61422,0,1,2,2,2,2,2,2,2,2,2,2
2003,61422,1,1,0,0,0,0,0,0,0,0,0,0
2003,61422,2,1,25,16,0,0,16,0,0,20,21,6
2003,61423,0,1,0,0,0,0,0,0,0,0,0,0
2003,61423,1,1,0,0,0,0,0,0,0,0,0,0
2003,61424,0,1,0,18,25,0,0,32,0,0,12,0
2003,61424,1,1,0,0,0,0,0,0,0,0,0,0
2003,61425,0,1,0,0,0,0,0,0,0,0,0,0
2003,61425,1,1,0,0,0,11,0,0,0,28,31,0
2003,61426,1,1,13,13,13,13,13,13,13,13,13,13
2003,61427,1,1,0,0,0,0,17,0,0,0,0,0
2003,61428,1,1,20,20,20,20,20,20,20,20,20,20
2003,61429,0,1,0,0,0,0,0,0,0,0,0,0
2003,61429,1,1,16,17,0,0,10,0,8,12,0,7
2003,61430,1,1,0,0,0,0,0,0,0,0,0,0
2003,61431,1,1,0,0,0,0,0,0,0,0,0,0
2003,61431,2,1,0,0,0,0,0,0,0,0,0,0
2003,61431,3,1,0,0,0,0,0,0,0,0,0,0
2003,61432,0,1,0,0,0,0,0,0,0,0,0,0
2003,61432,1,1,0,0,0,0,0,0,0,0,0,0
2003,61433,1,1,0,0,0,0,0,0,0,0,0,0
2003,61433,2,1,0,0,0,0,0,0,0,0,0,0
2003,61434,1,1,0,8,0,0,0,0,0,0,0,0
2003,61434,2,1,0,0,0,0,0,0,0,0,0,0
2003,61435,1,1,7,7,7,7,7,7,7,7,7,7
2003,61435,2,1,0,0,0,0,0,0,0,0,0,0
2003,61436,1,1,0,0,18,0,0,0,0,0,15,0
2003,61437,1,1,0,0,0,0,0,0,0,0,8,0
2003,61438,0,1,0,0,0,0,0,0,0,0,0,0
2003,61438,1,1,0,0,0,0,0,0,10,0,0,0
2003,61439,1,1,0,0,0,0,0,0,0,0,0,0
2003,61440,0,1,25,17,16,28,10,27,34,24,14,17
2003,61440,1,1,0,0,0,0,0,9,0,0,0,0
2003,61441,1,1,22,22,22,22,22,22,22,22,22,22
2003,61442,1,1,0,0,0,0,0,0,0,0,0,0
2003,61442,2,1,0,0,0,0,0,0,0,0,0,0
2003,61443,1,1,0,0,7,0,0,0,0,0,0,0
2003,61443,2,1,0,0,0,0,0,0,0,0,17,0
2003,61444,1,1,0,0,0,0,0,0,0,0,0,0
2003,61444,2,1,0,0,0,0,0,0,0,0,0,0
2003,61445,1,1,0,0,0,0,0,0,9,0,0,14
2003,61445,2,1,0,0,0,0,0,0,0,0,0,0
2003,61445,3,1,0,0,0,0,0,0,0,0,13,0
2003,61446,1,1,0,0,0,0,0,0,0,0,0,0
2003,61446,2,1,0,0,0,0,0,0,0,0,0,0
2003,61447,1,1,0,0,0,0,0,0,0,0,0,0
2003,61447,2,1,0,0,0,0,0,0,0,0,0,0
2003,61448,1,1,0,0,0,0,0,0,0,0,0,0
2003,61448,2,1,0,0,0,0,0,0,0,0,0,0
2003,61449,1,1,0,0,0,0,0,0,0,0,0,0
2003,61450,0,1,0,0,0,0,0,0,0,0,0,0
2003,61450,1,1,0,0,0,0,0,0,0,0,0,0
2003,61450,2,1,0,0,0,0,0,0,0,0,0,0
2003,61451,1,1,0,0,0,0,0,0,0,0,0,0
2003,61452,1,1,27,27,27,27,27,27,27,27,27,27
2003,61453,1,1,23,23,23,23,23,23,23,23,23,23
2003,61454,0,1,25,25,25,25,25,25,25,25,25,25
2003,61454,1,1,0,0,0,0,0,0,0,0,0,0
2003,61455,1,1,15,15,15,15,15,15,15,15,15,15
2003,61456,1,1,6,6,6,6,6,6,6,6,6,6
2003,61457,0,1,28,28,28,28,28,28,28,28,28,28
2003,61457,1,1,0,0,0,0,0,0,0,0,0,0
2003,61458,1,1,8,8,8,8,8,8,8,8,8,8
2003,61459,0,1,0,0,0,0,0,0,0,0,0,0
2003,61459,1,1,0,0,0,0,0,0,0,0,0,0
2003,61460,1,1,0,0,0,0,0,0,0,0,0,0
2003,61461,1,1,16,16,16,16,16,16,16,16,16,16
2003,61462,0,1,27,27,27,27,27,27,27,27,27,27
2003,61462,1,1,0,0,0,0,0,0,0,0,0,0
2003,61462,2,1,10,0,0,0,0,0,0,0,0,0
2003,61462,3,1,0,0,0,9,0,0,14,0,0,0
2003,61463,1,1,21,21,21,21,21,21,21,21,21,21
2003,61464,0,1,0,0,0,0,0,0,0,0,0,0
2003,61464,1,1,0,0,0,0,0,0,0,0,0,0
2003,61465,1,1,0,0,0,0,0,0,0,0,0,0
2003,61466,0,1,0,0,0,0,0,0,0,0,0,0
2003,61466,1,1,0,0,0,0,0,0,0,0,0,0
2003,61467,1,1,0,0,0,0,0,0,0,0,0,0
2003,61468,1,1,0,0,0,0,0,0,0,0,0,0
2003,61469,1,1,19,19,19,19,19,19,19,19,19,19
2003,61470,1,1,7,9,10,13,0,20,7,11,0,12
2003,61470,2,1,0,0,0,0,0,0,0,0,0,0
2003,61470,3,1,0,0,0,0,0,0,0,0,0,0
2003,61470,4,1,0,0,0,0,0,0,0,0,0,0
2003,61470,5,1,0,0,0,0,0,0,0,0,0,0
2003,61471,1,1,0,0,0,0,0,0,0,0,0,0
2003,61471,2,1,0,0,0,0,0,0,0,0,0,0
2003,61472,1,1,0,0,0,0,0,0,0,0,0,0
2003,61472,2,1,2,2,2,2,2,2,2,2,2,2
2003,61473,0,1,0,0,0,0,0,0,0,0,0,0
2003,61473,1,1,0,0,0,14,0,0,0,0,0,0
2003,61474,1,1,22,22,22,22,22,22,22,22,22,22
2003,61475,1,1,0,0,0,0,0,0,0,0,0,0
2003,61476,1,1,0,0,0,0,0,0,0,0,0,0
2003,61477,1,1,2,0,0,0,0,0,0,0,0,0
2003,61478,1,1,22,22,22,22,22,22,22,22,22,22
2003,61479,1,1,1,1,1,1,1,1,1,1,1,1
2003,61480,1,1,0,0,0,0,0,0,0,0,0,0
2003,61480,2,1,0,0,0,0,0,0,0,0,0,0
2003,61481,1,1,0,0,0,0,0,0,0,0,0,0
2003,61482,1,1,0,0,0,0,0,0,0,0,0,0
2003,61483,1,1,0,0,0,0,0,0,0,0,0,0
2003,61483,2,1,0,0,0,0,0,0,0,0,0,0
2003,61484,1,1,0,0,0,0,0,0,0,0,0,0
2003,61485,1,1,0,0,0,0,0,0,0,0,0,0
2003,61486,1,1,0,0,0,0,0,0,0,0,0,0
2003,61486,2,1,0,0,0,0,0,0,0,0,0,0
2003,61486,3,1,0,0,0,0,0,0,0,0,0,7
2003,61487,1,1,0,0,0,0,0,0,0,0,12,0
2003,61487,2,1,0,0,0,0,0,0,0,0,0,0
2003,61488,1,1,3,3,3,3,3,3,3,3,3,3
2003,61488,2,1,0,0,0,0,0,0,0,0,0,0
2003,61489,1,1,17,17,17,17,17,17,17,17,17,17
2003,61489,2,1,0,0,0,0,0,0,0,0,0,0
2003,61490,1,1,19,19,19,19,19,19,19,19,19,19
2003,61491,1,1,12,12,12,12,12,12,12,12,12,12
2003,61491,2,1,0,0,0,0,0,0,0,0,0,0
2003,61492,0,1,0,0,0,0,0,0,0,0,0,0
2003,61492,1,1,0,20,0,0,0,0,0,0,16,0
2003,61493,1,1,0,0,0,0,0,0,0,0,0,0
2003,61493,2,1,15,15,15,15,15,15,15,15,15,15
2003,61494,1,1,2,2,2,2,2,2,2,2,2,2
2003,61494,2,1,0,0,0,0,0,0,0,0,0,0
2003,61495,1,1,15,15,15,15,15,15,15,15,15,15
2003,61496,1,1,0,8,23,11,26,22,22,21,17,14
2003,61496,2,1,3,3,3,3,3,3,3,3,3,3
2003,61497,1,1,8,8,8,8,8,8,8,8,8,8
2003,61498,1,1,14,14,14,14,14,14,14,14,14,14
2003,61498,2,1,0,0,0,0,0,0,0,0,0,0
2003,61499,1,1,0,9,0,0,0,0,11,9,0,0
2003,61499,2,1,0,0,0,0,0,0,0,0,0,0
2003,61499,3,1,0,0,0,0,0,0,0,0,0,0
2003,61500,1,1,0,0,0,0,0,0,8,0,0,0
2003,61501,0,1,26,0,0,18,0,0,0,0,0,0
2003,61501,1,1,0,0,0,0,0,0,0,0,0,0
2003,61502,1,1,0,0,0,0,0,0,0,0,0,0
2003,61502,2,1,0,0,0,0,0,0,0,0,0,0
2003,61503,1,1,0,0,0,0,0,0,0,0,0,0
2003,61503,2,1,0,0,0,0,0,0,0,0,0,0
2003,61504,1,1,0,0,0,0,0,0,0,0,0,0
2003,61505,1,1,0,0,0,0,0,0,0,0,0,0
2003,61506,0,1,0,0,0,0,0,0,0,0,0,0
2003,61506,1,1,0,0,0,0,0,0,0,0,0,0
2003,61507,0,1,31,31,31,31,31,31,31,31,31,31
2003,61507,1,1,0,0,0,0,0,21,0,12,0,23
2003,61508,1,1,0,0,0,0,0,0,13,0,0,0
2003,61508,2,1,0,0,0,0,0,0,0,0,0,0
2003,61509,1,1,0,0,0,0,0,0,0,0,0,0
2003,61510,0,1,0,0,0,0,0,0,0,0,0,0
2003,61510,1,1,0,0,0,0,0,0,0,0,0,0
2003,61511,1,1,0,0,0,0,0,0,0,0,0,0
2003,61512,1,1,0,0,0,0,0,0,0,0,0,0
2003,61513,1,1,0,0,0,0,0,0,0,0,0,0
2003,61514,0,1,2,2,2,2,2,2,2,2,2,2
2003,61514,1,1,0,0,0,0,0,0,0,0,0,0
2003,61514,2,1,0,0,0,0,0,0,0,0,0,0
2003,61515,1,1,0,0,0,0,0,0,0,0,0,0
2003,61515,2,1,0,0,0,0,0,0,0,0,0,0
2003,61516,1,1,0,0,0,0,12,17,0,0,0,0
2003,61516,2,1,0,0,0,0,0,0,0,0,0,0
2003,61517,1,1,0,0,0,0,0,0,0,0,0,0
2003,61518,1,1,0,0,0,0,0,0,0,0,0,0
2003,61518,2,1,0,0,0,0,0,0,0,0,0,0
2003,61519,1,1,51,51,51,51,51,51,51,51,51,51
2003,61520,1,1,0,0,0,0,0,0,0,0,0,0
2003,61521,1,1,15,15,15,15,15,15,15,15,15,15
2003,61522,1,1,21,21,21,21,21,21,21,21,21,21
2003,61522,2,1,0,0,0,2,0,0,0,0,0,0
2003,61522,3,1,0,0,0,0,0,0,0,0,0,0
2003,61523,1,1,0,0,0,0,0,0,0,0,18,0
2003,61524,1,1,4,4,4,4,4,4,4,4,4,4
2003,61525,1,1,0,0,0,0,0,0,0,0,0,0
2003,61525,2,1,0,0,0,0,0,0,8,0,0,0
2003,61525,3,1,0,0,0,0,0,0,0,0,0,0
2003,61526,1,1,0,0,0,0,0,0,0,0,0,0
2003,61526,2,1,0,0,0,0,0,0,0,0,0,0
2003,61527,0,1,0,0,0,0,0,0,0,0,0,0
2003,61527,1,1,18,8,0,8,0,0,3,10,0,11
2003,61528,1,1,2,2,2,2,2,2,2,2,2,2
2003,61529,1,1,13,13,13,13,13,13,13,13,13,13
2003,61529,2,1,0,0,0,0,0,0,0,0,0,0
2003,61530,0,1,0,0,0,0,0,0,0,0,0,0
2003,61530,0,2,0,0,0,0,0,0,0,0,0,0
2003,61530,1,1,0,0,0,0,0,0,0,0,0,0
2003,61531,1,1,0,0,0,0,0,0,0,0,0,0
2003,61531,2,1,0,0,0,6,0,0,0,0,0,0
2003,61532,0,1,3,3,3,3,3,3,3,3,3,3
2003,61532,1,1,0,0,0,0,0,14,0,0,0,0
2003,61533,1,1,0,0,0,0,0,0,0,0,0,0
2003,61534,1,1,0,0,0,0,0,0,0,0,0,0
2003,61535,1,1,0,0,0,0,0,0,0,0,0,0
2003,61535,2,1,0,0,0,0,0,0,0,0,0,0
2003,61535,3,1,0,0,0,0,0,0,0,9,0,0
2003,61536,1,1,0,0,0,0,0,0,0,0,0,0
2003,61536,2,1,0,0,0,0,0,0,0,12,0,0
2003,61537,1,1,0,0,0,0,0,0,0,0,0,0
2003,61537,2,1,0,0,0,0,0,0,0,0,0,0