YEAR,ST_CASE,veh_no,per_no,P1,P2,P3,P4,P5,P6,P7,P8,P9,P10
2003,61538,1,1,0,0,0,0,0,0,0,0,0,0
2003,61538,2,1,0,0,0,0,0,0,0,0,0,16
2003,61539,1,1,19,19,19,19,19,19,19,19,19,19
2003,61540,1,1,19,0,17,7,0,6,17,39,13,18
2003,61540,2,1,0,0,0,0,0,0,0,0,0,0
2003,61541,1,1,0,0,0,0,0,0,0,0,0,0
2003,61542,1,1,0,0,0,0,0,0,0,0,0,0
2003,61543,1,1,0,0,0,0,0,0,0,0,0,0
2003,61543,2,1,0,0,0,0,0,0,0,9,0,0
2003,61544,1,1,31,31,31,31,31,31,31,31,31,31
2003,61545,1,1,30,30,30,30,30,30,30,30,30,30
2003,61546,1,1,0,0,0,0,0,0,0,0,0,0
2003,61547,1,1,0,0,0,0,0,0,0,0,0,0
2003,61548,1,1,0,0,0,0,0,0,0,0,0,0
2003,61549,1,1,0,0,0,0,0,0,0,0,0,0
2003,61550,0,1,30,30,30,30,30,30,30,30,30,30
2003,61550,1,1,0,0,0,0,0,0,0,0,0,0
2003,61551,1,1,11,11,11,11,11,11,11,11,11,11
2003,61552,1,1,0,0,0,0,0,0,0,0,0,0
2003,61552,2,1,0,0,0,0,0,0,0,0,0,0
2003,61552,3,1,0,0,0,0,0,0,0,0,0,0
2003,61554,1,1,0,0,0,0,0,0,0,0,0,0
2003,61554,2,1,0,0,0,0,0,0,0,0,0,0
2003,61555,1,1,20,20,20,20,20,20,20,20,20,20
2003,61556,0,1,23,0,23,0,25,14,17,0,0,0
2003,61556,1,1,20,0,0,10,10,0,27,0,6,17
2003,61557,0,1,16,16,16,16,16,16,16,16,16,16
2003,61557,1,1,0,0,0,0,0,0,0,0,0,0
2003,61558,1,1,0,0,0,0,0,0,0,0,0,0
2003,61558,2,1,0,0,0,0,0,0,0,0,0,0
2003,61559,1,1,0,0,0,0,0,0,0,0,0,0
2003,61560,1,1,19,19,19,19,19,19,19,19,19,19
2003,61561,1,1,14,14,14,14,14,14,14,14,14,14
2003,61562,1,1,0,0,0,0,0,0,0,0,0,0
2003,61563,1,1,0,0,0,0,0,0,0,18,0,0
2003,61564,1,1,0,0,0,0,0,0,0,0,0,0
2003,61565,1,1,28,28,28,28,28,28,28,28,28,28
2003,61566,1,1,9,9,9,9,9,9,9,9,9,9
2003,61567,1,1,0,0,0,0,0,0,0,0,0,0
2003,61567,2,1,0,0,0,0,0,0,0,0,0,0
2003,61568,1,1,0,0,0,0,0,0,0,0,0,0
2003,61568,2,1,0,0,0,0,0,0,0,0,0,0
2003,61569,0,1,0,0,0,0,0,0,0,0,0,0
2003,61569,1,1,0,0,0,0,0,0,0,0,0,0
2003,61570,1,1,20,20,20,20,20,20,20,20,20,20
2003,61570,2,1,10,10,10,10,10,10,10,10,10,10
2003,61570,3,1,0,13,0,0,0,0,0,0,0,0
2003,61571,1,1,32,32,32,32,32,32,32,32,32,32
2003,61572,1,1,0,0,0,0,0,0,0,0,0,0
2003,61572,2,1,0,0,0,0,0,0,0,0,0,0
2003,61573,0,1,0,0,0,0,0,0,0,0,0,0
2003,61573,1,1,0,0,0,0,0,0,0,0,0,0
2003,61574,1,1,0,0,0,0,0,0,0,0,0,0
2003,61575,1,1,0,0,0,0,0,0,0,0,0,0
2003,61575,2,1,0,0,0,0,0,0,0,0,16,0
2003,61576,1,1,17,17,17,17,17,17,17,17,17,17
2003,61577,0,1,27,27,27,27,27,27,27,27,27,27
2003,61577,1,1,25,25,25,25,25,25,25,25,25,25
2003,61578,1,1,0,0,0,0,0,14,0,0,0,0
2003,61578,2,1,13,13,13,13,13,13,13,13,13,13
2003,61579,1,1,6,6,6,6,6,6,6,6,6,6
2003,61579,2,1,0,0,0,0,0,0,0,0,0,0
2003,61580,1,1,0,0,0,0,0,0,0,0,0,0
2003,61581,1,1,0,0,0,0,0,0,0,0,0,0
2003,61581,2,1,0,0,0,0,0,0,0,0,0,0
2003,61581,3,1,0,0,0,0,0,0,13,0,0,0
2003,61582,1,1,0,0,0,0,0,0,0,0,0,0
2003,61583,1,1,35,35,35,35,35,35,35,35,35,35
2003,61583,2,1,0,0,0,0,0,0,0,0,0,0
2003,61583,3,1,0,0,0,0,0,0,0,0,0,0
2003,61583,4,1,0,0,0,0,0,0,0,0,0,0
2003,61584,1,1,0,0,0,0,0,0,0,0,0,0
2003,61585,1,1,0,0,0,0,0,0,0,0,0,0
2003,61585,2,1,0,2,0,0,0,0,0,0,0,0
2003,61586,1,1,0,0,0,0,0,0,0,0,0,0
2003,61587,1,1,0,0,0,0,0,0,0,0,0,0
2003,61588,1,1,0,0,0,0,0,0,0,0,0,0
2003,61589,1,1,22,22,22,22,22,22,22,22,22,22
2003,61590,1,1,0,15,0,0,0,0,0,0,0,0
2003,61591,1,1,0,0,0,0,0,0,0,0,0,0
2003,61592,1,1,0,0,0,21,0,0,0,0,0,0
2003,61592,2,1,0,0,0,0,0,0,0,0,0,0
2003,61592,3,1,0,0,0,0,0,0,0,0,0,0
2003,61592,4,1,0,0,0,0,0,0,0,0,0,0
2003,61593,1,1,0,0,0,0,0,0,0,0,0,0
2003,61593,2,1,0,0,0,0,0,0,0,0,0,0
2003,61593,3,1,0,0,0,0,0,0,0,0,0,0
2003,61594,1,1,0,0,0,0,0,0,0,0,0,0
2003,61594,2,1,0,0,0,0,0,0,0,0,0,0
2003,61595,1,1,0,0,0,0,0,0,0,0,0,0
2003,61596,1,1,4,4,4,4,4,4,4,4,4,4
2003,61596,2,1,0,0,0,0,0,0,0,0,0,0
2003,61597,1,1,21,21,21,21,21,21,21,21,21,21
2003,61598,1,1,0,0,0,0,0,0,0,0,0,0
2003,61598,2,1,0,0,0,0,0,0,0,0,0,0
2003,61598,3,1,0,0,0,0,0,0,0,0,0,0
2003,61599,1,1,0,0,0,0,0,0,0,0,0,0
2003,61600,1,1,0,0,0,0,0,0,0,0,0,0
2003,61601,1,1,0,0,0,0,0,0,0,0,0,0
2003,61602,1,1,0,0,0,0,0,0,0,0,0,0
2003,61603,1,1,0,0,0,0,0,0,0,0,0,0
2003,61604,1,1,8,8,8,8,8,8,8,8,8,8
2003,61605,0,1,0,0,0,0,0,0,0,0,0,0
2003,61605,1,1,0,0,0,0,0,0,0,0,0,0
2003,61606,0,1,0,0,0,0,0,0,0,0,0,0
2003,61606,1,1,0,0,0,0,0,0,0,0,0,0
2003,61606,2,1,0,0,0,0,0,0,0,0,0,0
2003,61607,1,1,0,0,0,0,0,0,0,0,0,0
2003,61608,1,1,0,0,0,0,0,0,0,0,0,0
2003,61608,2,1,0,0,0,0,0,0,0,0,0,0
2003,61608,3,1,0,0,0,0,0,0,0,0,0,0
2003,61608,4,1,0,0,0,0,0,0,0,0,0,0
2003,61609,1,1,0,0,0,0,0,0,0,0,0,0
2003,61610,1,1,0,0,6,0,0,0,0,0,12,0
2003,61610,2,1,0,0,0,0,0,0,0,0,0,0
2003,61610,3,1,0,0,0,0,0,0,0,0,0,0
2003,61610,4,1,36,0,14,0,0,0,0,0,11,0
2003,61611,1,1,0,16,0,0,0,0,0,0,0,0
2003,61611,2,1,0,0,0,0,0,0,0,0,0,0
2003,61612,1,1,0,0,0,0,0,0,0,0,0,0
2003,61612,2,1,0,0,0,0,0,0,0,0,0,0
2003,61613,1,1,0,0,0,0,0,0,0,0,0,0
2003,61614,1,1,0,0,0,0,0,0,0,0,0,0
2003,61614,2,1,0,0,0,0,0,0,0,0,0,0
2003,61615,0,1,28,28,28,28,28,28,28,28,28,28
2003,61615,1,1,0,0,0,0,0,0,0,16,0,0
2003,61616,0,1,4,4,4,4,4,4,4,4,4,4
2003,61616,1,1,0,0,0,0,0,0,0,0,0,0
2003,61617,1,1,0,0,0,0,0,0,0,0,0,0
2003,61617,2,1,21,0,9,10,0,18,0,11,0,0
2003,61618,1,1,0,0,0,0,0,0,0,0,0,0
2003,61618,2,1,0,0,0,21,0,0,0,0,0,0
2003,61619,1,1,6,6,6,6,6,6,6,6,6,6
2003,61619,2,1,0,0,0,0,0,0,0,0,0,0
2003,61620,1,1,0,0,0,0,0,0,0,0,0,0
2003,61620,2,1,0,0,0,0,0,0,0,0,0,0
2003,61620,3,1,0,0,0,0,0,0,0,0,0,0
2003,61621,0,1,0,0,0,0,0,0,0,0,0,0
2003,61621,1,1,0,0,0,0,0,0,0,0,0,0
2003,61622,1,1,0,0,0,0,0,0,0,0,0,0
2003,61622,2,1,0,0,0,0,0,0,0,0,0,0
2003,61623,1,1,0,0,0,0,0,0,0,0,0,0
2003,61623,2,1,0,0,0,0,0,0,0,0,0,0
2003,61624,1,1,0,0,0,0,0,0,0,0,0,0
2003,61624,2,1,0,0,0,0,0,0,0,0,0,0
2003,61625,1,1,12,12,12,12,12,12,12,12,12,12
2003,61626,1,1,3,3,3,3,3,3,3,3,3,3
2003,61627,1,1,17,17,17,17,17,17,17,17,17,17
2003,61628,1,1,16,16,16,16,16,16,16,16,16,16
2003,61629,1,1,23,23,23,23,23,23,23,23,23,23
2003,61630,1,1,0,0,0,0,0,0,0,0,0,0
2003,61631,1,1,38,38,38,38,38,38,38,38,38,38
2003,61632,0,1,18,18,18,18,18,18,18,18,18,18
2003,61632,1,1,0,0,8,0,0,0,0,8,0,0
2003,61633,0,1,0,0,0,0,0,0,0,0,0,0
2003,61633,1,1,0,0,0,0,0,0,0,0,0,0
2003,61634,1,1,0,0,0,0,0,0,0,0,0,0
2003,61635,1,1,9,9,9,9,9,9,9,9,9,9
2003,61636,1,1,0,0,0,0,0,0,0,0,0,0
2003,61636,2,1,0,7,12,2,0,0,0,5,0,0
2003,61637,1,1,0,0,0,0,0,0,0,0,0,0
2003,61638,1,1,0,0,0,0,0,0,0,0,0,0
2003,61639,1,1,8,8,8,8,8,8,8,8,8,8
2003,61640,1,1,13,13,13,13,13,13,13,13,13,13
2003,61641,0,1,34,34,34,34,34,34,34,34,34,34
2003,61641,1,1,0,0,0,0,0,0,0,0,0,0
2003,61642,1,1,0,0,0,0,0,0,0,0,0,0
2003,61642,2,1,0,0,0,0,0,0,0,0,0,0
2003,61643,1,1,0,0,0,0,0,0,0,0,0,0
2003,61644,1,1,4,4,4,4,4,4,4,4,4,4
2003,61644,2,1,0,0,0,0,0,0,0,0,0,0
2003,61645,1,1,0,0,0,0,0,0,0,6,0,0
2003,61646,0,1,0,0,0,0,0,0,0,0,0,0
2003,61646,1,1,0,0,0,0,0,0,0,0,0,0
2003,61647,1,1,0,0,0,0,0,0,0,0,0,0
2003,61647,2,1,0,0,0,0,0,25,0,0,0,0
2003,61648,1,1,15,0,0,0,0,0,9,0,0,0
2003,61648,2,1,0,0,0,0,0,0,0,0,0,0
2003,61649,1,1,0,0,0,0,0,0,0,0,0,0
2003,61649,2,1,0,0,0,0,0,0,0,0,0,0
2003,61650,1,1,0,0,0,0,0,0,0,0,0,0
2003,61650,2,1,0,0,0,0,0,0,0,0,0,0
2003,61651,1,1,14,14,14,14,14,14,14,14,14,14
2003,61651,2,1,0,0,0,0,0,0,0,0,0,0
2003,61652,1,1,34,0,0,0,0,23,0,13,0,0
2003,61653,1,1,0,0,0,17,0,0,0,20,0,0
2003,61654,1,1,21,21,21,21,21,21,21,21,21,21
2003,61654,2,1,0,0,0,0,0,0,0,0,0,0
2003,61654,3,1,0,25,0,21,11,15,0,17,7,19
2003,61655,1,1,37,37,37,37,37,37,37,37,37,37
2003,61656,1,1,0,0,0,0,13,0,0,15,0,0
2003,61657,1,1,0,0,0,0,0,0,0,0,0,0
2003,61657,2,1,0,0,0,0,8,0,0,0,0,0
2003,61658,1,1,10,10,10,10,10,10,10,10,10,10
2003,61659,1,1,0,0,0,0,0,0,0,0,0,0
2003,61660,1,1,0,0,0,0,0,0,0,0,0,0
2003,61661,0,1,43,43,43,43,43,43,43,43,43,43
2003,61661,1,1,0,0,0,0,0,0,0,0,0,0
2003,61662,1,1,0,0,0,0,0,0,0,0,0,0
2003,61662,2,1,0,0,0,0,0,0,0,0,0,0
2003,61662,3,1,0,0,0,0,0,0,0,0,0,0
2003,61663,1,1,11,11,11,11,11,11,11,11,11,11
2003,61663,2,1,0,0,0,0,0,0,0,0,0,0
2003,61664,1,1,0,0,0,0,0,14,0,0,0,0
2003,61664,2,1,0,0,0,0,0,0,0,0,0,0
2003,61664,3,1,0,0,0,9,0,0,0,0,0,0
2003,61664,4,1,0,0,0,0,0,0,0,0,0,0
2003,61665,1,1,0,0,0,0,0,0,0,0,0,0
2003,61666,0,1,0,0,0,0,0,0,0,0,0,0
2003,61666,1,1,0,0,0,0,0,0,0,0,0,0
2003,61667,1,1,0,0,0,0,0,0,0,0,0,0
2003,61667,2,1,0,0,0,0,0,0,0,0,0,0
2003,61668,1,1,0,0,0,0,0,0,0,0,0,0
2003,61668,2,1,3,3,3,3,3,3,3,3,3,3
2003,61668,3,1,0,0,0,0,0,0,0,0,0,0
2003,61668,4,1,0,0,0,0,0,0,0,0,17,0
2003,61669,1,1,2,2,2,2,2,2,2,2,2,2
2003,61670,1,1,26,26,26,26,26,26,26,26,26,26
2003,61671,1,1,22,22,22,22,22,22,22,22,22,22
2003,61671,2,1,0,0,0,0,0,0,0,0,0,0
2003,61672,1,1,0,0,0,0,0,0,0,0,0,0
2003,61672,2,1,0,0,0,0,0,0,0,0,0,0
2003,61673,1,1,0,0,0,0,0,0,0,0,11,0
2003,61673,2,1,0,0,0,0,0,0,0,0,0,0
2003,61674,1,1,21,21,21,21,21,21,21,21,21,21
2003,61675,1,1,0,0,0,0,0,0,0,0,0,0
2003,61676,1,1,0,0,0,0,0,0,0,0,0,0
2003,61676,2,1,0,0,0,0,0,0,0,0,0,0
2003,61677,1,1,23,23,23,23,23,23,23,23,23,23
2003,61677,2,1,7,7,7,7,7,7,7,7,7,7
2003,61678,1,1,10,10,10,10,10,10,10,10,10,10
2003,61679,1,1,0,0,0,0,0,0,0,0,0,0
2003,61680,1,1,0,0,0,0,0,0,0,0,0,0
2003,61680,2,1,0,0,0,0,0,0,0,0,0,0
2003,61681,0,1,15,15,15,15,15,15,15,15,15,15
2003,61681,1,1,0,0,25,0,0,0,20,0,0,0
2003,61682,1,1,22,22,22,22,22,22,22,22,22,22
2003,61683,1,1,0,0,0,0,0,0,0,0,0,0
2003,61684,1,1,0,0,0,0,0,0,0,0,0,0
2003,61685,1,1,25,25,25,25,25,25,25,25,25,25
2003,61686,1,1,0,0,0,0,0,0,0,0,0,0
2003,61687,1,1,0,0,0,0,0,0,0,0,0,0
2003,61687,2,1,0,0,0,0,0,0,0,0,0,0
2003,61687,3,1,0,0,0,5,0,0,0,0,0,0
2003,61688,1,1,21,21,21,21,21,21,21,21,21,21
2003,61688,2,1,0,0,0,0,16,0,0,0,0,0
2003,61689,1,1,20,20,20,20,20,20,20,20,20,20
2003,61690,1,1,28,28,28,28,28,28,28,28,28,28
2003,61691,1,1,0,0,0,0,0,0,0,0,0,0
2003,61691,2,1,6,0,0,0,0,0,0,0,0,0
2003,61692,1,1,0,0,0,0,0,0,0,0,0,0
2003,61693,1,1,14,14,14,14,14,14,14,14,14,14
2003,61694,1,1,0,0,0,0,0,0,0,0,0,0
2003,61695,1,1,0,0,0,0,0,0,0,0,0,0
2003,61695,2,1,0,0,0,0,0,0,0,0,0,0
2003,61696,1,1,0,0,0,0,0,0,0,0,0,0
2003,61696,2,1,0,0,0,0,0,0,0,0,0,0
2003,61697,1,1,21,11,22,14,12,0,0,0,10,0
2003,61697,2,1,23,23,23,23,23,23,23,23,23,23
2003,61698,1,1,0,0,0,0,0,0,0,0,0,0
2003,61698,2,1,0,0,0,0,0,0,0,0,0,0
2003,61699,1,1,0,0,0,0,0,0,0,0,0,0
2003,61700,1,1,10,10,10,10,10,10,10,10,10,10
2003,61701,1,1,15,15,15,15,15,15,15,15,15,15
2003,61702,1,1,0,0,0,0,0,0,0,0,0,0
2003,61703,1,1,0,0,31,0,0,0,0,0,0,0
2003,61704,1,1,11,11,11,11,11,11,11,11,11,11
2003,61705,1,1,6,6,6,6,6,6,6,6,6,6
2003,61706,1,1,3,3,3,3,3,3,3,3,3,3
2003,61707,1,1,0,0,0,0,0,0,0,0,0,0
2003,61708,1,1,0,0,0,0,0,0,0,0,0,0
2003,61708,2,1,0,0,0,0,0,0,0,0,0,0
2003,61709,0,1,0,0,0,0,0,0,0,0,0,0
2003,61709,1,1,0,0,0,0,0,0,0,0,0,0
2003,61710,1,1,0,0,21,0,23,15,0,18,0,0
2003,61710,2,1,0,0,0,0,0,0,0,24,0,0
2003,61710,3,1,0,0,0,0,0,0,0,0,0,0
2003,61710,4,1,0,0,0,0,0,0,0,0,0,0
2003,61711,1,1,5,5,5,5,5,5,5,5,5,5
2003,61712,1,1,17,17,17,17,17,17,17,17,17,17
2003,61712,2,1,0,0,0,0,0,0,0,0,0,0
2003,61713,0,1,0,0,0,0,0,0,0,0,0,0
2003,61713,1,1,0,0,0,0,0,0,0,0,0,0
2003,61714,0,1,15,15,15,15,15,15,15,15,15,15
2003,61714,1,1,0,0,0,0,0,0,0,0,0,0
2003,61715,1,1,0,0,0,0,0,0,0,0,0,0
2003,61716,1,1,0,0,0,0,0,0,0,0,0,0
2003,61716,2,1,0,0,0,0,0,0,0,0,0,0
2003,61716,3,1,0,0,0,0,0,0,0,0,0,0
2003,61717,1,1,0,0,15,0,0,0,8,26,0,0
2003,61718,1,1,0,0,0,0,0,0,0,0,0,0
2003,61719,0,1,0,0,0,0,0,0,0,0,0,0
2003,61719,1,1,0,0,0,0,0,0,0,0,0,0
2003,61720,1,1,0,0,0,0,0,0,0,0,0,0
2003,61720,2,1,0,0,0,0,0,0,0,0,0,0
2003,61721,1,1,0,0,0,0,0,0,0,0,0,0
2003,61721,2,1,0,0,0,0,0,0,0,0,0,0
2003,61722,1,1,0,0,0,0,0,0,0,0,0,0
2003,61722,2,1,0,0,0,0,0,0,0,0,0,0
2003,61723,1,1,20,20,20,20,20,20,20,20,20,20
2003,61723,2,1,0,0,0,0,0,0,0,0,0,0
2003,61724,1,1,0,0,0,0,0,0,0,0,0,0
2003,61725,1,1,0,0,0,2,0,0,0,0,0,0
2003,61726,1,1,0,0,0,0,0,0,0,0,0,0
2003,61727,1,1,20,20,20,20,20,20,20,20,20,20
2003,61728,1,1,0,0,0,0,0,0,0,0,0,0
2003,61728,2,1,0,0,0,0,0,0,0,0,0,19
2003,61728,3,1,0,0,0,0,0,0,0,0,0,0
2003,61729,1,1,0,0,0,0,0,0,0,0,0,0
2003,61729,2,1,0,0,0,0,0,0,0,0,0,0
2003,61730,1,1,13,13,13,13,13,13,13,13,13,13
2003,61731,1,1,0,0,0,0,0,0,0,0,0,0
2003,61731,2,1,0,0,0,0,0,0,0,0,0,0
2003,61732,1,1,15,15,15,15,15,15,15,15,15,15
2003,61733,1,1,14,14,14,14,14,14,14,14,14,14
2003,61734,1,1,10,10,10,10,10,10,10,10,10,10
2003,61735,1,1,0,0,0,0,0,0,0,0,0,0
2003,61736,1,1,0,0,0,0,0,0,0,0,0,0
2003,61736,2,1,0,0,0,0,0,0,0,0,0,0
2003,61737,1,1,0,0,0,0,0,0,0,0,0,0
2003,61737,2,1,0,0,0,0,0,0,0,0,0,0
2003,61738,0,1,0,0,0,0,0,0,0,0,0,0
2003,61738,1,1,13,13,13,13,13,13,13,13,13,13
2003,61739,1,1,0,0,0,0,0,0,0,0,0,0
2003,61740,1,1,0,0,0,0,0,0,0,0,0,0
2003,61740,2,1,0,0,0,0,0,0,0,0,0,0
2003,61741,1,1,0,0,0,0,0,0,0,0,0,0
2003,61742,1,1,12,12,12,12,12,12,12,12,12,12
2003,61743,1,1,21,21,21,21,21,21,21,21,21,21
2003,61744,1,1,0,0,0,0,0,0,0,0,0,0
2003,61745,1,1,21,21,21,21,21,21,21,21,21,21
2003,61746,1,1,11,0,28,0,0,0,0,0,0,0
2003,61746,2,1,0,0,0,0,0,0,0,0,0,0
2003,61747,0,1,0,0,0,0,0,0,0,0,0,0
2003,61747,1,1,0,0,0,0,0,0,0,0,0,0
2003,61748,0,1,0,0,0,0,0,0,0,0,0,0
2003,61748,1,1,0,0,0,0,0,0,0,0,0,0
2003,61748,3,1,0,0,0,0,0,0,0,19,0,0
2003,61749,1,1,0,0,0,0,0,0,0,0,0,0
2003,61750,1,1,0,0,0,0,0,0,0,0,0,0
2003,61750,2,1,0,0,0,0,0,0,0,0,0,0
2003,61751,0,1,0,0,0,0,0,0,0,0,0,0
2003,61751,1,1,15,15,15,15,15,15,15,15,15,15
2003,61751,2,1,6,48,0,0,0,11,0,0,0,0
2003,61752,1,1,0,0,0,0,0,0,0,0,0,0
2003,61753,1,1,0,0,0,0,0,0,0,0,0,0
2003,61753,2,1,0,0,0,0,0,0,0,0,0,0
2003,61754,0,1,0,0,0,0,0,0,18,0,0,0
2003,61754,1,1,0,0,0,0,0,0,0,0,0,0
2003,61755,1,1,16,16,16,16,16,16,16,16,16,16
2003,61755,2,1,0,0,0,0,0,0,0,0,0,7
2003,61756,0,1,0,0,0,0,0,0,0,0,0,0
2003,61756,1,1,0,0,0,0,0,0,0,0,0,0
2003,61757,1,1,23,23,23,23,23,23,23,23,23,23
2003,61758,0,1,11,11,11,11,11,11,11,11,11,11
2003,61758,1,1,0,0,0,0,0,0,0,0,0,0
2003,61759,1,1,0,0,0,0,0,0,0,0,0,0
2003,61760,1,1,26,26,26,26,26,26,26,26,26,26
2003,61761,0,1,0,0,0,0,0,0,0,0,0,0
2003,61761,1,1,0,0,0,0,0,0,0,0,0,0
2003,61762,1,1,0,0,0,0,0,0,0,0,0,0
2003,61762,2,1,0,0,0,0,0,0,0,0,0,0
2003,61763,1,1,0,0,0,0,0,0,0,0,0,0
2003,61763,2,1,10,10,10,10,10,10,10,10,10,10
2003,61764,1,1,0,0,0,0,0,0,0,0,0,0
2003,61764,2,1,0,0,0,0,0,0,0,0,0,0
2003,61765,1,1,0,0,0,0,0,0,0,0,0,0
2003,61765,2,1,0,0,0,0,0,0,0,0,0,0
2003,61766,1,1,24,24,24,24,24,24,24,24,24,24
2003,61767,1,1,14,14,14,14,14,14,14,14,14,14
2003,61768,0,1,3,3,3,3,3,3,3,3,3,3
2003,61768,1,1,0,19,0,0,7,0,7,0,0,0
2003,61769,1,1,0,0,0,0,0,0,0,0,0,0
2003,61769,2,1,0,0,0,0,0,0,0,0,0,0
2003,61770,0,1,0,0,0,0,35,0,18,0,0,0
2003,61770,1,1,0,0,0,0,0,13,0,0,0,0
2003,61771,1,1,0,0,0,0,0,0,0,0,0,0
2003,61772,1,1,0,0,0,0,0,0,0,0,0,0
2003,61773,1,1,27,0,9,0,0,0,0,21,0,0
2003,61774,1,1,42,42,42,42,42,42,42,42,42,42
2003,61775,0,1,0,14,0,0,0,0,0,0,0,8
2003,61775,1,1,0,0,0,0,0,0,0,0,0,0
2003,61776,0,1,0,0,0,0,0,0,0,0,0,0
2003,61776,1,1,12,12,12,12,12,12,12,12,12,12
2003,61777,1,1,0,0,0,0,0,0,0,0,0,0
2003,61777,2,1,0,0,0,0,0,0,0,0,0,0
2003,61778,0,1,8,14,20,17,0,0,0,25,0,28
2003,61778,0,2,0,29,0,0,0,0,0,0,0,30
2003,61778,1,1,0,0,0,0,0,0,0,0,0,0
2003,61778,2,1,0,0,0,0,0,0,0,0,0,0
2003,61779,1,1,0,0,0,0,0,0,0,0,0,0
2003,61779,2,1,0,0,0,0,0,0,0,0,0,0
2003,61779,3,1,0,0,0,0,0,0,0,0,0,0
2003,61780,1,1,8,8,8,8,8,8,8,8,8,8
2003,61781,1,1,12,12,12,12,12,12,12,12,12,12
2003,61781,2,1,0,0,0,0,0,0,0,0,0,0
2003,61782,1,1,17,17,17,17,17,17,17,17,17,17
2003,61782,2,1,0,0,0,0,0,0,0,0,21,0
2003,61783,1,1,19,19,19,19,19,19,19,19,19,19
2003,61783,2,1,0,0,0,11,0,26,0,0,0,0
2003,61784,1,1,0,0,0,0,0,0,0,0,0,0
2003,61785,1,1,25,7,22,16,4,16,17,28,44,0
2003,61786,0,1,32,32,32,32,32,32,32,32,32,32
2003,61786,1,1,0,0,0,0,0,0,0,0,0,0
2003,61787,1,1,0,0,0,0,0,0,0,9,0,0
2003,61787,2,1,0,0,0,0,0,0,0,0,0,0
2003,61788,0,1,0,0,0,0,0,0,0,0,0,0
2003,61788,1,1,0,0,0,0,22,0,0,0,0,0
2003,61789,1,1,0,0,0,0,0,0,0,0,0,0
2003,61789,2,1,0,0,0,0,0,0,0,0,0,0
2003,61790,1,1,0,0,0,0,0,0,0,0,0,0
2003,61791,1,1,0,0,0,0,0,0,0,0,0,0
2003,61792,1,1,11,11,11,11,11,11,11,11,11,11
2003,61793,1,1,11,11,11,11,11,11,11,11,11,11
2003,61794,1,1,0,0,0,0,0,0,0,0,0,0
2003,61794,2,1,0,0,0,0,0,0,0,0,0,0
2003,61795,1,1,0,0,0,0,0,0,0,0,0,0
2003,61795,2,1,0,0,0,0,0,0,0,0,0,0
2003,61796,1,1,0,0,0,0,0,0,0,0,0,0
2003,61797,1,1,0,0,0,0,0,0,0,0,0,0
2003,61797,2,1,7,7,7,7,7,7,7,7,7,7
2003,61798,1,1,0,0,0,0,0,0,0,0,0,0
2003,61798,2,1,0,0,0,0,0,0,0,0,0,0
2003,61798,3,1,0,0,0,0,0,0,0,0,0,0
2003,61799,1,1,0,0,0,0,0,0,0,0,0,0
2003,61799,2,1,0,0,0,0,0,0,0,0,0,0
2003,61799,3,1,0,0,0,0,0,0,0,0,0,0
2003,61799,4,1,0,0,0,0,0,0,0,0,0,0
2003,61800,1,1,0,0,0,0,0,0,0,0,0,0
2003,61800,2,1,0,0,0,0,0,0,0,0,0,0
2003,61801,1,1,0,0,0,0,0,0,0,0,0,0
2003,61801,2,1,0,0,0,0,0,0,0,0,0,0
2003,61802,1,1,0,0,0,0,0,0,0,0,0,0
2003,61802,2,1,0,0,0,0,0,0,0,0,0,0
2003,61803,1,1,2,2,2,2,2,2,2,2,2,2
2003,61803,2,1,0,0,0,0,0,0,0,0,0,0
2003,61803,3,1,0,0,0,0,0,0,0,0,0,0
2003,61804,0,1,32,32,32,32,32,32,32,32,32,32
2003,61804,1,1,0,0,0,0,0,0,0,0,0,0
2003,61805,0,1,0,0,0,0,0,0,0,0,0,0
2003,61805,0,2,0,0,0,0,0,0,0,0,0,0
2003,61805,1,1,0,0,0,0,0,0,0,0,0,0
2003,61806,1,1,0,0,0,0,0,0,0,0,0,0
2003,61806,2,1,0,0,0,0,0,0,0,13,0,0