YEAR,ST_CASE,veh_no,per_no,P1,P2,P3,P4,P5,P6,P7,P8,P9,P10
2003,61806,3,1,0,0,0,0,0,0,0,0,0,0
2003,61807,0,1,34,34,34,34,34,34,34,34,34,34
2003,61807,1,1,0,0,0,0,0,0,0,0,0,0
2003,61808,0,1,0,0,28,0,0,31,0,0,0,25
2003,61808,0,2,0,11,15,18,0,30,0,0,19,24
2003,61808,0,3,13,14,17,0,0,0,27,0,0,0
2003,61808,0,4,20,12,8,0,32,0,0,0,0,16
2003,61808,0,5,0,0,0,0,0,0,0,0,0,0
2003,61808,1,1,0,0,0,0,0,0,0,0,0,0
2003,61808,2,1,0,0,0,0,0,0,0,0,0,0
2003,61809,1,1,0,0,0,0,0,0,0,0,0,0
2003,61809,2,1,0,7,0,0,0,0,0,0,0,0
2003,61810,1,1,0,0,0,0,0,0,0,0,0,0
2003,61810,2,1,0,0,0,0,0,0,0,0,0,0
2003,61811,1,1,10,10,10,10,10,10,10,10,10,10
2003,61811,2,1,0,0,0,0,0,0,0,0,0,0
2003,61812,1,1,0,0,0,0,0,0,0,0,0,0
2003,61812,2,1,0,0,0,0,0,0,0,0,0,0
2003,61813,1,1,0,0,0,0,0,0,0,0,0,0
2003,61814,1,1,19,19,19,19,19,19,19,19,19,19
2003,61815,0,1,0,0,0,9,0,35,0,0,17,0
2003,61815,1,1,0,0,0,0,0,0,0,0,0,0
2003,61816,1,1,6,6,6,6,6,6,6,6,6,6
2003,61817,0,1,22,22,22,22,22,22,22,22,22,22
2003,61817,1,1,17,0,0,0,0,0,0,0,0,0
2003,61818,0,1,17,17,17,17,17,17,17,17,17,17
2003,61818,1,1,0,0,0,14,0,0,0,0,0,0
2003,61819,0,1,0,0,0,0,0,0,0,0,0,0
2003,61819,1,1,11,3,9,4,28,11,9,0,10,20
2003,61820,0,1,26,26,26,26,26,26,26,26,26,26
2003,61820,1,1,11,13,13,13,13,5,10,14,10,21
2003,61821,1,1,0,0,0,0,0,0,0,0,0,0
2003,61821,2,1,0,0,0,0,0,0,0,0,0,0
2003,61821,3,1,0,0,0,0,0,0,0,0,0,0
2003,61822,1,1,0,0,0,0,0,0,0,0,23,0
2003,61822,2,1,0,0,0,0,0,0,0,0,0,0
2003,61822,3,1,0,0,0,0,0,0,0,0,0,0
2003,61823,1,1,0,0,0,0,0,0,0,0,0,0
2003,61823,2,1,0,0,0,0,0,0,0,0,0,0
2003,61824,1,1,0,0,0,0,0,0,0,0,0,0
2003,61824,2,1,0,0,0,0,0,0,0,0,0,0
2003,61825,1,1,0,0,0,0,0,0,0,0,0,0
2003,61825,2,1,0,0,0,0,0,0,0,0,0,0
2003,61826,0,1,0,0,0,0,0,0,0,0,0,0
2003,61826,1,1,0,0,0,0,0,0,0,0,0,0
2003,61827,0,1,29,29,29,29,29,29,29,29,29,29
2003,61827,1,1,0,0,0,0,0,0,0,0,0,0
2003,61828,1,1,0,0,0,0,0,0,0,0,0,0
2003,61829,0,1,0,0,0,0,0,0,0,0,0,0
2003,61829,1,1,0,0,0,0,0,0,0,0,0,0
2003,61830,1,1,0,0,0,0,0,0,0,0,0,0
2003,61831,1,1,2,2,2,2,2,2,2,2,2,2
2003,61832,1,1,0,0,0,0,0,0,0,0,0,0
2003,61833,1,1,0,0,0,0,0,0,0,0,0,0
2003,61834,1,1,0,0,0,0,0,0,0,0,0,0
2003,61835,1,1,0,0,0,0,0,0,0,0,0,0
2003,61835,2,1,0,0,0,0,0,0,0,0,0,0
2003,61836,1,1,0,0,0,0,0,0,0,0,0,0
2003,61836,2,1,0,0,0,0,0,0,0,0,0,0
2003,61836,3,1,0,0,0,0,4,0,0,0,0,0
2003,61837,0,1,22,22,22,22,22,22,22,22,22,22
2003,61837,1,1,0,0,0,0,0,0,0,0,0,0
2003,61838,1,1,13,13,13,13,13,13,13,13,13,13
2003,61839,1,1,0,0,0,0,0,0,0,0,0,0
2003,61840,0,1,0,0,0,0,0,0,0,0,0,0
2003,61840,1,1,0,0,0,0,0,0,0,0,0,0
2003,61841,1,1,5,5,5,5,5,5,5,5,5,5
2003,61842,0,1,0,0,0,0,0,22,0,0,0,0
2003,61842,1,1,0,0,0,0,0,0,0,0,0,0
2003,61843,1,1,14,14,14,14,14,14,14,14,14,14
2003,61844,0,1,0,0,0,0,0,0,0,0,0,0
2003,61844,1,1,0,0,0,0,0,16,0,0,0,0
2003,61845,0,1,14,14,14,14,14,14,14,14,14,14
2003,61845,1,1,0,0,0,0,0,0,0,0,0,0
2003,61846,0,1,0,0,0,0,23,0,0,0,0,0
2003,61846,1,1,0,0,0,0,16,0,0,0,0,0
2003,61847,1,1,0,0,0,0,0,0,0,0,0,0
2003,61848,0,1,24,24,24,24,24,24,24,24,24,24
2003,61848,1,1,0,0,0,0,26,0,0,0,0,11
2003,61849,0,1,0,0,0,0,0,0,0,0,0,0
2003,61849,1,1,0,0,0,0,0,0,0,0,0,0
2003,61850,0,1,33,33,33,33,33,33,33,33,33,33
2003,61850,1,1,0,0,21,0,27,0,12,10,0,0
2003,61851,1,1,0,0,0,0,0,0,0,0,0,0
2003,61851,2,1,0,0,0,0,0,0,0,0,0,0
2003,61852,1,1,0,0,0,0,0,0,0,0,0,0
2003,61852,2,1,0,0,0,0,0,0,0,0,0,0
2003,61853,0,1,0,0,0,0,0,0,0,0,0,0
2003,61853,0,2,46,12,0,22,0,25,0,14,24,18
2003,61853,0,3,0,0,0,0,0,0,0,0,0,0
2003,61853,1,1,23,18,24,4,0,3,13,9,10,9
2003,61854,1,1,4,4,4,4,4,4,4,4,4,4
2003,61854,2,1,0,0,0,0,0,0,0,0,0,0
2003,61854,3,1,0,0,0,0,0,0,0,0,0,0
2003,61855,1,1,0,0,0,0,0,0,0,0,0,0
2003,61856,1,1,0,0,10,0,0,0,32,2,0,6
2003,61857,1,1,0,0,0,0,0,0,0,0,0,0
2003,61857,2,1,0,0,0,0,0,0,0,0,0,0
2003,61857,3,1,0,0,0,0,0,0,0,0,0,0
2003,61858,1,1,0,0,0,0,0,0,0,0,0,0
2003,61858,2,1,0,0,0,0,0,0,0,0,0,0
2003,61859,1,1,34,34,34,34,34,34,34,34,34,34
2003,61859,2,1,0,0,0,0,0,0,0,0,0,0
2003,61860,1,1,5,5,5,5,5,5,5,5,5,5
2003,61861,1,1,0,0,0,0,0,0,0,0,0,0
2003,61861,2,1,0,0,0,0,0,0,0,0,0,0
2003,61862,1,1,14,0,0,0,0,0,0,0,0,0
2003,61862,2,1,0,0,0,0,0,0,0,0,0,0
2003,61863,1,1,0,0,0,0,0,0,0,0,0,0
2003,61863,2,1,0,0,0,0,0,0,0,0,0,0
2003,61864,1,1,0,0,0,0,0,0,0,0,0,0
2003,61865,1,1,0,0,0,0,0,0,0,0,0,0
2003,61865,2,1,0,0,0,0,0,0,0,0,0,0
2003,61866,1,1,0,0,0,0,0,0,0,0,0,0
2003,61866,2,1,0,0,0,0,0,0,0,0,0,0
2003,61867,0,1,0,0,0,26,0,0,0,0,0,17
2003,61867,0,2,0,16,32,29,0,20,0,11,0,0
2003,61867,1,1,0,0,0,0,0,16,0,0,0,0
2003,61867,2,1,0,0,0,10,0,0,0,0,0,0
2003,61868,1,1,26,0,0,0,0,0,0,0,0,0
2003,61868,2,1,0,0,12,0,0,0,0,0,0,0
2003,61869,0,1,22,22,22,22,22,22,22,22,22,22
2003,61869,1,1,0,0,0,18,0,0,14,10,0,0
2003,61870,1,1,11,11,11,11,11,11,11,11,11,11
2003,61871,0,1,36,36,36,36,36,36,36,36,36,36
2003,61871,1,1,0,0,0,0,0,11,0,0,0,0
2003,61872,1,1,23,23,23,23,23,23,23,23,23,23
2003,61873,1,1,0,0,0,0,0,0,0,0,0,0
2003,61874,1,1,0,0,0,0,0,0,0,0,0,0
2003,61874,2,1,0,0,0,0,4,0,0,0,0,0
2003,61875,1,1,17,17,17,17,17,17,17,17,17,17
2003,61876,0,1,0,0,0,0,0,0,0,0,0,0
2003,61876,2,1,8,14,0,0,25,0,0,0,0,5
2003,61877,0,1,0,0,0,0,0,0,0,0,0,0
2003,61877,1,1,0,0,0,0,0,0,0,0,0,0
2003,61878,1,1,0,0,0,0,0,0,0,0,0,0
2003,61879,0,1,0,0,0,0,0,0,0,0,0,0
2003,61879,1,1,0,0,0,0,0,0,0,0,0,0
2003,61880,1,1,30,30,30,30,30,30,30,30,30,30
2003,61881,1,1,5,5,5,5,5,5,5,5,5,5
2003,61882,1,1,0,0,0,0,0,0,0,0,0,0
2003,61882,2,1,0,0,0,0,0,0,0,0,0,0
2003,61883,0,1,13,38,24,19,14,32,16,12,38,6
2003,61883,1,1,0,0,0,0,0,0,0,0,0,0
2003,61884,1,1,29,13,0,25,12,0,0,12,5,14
2003,61885,0,1,22,22,22,22,22,22,22,22,22,22
2003,61885,1,1,0,0,0,0,0,0,0,0,0,0
2003,61886,1,1,0,0,0,0,0,0,0,0,0,0
2003,61886,2,1,0,0,0,0,0,0,0,0,0,0
2003,61887,1,1,15,15,15,15,15,15,15,15,15,15
2003,61887,2,1,0,0,0,0,0,0,0,0,0,0
2003,61888,1,1,0,0,0,0,0,0,0,0,0,0
2003,61888,2,1,0,0,0,0,0,0,0,0,0,0
2003,61888,3,1,0,0,0,0,0,0,0,0,0,0
2003,61889,1,1,0,0,0,0,0,0,0,0,0,0
2003,61890,1,1,0,0,0,0,0,0,0,0,0,0
2003,61890,2,1,0,0,0,0,0,0,0,0,0,0
2003,61891,0,1,0,0,0,0,0,0,0,0,0,0
2003,61891,1,1,0,0,0,0,0,0,0,0,0,0
2003,61892,1,1,8,8,8,8,8,8,8,8,8,8
2003,61893,1,1,0,0,0,0,0,0,0,0,0,0
2003,61894,0,1,0,0,0,0,0,0,0,0,0,0
2003,61894,1,1,0,0,0,0,0,0,0,0,0,0
2003,61895,1,1,0,0,0,11,0,15,12,0,0,0
2003,61895,2,1,0,0,0,0,0,0,0,0,0,0
2003,61895,3,1,0,0,0,0,0,0,0,0,0,0
2003,61895,4,1,0,0,0,0,0,0,0,0,0,0
2003,61895,5,1,0,0,0,0,0,0,0,0,0,0
2003,61895,6,1,0,0,0,0,0,0,0,0,0,0
2003,61895,7,1,0,0,0,0,0,0,0,0,0,0
2003,61896,1,1,16,16,16,16,16,16,16,16,16,16
2003,61897,0,1,6,6,6,6,6,6,6,6,6,6
2003,61897,1,1,0,0,0,0,0,0,0,0,11,5
2003,61898,1,1,0,0,0,0,0,0,0,0,0,0
2003,61899,0,1,0,0,0,0,0,0,0,0,0,0
2003,61899,1,1,0,0,0,0,0,0,0,0,0,0
2003,61900,1,1,0,0,0,0,0,0,0,0,0,0
2003,61901,1,1,0,0,0,0,0,0,0,0,0,0
2003,61902,0,1,0,0,0,0,0,0,0,0,0,0
2003,61902,1,1,0,0,0,0,0,0,0,0,0,0
2003,61903,1,1,15,15,15,15,15,15,15,15,15,15
2003,61904,1,1,8,8,8,8,8,8,8,8,8,8
2003,61905,1,1,0,0,0,0,0,0,0,0,0,0
2003,61906,0,1,0,0,0,0,0,0,0,0,0,0
2003,61906,1,1,0,0,0,0,0,0,0,0,0,0
2003,61907,0,1,23,23,23,23,23,23,23,23,23,23
2003,61907,1,1,0,0,0,0,0,0,0,0,0,0
2003,61908,0,1,0,0,0,0,0,0,0,0,0,0
2003,61908,1,1,0,0,0,0,0,0,0,0,0,0
2003,61908,2,1,0,57,3,0,27,29,9,0,11,0
2003,61909,0,1,0,0,0,0,0,0,0,0,0,0
2003,61909,1,1,0,0,0,0,0,0,0,0,0,0
2003,61910,1,1,0,0,0,0,0,0,0,0,0,0
2003,61910,2,1,0,0,0,0,0,0,0,0,0,0
2003,61911,1,1,0,0,0,0,0,0,0,0,0,0
2003,61911,2,1,0,0,0,0,0,0,0,0,0,0
2003,61912,1,1,0,0,0,0,0,0,0,0,0,0
2003,61913,1,1,18,27,13,23,0,18,36,16,14,21
2003,61914,1,1,9,9,9,9,9,9,9,9,9,9
2003,61915,1,1,5,5,5,5,5,5,5,5,5,5
2003,61915,2,1,0,0,0,0,0,0,23,0,0,0
2003,61916,1,1,0,0,0,0,0,0,0,0,0,0
2003,61917,0,1,0,0,0,0,0,0,0,0,0,0
2003,61917,1,1,0,0,0,0,0,0,0,31,9,0
2003,61918,0,1,0,0,0,0,0,0,0,0,0,0
2003,61918,1,1,0,0,0,0,0,0,0,26,0,0
2003,61919,1,1,0,0,0,0,0,0,0,0,0,0
2003,61920,1,1,0,0,0,0,0,0,0,0,0,0
2003,61921,1,1,0,0,0,0,0,0,0,0,0,0
2003,61922,1,1,0,0,0,0,0,0,0,0,0,0
2003,61923,0,1,5,5,5,5,5,5,5,5,5,5
2003,61923,1,1,0,0,0,0,0,0,0,0,0,0
2003,61924,1,1,0,0,0,0,0,0,0,0,0,0
2003,61925,0,1,0,0,0,0,11,0,2,0,0,24
2003,61925,1,1,16,16,16,16,16,16,16,16,16,16
2003,61926,1,1,8,0,0,0,0,0,13,10,0,0
2003,61927,1,1,18,18,18,18,18,18,18,18,18,18
2003,61928,1,1,0,0,0,0,0,0,0,0,0,0
2003,61928,2,1,0,0,0,0,0,0,0,0,0,0
2003,61929,1,1,0,0,0,0,0,0,0,0,0,0
2003,61930,1,1,18,18,18,18,18,18,18,18,18,18
2003,61931,1,1,0,0,0,0,0,0,0,0,0,0
2003,61932,0,1,12,12,12,12,12,12,12,12,12,12
2003,61932,1,1,0,0,0,0,0,0,0,0,0,0
2003,61933,1,1,0,0,0,0,0,0,0,0,0,0
2003,61933,2,1,0,0,10,0,0,0,0,0,0,0
2003,61934,1,1,0,0,0,0,0,0,0,0,0,0
2003,61934,2,1,0,0,0,12,0,0,0,0,0,0
2003,61935,1,1,10,9,0,6,0,0,17,16,0,0
2003,61936,1,1,0,0,0,0,0,0,0,0,0,0
2003,61937,0,1,0,0,0,0,0,0,0,0,0,0
2003,61937,1,1,15,13,17,0,0,5,0,39,13,0
2003,61938,0,1,4,4,4,4,4,4,4,4,4,4
2003,61938,1,1,0,0,0,31,0,0,10,25,11,0
2003,61939,1,1,13,20,24,26,35,0,22,20,6,21
2003,61940,1,1,13,13,13,13,13,13,13,13,13,13
2003,61941,1,1,15,15,15,15,15,15,15,15,15,15
2003,61942,1,1,0,0,0,10,0,0,5,0,0,0
2003,61943,1,1,0,0,0,0,0,0,0,0,0,0
2003,61944,1,1,0,0,0,0,0,0,0,0,0,0
2003,61944,2,1,0,0,0,0,0,0,0,0,0,0
2003,61944,3,1,0,0,0,0,0,0,0,0,0,0
2003,61945,0,1,9,9,9,9,9,9,9,9,9,9
2003,61945,0,2,22,27,17,6,28,17,37,25,19,41
2003,61945,0,3,0,0,0,0,0,0,0,0,0,0
2003,61945,1,1,0,0,0,0,0,0,0,0,0,0
2003,61945,2,1,0,0,0,0,0,0,0,0,0,0
2003,61946,0,1,0,0,0,0,0,0,0,0,0,0
2003,61946,1,1,0,9,0,0,0,0,0,0,0,0
2003,61947,1,1,0,0,0,0,0,0,0,0,0,0
2003,61947,2,1,0,0,0,0,0,0,0,0,0,0
2003,61948,1,1,15,15,15,15,15,15,15,15,15,15
2003,61948,2,1,0,0,0,0,0,0,0,0,0,0
2003,61948,3,1,16,0,0,0,0,0,0,0,0,0
2003,61949,1,1,0,0,0,0,0,0,0,0,0,0
2003,61949,2,1,0,0,0,0,0,0,0,0,0,0
2003,61949,3,1,0,0,0,0,0,8,0,0,0,0
2003,61950,1,1,0,0,0,0,0,0,0,0,0,0
2003,61950,2,1,0,0,0,14,0,0,0,0,0,0
2003,61951,1,1,0,0,0,0,0,0,0,0,0,0
2003,61951,2,1,0,0,0,0,0,0,0,0,0,0
2003,61952,1,1,0,0,0,0,0,0,0,0,0,0
2003,61952,2,1,0,0,0,0,0,0,0,0,0,0
2003,61953,1,1,0,0,0,0,0,0,0,0,0,0
2003,61954,0,1,19,19,19,19,19,19,19,19,19,19
2003,61954,1,1,0,0,0,13,0,0,0,0,0,0
2003,61955,1,1,19,19,19,19,19,19,19,19,19,19
2003,61955,2,1,0,0,0,0,0,0,0,2,0,0
2003,61956,1,1,0,0,0,0,0,0,0,0,0,0
2003,61957,1,1,0,0,0,0,0,0,0,0,0,0
2003,61958,1,1,0,0,0,0,0,0,0,0,0,0
2003,61959,1,1,0,0,0,0,0,0,0,0,0,0
2003,61960,0,1,0,0,0,0,0,0,0,0,0,0
2003,61960,1,1,0,0,0,0,0,0,0,0,0,0
2003,61961,1,1,12,12,12,12,12,12,12,12,12,12
2003,61962,1,1,0,0,0,0,0,0,0,0,0,0
2003,61963,1,1,0,0,0,0,0,0,0,0,0,0
2003,61964,1,1,0,0,0,0,0,0,0,0,0,0
2003,61965,1,1,24,24,24,24,24,24,24,24,24,24
2003,61965,2,1,0,0,0,0,0,0,0,0,0,0
2003,61966,1,1,9,9,9,9,9,9,9,9,9,9
2003,61966,2,1,0,0,0,0,0,0,0,0,0,0
2003,61967,0,1,0,0,0,0,0,0,0,0,0,0
2003,61967,1,1,0,0,0,0,0,0,0,0,0,0
2003,61967,2,1,23,20,11,0,0,0,0,0,0,9
2003,61968,1,1,0,0,0,0,0,0,0,0,0,0
2003,61968,2,1,18,18,18,18,18,18,18,18,18,18
2003,61969,1,1,0,0,0,0,0,0,0,0,0,0
2003,61969,2,1,0,0,0,0,0,0,0,0,0,0
2003,61970,0,1,16,16,16,16,16,16,16,16,16,16
2003,61970,1,1,22,14,8,20,27,13,29,8,20,14
2003,61971,1,1,0,0,0,0,0,0,0,0,0,0
2003,61972,0,1,0,0,0,0,0,0,0,0,0,0
2003,61972,1,1,0,0,0,0,0,0,0,0,0,0
2003,61973,0,1,16,16,16,16,16,16,16,16,16,16
2003,61973,1,1,0,0,0,0,0,0,0,0,0,0
2003,61974,1,1,18,18,18,18,18,18,18,18,18,18
2003,61975,1,1,0,0,0,0,0,0,0,0,0,0
2003,61975,2,1,0,0,0,0,0,0,0,0,0,0
2003,61975,3,1,0,0,0,0,0,0,0,0,0,0
2003,61976,1,1,0,0,0,0,0,0,0,0,0,0
2003,61977,1,1,0,0,0,0,0,0,0,0,0,0
2003,61978,1,1,0,0,0,0,0,0,0,0,0,0
2003,61979,1,1,0,0,0,0,0,0,0,0,0,0
2003,61980,1,1,10,10,10,10,10,10,10,10,10,10
2003,61981,0,1,0,0,0,0,0,0,0,0,0,0
2003,61981,1,1,0,0,0,0,0,0,0,0,0,0
2003,61982,1,1,0,0,0,0,0,0,0,0,0,0
2003,61983,1,1,10,10,10,10,10,10,10,10,10,10
2003,61984,1,1,0,0,0,0,0,0,0,0,41,0
2003,61984,2,1,20,0,0,0,0,0,0,0,0,0
2003,61984,3,1,0,0,0,0,0,0,0,0,0,0
2003,61985,1,1,0,0,0,0,0,0,0,0,0,0
2003,61985,2,1,0,0,0,0,0,0,0,0,0,0
2003,61985,3,1,0,0,0,0,0,0,0,0,0,0
2003,61986,1,1,6,6,6,6,6,6,6,6,6,6
2003,61986,2,1,0,0,0,0,0,0,0,0,0,0
2003,61987,1,1,0,0,0,0,0,0,0,0,0,0
2003,61987,2,1,0,0,0,0,0,0,0,0,0,0
2003,61988,1,1,0,0,0,0,0,0,0,0,0,0
2003,61988,2,1,0,0,0,0,0,0,0,0,0,0
2003,61989,1,1,0,0,0,0,0,0,0,0,0,0
2003,61989,2,1,0,0,0,0,0,0,0,0,0,0
2003,61989,3,1,0,0,0,0,0,0,0,0,0,0
2003,61990,1,1,0,0,0,0,0,0,0,0,0,0
2003,61990,2,1,0,0,0,0,0,0,0,0,0,0
2003,61991,1,1,0,0,0,0,0,0,0,0,0,0
2003,61991,2,1,0,0,0,0,0,0,0,0,0,0
2003,61992,0,1,0,0,0,0,0,0,0,0,0,0
2003,61992,1,1,0,0,0,0,0,0,0,17,0,0
2003,61993,0,1,15,15,15,15,15,15,15,15,15,15
2003,61993,1,1,0,0,0,0,0,0,0,0,0,0
2003,61994,1,1,15,15,15,15,15,15,15,15,15,15
2003,61995,1,1,16,16,16,16,16,16,16,16,16,16
2003,61996,1,1,0,0,0,0,0,0,0,0,0,0
2003,61997,1,1,25,25,25,25,25,25,25,25,25,25
2003,61998,1,1,0,24,20,0,0,0,0,0,0,0
2003,61999,0,1,0,0,0,0,0,0,0,25,0,0
2003,61999,0,2,0,3,19,21,18,0,0,48,29,28
2003,61999,1,1,0,0,0,0,0,0,0,0,0,0
2003,62000,0,1,0,0,0,0,0,0,0,0,0,0
2003,62000,1,1,0,0,0,0,0,0,7,15,0,0
2003,62001,0,1,0,0,0,0,0,0,0,0,0,0
2003,62001,1,1,0,0,0,0,0,0,0,0,0,0
2003,62002,1,1,7,7,7,7,7,7,7,7,7,7
2003,62003,0,1,0,0,0,0,0,0,0,0,0,0
2003,62003,1,1,0,0,0,0,0,0,0,0,0,0
2003,62004,1,1,0,0,0,0,0,0,0,0,0,0
2003,62004,2,1,0,0,0,0,0,0,0,0,0,0
2003,62005,1,1,0,0,0,0,0,0,0,0,0,0
2003,62005,2,1,0,0,0,0,0,0,0,0,0,0
2003,62006,1,1,15,15,15,15,15,15,15,15,15,15
2003,62006,2,1,0,0,0,0,0,0,0,0,0,0
2003,62007,1,1,16,16,16,16,16,16,16,16,16,16
2003,62008,1,1,0,0,0,0,0,0,0,0,0,0
2003,62008,2,1,0,0,0,0,0,0,0,0,0,0
2003,62009,1,1,21,0,0,0,0,0,0,0,0,0
2003,62009,2,1,2,2,2,2,2,2,2,2,2,2
2003,62010,1,1,0,0,0,0,0,0,0,0,0,0
2003,62011,1,1,1,1,1,1,1,1,1,1,1,1
2003,62012,1,1,18,18,18,18,18,18,18,18,18,18
2003,62013,1,1,0,0,0,0,0,0,0,0,16,0
2003,62013,2,1,0,0,0,21,0,0,0,0,0,0
2003,62014,1,1,9,9,9,9,9,9,9,9,9,9
2003,62015,1,1,0,0,0,0,0,0,0,0,0,0
2003,62015,2,1,0,0,0,0,0,0,0,0,0,0
2003,62015,3,1,0,0,0,0,0,0,0,0,0,0
2003,62016,0,1,0,0,0,0,0,0,0,0,0,0
2003,62016,1,1,0,0,0,0,0,0,0,0,0,0
2003,62017,1,1,0,0,0,0,0,0,0,0,0,0
2003,62018,1,1,14,14,14,14,14,14,14,14,14,14
2003,62019,0,1,0,0,0,0,0,0,0,0,0,0
2003,62019,1,1,0,4,0,0,0,0,0,0,0,14
2003,62020,1,1,0,0,0,0,0,0,0,0,0,0
2003,62021,1,1,0,0,0,0,0,0,0,0,0,0
2003,62022,1,1,0,0,0,0,0,0,0,0,0,0
2003,62023,0,1,0,0,0,0,0,0,0,0,0,0
2003,62023,1,1,0,0,0,0,0,0,0,0,0,0
2003,62024,1,1,0,0,0,0,0,0,0,0,0,0
2003,62025,1,1,5,5,5,5,5,5,5,5,5,5
2003,62026,1,1,0,0,0,0,0,0,11,0,0,0
2003,62027,1,1,0,0,0,0,0,0,0,0,0,0
2003,62028,0,1,0,0,0,0,0,0,0,0,0,0
2003,62028,1,1,0,0,0,0,0,0,0,0,0,0
2003,62029,1,1,16,16,16,16,16,16,16,16,16,16
2003,62029,2,1,0,0,0,0,0,0,0,0,0,0
2003,62030,1,1,0,0,0,0,0,0,0,0,0,0
2003,62030,2,1,0,0,0,0,0,0,0,0,0,0
2003,62031,1,1,7,7,7,7,7,7,7,7,7,7
2003,62031,2,1,14,14,14,14,14,14,14,14,14,14
2003,62032,1,1,19,19,19,19,19,19,19,19,19,19
2003,62033,1,1,0,0,0,0,0,0,0,0,0,0
2003,62034,1,1,0,0,0,0,0,0,0,0,0,0
2003,62034,2,1,0,0,0,0,0,0,0,0,0,0
2003,62035,1,1,0,0,0,0,0,0,0,0,0,0
2003,62036,1,1,0,0,0,0,0,0,0,0,0,0
2003,62036,2,1,13,17,0,0,0,0,4,0,0,0
2003,62037,1,1,0,0,0,0,0,0,0,9,0,0
2003,62038,1,1,0,0,0,0,0,0,0,0,0,0
2003,62039,1,1,13,13,13,13,13,13,13,13,13,13
2003,62040,1,1,0,0,0,0,0,0,0,0,0,0
2003,62041,1,1,0,0,0,0,0,0,0,0,0,0
2003,62042,1,1,0,0,0,0,0,0,0,0,0,0
2003,62043,1,1,0,0,0,0,0,0,0,0,0,0
2003,62044,1,1,4,0,19,0,8,12,0,0,17,18
2003,62045,1,1,0,0,0,0,0,0,0,0,0,0
2003,62045,2,1,24,0,0,0,5,0,0,0,0,18
2003,62046,1,1,12,12,12,12,12,12,12,12,12,12
2003,62047,1,1,19,19,19,19,19,19,19,19,19,19
2003,62048,0,1,0,0,0,0,0,0,0,0,0,0
2003,62048,1,1,0,0,0,0,0,0,0,0,0,0
2003,62049,0,1,0,0,0,0,0,0,0,0,0,0
2003,62049,1,1,0,0,0,0,0,0,0,0,0,0
2003,62050,1,1,0,0,0,0,0,0,0,0,0,0
2003,62051,1,1,33,33,33,33,33,33,33,33,33,33
2003,62052,1,1,0,0,0,0,0,0,0,0,0,0
2003,62053,1,1,0,0,0,0,0,0,0,0,0,0
2003,62053,2,1,0,0,0,0,0,0,0,0,0,0
2003,62054,1,1,11,11,11,11,11,11,11,11,11,11
2003,62055,0,1,0,0,0,0,0,0,0,0,0,0
2003,62055,1,1,17,17,17,17,17,17,17,17,17,17
2003,62056,1,1,0,0,0,0,0,0,0,0,0,0
2003,62057,1,1,15,0,0,0,0,0,0,0,0,0
2003,62057,2,1,0,0,0,0,0,0,0,0,0,0
2003,62057,3,1,0,0,0,0,0,0,0,0,0,0
2003,62058,1,1,3,3,3,3,3,3,3,3,3,3
2003,62058,2,1,0,0,0,0,0,0,0,0,0,0
2003,62059,1,1,0,0,0,15,0,0,0,0,0,0
2003,62059,2,1,0,0,0,0,0,0,0,0,0,0
2003,62060,1,1,18,18,18,18,18,18,18,18,18,18
2003,62061,1,1,3,3,3,3,3,3,3,3,3,3
2003,62061,2,1,0,0,0,0,0,0,0,0,0,0
2003,62062,1,1,15,15,15,15,15,15,15,15,15,15
2003,62063,1,1,0,0,0,0,0,0,0,0,0,0
2003,62063,2,1,0,0,0,0,0,0,0,0,0,0
2003,62063,3,1,0,0,0,0,0,0,0,0,0,0
2003,62063,4,1,0,0,0,0,0,0,0,7,0,0
2003,62063,5,1,0,0,0,0,0,0,0,0,0,0
2003,62063,6,1,0,0,0,0,0,0,0,0,0,0
2003,62063,7,1,0,0,0,0,0,0,0,0,0,0
2003,62063,8,1,0,0,0,0,0,0,0,0,0,0
2003,62063,9,1,0,0,0,0,0,0,0,0,0,0
2003,62063,10,1,0,0,0,0,0,0,0,0,0,0
2003,62063,11,1,0,0,0,0,0,0,0,0,0,0
2003,62063,12,1,0,0,0,0,0,0,0,0,0,0
2003,62063,13,1,5,0,0,0,0,0,0,0,0,0