YEAR,ST_CASE,veh_no,per_no,P1,P2,P3,P4,P5,P6,P7,P8,P9,P10
2003,62063,14,1,0,0,0,0,0,0,0,0,0,0
2003,62063,15,1,0,0,0,0,0,0,0,0,0,0
2003,62063,16,1,0,0,0,0,0,0,0,0,0,0
2003,62063,17,1,0,0,0,0,0,0,0,0,0,0
2003,62063,18,1,0,0,0,0,0,0,0,0,0,0
2003,62063,19,1,0,0,0,0,0,0,0,0,0,0
2003,62064,1,1,0,0,0,0,9,28,0,0,0,0
2003,62064,2,1,0,0,0,0,0,0,0,0,0,0
2003,62064,3,1,0,0,0,0,0,0,0,0,0,0
2003,62065,1,1,39,39,39,39,39,39,39,39,39,39
2003,62065,2,1,0,0,0,0,0,0,0,0,0,0
2003,62066,0,1,16,16,16,16,16,16,16,16,16,16
2003,62066,1,1,0,0,0,0,0,14,0,0,0,0
2003,62066,2,1,0,0,0,0,0,0,0,0,0,0
2003,62067,1,1,8,6,8,13,20,14,10,7,13,4
2003,62068,1,1,14,14,14,14,14,14,14,14,14,14
2003,62068,2,1,0,0,0,0,0,0,0,0,0,0
2003,62069,1,1,13,13,13,13,13,13,13,13,13,13
2003,62069,2,1,0,0,0,0,0,0,12,0,0,0
2003,62070,1,1,0,14,0,0,0,16,0,15,0,16
2003,62070,2,1,0,0,0,0,0,0,0,0,0,0
2003,62071,1,1,0,0,0,7,8,0,0,0,0,0
2003,62072,1,1,6,6,6,6,6,6,6,6,6,6
2003,62073,0,1,0,0,0,0,0,0,0,0,0,0
2003,62073,1,1,0,0,0,0,0,0,0,0,0,0
2003,62074,1,1,19,19,19,19,19,19,19,19,19,19
2003,62075,1,1,0,0,0,0,0,0,0,20,0,0
2003,62075,2,1,0,0,0,0,0,0,0,0,0,0
2003,62075,3,1,0,0,0,0,0,0,0,0,0,0
2003,62076,1,1,0,0,0,0,0,0,0,0,0,0
2003,62076,2,1,17,0,0,0,0,0,0,0,0,0
2003,62076,3,1,0,0,0,0,0,0,0,0,0,0
2003,62077,1,1,16,16,16,16,16,16,16,16,16,16
2003,62077,2,1,7,7,7,7,7,7,7,7,7,7
2003,62078,1,1,0,0,0,0,0,0,0,0,0,0
2003,62078,2,1,0,6,0,0,0,0,0,0,8,0
2003,62079,1,1,18,18,18,18,18,18,18,18,18,18
2003,62079,2,1,16,16,16,16,16,16,16,16,16,16
2003,62080,0,1,7,7,7,7,7,7,7,7,7,7
2003,62080,2,1,0,0,0,0,0,0,0,0,0,0
2003,62081,1,1,0,0,0,0,0,0,0,0,0,0
2003,62081,2,1,0,15,0,0,0,0,0,0,0,0
2003,62082,1,1,0,0,0,0,0,0,0,0,0,7
2003,62083,1,1,0,0,0,0,0,0,0,0,0,0
2003,62083,2,1,0,0,0,0,0,0,0,0,0,0
2003,62084,1,1,0,0,0,0,0,0,0,0,0,0
2003,62084,2,1,0,0,0,0,0,0,0,0,0,0
2003,62085,1,1,0,0,0,0,0,0,0,0,0,0
2003,62085,2,1,17,17,17,17,17,17,17,17,17,17
2003,62086,0,1,20,20,20,20,20,20,20,20,20,20
2003,62086,1,1,0,0,0,0,0,0,16,0,0,0
2003,62087,1,1,19,19,19,19,19,19,19,19,19,19
2003,62088,0,1,0,0,0,0,0,0,0,0,0,0
2003,62088,1,1,0,0,0,0,0,0,0,0,0,0
2003,62089,0,1,0,0,0,0,0,0,0,0,0,0
2003,62089,1,1,0,0,0,0,0,0,0,0,0,0
2003,62090,1,1,10,10,10,10,10,10,10,10,10,10
2003,62091,1,1,19,19,19,19,19,19,19,19,19,19
2003,62092,0,1,0,0,0,0,0,0,0,0,0,0
2003,62092,1,1,0,0,0,0,0,0,0,0,0,0
2003,62093,1,1,33,33,33,33,33,33,33,33,33,33
2003,62094,1,1,0,0,0,0,0,0,0,0,0,0
2003,62095,1,1,0,0,0,0,0,0,0,0,0,0
2003,62096,0,1,28,28,28,28,28,28,28,28,28,28
2003,62096,1,1,20,19,6,13,22,25,0,14,19,12
2003,62096,2,1,0,0,0,0,0,0,0,0,0,0
2003,62097,1,1,13,13,13,13,13,13,13,13,13,13
2003,62098,1,1,22,22,22,22,22,22,22,22,22,22
2003,62099,1,1,11,11,11,11,11,11,11,11,11,11
2003,62100,1,1,0,0,0,0,0,0,0,0,0,0
2003,62101,1,1,4,4,4,4,4,4,4,4,4,4
2003,62102,0,1,0,0,0,0,0,0,0,0,0,0
2003,62102,1,1,0,0,0,0,0,0,0,0,0,0
2003,62103,0,1,0,0,0,0,0,0,0,0,0,0
2003,62103,1,1,8,0,19,0,8,10,0,0,0,18
2003,62104,1,1,31,31,31,31,31,31,31,31,31,31
2003,62105,1,1,0,0,0,0,0,0,0,0,0,0
2003,62106,1,1,0,0,0,0,0,0,0,0,0,0
2003,62107,1,1,16,16,16,16,16,16,16,16,16,16
2003,62108,0,1,15,15,15,15,15,15,15,15,15,15
2003,62108,1,1,0,0,0,13,0,0,0,0,0,0
2003,62108,2,1,0,0,0,20,0,0,0,0,0,0
2003,62108,3,1,0,0,0,0,9,0,0,7,0,24
2003,62109,1,1,0,0,0,0,0,0,0,0,0,0
2003,62109,2,1,0,0,0,0,0,0,0,0,0,0
2003,62109,3,1,0,0,0,0,0,0,0,0,0,0
2003,62109,4,1,0,0,0,0,0,0,0,0,0,0
2003,62110,0,1,0,0,0,0,0,0,0,0,0,0
2003,62110,1,1,0,0,0,0,0,0,0,0,0,0
2003,62111,1,1,2,11,3,15,15,23,7,10,0,16
2003,62111,2,1,0,0,0,0,0,0,0,0,0,0
2003,62112,1,1,13,13,13,13,13,13,13,13,13,13
2003,62113,1,1,0,0,0,0,0,0,0,0,0,0
2003,62113,2,1,0,0,0,0,0,0,0,0,0,0
2003,62114,1,1,0,0,0,0,0,0,0,0,0,0
2003,62114,2,1,0,0,0,0,0,0,0,0,0,0
2003,62115,1,1,10,0,0,14,0,9,0,0,10,0
2003,62115,2,1,0,0,0,0,0,0,0,0,0,0
2003,62115,3,1,3,0,0,0,0,0,0,0,0,0
2003,62116,1,1,0,0,0,0,0,0,0,0,0,0
2003,62117,1,1,0,0,0,0,0,0,0,0,0,0
2003,62118,1,1,0,0,0,0,0,0,0,0,0,0
2003,62119,1,1,10,10,10,10,10,10,10,10,10,10
2003,62120,1,1,0,0,0,0,0,0,0,0,0,0
2003,62121,1,1,0,0,0,0,0,0,0,0,0,0
2003,62122,1,1,0,0,0,0,0,0,0,0,0,0
2003,62123,0,1,0,0,0,0,0,0,0,0,0,0
2003,62123,1,1,16,18,0,0,0,0,0,0,0,0
2003,62124,0,1,9,9,9,9,9,9,9,9,9,9
2003,62124,1,1,17,17,17,17,17,17,17,17,17,17
2003,62125,1,1,0,0,0,0,0,0,0,0,0,0
2003,62126,1,1,24,24,24,24,24,24,24,24,24,24
2003,62127,1,1,0,0,0,0,0,0,0,0,0,0
2003,62128,1,1,16,16,16,16,16,16,16,16,16,16
2003,62129,0,1,0,0,0,0,0,0,0,0,0,0
2003,62129,1,1,0,0,0,0,15,0,0,0,0,0
2003,62130,0,1,0,0,0,0,0,0,0,0,0,0
2003,62130,1,1,0,0,0,0,0,0,0,0,0,0
2003,62131,0,1,0,0,0,0,0,0,0,0,0,0
2003,62131,1,1,0,0,0,0,0,0,0,0,0,0
2003,62132,1,1,0,0,0,0,0,0,0,0,0,0
2003,62133,1,1,0,0,0,0,0,0,0,0,0,0
2003,62134,1,1,0,0,0,0,0,0,0,0,0,0
2003,62135,1,1,0,0,0,9,0,0,0,0,0,0
2003,62136,1,1,21,21,21,21,21,21,21,21,21,21
2003,62137,1,1,0,0,0,0,0,0,0,0,0,0
2003,62138,1,1,0,0,0,0,0,0,18,26,0,0
2003,62139,0,1,0,0,0,0,0,0,0,0,0,0
2003,62139,1,1,0,0,0,0,0,0,0,0,0,13
2003,62140,1,1,0,0,0,0,0,0,0,0,0,0
2003,62141,1,1,0,0,0,0,0,0,0,0,0,0
2003,62142,0,1,0,0,0,0,0,0,0,0,0,0
2003,62142,1,1,0,0,0,0,17,0,0,0,12,0
2003,62143,1,1,12,0,0,0,0,12,0,0,0,0
2003,62144,1,1,0,0,0,0,0,0,0,22,0,0
2003,62145,1,1,8,8,8,8,8,8,8,8,8,8
2003,62145,2,1,0,0,0,0,0,0,0,0,0,0
2003,62146,1,1,30,30,30,30,30,30,30,30,30,30
2003,62146,2,1,0,0,0,0,0,0,0,0,0,0
2003,62147,1,1,0,0,0,0,0,0,0,0,0,0
2003,62148,1,1,0,0,0,0,11,0,0,0,0,0
2003,62148,2,1,25,25,25,25,25,25,25,25,25,25
2003,62149,1,1,0,0,0,0,0,0,0,0,0,0
2003,62149,2,1,0,0,0,0,0,0,0,0,0,0
2003,62150,1,1,0,0,0,0,0,0,0,0,0,0
2003,62151,1,1,0,0,0,0,0,0,0,0,0,0
2003,62151,2,1,0,0,0,0,0,0,0,0,0,0
2003,62152,1,1,0,0,0,0,0,0,0,0,0,0
2003,62152,2,1,0,0,0,0,0,0,0,0,0,0
2003,62153,1,1,0,0,0,0,0,0,0,0,0,0
2003,62153,2,1,0,0,0,0,0,0,0,0,11,0
2003,62154,0,1,11,11,11,11,11,11,11,11,11,11
2003,62154,1,1,13,9,0,0,0,0,0,0,0,4
2003,62155,0,1,0,0,0,0,0,0,0,0,0,0
2003,62155,0,2,0,0,0,15,0,0,0,0,0,0
2003,62155,1,1,0,0,14,19,0,6,0,0,0,0
2003,62156,0,1,14,17,26,27,33,35,40,13,22,37
2003,62156,1,1,18,0,0,0,0,11,0,0,0,0
2003,62157,1,1,0,0,0,0,0,0,0,0,0,0
2003,62158,1,1,22,0,0,22,0,0,0,0,11,12
2003,62159,1,1,0,0,0,0,0,0,0,0,0,0
2003,62160,0,1,53,35,0,0,0,0,0,0,30,0
2003,62160,1,1,0,0,0,0,0,0,0,0,0,0
2003,62161,0,1,9,9,9,9,9,9,9,9,9,9
2003,62161,1,1,0,0,0,0,0,0,0,0,0,0
2003,62162,0,1,0,0,0,0,0,0,0,0,0,0
2003,62162,1,1,0,0,0,0,0,0,0,0,0,0
2003,62163,1,1,10,10,10,10,10,10,10,10,10,10
2003,62164,1,1,0,0,0,0,0,0,0,0,0,0
2003,62165,1,1,0,0,0,0,0,0,0,6,0,17
2003,62166,1,1,0,0,0,0,0,0,0,0,0,0
2003,62167,0,1,0,0,0,0,0,0,0,0,0,0
2003,62167,1,1,0,0,0,0,0,0,0,0,0,0
2003,62168,0,1,24,24,24,24,24,24,24,24,24,24
2003,62168,1,1,0,0,0,0,0,0,0,0,0,0
2003,62169,1,1,21,21,21,21,21,21,21,21,21,21
2003,62170,1,1,27,27,27,27,27,27,27,27,27,27
2003,62171,0,1,0,0,0,0,0,0,0,0,0,0
2003,62171,1,1,8,0,5,0,0,20,28,8,0,0
2003,62172,1,1,16,16,16,16,16,16,16,16,16,16
2003,62173,1,1,16,16,16,16,16,16,16,16,16,16
2003,62174,1,1,0,0,0,0,0,0,0,0,0,0
2003,62175,1,1,0,0,0,0,0,0,0,0,0,0
2003,62176,1,1,10,10,10,10,10,10,10,10,10,10
2003,62176,2,1,0,0,0,0,0,0,0,0,0,0
2003,62177,1,1,0,0,0,0,0,0,0,0,0,0
2003,62177,2,1,0,0,0,0,0,0,0,0,0,0
2003,62178,1,1,0,0,0,0,0,0,0,0,0,0
2003,62178,2,1,0,0,0,0,0,0,0,0,0,0
2003,62179,0,1,0,0,0,30,16,0,0,0,0,0
2003,62179,0,2,0,0,0,0,0,0,0,0,0,0
2003,62179,1,1,0,0,0,0,0,0,0,0,0,0
2003,62180,1,1,4,4,4,4,4,4,4,4,4,4
2003,62180,2,1,0,0,0,0,0,0,14,0,0,0
2003,62180,3,1,0,0,0,0,0,0,0,0,0,0
2003,62180,4,1,0,0,0,0,0,5,9,0,0,2
2003,62181,1,1,0,0,0,0,0,0,0,0,0,0
2003,62181,2,1,0,0,0,0,0,0,0,0,0,0
2003,62181,3,1,0,0,0,0,0,0,0,0,0,0
2003,62182,0,1,0,0,0,0,0,0,0,0,0,0
2003,62182,1,1,0,0,0,0,0,0,0,0,0,0
2003,62182,2,1,0,0,0,0,0,0,0,0,0,0
2003,62183,1,1,0,0,0,0,0,0,0,0,0,0
2003,62184,1,1,0,0,0,0,0,0,0,0,0,0
2003,62184,2,1,0,0,0,0,0,0,0,0,0,0
2003,62184,3,1,0,0,0,0,0,0,0,0,0,0
2003,62185,1,1,0,0,0,0,0,0,0,0,0,0
2003,62185,2,1,0,0,0,0,0,0,0,0,0,0
2003,62186,1,1,0,0,0,0,0,0,0,0,0,0
2003,62186,2,1,0,0,0,0,0,0,0,0,0,0
2003,62186,3,1,0,0,0,0,0,0,0,0,0,0
2003,62187,1,1,12,12,12,12,12,12,12,12,12,12
2003,62187,2,1,0,0,0,0,0,0,0,0,0,0
2003,62188,1,1,0,0,0,0,0,0,0,0,0,0
2003,62188,2,1,0,0,0,0,0,0,0,0,0,0
2003,62189,1,1,0,0,0,0,0,0,0,0,0,0
2003,62189,2,1,0,0,0,0,0,0,0,0,0,0
2003,62190,1,1,0,0,0,0,0,0,0,0,0,0
2003,62190,2,1,0,0,0,0,0,0,0,0,0,0
2003,62191,1,1,0,0,0,0,0,0,0,0,17,0
2003,62191,2,1,0,0,0,0,0,0,0,0,0,0
2003,62192,0,1,0,0,0,0,0,0,0,0,0,0
2003,62193,0,1,30,30,30,30,30,30,30,30,30,30
2003,62193,1,1,0,0,0,0,0,0,0,0,0,7
2003,62194,0,1,0,0,0,28,0,21,0,39,12,0
2003,62194,1,1,6,6,6,6,6,6,6,6,6,6
2003,62195,1,1,0,0,0,0,0,0,0,0,0,0
2003,62196,1,1,0,0,0,4,0,0,0,0,0,0
2003,62197,0,1,11,11,11,11,11,11,11,11,11,11
2003,62197,0,2,14,14,14,14,14,14,14,14,14,14
2003,62197,1,1,0,0,0,0,0,0,0,0,0,0
2003,62198,1,1,0,0,0,0,0,0,0,0,0,0
2003,62198,2,1,0,0,0,0,0,0,0,0,0,0
2003,62199,1,1,25,25,25,25,25,25,25,25,25,25
2003,62200,1,1,0,0,0,0,0,0,0,0,0,0
2003,62201,1,1,0,0,0,0,0,0,0,0,0,0
2003,62202,0,1,0,0,0,0,0,0,0,0,0,0
2003,62202,1,1,0,0,0,0,0,3,0,0,0,0
2003,62203,1,1,8,8,8,8,8,8,8,8,8,8
2003,62204,0,1,18,18,18,18,18,18,18,18,18,18
2003,62204,1,1,0,0,0,0,0,0,0,0,0,0
2003,62205,0,1,0,0,0,0,0,0,0,0,0,0
2003,62205,0,2,8,39,0,17,0,0,0,0,0,30
2003,62205,1,1,0,0,0,0,0,0,0,0,0,0
2003,62206,1,1,0,0,0,0,0,0,0,0,0,0
2003,62207,1,1,0,0,0,0,0,0,0,0,0,0
2003,62207,2,1,0,0,0,0,0,0,0,0,0,0
2003,62207,3,1,0,0,0,0,0,0,0,0,0,0
2003,62208,1,1,0,0,0,0,0,0,0,0,0,0
2003,62208,2,1,0,0,0,0,0,0,0,0,0,0
2003,62209,1,1,0,0,0,0,0,0,0,0,0,0
2003,62209,2,1,0,0,0,0,0,0,0,0,0,0
2003,62210,1,1,0,0,0,0,0,0,0,0,0,0
2003,62210,2,1,0,0,0,0,0,0,0,0,0,0
2003,62211,1,1,0,0,0,0,0,0,0,0,0,0
2003,62212,1,1,27,27,27,27,27,27,27,27,27,27
2003,62212,2,1,0,0,0,0,0,0,0,0,0,0
2003,62213,1,1,0,0,0,0,0,0,0,0,0,0
2003,62214,1,1,15,15,15,15,15,15,15,15,15,15
2003,62215,1,1,0,0,0,0,0,0,0,0,0,0
2003,62216,1,1,13,13,13,13,13,13,13,13,13,13
2003,62217,1,1,0,0,0,0,0,14,0,0,0,0
2003,62218,0,1,0,0,0,0,0,0,0,0,0,0
2003,62218,1,1,0,0,0,0,0,0,0,0,24,0
2003,62219,0,1,40,40,40,40,40,40,40,40,40,40
2003,62219,1,1,13,0,0,0,0,0,0,0,0,0
2003,62220,1,1,8,0,0,0,0,0,0,0,0,0
2003,62220,2,1,0,0,0,0,0,0,0,0,0,0
2003,62220,3,1,0,0,0,0,0,0,0,0,0,0
2003,62221,1,1,0,0,0,0,0,0,0,0,0,0
2003,62221,2,1,0,0,0,0,0,0,0,0,0,0
2003,62221,3,1,0,0,0,0,0,0,0,0,0,0
2003,62222,1,1,28,28,28,28,28,28,28,28,28,28
2003,62222,2,1,0,0,0,0,0,0,0,0,0,0
2003,62223,0,1,0,0,0,0,0,0,0,0,0,0
2003,62223,0,2,0,0,0,0,0,0,0,21,18,0
2003,62223,1,1,0,0,0,0,0,0,0,0,0,0
2003,62224,1,1,0,0,0,0,0,0,0,0,0,0
2003,62224,2,1,0,0,0,0,0,0,0,0,0,0
2003,62225,1,1,0,0,0,0,0,0,0,0,0,0
2003,62226,1,1,0,0,0,0,0,0,0,0,0,0
2003,62226,2,1,0,0,0,0,0,0,0,0,0,0
2003,62227,1,1,0,0,0,0,0,0,0,0,0,0
2003,62227,2,1,0,0,0,0,0,0,0,0,0,0
2003,62228,1,1,0,0,0,0,0,0,0,0,0,0
2003,62228,2,1,0,0,0,0,7,0,0,0,0,0
2003,62229,1,1,0,0,0,0,0,0,0,0,0,0
2003,62229,2,1,0,0,0,0,0,0,0,0,0,0
2003,62230,1,1,0,0,0,0,0,0,0,0,0,0
2003,62230,2,1,0,0,0,0,0,0,0,0,0,0
2003,62231,1,1,0,0,0,0,0,0,0,0,0,0
2003,62231,2,1,0,0,0,0,0,0,0,0,0,0
2003,62232,1,1,0,0,0,0,0,0,0,0,0,0
2003,62232,2,1,0,0,0,0,0,0,0,0,0,0
2003,62232,3,1,0,0,0,0,0,0,0,0,0,0
2003,62232,4,1,0,0,0,0,0,0,0,0,0,0
2003,62232,5,1,0,0,0,0,0,0,21,0,0,0
2003,62232,6,1,0,0,0,0,0,0,0,0,0,0
2003,62233,0,1,0,0,0,0,0,0,0,0,0,0
2003,62233,1,1,0,0,0,0,0,0,0,0,0,0
2003,62233,2,1,0,0,0,0,0,0,0,0,0,0
2003,62234,1,1,16,16,16,16,16,16,16,16,16,16
2003,62234,2,1,0,0,0,0,0,0,0,0,0,0
2003,62235,0,1,0,0,0,0,0,0,0,0,0,0
2003,62235,1,1,0,0,0,0,0,0,0,0,0,0
2003,62235,2,1,0,0,0,0,0,0,0,0,0,0
2003,62236,1,1,0,0,0,0,0,0,0,0,0,0
2003,62236,2,1,0,0,0,0,0,0,0,0,0,0
2003,62237,0,1,0,0,0,0,0,0,0,0,0,0
2003,62237,0,2,18,46,25,28,10,27,42,40,0,14
2003,62237,1,1,1,1,1,1,1,1,1,1,1,1
2003,62238,1,1,0,0,0,0,0,0,0,0,0,0
2003,62238,2,1,0,0,0,0,0,0,0,0,0,0
2003,62238,3,1,0,0,0,0,0,0,0,0,0,0
2003,62238,4,1,0,0,0,0,0,0,0,0,0,0
2003,62239,1,1,0,0,0,0,0,0,0,0,0,0
2003,62240,1,1,23,23,23,23,23,23,23,23,23,23
2003,62241,0,1,40,40,40,40,40,40,40,40,40,40
2003,62241,1,1,0,0,0,0,0,0,0,0,0,0
2003,62242,1,1,0,0,0,0,0,0,0,0,0,0
2003,62243,1,1,0,0,0,0,0,0,0,0,0,0
2003,62244,0,1,0,0,0,0,0,0,0,0,0,0
2003,62244,1,1,0,0,0,0,0,0,0,16,0,0
2003,62245,1,1,19,19,19,19,19,19,19,19,19,19
2003,62246,1,1,13,13,13,13,13,13,13,13,13,13
2003,62247,1,1,0,0,0,0,0,0,0,0,0,0
2003,62247,2,1,0,0,0,0,0,0,0,0,0,0
2003,62248,1,1,18,18,18,18,18,18,18,18,18,18
2003,62248,2,1,0,0,0,0,0,0,0,0,0,0
2003,62249,1,1,0,0,0,0,0,0,0,0,0,0
2003,62249,2,1,0,0,0,0,0,0,0,0,0,0
2003,62250,1,1,16,16,16,16,16,16,16,16,16,16
2003,62250,2,1,0,0,0,0,0,0,0,0,0,0
2003,62251,1,1,0,0,0,0,0,0,0,0,0,0
2003,62252,0,1,0,0,0,0,0,0,0,0,0,0
2003,62252,1,1,21,21,21,21,21,21,21,21,21,21
2003,62253,1,1,0,0,0,0,0,0,0,0,0,0
2003,62253,2,1,0,0,0,0,0,0,0,0,0,0
2003,62254,0,1,0,0,0,0,0,0,0,0,0,0
2003,62254,0,2,51,0,18,7,14,0,0,16,20,6
2003,62254,3,1,0,0,0,0,0,0,0,14,0,0
2003,62255,1,1,0,0,0,0,0,0,0,0,0,0
2003,62255,2,1,0,0,0,0,0,0,0,0,0,0
2003,62255,3,1,0,0,0,0,0,0,0,0,0,0
2003,62255,4,1,0,0,0,0,0,0,0,0,0,0
2003,62256,1,1,0,0,0,0,0,0,0,0,0,0
2003,62256,2,1,0,0,0,0,0,0,0,0,0,0
2003,62257,1,1,0,0,0,0,0,0,0,0,0,0
2003,62257,2,1,0,0,0,0,0,0,0,0,0,0
2003,62257,3,1,0,0,0,0,0,0,0,0,0,0
2003,62258,1,1,20,20,20,20,20,20,20,20,20,20
2003,62258,2,1,0,0,0,0,0,0,0,0,0,0
2003,62258,3,1,0,0,0,6,2,0,7,0,0,0
2003,62259,0,1,17,17,17,17,17,17,17,17,17,17
2003,62259,1,1,19,19,19,19,19,19,19,19,19,19
2003,62259,3,1,0,0,0,0,0,0,9,0,0,0
2003,62259,4,1,28,0,17,0,0,9,0,0,15,22
2003,62260,1,1,0,0,0,0,0,0,0,0,0,0
2003,62260,2,1,0,0,0,0,0,0,0,0,0,0
2003,62261,0,1,0,8,0,33,20,22,0,4,0,36
2003,62261,1,1,0,0,0,0,26,0,0,0,0,0
2003,62262,1,1,0,0,0,0,0,0,0,0,0,0
2003,62262,2,1,0,0,0,0,0,0,0,0,0,0
2003,62263,1,1,0,0,0,0,0,0,0,0,0,0
2003,62263,2,1,0,0,0,0,0,0,0,0,0,0
2003,62264,1,1,9,9,9,9,9,9,9,9,9,9
2003,62265,1,1,0,0,0,0,0,0,0,0,0,0
2003,62266,0,1,24,24,24,24,24,24,24,24,24,24
2003,62266,1,1,0,0,0,0,0,0,0,0,0,0
2003,62267,1,1,15,15,15,15,15,15,15,15,15,15
2003,62268,1,1,23,23,23,23,23,23,23,23,23,23
2003,62269,1,1,28,28,28,28,28,28,28,28,28,28
2003,62269,2,1,0,0,0,0,0,0,0,0,0,0
2003,62270,0,1,0,0,0,0,0,0,0,0,0,0
2003,62270,1,1,0,0,0,0,0,20,0,0,0,0
2003,62270,2,1,0,0,0,0,0,0,0,0,0,0
2003,62271,1,1,0,0,0,0,0,0,0,0,0,0
2003,62271,2,1,0,0,0,0,0,0,0,0,0,0
2003,62272,0,1,0,0,0,0,0,0,0,0,0,0
2003,62272,1,1,0,0,0,0,0,0,0,0,0,0
2003,62273,1,1,0,0,0,0,0,0,0,0,0,0
2003,62274,1,1,0,0,0,0,0,0,0,0,0,0
2003,62274,2,1,0,0,0,0,0,7,0,0,0,0
2003,62275,1,1,0,0,0,0,0,0,0,0,0,0
2003,62275,2,1,0,0,0,0,0,0,0,0,0,0
2003,62276,1,1,0,0,0,0,0,0,0,0,0,0
2003,62276,2,1,0,0,0,0,0,0,0,0,0,0
2003,62277,1,1,0,0,0,0,0,0,0,0,0,0
2003,62277,2,1,12,19,6,0,9,6,3,16,8,0
2003,62278,1,1,0,0,0,0,0,0,0,0,0,0
2003,62278,2,1,0,0,0,0,0,0,0,0,0,0
2003,62279,1,1,0,0,0,0,0,0,0,0,0,0
2003,62279,2,1,0,0,0,0,0,0,0,0,0,0
2003,62280,1,1,0,0,0,0,0,0,0,0,0,0
2003,62280,2,1,0,0,0,0,0,0,0,0,0,0
2003,62281,1,1,0,0,0,0,0,0,0,0,0,0
2003,62281,2,1,3,3,3,3,3,3,3,3,3,3
2003,62282,1,1,0,0,0,0,0,0,0,0,0,0
2003,62282,2,1,0,0,0,0,0,0,0,0,0,0
2003,62283,1,1,14,14,14,14,14,14,14,14,14,14
2003,62284,1,1,0,0,24,0,0,0,0,0,0,0
2003,62284,2,1,0,0,0,0,0,0,0,0,0,0
2003,62284,3,1,0,0,0,0,0,0,0,0,0,0
2003,62285,1,1,0,0,0,0,0,0,0,0,0,0
2003,62285,2,1,0,0,0,0,0,0,0,0,0,0
2003,62285,3,1,0,0,0,0,0,0,0,0,0,0
2003,62286,1,1,0,0,0,0,0,0,0,0,0,0
2003,62286,2,1,0,0,0,0,0,0,0,0,0,0
2003,62286,3,1,0,0,0,0,0,0,0,20,0,0
2003,62287,1,1,0,0,0,0,0,0,0,0,0,0
2003,62287,2,1,0,0,0,0,0,0,0,0,0,0
2003,62287,3,1,0,0,0,0,0,0,0,0,0,0
2003,62288,0,1,0,0,0,0,0,0,0,0,0,0
2003,62288,1,1,0,0,0,0,0,0,0,0,0,0
2003,62289,1,1,0,0,0,0,0,0,0,0,0,0
2003,62289,2,1,19,19,19,19,19,19,19,19,19,19
2003,62290,1,1,8,8,8,8,8,8,8,8,8,8
2003,62290,2,1,3,3,3,3,3,3,3,3,3,3
2003,62291,1,1,0,0,0,0,0,0,0,0,0,0
2003,62291,2,1,0,0,0,0,0,0,0,0,0,0
2003,62292,1,1,14,14,14,14,14,14,14,14,14,14
2003,62292,2,1,0,0,0,0,0,0,0,0,0,0
2003,62292,3,1,0,0,0,0,0,0,0,0,0,0
2003,62293,1,1,0,0,47,0,4,0,0,0,0,0
2003,62293,2,1,0,0,0,0,0,0,0,0,0,0
2003,62293,3,1,21,0,0,0,0,0,0,16,0,0
2003,62294,0,1,0,0,0,0,0,0,0,0,0,0
2003,62294,1,1,0,0,0,0,0,0,0,0,0,0
2003,62294,2,1,0,0,0,0,0,0,0,0,0,0
2003,62294,3,1,0,0,0,0,0,0,0,0,20,0
2003,62295,1,1,0,0,0,0,0,0,0,0,0,0
2003,62295,2,1,0,0,0,0,0,0,0,0,0,0
2003,62296,1,1,0,0,0,0,0,0,0,0,0,0
2003,62296,2,1,0,0,0,0,0,0,0,0,0,0
2003,62297,1,1,0,0,0,0,0,0,0,0,0,0
2003,62297,2,1,0,0,0,0,0,0,0,0,0,0
2003,62298,0,1,0,0,20,0,0,0,0,8,0,0
2003,62298,0,2,28,10,33,8,0,16,0,0,0,17
2003,62298,1,1,19,19,19,19,19,19,19,19,19,19
2003,62299,0,1,0,0,0,0,0,0,0,0,0,0
2003,62300,0,1,0,0,0,0,0,0,0,0,0,0
2003,62300,1,1,0,0,0,0,0,0,0,0,0,0
2003,62301,1,1,0,0,0,0,0,0,0,0,0,0
2003,62301,2,1,0,0,0,0,0,0,0,0,0,0
2003,62302,1,1,0,0,0,0,0,0,0,0,0,0
2003,62302,2,1,0,0,0,0,0,0,0,0,0,0