YEAR,ST_CASE,veh_no,per_no,P1,P2,P3,P4,P5,P6,P7,P8,P9,P10
2003,62508,1,1,11,11,11,11,11,11,11,11,11,11
2003,62508,2,1,0,0,0,0,0,0,0,0,0,0
2003,62509,1,1,0,24,0,24,0,0,12,0,0,0
2003,62509,2,1,0,0,0,0,0,0,0,0,0,0
2003,62510,1,1,19,19,19,19,19,19,19,19,19,19
2003,62511,0,1,0,0,0,0,0,0,0,0,0,0
2003,62511,0,2,0,0,0,0,0,0,0,0,0,0
2003,62511,1,1,0,0,0,0,0,0,0,0,0,0
2003,62512,1,1,27,0,0,14,0,0,6,0,0,16
2003,62512,2,1,0,0,0,0,0,0,0,0,0,0
2003,62513,1,1,0,5,15,0,0,0,0,0,27,0
2003,62513,2,1,0,0,0,0,0,0,0,0,0,0
2003,62514,1,1,0,0,0,0,0,0,0,0,0,0
2003,62515,1,1,0,0,0,0,0,0,0,0,0,0
2003,62516,1,1,26,26,26,26,26,26,26,26,26,26
2003,62517,1,1,16,16,16,16,16,16,16,16,16,16
2003,62518,1,1,0,0,0,0,0,0,0,0,0,0
2003,62519,2,1,0,0,0,0,0,0,0,0,0,0
2003,62520,1,1,0,0,0,0,0,0,0,0,0,0
2003,62520,2,1,0,0,0,0,0,0,0,0,0,0
2003,62521,1,1,0,0,0,0,0,0,0,0,0,0
2003,62521,2,1,0,0,0,0,0,0,0,0,0,0
2003,62521,3,1,0,0,0,0,0,0,0,0,0,0
2003,62522,1,1,29,29,29,29,29,29,29,29,29,29
2003,62522,2,1,0,0,0,0,0,0,0,0,0,0
2003,62523,1,1,21,21,21,21,21,21,21,21,21,21
2003,62523,2,1,0,0,0,0,0,0,0,0,0,20
2003,62524,0,1,6,20,11,11,24,27,32,13,22,31
2003,62524,1,1,0,0,0,0,0,0,0,0,0,0
2003,62525,1,1,0,0,0,0,0,0,0,0,0,0
2003,62525,2,1,0,16,0,0,0,7,0,0,0,0
2003,62526,1,1,0,0,0,0,0,0,0,0,0,0
2003,62526,2,1,0,0,0,0,0,0,0,0,0,0
2003,62527,1,1,0,0,0,0,0,0,0,0,0,0
2003,62527,2,1,0,0,0,0,0,0,0,0,0,0
2003,62528,1,1,0,0,0,0,0,0,0,0,0,0
2003,62528,2,1,0,0,0,0,0,0,0,0,0,0
2003,62529,1,1,17,17,17,17,17,17,17,17,17,17
2003,62529,2,1,0,0,0,0,0,0,0,0,0,0
2003,62530,1,1,0,0,0,0,0,0,0,0,0,0
2003,62530,2,1,0,0,0,0,0,0,0,0,0,0
2003,62530,3,1,0,0,0,0,0,0,0,0,0,0
2003,62531,1,1,0,0,0,0,0,0,0,0,0,0
2003,62531,2,1,0,0,0,0,0,0,0,0,0,0
2003,62532,1,1,0,0,0,0,0,0,0,0,0,0
2003,62532,2,1,0,0,0,0,0,0,0,0,0,0
2003,62533,1,1,0,0,0,0,0,0,0,0,0,0
2003,62533,2,1,0,0,0,0,0,0,0,0,0,0
2003,62534,1,1,25,25,25,25,25,25,25,25,25,25
2003,62535,1,1,0,0,0,0,0,0,0,0,0,0
2003,62535,2,1,0,0,0,0,0,0,0,0,0,0
2003,62535,3,1,0,8,0,0,0,0,0,0,0,0
2003,62535,4,1,0,0,0,0,0,0,0,0,0,0
2003,62535,5,1,0,0,0,0,0,0,0,0,0,0
2003,62535,6,1,0,0,0,0,0,0,0,0,0,0
2003,62536,1,1,14,0,0,0,0,0,0,0,0,0
2003,62537,1,1,0,0,0,0,0,0,0,0,0,0
2003,62537,2,1,0,0,0,0,0,0,0,0,0,0
2003,62537,3,1,0,0,0,0,0,0,0,0,0,0
2003,62538,1,1,18,18,18,18,18,18,18,18,18,18
2003,62539,1,1,2,2,2,2,2,2,2,2,2,2
2003,62540,1,1,0,12,0,0,0,3,0,0,0,17
2003,62541,1,1,0,0,0,0,0,0,0,0,0,0
2003,62542,1,1,0,0,0,0,0,11,0,0,0,0
2003,62543,0,1,0,0,0,0,0,0,0,0,0,0
2003,62543,1,1,0,0,0,0,0,0,0,0,0,0
2003,62544,1,1,23,23,23,23,23,23,23,23,23,23
2003,62545,1,1,0,0,0,0,0,0,0,0,0,0
2003,62546,0,1,0,0,0,0,0,0,0,0,0,0
2003,62546,1,1,0,0,0,0,0,0,0,0,0,0
2003,62547,1,1,11,11,11,11,11,11,11,11,11,11
2003,62547,2,1,21,21,21,21,21,21,21,21,21,21
2003,62547,3,1,0,0,0,0,0,0,0,0,0,0
2003,62548,0,1,24,24,24,24,24,24,24,24,24,24
2003,62548,1,1,0,0,0,15,0,0,0,0,0,11
2003,62549,0,1,0,0,0,0,0,0,0,0,0,0
2003,62549,1,1,0,0,0,0,0,0,0,0,0,0
2003,62550,1,1,0,0,0,0,0,0,0,0,0,0
2003,62551,1,1,0,0,0,0,0,0,0,0,0,0
2003,62551,2,1,0,0,0,0,0,0,0,0,0,0
2003,62552,1,1,17,17,17,17,17,17,17,17,17,17
2003,62553,1,1,0,0,0,0,0,0,0,0,0,0
2003,62554,0,1,0,0,0,0,0,0,0,0,0,0
2003,62554,1,1,0,0,0,0,0,0,0,0,0,0
2003,62555,1,1,14,14,14,14,14,14,14,14,14,14
2003,62556,1,1,0,0,0,0,0,0,0,0,0,0
2003,62557,1,1,0,0,0,0,0,0,0,0,0,0
2003,62558,1,1,0,0,0,0,0,0,0,0,0,0
2003,62559,1,1,0,0,34,0,0,0,11,19,0,0
2003,62560,1,1,10,39,25,22,36,23,33,33,32,40
2003,62561,1,1,0,0,0,0,0,0,0,0,0,0
2003,62562,1,1,0,0,0,0,0,0,0,0,0,0
2003,62562,2,1,0,0,0,0,0,0,0,0,0,0
2003,62563,1,1,4,4,4,4,4,4,4,4,4,4
2003,62563,2,1,0,0,0,0,0,0,0,0,0,0
2003,62563,3,1,0,0,0,0,0,0,0,0,0,0
2003,62563,4,1,0,0,0,0,0,0,0,0,0,0
2003,62563,5,1,0,0,0,0,0,0,0,0,0,0
2003,62564,1,1,0,0,0,0,0,0,0,0,0,0
2003,62564,2,1,0,0,7,0,0,0,0,0,0,0
2003,62565,1,1,0,0,0,0,0,0,0,0,0,0
2003,62565,2,1,0,0,0,0,0,0,0,0,0,0
2003,62566,1,1,0,0,0,0,0,0,0,0,0,0
2003,62566,2,1,0,0,0,0,18,0,0,0,0,0
2003,62567,1,1,0,0,0,0,0,0,0,0,0,0
2003,62567,2,1,0,0,0,0,0,0,0,0,0,0
2003,62568,1,1,0,0,0,0,0,0,0,0,0,0
2003,62568,2,1,0,0,0,0,0,0,0,0,0,0
2003,62569,0,1,0,25,0,0,0,0,0,0,0,0
2003,62569,1,1,0,0,0,0,0,0,0,0,0,0
2003,62570,1,1,0,0,0,0,0,0,0,0,0,0
2003,62571,0,1,0,0,0,0,0,0,0,0,0,0
2003,62571,1,1,0,0,0,0,0,0,9,0,0,0
2003,62572,1,1,12,12,12,12,12,12,12,12,12,12
2003,62573,1,1,17,17,17,17,17,17,17,17,17,17
2003,62573,2,1,0,0,0,0,0,0,0,0,0,0
2003,62574,1,1,0,0,0,0,0,0,0,0,0,0
2003,62574,2,1,14,14,14,14,14,14,14,14,14,14
2003,62575,1,1,0,0,0,0,0,0,0,0,0,0
2003,62575,2,1,7,7,7,7,7,7,7,7,7,7
2003,62576,0,1,18,18,18,18,18,18,18,18,18,18
2003,62576,1,1,8,8,8,8,8,8,8,8,8,8
2003,62577,1,1,0,0,0,0,0,0,0,0,0,0
2003,62578,1,1,20,20,20,20,20,20,20,20,20,20
2003,62578,2,1,0,0,0,0,0,0,0,0,0,0
2003,62578,3,1,4,4,4,4,4,4,4,4,4,4
2003,62579,0,1,0,0,0,0,0,0,0,0,0,0
2003,62579,1,1,0,0,0,0,0,0,0,0,0,0
2003,62580,1,1,0,0,0,0,0,0,0,0,0,0
2003,62581,0,1,30,30,30,30,30,30,30,30,30,30
2003,62581,1,1,0,0,0,0,0,0,0,0,0,0
2003,62581,2,1,0,0,0,0,0,0,0,0,0,0
2003,62582,1,1,0,0,0,0,0,0,0,0,0,0
2003,62582,2,1,0,0,0,0,0,0,0,0,0,0
2003,62583,1,1,0,0,0,0,0,0,0,0,0,0
2003,62583,2,1,0,0,0,0,0,0,0,0,0,0
2003,62584,1,1,0,0,0,0,0,0,0,0,0,0
2003,62584,2,1,0,0,0,6,0,0,0,0,0,9
2003,62585,1,1,0,0,0,0,0,0,0,0,0,0
2003,62586,1,1,0,0,0,0,0,0,0,0,0,0
2003,62586,2,1,0,0,0,0,0,0,0,0,0,0
2003,62587,1,1,0,0,0,0,0,0,0,0,0,0
2003,62587,2,1,0,0,0,0,0,0,0,0,0,0
2003,62588,1,1,0,0,0,0,0,0,0,0,0,0
2003,62589,1,1,12,12,12,12,12,12,12,12,12,12
2003,62590,0,1,0,0,0,0,0,0,0,0,0,0
2003,62590,1,1,0,0,0,0,0,0,0,0,12,0
2003,62591,1,1,0,0,0,0,0,0,0,0,0,0
2003,62592,1,1,18,18,18,18,18,18,18,18,18,18
2003,62592,2,1,0,3,14,5,0,0,0,0,0,0
2003,62593,0,1,0,0,0,0,0,0,0,0,0,0
2003,62593,1,1,0,0,0,0,0,0,0,0,0,0
2003,62594,1,1,0,27,33,34,18,5,9,4,17,18
2003,62595,1,1,0,0,0,0,0,0,0,0,0,0
2003,62595,2,1,0,0,0,0,0,0,0,0,0,0
2003,62596,1,1,0,0,0,0,0,0,0,0,0,0
2003,62596,2,1,0,0,0,0,0,0,0,0,0,0
2003,62597,1,1,0,0,0,0,0,0,0,0,18,0
2003,62597,2,1,0,0,0,0,0,0,0,0,0,0
2003,62598,1,1,0,0,0,0,0,0,0,0,0,0
2003,62598,2,1,0,0,0,0,0,0,0,0,0,0
2003,62599,1,1,0,0,0,0,0,0,0,0,0,0
2003,62599,2,1,0,0,0,0,0,0,0,0,0,0
2003,62599,3,1,0,0,0,0,0,0,0,0,0,0
2003,62600,0,1,0,0,0,0,0,0,0,0,0,0
2003,62600,1,1,0,0,0,0,0,0,0,0,0,0
2003,62600,2,1,0,0,0,0,0,0,0,0,0,0
2003,62601,0,1,38,38,38,38,38,38,38,38,38,38
2003,62601,1,1,0,0,0,0,0,0,0,0,0,0
2003,62602,1,1,0,0,0,0,0,0,0,0,0,0
2003,62603,0,1,0,0,0,0,11,0,16,31,0,62
2003,62603,1,1,0,0,0,0,0,0,0,0,0,0
2003,62604,0,1,0,0,0,0,0,0,0,0,0,0
2003,62604,1,1,0,0,0,0,0,0,0,0,0,0
2003,62605,0,1,0,0,0,0,0,0,0,0,0,0
2003,62605,1,1,0,0,0,0,0,3,0,0,0,0
2003,62606,1,1,0,0,0,0,0,0,0,0,0,0
2003,62606,2,1,15,0,0,0,0,0,0,0,0,25
2003,62607,1,1,0,0,0,0,0,0,0,0,0,0
2003,62607,2,1,0,0,0,0,0,0,0,0,0,0
2003,62607,3,1,0,0,0,0,0,0,0,0,0,0
2003,62607,4,1,0,0,0,0,0,0,0,0,0,0
2003,62608,0,1,0,0,0,0,0,0,0,0,0,0
2003,62608,1,1,17,17,17,17,17,17,17,17,17,17
2003,62609,1,1,0,0,0,0,0,0,0,0,0,0
2003,62609,2,1,0,0,0,0,0,0,0,0,0,0
2003,62610,1,1,0,0,0,0,0,0,0,0,0,0
2003,62610,2,1,0,0,0,0,0,0,0,0,0,0
2003,62611,1,1,2,2,2,2,2,2,2,2,2,2
2003,62611,2,1,0,0,0,0,0,0,0,0,0,0
2003,62612,1,1,21,21,21,21,21,21,21,21,21,21
2003,62612,2,1,0,0,0,0,0,0,0,0,0,0
2003,62613,1,1,26,26,26,26,26,26,26,26,26,26
2003,62613,2,1,23,17,0,26,18,9,10,0,9,20
2003,62614,1,1,0,0,0,0,0,0,0,0,0,0
2003,62614,2,1,0,0,0,19,19,0,0,52,0,0
2003,62615,1,1,0,0,0,0,0,0,0,0,0,0
2003,62615,2,1,0,0,0,0,0,0,0,0,0,0
2003,62615,3,1,0,0,0,0,0,0,0,0,0,0
2003,62615,4,1,0,0,0,0,0,0,0,0,0,0
2003,62616,0,1,0,0,0,0,0,0,0,0,0,0
2003,62616,1,1,0,0,0,0,0,0,0,0,0,0
2003,62617,1,1,0,0,0,0,0,0,0,0,0,0
2003,62617,2,1,0,0,0,0,0,0,0,0,0,0
2003,62618,1,1,0,0,0,0,0,0,18,0,0,0
2003,62618,2,1,0,0,0,0,0,0,0,0,0,0
2003,62619,1,1,0,0,0,0,0,0,0,0,0,0
2003,62619,2,1,0,0,0,0,0,0,0,0,0,0
2003,62620,1,1,30,30,30,30,30,30,30,30,30,30
2003,62621,1,1,0,0,0,0,0,0,0,0,0,0
2003,62622,1,1,0,0,0,0,0,0,0,0,0,0
2003,62622,2,1,0,0,0,0,0,0,0,0,0,0
2003,62623,1,1,0,0,0,0,0,0,0,0,0,0
2003,62624,1,1,0,0,0,0,0,0,0,0,0,0
2003,62625,0,1,0,0,0,0,0,0,0,0,0,0
2003,62625,1,1,0,0,25,16,0,0,0,0,0,0
2003,62626,0,1,0,0,0,0,0,0,0,0,0,0
2003,62626,1,1,0,0,0,0,0,0,0,0,0,0
2003,62627,1,1,0,0,0,0,0,0,0,0,0,0
2003,62627,2,1,0,0,0,0,0,0,0,0,0,0
2003,62628,1,1,0,0,0,0,0,0,0,0,0,0
2003,62628,2,1,0,0,0,0,0,0,0,0,0,0
2003,62629,1,1,0,0,0,0,0,0,0,0,0,0
2003,62630,0,1,18,18,18,18,18,18,18,18,18,18
2003,62630,1,1,0,0,0,0,0,0,0,0,0,0
2003,62631,1,1,0,0,0,0,0,0,0,0,0,0
2003,62631,2,1,0,0,0,0,0,0,0,0,0,0
2003,62632,0,1,0,0,0,0,0,0,0,0,0,0
2003,62632,1,1,0,0,0,0,0,0,0,0,0,0
2003,62633,0,1,0,31,10,0,20,0,26,0,0,25
2003,62633,1,1,0,0,0,0,0,0,0,0,0,0
2003,62634,1,1,17,17,17,17,17,17,17,17,17,17
2003,62635,0,1,2,2,2,2,2,2,2,2,2,2
2003,62635,1,1,0,0,0,0,0,0,0,19,0,0
2003,62636,1,1,0,0,0,0,0,0,0,0,4,22
2003,62637,1,1,0,0,0,0,0,0,0,0,0,0
2003,62638,1,1,0,0,0,0,0,0,0,0,0,0
2003,62638,2,1,0,0,0,0,0,0,0,0,0,0
2003,62639,1,1,26,26,26,26,26,26,26,26,26,26
2003,62640,1,1,30,15,16,9,6,13,27,24,19,40
2003,62641,0,1,0,0,0,0,0,0,0,0,0,0
2003,62641,0,2,0,0,0,0,0,0,0,0,0,0
2003,62641,1,1,15,15,15,15,15,15,15,15,15,15
2003,62642,1,1,28,28,28,28,28,28,28,28,28,28
2003,62643,1,1,0,0,0,0,0,0,0,0,0,0
2003,62643,2,1,0,0,0,0,0,0,0,0,0,0
2003,62644,1,1,0,0,0,0,0,0,0,0,0,0
2003,62644,2,1,0,0,0,0,0,0,0,0,0,0
2003,62645,0,1,12,27,22,18,11,45,28,14,46,9
2003,62645,0,2,0,0,0,0,0,0,0,0,0,0
2003,62645,1,1,0,15,10,0,17,0,0,0,17,0
2003,62646,1,1,0,0,0,0,0,0,0,0,0,0
2003,62646,2,1,0,0,0,0,0,0,0,0,0,0
2003,62647,1,1,6,6,6,6,6,6,6,6,6,6
2003,62647,2,1,0,15,0,0,0,0,0,0,0,0
2003,62648,1,1,0,0,0,0,0,0,0,0,0,0
2003,62648,2,1,0,0,0,0,0,0,0,0,0,0
2003,62649,1,1,0,0,0,7,0,0,0,0,0,0
2003,62650,0,1,0,0,0,0,0,0,0,0,0,0
2003,62650,1,1,0,0,0,0,0,0,0,0,0,0
2003,62651,1,1,0,0,0,0,0,0,0,0,0,0
2003,62651,2,1,0,0,0,0,0,0,0,0,0,0
2003,62651,3,1,0,0,0,0,0,0,0,0,0,0
2003,62652,1,1,0,0,0,0,0,0,0,0,0,0
2003,62652,2,1,0,0,0,0,0,0,0,0,0,0
2003,62653,1,1,0,0,0,0,0,0,0,0,0,0
2003,62653,2,1,0,0,0,0,0,0,0,0,0,0
2003,62654,1,1,0,0,0,0,0,0,0,0,0,0
2003,62654,2,1,0,0,0,0,0,0,0,0,0,0
2003,62654,3,1,0,0,0,0,0,0,0,0,0,0
2003,62655,1,1,0,0,0,0,0,0,0,0,0,0
2003,62656,0,1,0,0,0,0,0,0,0,0,0,0
2003,62656,1,1,0,6,0,0,48,0,0,0,0,0
2003,62657,0,1,18,18,18,18,18,18,18,18,18,18
2003,62657,1,1,0,0,0,0,0,0,0,0,0,0
2003,62658,0,1,0,0,0,0,0,0,0,0,0,0
2003,62658,1,1,0,0,0,0,0,0,0,0,0,0
2003,62659,0,1,0,0,0,0,0,0,0,0,0,0
2003,62659,1,1,0,0,14,0,0,0,0,19,0,0
2003,62660,1,1,8,8,8,8,8,8,8,8,8,8
2003,62661,0,1,0,0,0,0,0,0,0,0,0,0
2003,62661,1,1,0,0,0,0,0,0,0,0,0,0
2003,62662,1,1,0,0,0,0,0,0,27,0,0,0
2003,62662,2,1,0,0,0,0,0,0,0,0,0,0
2003,62663,1,1,31,31,31,31,31,31,31,31,31,31
2003,62663,2,1,2,2,2,2,2,2,2,2,2,2
2003,62663,3,1,0,0,0,0,0,0,0,0,0,0
2003,62664,0,1,0,0,0,0,0,0,0,0,0,0
2003,62664,1,1,0,0,0,0,0,0,0,0,0,0
2003,62665,0,1,10,10,10,10,10,10,10,10,10,10
2003,62665,0,2,20,10,0,14,23,0,12,0,11,0
2003,62665,0,3,0,7,0,13,8,0,0,3,25,0
2003,62665,1,1,34,25,23,23,58,22,10,25,12,21
2003,62666,1,1,0,0,0,0,0,0,0,0,0,0
2003,62666,2,1,0,0,0,0,0,0,0,0,0,0
2003,62666,3,1,0,0,0,0,0,0,0,0,0,0
2003,62667,1,1,35,35,35,35,35,35,35,35,35,35
2003,62667,2,1,0,0,0,0,0,0,0,0,0,0
2003,62667,3,1,0,0,0,0,0,0,0,0,0,0
2003,62668,1,1,0,0,0,0,0,0,0,0,0,0
2003,62668,2,1,0,0,0,0,12,0,0,0,0,0
2003,62669,1,1,11,11,11,11,11,11,11,11,11,11
2003,62669,2,1,0,0,0,0,0,0,0,0,0,0
2003,62670,1,1,0,0,0,0,0,0,0,0,0,0
2003,62670,2,1,0,0,0,0,0,0,0,0,0,0
2003,62671,1,1,0,0,0,0,0,0,0,0,0,0
2003,62671,2,1,0,0,0,0,0,0,0,0,0,0
2003,62672,1,1,22,22,22,22,22,22,22,22,22,22
2003,62673,0,1,19,19,19,19,19,19,19,19,19,19
2003,62673,1,1,28,12,12,12,0,9,14,30,0,20
2003,62674,0,1,0,0,0,0,0,0,0,0,0,0
2003,62674,1,1,0,0,8,0,13,0,0,19,25,0
2003,62675,1,1,20,20,20,20,20,20,20,20,20,20
2003,62676,0,1,0,0,0,0,0,0,0,0,0,0
2003,62676,1,1,0,0,0,0,20,0,0,0,0,0
2003,62677,1,1,0,0,0,0,0,0,0,0,0,0
2003,62677,2,1,0,0,0,0,0,0,0,0,0,0
2003,62678,1,1,16,16,16,16,16,16,16,16,16,16
2003,62678,2,1,0,0,0,0,0,0,0,0,0,0
2003,62679,1,1,18,18,18,18,18,18,18,18,18,18
2003,62679,2,1,0,0,0,0,0,0,0,0,0,0
2003,62680,1,1,8,0,0,0,0,0,0,0,0,0
2003,62680,2,1,0,0,0,0,0,0,0,0,0,0
2003,62681,1,1,0,0,0,0,0,0,0,0,0,0
2003,62682,1,1,2,2,2,2,2,2,2,2,2,2
2003,62682,2,1,7,0,0,0,0,0,0,0,0,0
2003,62683,1,1,21,21,21,21,21,21,21,21,21,21
2003,62683,2,1,0,0,0,0,0,0,0,0,0,0
2003,62683,3,1,0,0,0,0,8,0,0,0,0,0
2003,62684,1,1,24,24,24,24,24,24,24,24,24,24
2003,62685,1,1,0,0,0,0,0,0,0,0,0,0
2003,62685,2,1,0,0,0,0,0,0,0,0,0,0
2003,62686,0,1,0,0,0,0,0,0,0,0,0,0
2003,62686,1,1,0,0,0,0,0,0,0,0,20,0
2003,62687,1,1,16,16,16,16,16,16,16,16,16,16
2003,62688,1,1,0,0,0,0,0,0,0,0,0,0
2003,62688,2,1,0,0,0,0,0,0,0,0,0,0
2003,62689,1,1,0,0,0,0,0,0,0,0,0,0
2003,62689,2,1,0,0,0,0,0,0,0,0,0,0
2003,62690,1,1,0,0,0,0,0,0,0,0,0,0
2003,62690,2,1,0,0,0,0,0,0,0,0,0,0
2003,62690,3,1,0,0,0,0,0,0,0,0,0,0
2003,62691,1,1,0,0,0,0,0,0,0,0,0,0
2003,62691,2,1,0,0,0,0,0,0,0,0,0,0
2003,62692,1,1,0,0,0,31,0,0,0,0,0,0
2003,62692,2,1,0,0,0,0,0,0,0,0,0,0
2003,62693,1,1,0,0,0,0,0,0,0,0,0,0
2003,62693,2,1,0,0,0,0,0,0,0,0,0,0
2003,62693,3,1,0,0,0,0,0,0,0,0,0,0
2003,62694,1,1,0,0,0,0,0,0,0,0,0,0
2003,62694,2,1,6,6,6,6,6,6,6,6,6,6
2003,62695,1,1,14,14,14,14,14,14,14,14,14,14
2003,62696,1,1,15,15,15,15,15,15,15,15,15,15
2003,62696,2,1,30,6,0,20,6,29,0,0,0,16
2003,62697,1,1,0,0,0,0,0,0,0,0,0,0
2003,62697,2,1,0,0,0,0,0,0,0,0,0,0
2003,62698,1,1,14,14,14,14,14,14,14,14,14,14
2003,62698,2,1,0,7,0,0,12,0,0,10,10,0
2003,62699,1,1,0,0,16,0,0,16,0,0,0,0
2003,62700,1,1,0,0,0,0,0,0,0,0,0,0
2003,62700,2,1,0,0,0,0,0,0,0,0,0,0
2003,62701,1,1,0,0,0,0,0,0,0,0,0,0
2003,62701,2,1,23,11,0,0,4,0,0,26,10,8
2003,62702,1,1,0,0,0,0,0,0,0,0,0,0
2003,62703,0,1,4,4,4,4,4,4,4,4,4,4
2003,62703,1,1,0,0,0,0,0,0,0,0,0,0
2003,62704,1,1,5,0,0,15,0,0,0,0,0,0
2003,62705,1,1,4,4,4,4,4,4,4,4,4,4
2003,62706,1,1,0,0,23,20,0,15,0,0,0,11
2003,62707,1,1,5,0,0,0,0,0,13,0,0,0
2003,62708,1,1,18,18,18,18,18,18,18,18,18,18
2003,62709,1,1,0,0,0,0,0,0,0,0,0,0
2003,62710,1,1,25,25,25,25,25,25,25,25,25,25
2003,62711,1,1,17,17,17,17,17,17,17,17,17,17
2003,62711,2,1,2,2,2,2,2,2,2,2,2,2
2003,62711,3,1,0,0,0,0,0,0,0,0,0,0
2003,62712,1,1,29,29,29,29,29,29,29,29,29,29
2003,62713,1,1,0,0,0,0,0,0,0,0,0,10
2003,62714,1,1,0,0,0,0,0,0,0,0,0,0
2003,62715,1,1,16,16,16,16,16,16,16,16,16,16
2003,62716,0,1,32,32,32,32,32,32,32,32,32,32
2003,62716,1,1,0,0,0,0,0,0,0,0,0,0
2003,62717,1,1,15,15,15,15,15,15,15,15,15,15
2003,62718,1,1,8,8,8,8,8,8,8,8,8,8
2003,62719,1,1,0,0,0,0,0,0,0,0,0,0
2003,62720,1,1,10,10,10,10,10,10,10,10,10,10
2003,62720,2,1,1,1,1,1,1,1,1,1,1,1
2003,62721,0,1,31,31,31,31,31,31,31,31,31,31
2003,62721,1,1,0,0,0,0,0,0,0,0,0,0
2003,62721,2,1,0,0,0,0,0,0,0,0,0,0
2003,62721,3,1,0,0,0,0,0,0,0,0,0,0
2003,62722,1,1,17,17,17,17,17,17,17,17,17,17
2003,62723,0,1,25,25,25,25,25,25,25,25,25,25
2003,62723,1,1,0,0,0,0,0,0,0,0,0,0
2003,62724,0,1,0,27,0,0,0,15,0,0,0,0
2003,62724,0,2,0,0,0,0,0,0,0,0,0,23
2003,62724,1,1,0,0,0,0,0,0,0,0,0,0
2003,62725,1,1,0,0,0,0,0,0,0,0,0,0
2003,62726,1,1,0,0,0,0,0,0,0,0,0,0
2003,62726,2,1,0,0,0,0,0,0,0,0,0,0
2003,62727,1,1,16,16,16,16,16,16,16,16,16,16
2003,62727,2,1,0,0,0,0,0,0,0,0,0,0
2003,62728,1,1,0,0,0,0,0,0,0,0,0,0
2003,62728,2,1,0,0,13,0,0,0,0,0,0,0
2003,62729,1,1,0,0,0,0,0,0,0,0,0,0
2003,62729,2,1,0,0,0,0,0,0,0,0,0,0
2003,62730,0,1,0,0,0,0,0,0,0,0,0,0
2003,62730,1,1,0,0,0,0,0,8,0,0,0,0
2003,62731,1,1,0,0,0,0,0,0,0,0,0,0
2003,62732,0,1,17,17,17,17,17,17,17,17,17,17
2003,62732,1,1,11,11,11,11,11,11,11,11,11,11
2003,62733,0,1,0,0,0,0,0,0,0,0,0,0
2003,62733,1,1,0,0,0,0,0,0,0,0,0,0
2003,62733,2,1,0,0,0,0,0,0,0,0,0,0
2003,62734,0,1,0,0,0,0,0,0,0,0,0,0
2003,62734,1,1,0,0,0,0,0,0,0,0,0,0
2003,62735,1,1,0,0,0,0,0,0,0,0,0,0
2003,62736,1,1,17,17,17,17,17,17,17,17,17,17
2003,62737,1,1,37,37,37,37,37,37,37,37,37,37
2003,62738,0,1,24,24,24,24,24,24,24,24,24,24
2003,62738,1,1,10,0,0,0,0,0,8,0,19,19
2003,62739,1,1,0,0,0,0,0,0,0,0,0,0
2003,62739,2,1,0,0,0,0,0,0,0,0,0,0
2003,62740,1,1,2,2,2,2,2,2,2,2,2,2
2003,62740,2,1,0,0,0,0,0,0,0,0,0,17
2003,62740,3,1,0,0,0,0,0,0,0,0,0,0
2003,62741,1,1,27,20,16,15,15,15,0,11,22,32
2003,62742,1,1,0,0,0,0,0,0,0,0,0,6
2003,62742,2,1,0,0,0,0,0,0,0,0,0,0
2003,62742,3,1,0,0,0,0,0,0,0,0,0,0
2003,62743,1,1,0,0,0,0,0,0,0,0,0,0
2003,62743,2,1,0,0,0,0,0,0,0,0,0,0
2003,62744,1,1,24,7,13,0,24,0,25,0,0,13
2003,62745,1,1,0,0,0,0,0,0,0,0,0,0
2003,62746,0,1,0,0,0,0,0,0,0,0,0,0
2003,62746,1,1,0,0,0,0,0,0,0,0,0,0
2003,62747,0,1,0,0,0,0,0,0,0,0,0,0
2003,62747,1,1,0,0,0,0,0,0,0,0,0,0
2003,62748,0,1,21,21,21,21,21,21,21,21,21,21
2003,62748,1,1,0,0,0,0,0,0,0,0,0,22
2003,62748,2,1,0,0,0,20,0,14,0,0,0,0
2003,62749,1,1,0,0,0,0,0,11,0,0,0,21
2003,62750,1,1,15,15,15,15,15,15,15,15,15,15
2003,62750,2,1,0,0,0,0,0,0,0,0,0,0
2003,62751,1,1,21,10,16,10,0,0,0,0,0,17