YEAR,ST_CASE,veh_no,per_no,P1,P2,P3,P4,P5,P6,P7,P8,P9,P10
2003,62996,0,1,0,0,0,0,0,0,0,0,0,0
2003,62996,1,1,0,0,0,0,0,0,0,0,0,0
2003,62997,0,1,0,0,0,0,0,0,0,0,0,0
2003,62997,1,1,0,0,0,0,0,0,0,0,0,0
2003,62998,0,1,44,44,44,44,44,44,44,44,44,44
2003,62998,1,1,0,0,0,0,0,0,0,0,0,0
2003,62999,1,1,0,0,0,0,0,0,0,0,0,0
2003,63000,1,1,0,0,0,0,0,0,0,0,0,0
2003,63001,1,1,11,11,11,11,11,11,11,11,11,11
2003,63001,2,1,0,0,0,13,0,0,0,0,0,7
2003,63002,1,1,22,22,22,22,22,22,22,22,22,22
2003,63003,0,1,0,0,0,0,0,0,0,0,0,0
2003,63003,1,1,0,0,0,0,0,0,0,0,0,0
2003,63004,1,1,18,18,18,18,18,18,18,18,18,18
2003,63004,2,1,16,25,8,0,21,10,13,25,9,25
2003,63005,1,1,0,0,0,0,0,0,0,0,0,0
2003,63005,2,1,0,0,0,0,0,0,0,0,0,0
2003,63006,1,1,11,11,11,11,11,11,11,11,11,11
2003,63007,1,1,0,0,0,0,0,0,0,0,0,0
2003,63008,1,1,0,0,0,0,0,0,0,0,17,0
2003,63008,2,1,0,0,0,0,0,0,0,0,0,0
2003,63008,3,1,0,0,0,0,0,0,0,0,0,0
2003,63009,1,1,16,16,16,16,16,16,16,16,16,16
2003,63010,1,1,25,25,25,25,25,25,25,25,25,25
2003,63011,1,1,19,19,19,19,19,19,19,19,19,19
2003,63012,1,1,0,0,0,0,0,0,0,0,0,0
2003,63013,1,1,0,0,0,0,0,0,0,0,0,0
2003,63014,0,1,11,25,18,0,16,11,36,17,18,28
2003,63014,0,2,0,0,0,0,0,0,0,0,0,0
2003,63014,1,1,0,0,0,0,0,0,0,0,0,0
2003,63015,1,1,0,0,0,0,0,0,0,0,0,0
2003,63016,0,1,0,0,0,0,0,0,0,0,0,0
2003,63016,1,1,0,0,0,0,0,0,0,0,0,0
2003,63017,1,1,0,0,0,0,0,0,0,0,0,0
2003,63018,0,1,0,0,8,0,0,0,0,0,0,18
2003,63018,1,1,0,0,0,0,0,0,0,0,0,0
2003,63019,1,1,0,0,0,0,0,0,0,0,0,0
2003,63020,1,1,3,3,3,3,3,3,3,3,3,3
2003,63021,1,1,11,11,11,11,11,11,11,11,11,11
2003,63021,2,1,0,0,0,0,0,0,0,0,0,0
2003,63022,1,1,0,16,0,0,0,7,7,0,14,0
2003,63022,2,1,0,0,0,0,0,0,30,0,0,0
2003,63023,0,1,27,27,27,27,27,27,27,27,27,27
2003,63023,1,1,0,0,0,0,0,0,0,0,0,0
2003,63024,0,1,29,29,29,29,29,29,29,29,29,29
2003,63024,1,1,0,0,0,0,0,0,0,0,0,0
2003,63025,1,1,21,21,21,21,21,21,21,21,21,21
2003,63025,2,1,0,0,0,0,0,0,0,0,0,0
2003,63026,1,1,13,13,13,13,13,13,13,13,13,13
2003,63026,2,1,0,0,0,0,0,0,0,0,0,0
2003,63027,1,1,0,0,0,0,0,0,0,0,0,0
2003,63028,1,1,0,0,0,0,0,0,0,0,0,0
2003,63028,2,1,0,0,0,0,0,0,0,0,0,0
2003,63029,1,1,19,19,19,19,19,19,19,19,19,19
2003,63030,1,1,0,0,0,0,0,0,0,0,20,0
2003,63030,2,1,0,0,0,0,0,0,0,0,0,0
2003,63031,1,1,21,24,11,25,14,17,22,13,5,17
2003,63031,2,1,0,0,0,0,0,0,0,0,0,0
2003,63032,1,1,0,0,0,0,0,0,0,0,0,0
2003,63032,2,1,0,0,0,0,0,0,0,0,0,0
2003,63033,1,1,0,0,0,0,0,0,0,0,0,0
2003,63034,1,1,11,11,11,11,11,11,11,11,11,11
2003,63034,2,1,0,0,0,0,0,0,0,0,0,0
2003,63035,0,1,13,13,13,13,13,13,13,13,13,13
2003,63035,1,1,9,9,9,9,9,9,9,9,9,9
2003,63036,1,1,22,22,22,22,22,22,22,22,22,22
2003,63036,2,1,0,0,0,0,0,0,0,0,0,0
2003,63037,0,1,0,0,0,0,0,0,0,0,0,0
2003,63037,1,1,0,0,0,0,0,0,0,0,0,0
2003,63037,2,1,0,0,0,0,0,0,0,0,0,0
2003,63038,0,1,2,2,2,2,2,2,2,2,2,2
2003,63038,1,1,0,0,0,0,0,0,0,0,0,0
2003,63039,1,1,0,0,0,0,0,0,0,0,0,0
2003,63039,2,1,0,0,0,0,0,0,0,0,0,0
2003,63040,1,1,8,8,8,8,8,8,8,8,8,8
2003,63041,0,1,0,0,0,0,0,0,0,0,0,0
2003,63041,1,1,0,0,0,0,0,0,0,0,0,0
2003,63042,1,1,0,0,0,0,0,0,0,0,0,0
2003,63043,1,1,28,28,28,28,28,28,28,28,28,28
2003,63044,0,1,14,14,14,14,14,14,14,14,14,14
2003,63044,1,1,0,0,0,0,0,0,0,0,0,0
2003,63045,1,1,25,25,25,25,25,25,25,25,25,25
2003,63046,1,1,0,0,0,0,0,0,0,0,0,0
2003,63046,2,1,0,0,0,0,0,0,0,0,0,0
2003,63047,1,1,0,0,0,0,0,0,0,0,0,0
2003,63047,2,1,0,0,0,0,0,0,0,0,0,0
2003,63048,1,1,0,0,0,0,0,0,0,0,0,0
2003,63048,2,1,3,3,3,3,3,3,3,3,3,3
2003,63049,1,1,27,27,27,27,27,27,27,27,27,27
2003,63049,2,1,30,26,19,8,16,8,16,6,15,9
2003,63049,3,1,0,22,15,11,16,22,9,24,15,30
2003,63049,4,1,0,0,0,0,0,0,0,0,10,0
2003,63050,1,1,0,0,0,0,0,0,0,0,0,0
2003,63050,2,1,0,0,0,0,0,0,0,0,0,0
2003,63051,1,1,0,0,0,0,0,0,0,0,0,0
2003,63051,2,1,0,0,0,0,0,0,0,0,0,0
2003,63052,1,1,8,8,8,8,8,8,8,8,8,8
2003,63052,2,1,0,0,0,0,0,0,0,0,0,0
2003,63053,1,1,0,0,0,0,0,0,0,0,0,0
2003,63053,2,1,0,0,0,0,0,0,0,0,0,0
2003,63054,1,1,0,0,0,0,0,0,0,0,0,0
2003,63055,1,1,17,17,17,17,17,17,17,17,17,17
2003,63055,2,1,0,0,0,0,0,0,9,0,28,0
2003,63056,1,1,0,0,0,0,0,0,0,0,0,0
2003,63056,2,1,0,0,0,0,0,0,0,0,0,0
2003,63057,1,1,0,0,0,0,0,0,0,0,0,0
2003,63057,2,1,31,31,31,31,31,31,31,31,31,31
2003,63058,1,1,19,19,11,0,14,30,21,42,32,17
2003,63059,0,1,31,31,31,31,31,31,31,31,31,31
2003,63059,1,1,0,0,0,0,0,0,0,0,0,0
2003,63060,0,1,20,20,20,20,20,20,20,20,20,20
2003,63060,1,1,0,0,0,0,0,0,0,0,0,0
2003,63061,1,1,0,0,0,0,0,0,0,0,0,0
2003,63062,0,1,37,37,37,37,37,37,37,37,37,37
2003,63062,1,1,17,17,17,17,17,17,17,17,17,17
2003,63063,0,1,0,0,0,0,0,0,0,0,0,0
2003,63063,1,1,0,0,0,0,0,0,0,0,0,0
2003,63064,0,1,0,0,0,0,0,0,0,0,0,0
2003,63064,1,1,0,20,12,0,0,0,0,0,0,0
2003,63065,1,1,17,17,17,17,17,17,17,17,17,17
2003,63066,1,1,0,0,0,0,0,0,0,0,0,0
2003,63067,1,1,0,0,8,0,0,0,0,0,0,0
2003,63068,1,1,0,0,0,0,0,0,0,0,0,0
2003,63069,1,1,0,0,0,0,0,0,0,0,0,0
2003,63070,1,1,14,14,14,14,14,14,14,14,14,14
2003,63071,0,1,0,0,0,0,0,0,0,0,0,0
2003,63071,1,1,0,0,0,0,0,0,0,0,0,0
2003,63072,0,1,0,0,0,0,0,0,0,0,0,0
2003,63072,1,1,0,0,0,0,0,0,0,0,0,0
2003,63073,1,1,0,0,0,0,0,0,0,0,0,0
2003,63073,2,1,0,0,0,0,0,0,0,0,0,0
2003,63074,0,1,31,31,31,31,31,31,31,31,31,31
2003,63074,1,1,0,0,0,0,0,0,0,0,0,0
2003,63075,0,1,20,20,20,20,20,20,20,20,20,20
2003,63075,1,1,0,0,0,0,0,0,0,0,0,0
2003,63076,1,1,15,15,15,15,15,15,15,15,15,15
2003,63077,1,1,0,0,0,0,0,0,0,0,0,0
2003,63077,2,1,0,0,0,0,0,0,0,0,0,0
2003,63078,1,1,0,0,0,0,0,0,0,0,0,0
2003,63078,2,1,0,0,0,0,0,0,0,0,0,0
2003,63078,3,1,0,0,0,12,0,0,0,0,0,0
2003,63079,1,1,0,0,0,0,0,0,0,0,0,0
2003,63080,1,1,0,0,0,17,0,0,0,0,0,0
2003,63081,1,1,15,15,15,15,15,15,15,15,15,15
2003,63082,1,1,0,0,0,0,0,0,0,0,0,0
2003,63082,2,1,0,0,0,0,0,0,0,0,0,0
2003,63083,0,1,0,0,0,0,0,0,0,0,0,0
2003,63083,1,1,0,0,0,0,0,0,0,0,0,0
2003,63084,0,1,3,3,3,3,3,3,3,3,3,3
2003,63084,1,1,0,0,3,0,0,0,0,0,0,0
2003,63085,0,1,0,0,0,0,0,0,0,0,0,0
2003,63085,1,1,0,0,0,0,0,0,0,0,0,0
2003,63086,0,1,26,26,26,26,26,26,26,26,26,26
2003,63086,1,1,0,0,0,0,0,0,0,0,0,0
2003,63087,1,1,0,0,0,0,0,0,0,0,0,0
2003,63087,2,1,15,15,15,15,15,15,15,15,15,15
2003,63088,0,1,0,0,0,0,0,0,0,0,0,0
2003,63088,1,1,0,17,7,14,0,0,0,0,0,0
2003,63089,1,1,0,0,0,0,0,0,0,0,0,0
2003,63089,2,1,0,0,0,0,0,0,0,0,0,0
2003,63090,0,1,20,20,20,20,20,20,20,20,20,20
2003,63090,1,1,0,0,0,0,0,0,0,0,0,0
2003,63091,1,1,8,8,8,8,8,8,8,8,8,8
2003,63091,2,1,0,0,0,0,0,0,0,0,0,0
2003,63092,1,1,0,0,0,0,0,0,0,0,0,0
2003,63092,2,1,0,0,0,0,0,0,0,0,0,0
2003,63093,0,1,35,35,35,35,35,35,35,35,35,35
2003,63093,1,1,0,0,0,14,0,10,0,0,0,11
2003,63094,1,1,0,0,0,0,0,0,0,0,0,0
2003,63095,1,1,0,0,0,0,0,0,0,0,0,0
2003,63096,1,1,5,5,5,5,5,5,5,5,5,5
2003,63097,1,1,22,22,22,22,22,22,22,22,22,22
2003,63098,0,1,0,0,0,0,0,0,0,0,0,0
2003,63098,1,1,0,0,0,0,8,0,0,0,22,0
2003,63099,1,1,0,0,0,0,0,0,0,0,0,0
2003,63099,2,1,0,0,0,0,0,0,0,0,0,0
2003,63100,1,1,0,0,0,0,0,0,0,18,0,26
2003,63100,2,1,0,0,0,0,0,0,0,0,0,0
2003,63101,0,1,0,0,0,0,0,0,0,0,0,0
2003,63101,1,1,0,0,0,0,0,0,0,0,0,0
2003,63102,1,1,10,10,10,10,10,10,10,10,10,10
2003,63103,1,1,0,0,0,0,0,0,0,0,0,0
2003,63103,2,1,0,0,0,0,0,0,0,0,0,0
2003,63104,1,1,0,0,0,0,0,0,0,0,0,0
2003,63104,2,1,0,0,0,0,0,0,0,0,0,0
2003,63105,1,1,0,0,0,0,0,0,0,0,26,0
2003,63106,1,1,0,0,0,0,0,0,0,0,0,0
2003,63106,2,1,0,0,0,0,0,0,0,0,0,0
2003,63107,1,1,0,15,0,0,0,0,0,0,9,0
2003,63107,2,1,20,20,20,20,20,20,20,20,20,20
2003,63108,1,1,0,0,0,0,0,0,0,0,0,0
2003,63108,2,1,0,0,0,0,0,0,0,0,0,0
2003,63109,1,1,19,19,19,19,19,19,19,19,19,19
2003,63109,2,1,0,0,0,0,0,0,0,0,0,0
2003,63110,1,1,0,0,0,0,0,0,0,0,0,0
2003,63110,2,1,0,0,0,0,0,0,0,0,0,0
2003,63110,3,1,0,0,0,0,0,0,0,0,0,0
2003,63110,4,1,0,0,0,0,0,0,0,0,0,0
2003,63111,0,1,0,0,0,0,0,0,0,0,0,0
2003,63111,1,1,0,0,0,0,0,0,0,0,0,0
2003,63112,0,1,0,0,0,0,0,0,0,0,0,0
2003,63112,1,1,0,0,0,0,0,0,0,0,0,0
2003,63113,1,1,15,15,15,15,15,15,15,15,15,15
2003,63114,1,1,7,7,7,7,7,7,7,7,7,7
2003,63114,2,1,0,0,0,0,0,0,0,0,0,0
2003,63115,0,1,0,0,0,0,0,0,0,0,0,0
2003,63115,1,1,0,0,0,0,12,0,0,0,0,0
2003,63116,1,1,0,0,0,0,0,0,0,0,0,0
2003,63117,0,1,0,0,0,0,0,0,0,0,0,0
2003,63117,1,1,0,0,0,0,0,0,0,0,0,0
2003,63118,1,1,0,0,0,0,14,0,0,0,0,0
2003,63119,1,1,0,0,0,0,0,0,0,0,0,0
2003,63120,0,1,0,0,0,0,0,0,0,0,0,0
2003,63120,1,1,0,0,5,0,0,0,0,0,0,0
2003,63121,1,1,5,5,5,5,5,5,5,5,5,5
2003,63121,2,1,0,0,0,0,0,0,0,0,0,0
2003,63122,1,1,0,0,0,0,0,0,0,0,0,0
2003,63122,2,1,0,0,0,0,0,0,0,0,0,0
2003,63122,3,1,0,0,0,0,0,0,0,0,0,0
2003,63123,1,1,0,0,0,0,0,0,0,0,0,0
2003,63123,2,1,0,0,0,0,0,0,0,0,0,0
2003,63124,1,1,0,0,0,0,0,0,0,0,0,0
2003,63125,2,1,0,0,0,0,0,0,0,0,0,0
2003,63126,1,1,0,19,16,24,4,13,13,0,7,21
2003,63126,2,1,0,0,0,0,0,0,0,0,0,0
2003,63126,3,1,0,0,0,0,0,0,0,0,0,0
2003,63126,4,1,0,0,0,0,0,0,0,0,0,0
2003,63126,5,1,0,0,0,0,0,0,0,0,0,0
2003,63127,1,1,0,0,0,0,0,0,0,0,0,0
2003,63127,2,1,0,0,0,0,0,0,0,0,0,0
2003,63128,1,1,0,0,0,0,0,0,0,0,0,0
2003,63128,2,1,0,0,0,0,0,0,0,0,0,0
2003,63129,1,1,34,34,34,34,34,34,34,34,34,34
2003,63129,2,1,0,0,0,0,0,0,0,0,0,0
2003,63130,1,1,0,0,0,0,0,0,0,0,0,0
2003,63130,2,1,0,0,0,0,0,0,0,0,0,0
2003,63131,1,1,5,5,5,5,5,5,5,5,5,5
2003,63131,2,1,0,0,0,0,19,0,0,0,0,33
2003,63132,0,1,0,0,0,0,0,0,0,0,0,0
2003,63132,1,1,0,0,0,0,0,0,0,0,0,0
2003,63133,1,1,0,0,0,0,0,7,20,16,20,0
2003,63134,1,1,0,0,0,0,0,0,0,0,0,0
2003,63134,2,1,0,0,0,0,0,0,0,0,0,0
2003,63135,1,1,0,0,0,0,0,0,0,0,0,0
2003,63136,1,1,0,0,0,0,0,0,0,0,0,0
2003,63136,2,1,0,0,0,0,0,0,0,0,0,0
2003,63137,0,1,0,0,0,0,0,0,0,0,0,0
2003,63137,1,1,0,0,0,0,0,0,0,0,0,0
2003,63138,1,1,0,0,0,0,0,0,0,0,0,0
2003,63138,2,1,0,0,0,0,0,0,0,0,0,0
2003,63138,3,1,0,0,0,0,0,0,0,0,0,0
2003,63139,1,1,33,33,33,33,33,33,33,33,33,33
2003,63139,2,1,0,0,0,0,0,0,0,0,0,0
2003,63140,1,1,0,0,0,0,0,0,0,0,0,0
2003,63141,0,1,0,0,0,0,0,0,0,0,0,0
2003,63141,1,1,0,0,0,0,0,0,0,0,0,0
2003,63142,1,1,0,0,0,6,0,0,10,24,0,0
2003,63143,1,1,0,0,0,0,0,0,0,0,0,0
2003,63144,1,1,0,0,0,0,6,0,0,0,0,0
2003,63144,2,1,0,0,0,0,0,0,0,0,0,0
2003,63144,3,1,0,0,0,0,0,0,0,0,0,0
2003,63144,4,1,0,0,0,0,0,0,0,0,0,0
2003,63145,1,1,29,29,29,29,29,29,29,29,29,29
2003,63145,2,1,0,0,0,0,0,0,0,0,0,0
2003,63146,1,1,13,0,0,6,0,0,0,6,0,0
2003,63146,2,1,0,0,0,0,0,0,0,0,0,0
2003,63147,1,1,0,0,0,0,0,0,0,0,0,0
2003,63147,2,1,0,0,0,0,0,0,0,0,0,0
2003,63148,1,1,0,0,0,0,0,0,0,0,0,0
2003,63148,2,1,0,0,0,0,0,0,0,0,0,0
2003,63149,1,1,23,23,23,23,23,23,23,23,23,23
2003,63149,2,1,0,0,0,0,0,0,8,0,0,0
2003,63150,1,1,0,0,0,0,0,0,0,0,0,0
2003,63150,2,1,0,0,0,0,0,0,0,0,0,0
2003,63150,3,1,0,0,0,0,0,0,0,0,0,0
2003,63151,1,1,25,25,13,8,34,4,0,15,17,15
2003,63151,2,1,0,0,0,0,0,0,0,0,0,0
2003,63152,1,1,4,4,4,4,4,4,4,4,4,4
2003,63153,0,1,0,0,0,0,0,0,0,0,0,0
2003,63153,1,1,20,0,27,13,13,5,0,8,2,17
2003,63154,1,1,0,0,14,0,24,0,13,15,0,0
2003,63155,1,1,19,19,19,19,19,19,19,19,19,19
2003,63155,2,1,0,0,0,0,0,0,0,0,0,0
2003,63156,1,1,0,0,0,0,0,0,0,0,0,0
2003,63156,2,1,0,0,0,0,0,0,0,0,0,0
2003,63157,0,1,13,0,0,17,0,0,28,18,0,0
2003,63157,1,1,0,10,8,0,11,7,10,0,12,0
2003,63158,1,1,0,0,0,0,0,0,0,0,0,0
2003,63159,1,1,9,8,12,0,12,3,7,20,0,15
2003,63159,2,1,0,19,14,9,0,8,0,17,0,0
2003,63160,0,1,0,0,0,0,0,0,0,0,0,0
2003,63160,1,1,0,0,0,0,0,0,0,0,0,0
2003,63161,1,1,0,0,0,0,0,0,0,0,0,0
2003,63161,2,1,0,0,0,0,0,0,0,0,0,0
2003,63162,1,1,0,0,0,0,0,0,0,0,0,0
2003,63162,2,1,21,21,21,21,21,21,21,21,21,21
2003,63163,0,1,0,0,0,9,0,0,0,29,0,29
2003,63163,1,1,0,0,0,0,14,0,0,0,14,0
2003,63164,1,1,22,22,22,22,22,22,22,22,22,22
2003,63164,2,1,0,0,0,0,0,0,0,0,0,0
2003,63164,3,1,0,0,0,0,0,0,0,0,0,0
2003,63164,4,1,0,0,0,0,0,0,0,0,0,0
2003,63165,1,1,0,0,0,0,0,0,0,0,0,0
2003,63165,2,1,0,0,16,0,0,0,0,0,0,0
2003,63166,0,1,0,0,0,0,0,0,0,0,0,0
2003,63166,1,1,0,0,0,0,0,0,0,0,0,0
2003,63166,2,1,0,0,0,0,0,0,0,0,0,0
2003,63167,1,1,6,0,14,0,29,0,0,21,0,23
2003,63167,2,1,0,0,0,0,0,0,0,0,0,0
2003,63168,1,1,4,4,4,4,4,4,4,4,4,4
2003,63168,2,1,15,15,15,15,15,15,15,15,15,15
2003,63168,3,1,11,0,0,0,0,0,0,0,0,0
2003,63169,0,1,28,28,28,28,28,28,28,28,28,28
2003,63169,1,1,0,0,0,0,0,0,0,0,0,0
2003,63170,1,1,15,15,15,15,15,15,15,15,15,15
2003,63170,2,1,0,0,0,0,0,0,0,0,0,0
2003,63171,1,1,16,16,16,16,16,16,16,16,16,16
2003,63171,2,1,0,0,0,0,0,0,0,0,0,0
2003,63172,1,1,0,0,0,0,0,0,0,0,0,0
2003,63172,2,1,9,0,0,0,0,0,0,0,0,15
2003,63173,1,1,23,23,23,23,23,23,23,23,23,23
2003,63173,2,1,0,0,0,0,0,0,0,0,0,0
2003,63173,3,1,0,0,0,0,0,0,0,0,0,0
2003,63173,4,1,0,0,0,0,0,0,0,0,0,0
2003,63173,5,1,0,0,0,0,0,0,0,0,0,0
2003,63173,6,1,0,0,0,0,0,0,0,0,0,0
2003,63173,7,1,0,0,0,0,0,0,0,0,0,0
2003,63174,1,1,19,19,19,19,19,19,19,19,19,19
2003,63175,1,1,0,0,0,0,0,0,0,0,0,0
2003,63175,2,1,0,0,0,0,0,0,0,0,0,0
2003,63176,1,1,21,21,21,21,21,21,21,21,21,21
2003,63177,1,1,0,0,0,0,0,0,0,0,0,0
2003,63177,2,1,0,0,0,0,0,0,0,0,0,0
2003,63177,3,1,0,0,0,0,0,0,0,0,0,0
2003,63178,1,1,0,0,0,0,0,0,0,0,0,0
2003,63178,2,1,0,0,0,0,0,0,0,0,0,0
2003,63179,1,1,0,0,0,0,0,0,0,0,0,0
2003,63179,2,1,0,0,0,0,0,0,0,0,0,0
2003,63180,0,1,0,0,0,0,0,0,0,0,0,0
2003,63180,1,1,0,0,0,0,0,0,0,0,0,0
2003,63181,0,1,0,0,0,0,0,0,0,0,0,0
2003,63181,1,1,0,0,0,0,0,0,0,0,0,0
2003,63182,0,1,0,0,0,0,0,0,23,0,0,25
2003,63182,1,1,0,0,0,0,0,0,0,0,0,18
2003,63183,1,1,0,0,0,0,0,0,0,0,0,0
2003,63184,0,1,10,15,15,16,11,7,18,19,51,0
2003,63184,1,1,0,0,0,0,0,8,0,0,0,0
2003,63185,1,1,0,0,13,0,12,0,0,16,0,0
2003,63185,2,1,0,0,0,0,0,0,0,0,0,0
2003,63186,1,1,23,23,23,23,23,23,23,23,23,23
2003,63187,1,1,0,0,0,0,0,0,0,0,0,0
2003,63188,1,1,0,0,0,0,0,0,0,0,0,0
2003,63188,2,1,0,0,0,0,0,0,0,0,17,0
2003,63188,3,1,0,0,0,0,16,0,0,0,0,23
2003,63189,0,1,0,0,0,0,0,0,0,0,0,0
2003,63189,1,1,0,0,0,0,0,0,0,0,0,0
2003,63190,1,1,0,0,0,0,0,0,0,0,0,0
2003,63190,2,1,5,0,0,0,0,0,0,0,0,0
2003,63191,1,1,0,0,0,0,0,0,0,0,0,0
2003,63191,2,1,0,0,0,0,0,0,0,0,0,0
2003,63192,1,1,6,6,6,6,6,6,6,6,6,6
2003,63192,2,1,0,0,0,0,0,0,0,0,0,0
2003,63193,0,1,0,0,0,0,0,0,0,0,0,0
2003,63193,1,1,0,0,0,0,0,0,0,0,0,0
2003,63194,1,1,0,0,0,0,0,0,18,0,0,0
2003,63194,2,1,4,0,0,0,0,0,0,0,0,0
2003,63194,3,1,0,0,0,0,0,0,0,0,0,0
2003,63194,4,1,0,0,0,0,0,0,0,0,0,0
2003,63195,1,1,15,15,15,15,15,15,15,15,15,15
2003,63195,2,1,0,0,0,0,0,0,0,9,0,0
2003,63195,3,1,0,0,0,0,0,0,0,0,0,0
2003,63196,1,1,0,0,0,0,0,0,0,0,0,0
2003,63197,1,1,13,13,13,13,13,13,13,13,13,13
2003,63198,1,1,0,0,0,0,0,0,0,0,0,0
2003,63199,0,1,0,0,0,0,0,0,0,0,0,0
2003,63199,1,1,0,0,0,0,0,0,0,0,0,0
2003,63200,1,1,10,13,34,0,0,9,0,16,7,14
2003,63201,1,1,0,0,0,0,0,0,0,0,0,0
2003,63201,2,1,0,0,0,0,0,0,0,0,0,0
2003,63202,0,1,0,0,0,0,0,0,0,0,0,0
2003,63202,0,2,0,0,0,0,0,0,0,0,0,0
2003,63202,0,3,0,0,0,0,0,0,0,0,0,0
2003,63202,1,1,17,17,17,17,17,17,17,17,17,17
2003,63203,1,1,0,0,0,0,0,0,0,0,0,0
2003,63203,2,1,0,0,0,0,0,0,0,0,0,0
2003,63204,1,1,0,0,0,0,0,0,0,0,11,0
2003,63205,1,1,0,0,0,0,0,0,0,0,7,0
2003,63206,0,1,0,0,0,0,0,0,0,0,0,0
2003,63206,1,1,0,0,0,0,0,0,0,0,0,0
2003,63207,1,1,14,14,14,14,14,14,14,14,14,14
2003,63208,1,1,15,15,15,15,15,15,15,15,15,15
2003,63209,1,1,23,23,23,23,23,23,23,23,23,23
2003,63210,0,1,0,0,0,0,0,0,0,0,0,0
2003,63210,1,1,0,0,0,0,0,0,0,0,0,0
2003,63211,1,1,0,0,0,0,0,0,0,0,0,0
2003,63212,0,1,0,0,0,0,0,0,0,0,0,0
2003,63212,1,1,0,0,18,0,0,0,0,0,0,0
2003,63213,0,1,0,0,0,0,0,0,0,0,0,0
2003,63213,1,1,1,1,1,1,1,1,1,1,1,1
2003,63214,0,1,12,12,12,12,12,12,12,12,12,12
2003,63214,1,1,0,0,0,0,0,0,0,0,0,0
2003,63215,0,1,0,0,0,0,0,0,0,0,0,0
2003,63215,1,1,0,0,0,0,0,0,0,0,0,0
2003,63216,1,1,4,4,4,4,4,4,4,4,4,4
2003,63217,1,1,0,0,0,0,0,0,0,0,0,0
2003,63217,2,1,0,0,0,0,0,0,0,0,0,0
2003,63217,3,1,0,0,0,0,0,0,0,0,11,0
2003,63218,0,1,0,22,13,7,0,0,16,0,0,0
2003,63218,0,2,0,0,0,0,0,0,0,0,0,0
2003,63218,0,3,0,0,0,0,0,0,0,0,0,0
2003,63218,1,1,0,0,0,0,0,0,0,0,0,0
2003,63219,1,1,0,0,0,0,0,0,0,0,0,0
2003,63219,2,1,0,0,0,0,0,0,0,0,0,0
2003,63220,1,1,0,0,0,0,0,0,0,0,0,0
2003,63221,1,1,0,0,0,0,0,0,0,0,0,0
2003,63221,2,1,0,0,0,0,0,0,0,0,0,0
2003,63222,1,1,0,0,0,0,0,0,0,0,0,0
2003,63222,2,1,10,0,21,0,0,0,0,0,0,0
2003,63223,1,1,0,0,0,0,0,0,0,0,0,0
2003,63224,1,1,0,0,0,0,0,0,0,0,0,0
2003,63224,2,1,0,0,0,0,0,0,0,0,0,0
2003,63225,1,1,0,0,0,0,0,0,0,0,0,0
2003,63226,0,1,21,21,21,21,21,21,21,21,21,21
2003,63226,1,1,13,13,13,13,13,13,13,13,13,13
2003,63227,1,1,2,2,2,2,2,2,2,2,2,2
2003,63228,1,1,0,0,0,0,0,0,0,0,0,0
2003,63228,2,1,0,0,0,0,0,0,0,0,0,0
2003,63229,1,1,0,0,0,0,0,0,0,0,0,0
2003,63229,2,1,0,0,0,0,0,0,0,0,0,0
2003,63230,1,1,8,8,8,8,8,8,8,8,8,8
2003,63231,1,1,0,0,0,0,0,0,0,0,0,0
2003,63232,1,1,0,0,0,0,0,0,0,0,0,0
2003,63233,1,1,15,15,15,15,15,15,15,15,15,15
2003,63233,2,1,0,0,0,0,0,0,0,0,0,0
2003,63234,1,1,0,0,0,0,0,0,0,0,0,0
2003,63234,2,1,0,0,0,0,0,0,0,0,0,0
2003,63234,3,1,0,0,0,0,0,0,0,0,0,0
2003,63235,1,1,21,21,21,21,21,21,21,21,21,21
2003,63235,2,1,0,0,0,0,0,0,0,0,0,0
2003,63236,1,1,16,16,16,16,16,16,16,16,16,16
2003,63237,1,1,24,24,24,24,24,24,24,24,24,24
2003,63238,0,1,0,0,0,0,0,0,0,0,0,0
2003,63238,1,1,0,0,0,0,0,0,0,0,0,0
2003,63239,1,1,0,0,0,0,0,0,0,0,0,0
2003,63239,2,1,0,0,0,0,0,0,0,0,0,0