YEAR,ST_CASE,veh_no,per_no,P1,P2,P3,P4,P5,P6,P7,P8,P9,P10
2003,63490,3,1,0,0,0,0,0,0,0,0,0,0
2003,63491,1,1,0,0,0,0,0,0,0,0,0,0
2003,63492,1,1,11,11,11,11,11,11,11,11,11,11
2003,63493,0,1,39,39,39,39,39,39,39,39,39,39
2003,63493,1,1,0,0,0,0,0,0,0,0,0,0
2003,63494,1,1,4,4,4,4,4,4,4,4,4,4
2003,63495,1,1,20,20,20,20,20,20,20,20,20,20
2003,63496,1,1,17,17,17,17,17,17,17,17,17,17
2003,63497,1,1,0,0,0,0,0,0,0,0,0,0
2003,63497,2,1,0,0,0,0,0,0,0,0,0,0
2003,63497,3,1,0,0,0,0,0,0,0,0,0,0
2003,63498,1,1,0,0,0,0,0,0,0,0,0,0
2003,63498,2,1,0,0,0,0,0,0,0,0,0,0
2003,63498,3,1,0,0,0,0,0,0,0,0,0,0
2003,63499,1,1,0,0,0,0,0,0,5,0,0,0
2003,63499,2,1,0,0,0,0,0,0,0,0,0,0
2003,63500,1,1,0,0,0,0,0,0,0,0,0,0
2003,63500,2,1,0,0,0,0,0,0,0,0,0,0
2003,63501,1,1,0,0,0,0,0,0,0,0,0,0
2003,63501,2,1,0,0,0,0,0,0,0,0,0,0
2003,63501,3,1,15,0,0,33,0,9,0,0,0,0
2003,63502,1,1,0,0,0,0,0,0,0,0,0,0
2003,63502,2,1,0,0,0,0,0,0,0,0,0,0
2003,63503,1,1,0,0,0,0,0,0,0,0,0,0
2003,63504,1,1,0,0,0,0,0,0,0,0,0,0
2003,63504,2,1,0,0,0,0,0,0,0,0,0,0
2003,63505,1,1,0,0,0,0,0,0,14,0,0,0
2003,63506,1,1,0,0,0,0,0,0,0,0,0,0
2003,63506,2,1,0,0,0,0,0,0,0,0,0,0
2003,63506,3,1,0,0,0,0,0,0,0,0,0,0
2003,63506,4,1,0,0,0,0,0,0,0,0,0,0
2003,63507,1,1,19,19,19,19,19,19,19,19,19,19
2003,63507,2,1,0,0,0,0,0,0,0,0,0,0
2003,63508,1,1,0,0,0,0,0,0,0,0,0,0
2003,63508,2,1,0,0,0,0,0,0,0,0,0,0
2003,63509,1,1,10,10,10,10,10,10,10,10,10,10
2003,63509,2,1,0,0,0,0,0,0,0,0,0,0
2003,63510,1,1,0,0,0,0,0,0,0,0,0,0
2003,63510,2,1,0,0,0,0,0,0,0,0,0,0
2003,63511,1,1,0,0,0,0,0,0,0,0,0,0
2003,63511,2,1,0,0,0,0,0,0,24,0,0,0
2003,63512,1,1,0,0,0,0,0,0,0,0,0,0
2003,63512,2,1,0,0,0,0,0,0,0,0,0,0
2003,63513,1,1,16,16,16,16,16,16,16,16,16,16
2003,63513,2,1,0,0,0,0,0,0,0,0,0,11
2003,63514,0,1,3,3,3,3,3,3,3,3,3,3
2003,63514,1,1,0,0,0,0,0,0,0,0,0,0
2003,63515,0,1,0,0,0,0,0,0,0,0,0,0
2003,63515,1,1,0,0,0,0,0,0,0,0,0,0
2003,63516,1,1,0,0,0,0,0,0,0,0,0,0
2003,63517,1,1,0,0,0,0,0,0,0,0,0,0
2003,63518,1,1,0,0,0,0,0,0,0,0,0,0
2003,63518,2,1,0,0,0,0,0,0,0,0,0,0
2003,63519,1,1,15,15,15,15,15,15,15,15,15,15
2003,63520,0,1,5,5,5,5,5,5,5,5,5,5
2003,63520,1,1,0,0,0,0,0,0,0,0,0,0
2003,63521,0,1,0,0,0,0,0,0,0,0,0,0
2003,63521,1,1,0,0,0,0,0,0,0,0,0,0
2003,63522,1,1,0,0,0,0,0,0,0,0,0,0
2003,63522,2,1,0,0,0,0,0,0,0,0,0,0
2003,63522,3,1,0,0,0,0,0,0,0,0,0,0
2003,63523,0,1,0,0,0,0,0,0,0,0,0,0
2003,63523,1,1,0,0,0,0,0,0,0,0,0,0
2003,63524,1,1,23,23,23,23,23,23,23,23,23,23
2003,63524,2,1,0,0,0,0,0,0,0,0,0,0
2003,63525,0,1,0,0,0,0,0,0,0,0,0,0
2003,63525,1,1,0,0,0,0,0,0,0,0,0,0
2003,63526,1,1,11,11,11,11,11,11,11,11,11,11
2003,63526,2,1,0,0,0,0,0,0,0,0,0,0
2003,63527,1,1,0,0,0,0,0,0,0,0,0,0
2003,63527,2,1,0,0,0,0,0,0,0,0,0,0
2003,63527,3,1,0,0,0,0,0,0,0,0,0,0
2003,63528,1,1,11,11,11,11,11,11,11,11,11,11
2003,63528,2,1,0,0,0,0,0,0,0,0,0,0
2003,63529,0,1,26,26,26,26,26,26,26,26,26,26
2003,63529,1,1,0,20,0,0,0,0,0,0,0,0
2003,63530,1,1,0,0,0,0,0,0,0,0,0,0
2003,63531,1,1,0,0,0,0,0,0,0,0,0,0
2003,63532,1,1,14,14,14,14,14,14,14,14,14,14
2003,63533,1,1,3,7,14,6,14,4,0,5,0,10
2003,63534,1,1,0,0,0,0,0,0,0,0,0,0
2003,63535,1,1,0,0,0,0,0,0,0,0,0,0
2003,63535,2,1,0,0,0,0,0,0,0,0,0,0
2003,63536,1,1,0,0,20,10,0,30,0,0,20,0
2003,63537,1,1,26,0,0,11,17,0,0,17,11,0
2003,63538,1,1,0,15,0,0,18,0,18,0,0,26
2003,63539,0,1,0,0,0,0,0,0,0,0,0,0
2003,63539,1,1,19,0,0,0,6,10,0,13,35,0
2003,63540,1,1,10,10,10,10,10,10,10,10,10,10
2003,63541,1,1,0,0,0,0,0,0,0,0,0,0
2003,63542,1,1,10,10,10,10,10,10,10,10,10,10
2003,63543,1,1,0,0,0,0,0,0,0,0,0,0
2003,63543,2,1,0,0,0,0,0,0,0,0,0,0
2003,63544,0,1,0,0,0,0,0,0,0,0,0,0
2003,63544,1,1,5,24,0,0,0,0,11,10,0,0
2003,63545,0,1,0,0,0,0,0,0,0,0,0,0
2003,63545,1,1,0,0,0,0,0,0,0,0,0,0
2003,63546,1,1,0,0,0,0,0,0,0,0,0,0
2003,63546,2,1,0,0,0,0,0,0,0,0,0,0
2003,63547,1,1,14,14,14,14,14,14,14,14,14,14
2003,63548,0,1,0,0,0,0,0,0,0,0,0,0
2003,63548,1,1,0,0,0,0,0,18,0,0,0,0
2003,63549,1,1,0,0,0,0,0,0,0,0,0,0
2003,63550,1,1,0,0,0,0,0,0,0,0,0,0
2003,63550,2,1,0,0,0,0,0,0,0,0,0,0
2003,63550,3,1,0,0,0,0,0,0,0,0,0,0
2003,63551,1,1,23,23,23,23,23,23,23,23,23,23
2003,63552,1,1,0,0,0,0,0,0,0,0,8,0
2003,63552,2,1,0,0,0,0,0,0,0,0,0,0
2003,63553,1,1,0,0,0,0,0,0,0,0,0,0
2003,63553,2,1,0,0,0,0,0,0,0,0,0,0
2003,63554,1,1,12,12,12,12,12,12,12,12,12,12
2003,63555,1,1,4,4,4,4,4,4,4,4,4,4
2003,63556,1,1,27,27,27,27,27,27,27,27,27,27
2003,63557,1,1,0,0,0,0,0,0,0,0,0,0
2003,63557,2,1,0,0,0,0,0,0,0,0,0,0
2003,63557,3,1,0,0,0,13,0,0,0,3,0,0
2003,63558,0,1,0,0,0,0,0,0,0,0,0,0
2003,63558,1,1,0,0,0,0,0,0,0,0,0,0
2003,63559,0,1,0,0,0,0,0,0,0,0,0,0
2003,63559,1,1,0,0,0,0,0,0,0,0,0,0
2003,63560,1,1,0,0,0,0,0,0,0,0,0,0
2003,63561,0,1,20,20,20,20,20,20,20,20,20,20
2003,63561,1,1,0,0,0,0,0,0,0,0,0,0
2003,63562,0,1,39,39,39,39,39,39,39,39,39,39
2003,63562,1,1,0,0,0,0,0,0,0,0,0,0
2003,63563,1,1,0,0,0,0,0,0,0,0,0,0
2003,63563,2,1,0,0,0,0,0,0,0,0,0,0
2003,63563,3,1,0,0,0,14,0,0,0,0,0,0
2003,63564,1,1,0,0,0,0,0,0,0,0,0,0
2003,63564,2,1,0,0,0,0,0,0,0,10,0,0
2003,63565,1,1,0,0,0,0,0,0,0,0,0,0
2003,63565,2,1,0,0,0,0,0,0,0,0,0,0
2003,63566,1,1,0,0,0,0,0,0,0,0,0,0
2003,63566,2,1,0,0,0,0,0,0,0,0,0,0
2003,63567,1,1,0,0,0,0,0,0,0,0,0,0
2003,63567,2,1,0,0,4,0,0,0,0,0,0,0
2003,63568,0,1,0,0,0,0,0,0,0,0,0,0
2003,63568,1,1,0,0,18,30,0,0,0,0,0,12
2003,63569,1,1,0,0,0,0,0,0,0,12,0,0
2003,63570,1,1,19,19,19,19,19,19,19,19,19,19
2003,63571,1,1,0,0,0,0,0,0,0,0,0,0
2003,63572,1,1,0,0,0,0,0,0,0,0,0,0
2003,63573,1,1,12,12,12,12,12,12,12,12,12,12
2003,63574,0,1,0,0,0,0,0,0,0,0,0,0
2003,63574,1,1,0,0,0,0,0,0,0,0,27,0
2003,63575,1,1,0,0,0,0,0,0,0,0,0,0
2003,63575,2,1,0,0,0,0,0,0,0,0,0,0
2003,63576,0,1,10,10,10,10,10,10,10,10,10,10
2003,63576,1,1,0,0,0,0,0,0,0,0,0,0
2003,63577,1,1,0,0,0,0,0,0,0,0,0,0
2003,63577,2,1,0,0,0,0,0,0,0,0,0,0
2003,63578,0,1,0,0,0,0,0,0,0,0,0,0
2003,63578,1,1,0,22,0,0,0,0,0,0,0,12
2003,63579,1,1,0,0,0,0,0,0,0,0,0,0
2003,63579,2,1,0,0,0,0,0,0,0,0,0,0
2003,63580,1,1,0,0,0,0,0,0,0,0,0,0
2003,63580,2,1,0,0,0,0,0,0,0,0,0,0
2003,63581,1,1,0,0,0,0,0,0,0,0,0,0
2003,63582,0,1,20,20,20,20,20,20,20,20,20,20
2003,63582,1,1,0,0,0,0,0,0,0,0,0,0
2003,63583,1,1,23,23,23,23,23,23,23,23,23,23
2003,63584,1,1,0,0,0,0,0,0,0,0,0,0
2003,63585,1,1,3,11,0,0,13,0,0,14,0,0
2003,63586,1,1,0,0,0,0,0,0,0,0,0,0
2003,63586,2,1,0,0,0,0,0,0,0,0,0,0
2003,63586,3,1,0,0,0,0,0,0,0,0,0,0
2003,63587,1,1,0,0,0,0,0,0,0,0,0,0
2003,63587,2,1,0,0,12,0,0,0,0,0,0,0
2003,63588,1,1,0,14,0,15,18,14,0,14,20,34
2003,63588,2,1,0,0,0,0,0,0,0,0,0,0
2003,63589,1,1,0,0,0,0,0,0,0,0,0,0
2003,63589,2,1,0,0,3,0,0,0,0,0,0,0
2003,63590,1,1,0,0,0,0,0,0,0,0,0,0
2003,63590,2,1,0,0,0,0,0,0,0,0,10,0
2003,63591,1,1,0,0,0,0,0,0,0,0,0,0
2003,63591,2,1,0,0,0,0,0,0,0,0,0,0
2003,63592,1,1,21,21,21,21,21,21,21,21,21,21
2003,63593,0,1,0,0,0,0,0,0,0,0,0,0
2003,63593,1,1,0,0,0,0,0,0,0,0,0,0
2003,63594,1,1,0,0,0,0,0,0,0,0,0,0
2003,63595,1,1,0,0,0,0,0,0,0,0,0,11
2003,63595,2,1,0,0,0,0,0,0,0,0,0,0
2003,63596,1,1,14,14,14,14,14,14,14,14,14,14
2003,63597,1,1,0,0,0,0,0,0,0,0,0,0
2003,63597,2,1,0,0,0,0,0,0,0,0,0,0
2003,63598,1,1,13,13,13,13,13,13,13,13,13,13
2003,63599,1,1,7,7,7,7,7,7,7,7,7,7
2003,63600,1,1,0,0,0,0,0,0,0,0,0,0
2003,63601,1,1,1,1,1,1,1,1,1,1,1,1
2003,63602,1,1,0,0,0,0,0,0,0,0,0,0
2003,63603,1,1,0,0,0,0,0,0,0,0,0,0
2003,63604,1,1,0,0,0,0,0,0,0,0,0,0
2003,63605,1,1,0,0,0,0,0,0,0,0,0,0
2003,63606,1,1,0,0,0,0,0,0,0,0,0,0
2003,63607,1,1,0,0,0,0,0,0,10,0,0,0
2003,63608,1,1,23,24,3,10,5,8,23,11,12,18
2003,63608,2,1,0,0,0,0,0,0,0,0,0,0
2003,63609,1,1,14,14,14,14,14,14,14,14,14,14
2003,63610,0,1,17,17,17,17,17,17,17,17,17,17
2003,63610,1,1,0,0,0,0,0,0,0,0,0,0
2003,63611,0,1,0,0,0,0,0,0,0,0,0,0
2003,63611,0,2,0,8,0,0,0,0,0,0,0,0
2003,63611,1,1,0,0,0,0,0,0,0,0,0,0
2003,63612,1,1,0,0,0,0,0,0,0,0,0,0
2003,63613,1,1,0,0,0,0,0,0,0,0,0,0
2003,63613,2,1,0,0,0,0,0,0,0,0,0,0
2003,63613,3,1,0,0,0,0,0,0,0,0,0,0
2003,63613,4,1,0,0,0,0,0,0,0,0,0,0
2003,63613,5,1,0,0,0,0,0,0,0,0,0,0
2003,63614,0,1,0,0,0,0,0,0,0,0,0,0
2003,63614,0,2,17,7,4,0,0,0,26,12,15,0
2003,63614,0,3,0,0,0,0,0,0,0,0,0,0
2003,63614,0,4,0,0,0,0,0,0,0,0,0,0
2003,63614,1,1,0,0,0,0,0,0,0,0,0,0
2003,63615,1,1,28,28,28,28,28,28,28,28,28,28
2003,63615,2,1,0,0,0,0,0,0,0,0,0,0
2003,63616,1,1,0,0,0,0,0,0,0,0,0,0
2003,63616,2,1,22,0,13,0,0,0,0,0,0,15
2003,63617,1,1,32,32,32,32,32,32,32,32,32,32
2003,63618,1,1,7,0,15,0,0,0,0,0,0,0
2003,63618,2,1,0,0,0,0,0,0,0,0,0,0
2003,63618,3,1,0,0,0,0,0,0,0,17,0,0
2003,63619,0,1,0,0,0,0,0,0,0,6,9,0
2003,63619,1,1,0,0,0,0,0,0,0,0,0,0
2003,63620,1,1,0,0,0,0,0,0,0,0,0,0
2003,63620,2,1,0,0,0,0,0,0,0,0,15,5
2003,63621,1,1,0,0,0,0,0,0,0,5,0,0
2003,63621,2,1,0,0,0,0,0,0,0,0,0,0
2003,63622,1,1,31,0,0,0,0,0,0,0,0,21
2003,63622,2,1,0,0,0,0,0,0,0,0,0,0
2003,63622,3,1,0,0,0,0,0,0,0,0,0,0
2003,63623,1,1,20,20,20,20,20,20,20,20,20,20
2003,63624,1,1,0,0,0,0,0,0,0,0,0,0
2003,63625,1,1,0,0,0,0,0,0,0,0,0,0
2003,63625,2,1,0,0,0,0,0,0,0,0,0,0
2003,63626,1,1,21,21,21,21,21,21,21,21,21,21
2003,63626,2,1,0,0,0,0,0,0,0,0,0,0
2003,63627,1,1,28,28,28,28,28,28,28,28,28,28
2003,63628,0,1,8,8,8,8,8,8,8,8,8,8
2003,63628,1,1,0,0,0,0,0,0,0,0,0,0
2003,63628,2,1,0,0,0,0,0,0,7,0,0,0
2003,63629,1,1,0,0,0,0,0,0,0,0,0,0
2003,63629,2,1,0,0,0,0,0,0,0,0,0,0
2003,63630,1,1,0,0,0,0,0,0,0,0,0,0
2003,63631,1,1,0,0,0,0,0,15,0,0,33,0
2003,63632,0,1,24,17,31,24,19,13,25,32,26,0
2003,63632,1,1,0,0,0,0,17,8,20,13,0,0
2003,63633,1,1,0,0,0,0,0,0,0,0,0,0
2003,63633,2,1,0,0,5,0,0,0,0,0,0,0
2003,63633,3,1,0,0,0,0,0,0,0,0,0,0
2003,63633,4,1,0,0,0,0,0,0,0,0,0,0
2003,63634,0,1,0,0,0,0,0,0,0,0,0,0
2003,63634,1,1,0,0,0,0,0,0,0,0,0,0
2003,63634,2,1,0,0,0,0,0,0,0,0,0,0
2003,63635,1,1,0,0,0,0,0,0,0,0,0,0
2003,63635,2,1,0,0,0,0,0,0,0,0,0,0
2003,63636,1,1,20,12,12,26,14,6,22,23,13,26
2003,63637,1,1,0,0,0,0,0,0,0,0,0,0
2003,63637,2,1,0,0,0,0,0,0,0,0,0,0
2003,63637,3,1,0,0,0,0,0,0,0,0,0,0
2003,63638,1,1,0,0,0,0,0,0,0,0,0,0
2003,63639,1,1,0,0,0,0,0,0,0,0,0,0
2003,63639,2,1,0,16,0,0,8,0,0,0,0,0
2003,63640,1,1,0,0,0,0,0,0,0,0,0,0
2003,63640,2,1,0,0,0,0,0,0,0,0,0,0
2003,63641,1,1,0,0,0,0,0,0,0,0,0,0
2003,63641,2,1,0,0,10,0,0,0,0,0,0,0
2003,63642,1,1,0,0,0,0,0,0,0,0,0,0
2003,63642,2,1,0,0,0,0,0,0,0,0,0,0
2003,63643,1,1,0,0,0,0,0,0,0,0,0,0
2003,63643,2,1,0,0,0,0,0,0,0,0,0,0
2003,63644,1,1,0,0,0,0,0,0,0,0,0,0
2003,63644,2,1,0,0,15,0,0,0,0,0,0,0
2003,63645,1,1,13,16,0,10,0,0,31,23,21,0
2003,63646,2,1,0,0,0,11,0,0,0,24,10,0
2003,63647,0,1,16,16,16,16,16,16,16,16,16,16
2003,63647,1,1,0,0,17,0,0,0,0,0,0,0
2003,63648,0,1,24,24,24,24,24,24,24,24,24,24
2003,63648,1,1,0,0,0,0,0,0,0,0,0,0
2003,63649,1,1,0,0,0,0,0,0,0,0,0,0
2003,63649,2,1,28,0,0,0,0,0,0,0,0,0
2003,63650,1,1,15,15,15,15,15,15,15,15,15,15
2003,63651,1,1,0,20,21,19,0,14,15,0,10,0
2003,63651,2,1,0,0,0,0,0,0,0,0,0,0
2003,63652,1,1,14,14,14,14,14,14,14,14,14,14
2003,63653,1,1,23,23,23,23,23,23,23,23,23,23
2003,63653,2,1,0,0,0,0,0,0,0,0,0,0
2003,63654,0,1,0,0,0,0,0,0,0,0,0,0
2003,63654,1,1,0,6,0,0,23,0,0,0,0,0
2003,63655,1,1,0,0,14,22,0,0,13,14,0,17
2003,63655,2,1,0,15,0,0,0,0,0,0,0,0
2003,63656,1,1,0,0,0,0,0,0,0,0,0,0
2003,63656,2,1,0,0,0,0,0,0,0,0,0,0
2003,63657,1,1,0,0,0,0,13,0,0,0,0,0
2003,63657,2,1,0,0,0,0,0,0,0,0,0,0
2003,63657,3,1,0,0,0,0,0,0,0,0,0,0
2003,63657,4,1,0,0,0,0,0,0,0,0,0,0
2003,63658,1,1,0,0,0,0,0,0,0,0,0,0
2003,63658,2,1,0,0,0,0,0,0,0,0,0,0
2003,63659,1,1,6,6,6,6,6,6,6,6,6,6
2003,63660,1,1,13,13,13,13,13,13,13,13,13,13
2003,63661,1,1,0,0,0,0,0,0,19,0,0,0
2003,63661,2,1,0,0,0,0,0,0,0,0,0,0
2003,63662,1,1,0,0,0,0,0,0,0,0,0,0
2003,63662,2,1,0,0,0,0,0,0,0,0,0,0
2003,63662,3,1,0,0,0,0,0,0,0,0,0,0
2003,63663,1,1,0,0,0,0,0,0,0,0,0,0
2003,63664,1,1,0,0,0,0,0,0,0,0,0,0
2003,63664,2,1,0,0,0,0,0,0,0,0,0,0
2003,63664,3,1,0,0,0,0,0,0,0,0,0,0
2003,63665,1,1,0,0,0,0,0,0,0,0,0,0
2003,63665,2,1,0,0,0,0,0,0,0,0,0,0
2003,63666,1,1,0,0,0,0,0,0,0,0,0,0
2003,63666,2,1,0,4,0,0,0,0,0,0,0,0
2003,63667,0,1,23,23,23,23,23,23,23,23,23,23
2003,63667,1,1,0,0,0,0,0,0,0,0,0,0
2003,63667,2,1,0,0,0,0,0,0,0,0,0,0
2003,63668,1,1,8,8,8,8,8,8,8,8,8,8
2003,63668,2,1,0,0,0,0,0,0,0,0,0,0
2003,63669,1,1,0,0,0,0,0,0,0,0,0,0
2003,63669,2,1,0,0,0,0,0,0,0,0,0,0
2003,63670,0,1,22,22,22,22,22,22,22,22,22,22
2003,63670,1,1,0,0,0,17,0,9,0,0,0,0
2003,63671,1,1,20,20,20,20,20,20,20,20,20,20
2003,63672,1,1,0,0,0,0,0,8,0,14,0,0
2003,63673,0,1,0,0,0,0,0,0,0,0,0,0
2003,63673,1,1,0,0,0,0,0,0,0,0,0,0
2003,63674,0,1,0,0,0,0,0,0,0,0,0,0
2003,63674,1,1,0,0,0,0,0,0,0,0,0,0
2003,63675,1,1,0,0,0,0,0,0,0,0,0,0
2003,63675,2,1,0,0,15,0,0,0,15,0,0,0
2003,63676,1,1,16,26,0,12,24,0,0,0,10,0
2003,63677,1,1,0,0,0,0,0,0,0,0,0,0
2003,63678,0,1,27,27,27,27,27,27,27,27,27,27
2003,63678,1,1,2,2,2,2,2,2,2,2,2,2
2003,63679,1,1,0,0,0,27,0,0,0,0,0,0
2003,63679,2,1,2,2,2,2,2,2,2,2,2,2
2003,63680,0,1,0,0,0,0,0,0,0,0,0,0
2003,63680,1,1,0,0,0,0,0,0,0,0,7,0
2003,63681,2,1,0,0,0,0,0,0,0,0,0,0
2003,63681,3,1,0,0,0,0,0,0,0,0,0,0
2003,63681,4,1,0,0,0,0,0,0,0,0,0,0
2003,63681,5,1,0,0,0,0,0,0,0,0,0,0
2003,63681,6,1,0,0,0,8,8,9,0,0,0,0
2003,63682,1,1,0,0,0,0,0,0,0,0,0,0
2003,63682,2,1,0,0,0,0,0,0,0,0,0,0
2003,63683,1,1,25,25,25,25,25,25,25,25,25,25
2003,63684,1,1,26,26,26,26,26,26,26,26,26,26
2003,63685,1,1,0,0,0,0,0,0,0,0,0,0
2003,63686,1,1,0,0,0,0,0,0,0,0,0,0
2003,63687,0,1,0,0,0,0,0,0,0,34,0,0
2003,63687,1,1,18,0,18,0,0,18,16,0,16,23
2003,63688,1,1,0,0,0,0,0,0,0,0,0,0
2003,63688,2,1,0,0,0,0,0,0,0,0,0,0
2003,63688,3,1,0,0,0,0,0,0,0,0,0,0
2003,63689,1,1,0,0,0,0,0,0,0,0,0,0
2003,63689,2,1,0,0,0,0,0,0,0,0,0,0
2003,63690,1,1,0,0,0,0,0,0,0,0,0,0
2003,63690,2,1,0,0,0,0,0,0,0,0,0,0
2003,63691,1,1,0,0,0,0,0,0,0,0,0,0
2003,63691,2,1,0,0,0,0,0,0,0,0,0,0
2003,63692,1,1,0,0,0,0,0,0,0,0,0,0
2003,63692,2,1,0,0,0,0,0,0,0,0,0,0
2003,63693,1,1,0,0,0,0,0,0,0,0,0,0
2003,63694,0,1,17,17,17,17,17,17,17,17,17,17
2003,63695,0,1,0,0,0,0,0,0,0,0,0,0
2003,63695,1,1,0,0,0,0,0,0,0,0,0,10
2003,63696,1,1,0,3,0,0,0,0,0,0,0,11
2003,63697,1,1,33,33,33,33,33,33,33,33,33,33
2003,63698,0,1,0,0,0,0,0,0,0,0,0,0
2003,63698,1,1,0,0,0,0,0,0,0,0,0,0
2003,63699,1,1,0,0,0,0,0,0,0,0,0,0
2003,63699,2,1,0,0,0,0,0,0,0,0,0,0
2003,63699,3,1,0,0,0,0,0,0,0,0,0,0
2003,63700,1,1,0,0,0,0,0,0,0,0,0,0
2003,63700,2,1,0,0,0,0,0,0,21,0,0,0
2003,63701,1,1,0,0,0,0,0,0,0,0,0,0
2003,63701,2,1,0,0,0,0,0,0,0,0,0,0
2003,63701,3,1,0,0,6,0,0,0,0,0,0,0
2003,63702,1,1,0,0,0,0,0,0,4,0,0,0
2003,63702,2,1,0,0,0,0,0,0,0,0,0,0
2003,63702,3,1,0,0,0,0,0,0,0,0,4,0
2003,63702,4,1,0,0,0,0,0,0,0,0,0,0
2003,63703,1,1,20,20,20,20,20,20,20,20,20,20
2003,63703,2,1,14,14,17,10,7,8,19,0,8,18
2003,63704,1,1,24,24,24,24,24,24,24,24,24,24
2003,63704,2,1,0,0,0,0,0,0,0,0,0,0
2003,63704,3,1,0,0,0,0,0,0,0,0,0,0
2003,63705,1,1,0,0,0,0,0,0,0,0,0,0
2003,63705,2,1,0,0,0,0,0,0,0,0,0,0
2003,63706,1,1,0,0,0,0,0,0,0,0,0,0
2003,63706,2,1,0,0,0,0,0,0,0,0,0,0
2003,63706,3,1,0,0,0,0,0,0,0,0,0,0
2003,63707,1,1,0,0,0,0,0,0,0,0,0,0
2003,63707,2,1,0,0,0,0,0,0,0,0,0,0
2003,63708,1,1,0,0,0,0,0,0,0,0,0,0
2003,63708,2,1,0,0,0,0,0,0,0,0,0,0
2003,63709,1,1,0,0,0,0,0,0,0,0,0,0
2003,63709,2,1,0,0,0,0,0,0,0,0,0,0
2003,63709,3,1,0,0,0,0,0,0,0,0,0,0
2003,63709,4,1,0,0,0,0,0,0,0,0,0,0
2003,63710,1,1,0,0,0,0,0,0,0,0,0,0
2003,63710,2,1,0,0,0,0,0,0,0,0,0,0
2003,63711,1,1,21,21,21,21,21,21,21,21,21,21
2003,63712,1,1,17,17,17,17,17,17,17,17,17,17
2003,63713,1,1,27,27,27,27,27,27,27,27,27,27
2003,63714,1,1,14,0,20,18,0,16,7,0,0,0
2003,63714,2,1,0,0,0,0,0,0,0,0,0,0
2003,63715,1,1,0,0,0,0,0,0,0,0,0,0
2003,63716,1,1,0,0,6,0,0,0,19,0,0,0
2003,63717,0,1,0,14,0,0,16,24,11,17,24,21
2003,63717,1,1,0,0,0,0,0,0,0,0,0,0
2003,63718,1,1,0,0,0,0,0,0,0,0,0,0
2003,63718,2,1,0,0,0,0,0,0,0,0,0,0
2003,63719,1,1,0,0,0,0,0,0,0,0,0,0
2003,63719,2,1,0,0,0,0,0,0,0,0,0,0
2003,63720,0,1,0,0,0,0,0,0,0,0,0,0
2003,63720,1,1,0,0,0,0,0,0,0,0,0,0
2003,63721,0,1,6,6,6,6,6,6,6,6,6,6
2003,63721,1,1,0,0,0,0,0,0,0,0,0,0
2003,63722,1,1,7,35,9,9,17,10,21,6,7,13
2003,63723,0,1,27,27,27,27,27,27,27,27,27,27
2003,63723,1,1,0,0,8,0,8,33,0,0,14,9
2003,63723,2,1,15,5,0,23,0,0,34,0,15,0
2003,63724,1,1,0,0,0,0,0,0,0,0,0,0
2003,63725,1,1,0,25,25,0,24,28,0,0,0,0
2003,63726,1,1,0,0,0,0,0,0,0,0,0,0
2003,63727,0,1,0,0,0,0,0,0,0,0,0,0
2003,63727,1,1,0,0,21,0,0,0,0,0,0,0
2003,63728,1,1,0,0,0,0,0,0,0,0,0,0
2003,63728,2,1,0,0,0,0,0,0,0,0,0,0
2003,63729,1,1,30,0,19,0,11,18,27,13,39,17
2003,63730,1,1,0,0,0,0,31,0,0,0,9,0
2003,63731,0,1,0,0,0,0,0,0,0,0,0,0
2003,63731,0,2,21,29,15,22,0,0,0,30,0,32
2003,63731,0,3,0,33,0,6,27,24,21,0,32,27
2003,63731,1,1,4,0,0,6,0,0,0,0,0,0
2003,63731,6,1,0,0,0,0,0,0,0,0,0,0
2003,63731,7,1,0,0,0,0,0,0,0,0,0,0
2003,63732,0,1,0,0,0,0,0,0,0,0,0,0
2003,63732,1,1,0,0,0,12,0,0,0,0,23,0
2003,63733,1,1,0,0,0,0,0,0,0,0,0,0
2003,63733,2,1,0,0,0,0,0,0,0,0,0,0
2003,63734,1,1,16,16,16,16,16,16,16,16,16,16
2003,63735,1,1,0,0,0,0,0,0,0,0,0,0
2003,63735,2,1,0,0,0,0,0,0,0,0,0,0